timestamp,wifi_signal_pct,tx_mbps,rx_mbps,channel,ping_rtt_ms,ping_lost,loss_pct_last_10
2026-09-29 02:00:24,89,130.0,144.4,1,,True,100.0
2026-09-29 02:00:27,89,130.0,144.4,1,,True,100.0
2026-09-29 02:00:30,89,130.0,144.4,1,,True,100.0
2026-09-29 02:00:33,88,130.0,117.0,1,,True,100.0
2026-09-29 02:00:36,88,130.0,117.0,1,,True,100.0
2026-09-29 02:00:38,88,130.0,130.0,1,,True,100.0
2026-09-29 02:00:40,88,130.0,130.0,1,,True,100.0
2026-09-29 02:00:42,88,130.0,130.0,1,,True,100.0
2026-09-29 02:00:44,78,130.0,58.5,1,,True,100.0
2026-09-29 02:00:48,53,130.0,58.5,1,,True,100.0
2026-09-29 02:00:51,53,130.0,58.5,1,,True,100.0
2026-09-29 02:00:54,43,1.0,13.0,1,,True,100.0
2026-09-29 02:00:56,33,1.0,26.0,1,,True,100.0
2026-09-29 02:00:58,33,1.0,26.0,1,,True,100.0
2026-09-29 02:01:00,29,1.0,6.5,1,,True,100.0
2026-09-29 02:01:02,31,57.8,6.5,1,,True,100.0
2026-09-29 02:01:05,31,43.3,1.0,1,,True,100.0
2026-09-29 02:01:07,29,57.8,57.8,1,,True,100.0
2026-09-29 02:01:11,38,86.7,86.7,1,,True,100.0
2026-09-29 02:01:13,50,86.7,86.7,1,,True,100.0
2026-09-29 02:01:15,43,28.9,52.0,1,,True,100.0
2026-09-29 02:01:18,50,43.3,78.0,1,,True,100.0
2026-09-29 02:01:21,50,43.3,78.0,1,,True,100.0
2026-09-29 02:01:24,50,43.3,104.0,1,,True,100.0
2026-09-29 02:19:02,83,144.4,144.4,1,1,False,0.0
2026-09-29 02:19:03,83,144.4,144.4,1,1,False,0.0
2026-09-29 02:19:05,83,144.4,144.4,1,1,False,0.0
2026-09-29 02:19:07,83,144.4,144.4,1,1,False,0.0
2026-09-29 02:19:08,83,144.4,144.4,1,1,False,0.0
2026-09-29 02:19:09,83,144.4,144.4,1,1,False,0.0
2026-09-29 02:19:11,83,144.4,144.4,1,1,False,0.0
2026-09-29 02:19:12,83,144.4,144.4,1,1,False,0.0
2026-09-29 02:19:13,83,144.4,144.4,1,1,False,0.0
2026-09-29 02:19:14,83,144.4,144.4,1,1,False,0.0
2026-09-29 02:19:15,83,144.4,144.4,1,1,False,0.0
2026-09-29 02:19:17,83,144.4,144.4,1,1,False,0.0
2026-09-29 02:19:18,83,144.4,144.4,1,1,False,0.0
2026-09-29 02:19:19,83,144.4,144.4,1,1,False,0.0
2026-09-29 02:19:20,83,144.4,144.4,1,1,False,0.0
2026-09-29 02:19:21,83,144.4,144.4,1,1,False,0.0
2026-09-29 02:19:23,83,144.4,144.4,1,1,False,0.0
2026-09-29 02:19:24,87,144.4,117.0,1,1,False,0.0
2026-09-29 02:19:25,87,144.4,117.0,1,1,False,0.0
2026-09-29 02:19:26,87,144.4,130.0,1,1,False,0.0
2026-09-29 02:19:27,87,144.4,130.0,1,1,False,0.0
2026-09-29 02:19:28,87,144.4,130.0,1,1,False,0.0
2026-09-29 02:19:30,87,144.4,130.0,1,1,False,0.0
2026-09-29 02:19:31,87,144.4,130.0,1,1,False,0.0
2026-09-29 02:19:32,87,144.4,130.0,1,1,False,0.0
2026-09-29 02:19:33,87,144.4,130.0,1,1,False,0.0
2026-09-29 02:19:34,78,144.4,130.0,1,1,False,0.0
2026-09-29 02:19:36,78,144.4,130.0,1,1,False,0.0
2026-09-29 02:19:37,53,144.4,52.0,1,1,False,0.0
2026-09-29 02:19:38,53,144.4,52.0,1,1,False,0.0
2026-09-29 02:19:39,53,144.4,52.0,1,1,False,0.0
2026-09-29 02:19:40,53,144.4,52.0,1,1,False,0.0
2026-09-29 02:19:41,46,144.4,26.0,1,1,False,0.0
2026-09-29 02:19:43,46,144.4,26.0,1,1,False,0.0
2026-09-29 02:19:44,35,144.4,26.0,1,1,False,0.0
2026-09-29 02:19:45,35,144.4,26.0,1,1,False,0.0
2026-09-29 02:19:48,31,13.0,19.5,1,1,False,0.0
2026-09-29 02:19:50,31,13.0,26.0,1,1,False,0.0
2026-09-29 02:19:51,31,13.0,26.0,1,1,False,0.0
2026-09-29 02:19:52,31,13.0,26.0,1,1,False,0.0
2026-09-29 02:19:53,31,13.0,26.0,1,1,False,0.0
2026-09-29 02:19:54,31,13.0,26.0,1,1,False,0.0
2026-09-29 02:19:55,31,13.0,26.0,1,1,False,0.0
2026-09-29 02:19:57,31,13.0,26.0,1,1,False,0.0
2026-09-29 02:19:58,31,13.0,26.0,1,1,False,0.0
2026-09-29 02:19:59,33,13.0,39.0,1,1,False,0.0
2026-09-29 02:20:00,43,13.0,39.0,1,1,False,0.0
2026-09-29 02:20:01,43,13.0,39.0,1,1,False,0.0
2026-09-29 02:20:02,53,13.0,58.5,1,1,False,0.0
2026-09-29 02:20:04,53,13.0,58.5,1,1,False,0.0
2026-09-29 02:22:02,93,65.0,144.4,1,,True,100.0
2026-09-29 02:22:04,93,65.0,144.4,1,,True,100.0
2026-09-29 02:22:06,93,65.0,144.4,1,,True,100.0
2026-09-29 02:22:08,93,65.0,144.4,1,,True,100.0
2026-09-29 02:22:10,97,144.4,144.4,1,,True,100.0
2026-09-29 02:29:54,91,144.4,104.0,1,8,False,0.0
2026-09-29 02:29:55,91,144.4,104.0,1,7,False,0.0
2026-09-29 02:29:56,91,144.4,104.0,1,14,False,0.0
2026-09-29 02:29:58,91,144.4,104.0,1,6,False,0.0
2026-09-29 02:29:59,91,144.4,117.0,1,13,False,0.0
2026-09-29 02:30:00,91,144.4,117.0,1,19,False,0.0
2026-09-29 02:30:05,91,144.4,130.0,1,1,False,0.0
2026-09-29 02:30:06,91,144.4,130.0,1,1,False,0.0
2026-09-29 02:30:15,91,144.4,117.0,1,1,False,0.0
2026-09-29 02:30:16,91,144.4,117.0,1,1,False,0.0
2026-09-29 02:30:17,91,144.4,117.0,1,1,False,0.0
2026-09-29 02:30:19,91,144.4,117.0,1,1,False,0.0
2026-09-29 02:30:23,91,144.4,130.0,1,10,False,0.0
2026-09-29 02:30:24,91,144.4,144.4,1,10,False,0.0
2026-09-29 02:30:25,91,144.4,144.4,1,9,False,0.0
2026-09-29 02:30:27,91,144.4,144.4,1,10,False,0.0
2026-09-29 02:30:28,91,144.4,144.4,1,11,False,0.0
2026-09-29 02:30:29,91,144.4,144.4,1,6,False,0.0
2026-09-29 02:30:30,91,144.4,144.4,1,8,False,0.0
2026-09-29 02:30:31,91,144.4,144.4,1,6,False,0.0
2026-09-29 02:30:32,91,144.4,144.4,1,15,False,0.0
2026-09-29 02:30:34,91,144.4,144.4,1,8,False,0.0
2026-09-29 02:32:02,91,144.4,117.0,1,23,False,0.0
2026-09-29 02:32:03,91,144.4,117.0,1,11,False,0.0
2026-09-29 02:32:04,91,144.4,117.0,1,10,False,0.0
2026-09-29 02:32:05,91,144.4,117.0,1,35,False,0.0
2026-09-29 02:32:07,84,144.4,72.2,1,33,False,0.0
2026-09-29 02:32:08,84,144.4,72.2,1,15,False,0.0
2026-09-29 02:32:09,57,144.4,72.2,1,53,False,0.0
2026-09-29 02:32:10,57,144.4,72.2,1,60,False,0.0
2026-09-29 02:32:11,57,144.4,72.2,1,30,False,0.0
2026-09-29 02:32:13,57,144.4,72.2,1,86,False,0.0
2026-09-29 02:32:15,46,144.4,19.5,1,,True,10.0
2026-09-29 02:32:17,33,144.4,39.0,1,,True,20.0
2026-09-29 02:32:19,33,144.4,39.0,1,812,False,20.0
2026-09-29 02:32:20,29,26.0,13.0,1,99,False,20.0
2026-09-29 02:32:21,26,26.0,26.0,1,119,False,20.0
2026-09-29 02:32:23,26,26.0,26.0,1,497,False,20.0
2026-09-29 02:32:24,26,26.0,26.0,1,86,False,20.0
2026-09-29 02:32:26,26,26.0,26.0,1,800,False,20.0
2026-09-29 02:32:27,33,2.0,19.5,1,25,False,20.0
2026-09-29 02:32:28,33,2.0,26.0,1,55,False,20.0
2026-09-29 02:32:30,33,2.0,26.0,1,10,False,10.0
2026-09-29 02:32:31,33,21.7,39.0,1,27,False,0.0
2026-09-29 02:32:32,46,28.9,39.0,1,20,False,0.0
2026-09-29 02:32:33,57,43.3,52.0,1,12,False,0.0
2026-09-29 02:32:34,57,43.3,52.0,1,12,False,0.0
2026-09-29 02:32:36,57,43.3,52.0,1,12,False,0.0
2026-09-29 02:32:37,57,43.3,52.0,1,23,False,0.0
2026-09-29 02:32:38,57,43.3,52.0,1,74,False,0.0
2026-09-29 02:32:40,62,21.7,39.0,1,645,False,0.0
2026-09-29 02:32:41,62,21.7,39.0,1,32,False,0.0
2026-09-29 02:32:43,60,43.3,39.0,1,868,False,0.0
2026-09-29 02:32:45,53,43.3,39.0,1,,True,10.0
2026-09-29 02:32:46,35,28.9,13.0,1,12,False,10.0
2026-09-29 02:32:47,33,28.9,39.0,1,18,False,10.0
2026-09-29 02:32:49,33,28.9,39.0,1,45,False,10.0
2026-09-29 02:32:50,33,28.9,39.0,1,42,False,10.0
2026-09-29 02:32:51,33,26.0,13.0,1,26,False,10.0
2026-09-29 02:32:53,33,26.0,13.0,1,,True,20.0
2026-09-29 02:32:55,29,26.0,19.5,1,631,False,20.0
2026-09-29 02:32:56,24,26.0,26.0,1,10,False,20.0
2026-09-29 02:32:58,24,26.0,26.0,1,,True,30.0
2026-09-29 02:32:59,24,18.0,2.0,1,169,False,20.0
2026-09-29 02:33:02,22,18.0,13.0,1,,True,30.0
2026-09-29 02:33:04,22,18.0,13.0,1,,True,40.0
2026-09-29 02:33:05,22,6.5,2.0,1,370,False,40.0
2026-09-29 02:33:07,22,6.5,2.0,1,398,False,40.0
2026-09-29 02:33:08,24,13.0,6.5,1,7,False,40.0
2026-09-29 02:33:10,24,13.0,6.5,1,974,False,30.0
2026-09-29 02:37:43,90,144.4,144.4,1,8,False,0.0
2026-09-29 02:37:44,90,144.4,144.4,1,17,False,0.0
2026-09-29 02:37:45,90,144.4,144.4,1,7,False,0.0
2026-09-29 02:37:46,90,144.4,144.4,1,17,False,0.0
2026-09-29 02:37:47,90,144.4,144.4,1,10,False,0.0
2026-09-29 02:37:48,90,144.4,144.4,1,19,False,0.0
2026-09-29 02:37:50,90,144.4,144.4,1,11,False,0.0
2026-09-29 02:37:51,90,144.4,144.4,1,13,False,0.0
2026-09-29 02:37:52,91,144.4,104.0,1,43,False,0.0
2026-09-29 02:37:53,91,144.4,104.0,1,42,False,0.0
2026-09-29 02:37:54,65,144.4,104.0,1,16,False,0.0
2026-09-29 02:37:56,65,144.4,104.0,1,64,False,0.0
2026-09-29 02:37:57,60,144.4,39.0,1,50,False,0.0
2026-09-29 02:37:58,53,144.4,52.0,1,40,False,0.0
2026-09-29 02:37:59,53,144.4,52.0,1,75,False,0.0
2026-09-29 02:38:01,57,144.4,58.5,1,19,False,0.0
2026-09-29 02:38:02,57,144.4,58.5,1,124,False,0.0
2026-09-29 02:38:03,50,144.4,52.0,1,109,False,0.0
2026-09-29 02:38:05,50,144.4,52.0,1,535,False,0.0
2026-09-29 02:38:07,50,144.4,52.0,1,,True,10.0
2026-09-29 02:38:09,50,144.4,52.0,1,,True,20.0
2026-09-29 02:38:11,46,144.4,39.0,1,,True,30.0
2026-09-29 02:38:12,43,144.4,52.0,1,22,False,30.0
2026-09-29 02:38:13,43,144.4,52.0,1,27,False,30.0
2026-09-29 02:38:15,43,144.4,52.0,1,410,False,30.0
2026-09-29 02:38:17,43,144.4,52.0,1,526,False,30.0
2026-09-29 02:38:18,43,14.4,26.0,1,16,False,30.0
2026-09-29 02:38:19,43,14.4,39.0,1,79,False,30.0
2026-09-29 02:38:20,40,14.4,52.0,1,14,False,30.0
2026-09-29 02:38:22,40,14.4,52.0,1,10,False,20.0
2026-09-29 02:38:23,40,26.0,39.0,1,7,False,10.0
2026-09-29 02:38:24,40,26.0,39.0,1,32,False,0.0
2026-09-29 02:38:25,40,26.0,39.0,1,8,False,0.0
2026-09-29 02:38:26,40,26.0,39.0,1,9,False,0.0
2026-09-29 02:38:28,40,26.0,39.0,1,14,False,0.0
2026-09-29 02:38:29,40,26.0,39.0,1,48,False,0.0
2026-09-29 02:38:30,40,39.0,39.0,1,36,False,0.0
2026-09-29 02:38:31,40,39.0,39.0,1,127,False,0.0
2026-09-29 02:38:33,40,39.0,39.0,1,,True,10.0
2026-09-29 02:38:35,40,39.0,39.0,1,,True,20.0
2026-09-29 02:38:37,40,13.0,2.0,1,,True,30.0
2026-09-29 02:38:39,40,13.0,2.0,1,,True,40.0
2026-09-29 02:38:41,40,13.0,2.0,1,,True,50.0
2026-09-29 02:38:43,43,13.0,1.0,1,,True,60.0
2026-09-29 02:38:45,43,13.0,1.0,1,,True,70.0
2026-09-29 02:38:47,43,13.0,1.0,1,,True,80.0
2026-09-29 02:38:49,40,1.0,1.0,1,,True,90.0
2026-09-29 02:38:51,40,1.0,1.0,1,,True,100.0
2026-09-29 02:38:53,40,1.0,1.0,1,,True,100.0
2026-09-29 02:38:55,40,1.0,1.0,1,,True,100.0
2026-09-29 02:38:57,40,1.0,1.0,1,,True,100.0
2026-09-29 02:38:59,40,1.0,1.0,1,,True,100.0
2026-09-29 02:39:01,40,1.0,1.0,1,,True,100.0
2026-09-29 02:39:03,40,1.0,1.0,1,,True,100.0
2026-09-29 02:39:05,40,1.0,1.0,1,,True,100.0
2026-09-29 02:39:07,40,1.0,1.0,1,,True,100.0
2026-09-29 02:39:09,40,1.0,1.0,1,,True,100.0
2026-09-29 02:39:11,43,14.4,1.0,1,,True,100.0
2026-09-29 02:39:13,43,28.9,2.0,1,421,False,90.0
2026-09-29 02:39:14,43,43.3,26.0,1,16,False,80.0
2026-09-29 02:39:15,57,43.3,78.0,1,27,False,70.0
2026-09-29 02:39:16,57,43.3,78.0,1,14,False,60.0
2026-09-29 02:39:17,60,58.5,78.0,1,13,False,50.0
2026-09-29 02:39:19,60,58.5,78.0,1,16,False,40.0
2026-09-29 02:39:20,60,58.5,78.0,1,9,False,30.0
2026-09-29 02:39:21,60,65.0,104.0,1,11,False,20.0
2026-09-29 02:39:22,60,65.0,104.0,1,19,False,10.0
2026-09-29 02:39:23,60,65.0,104.0,1,13,False,0.0
2026-09-29 02:39:25,60,65.0,104.0,1,12,False,0.0
2026-09-29 02:39:26,60,65.0,104.0,1,42,False,0.0
2026-09-29 02:39:27,60,65.0,39.0,1,59,False,0.0
2026-09-29 02:39:28,46,65.0,52.0,1,11,False,0.0
2026-09-29 02:39:29,46,65.0,52.0,1,16,False,0.0
2026-09-29 02:39:31,46,65.0,52.0,1,31,False,0.0
2026-09-29 02:39:32,50,65.0,78.0,1,9,False,0.0
2026-09-29 02:39:33,57,65.0,58.5,1,12,False,0.0
2026-09-29 02:39:34,57,65.0,58.5,1,9,False,0.0
2026-09-29 02:39:35,60,65.0,78.0,1,21,False,0.0
2026-09-29 02:39:36,57,65.0,78.0,1,19,False,0.0
2026-09-29 02:39:38,57,65.0,78.0,1,47,False,0.0
2026-09-29 02:39:39,57,65.0,78.0,1,9,False,0.0
2026-09-29 02:39:40,57,65.0,65.0,1,8,False,0.0
2026-09-29 02:39:41,57,65.0,65.0,1,26,False,0.0
2026-09-29 02:39:42,57,65.0,65.0,1,10,False,0.0
2026-09-29 02:39:44,57,65.0,65.0,1,12,False,0.0
2026-09-29 02:39:45,46,65.0,78.0,1,28,False,0.0
2026-09-29 02:39:46,46,65.0,78.0,1,12,False,0.0
2026-09-29 02:39:47,38,65.0,78.0,1,24,False,0.0
2026-09-29 02:39:48,38,65.0,78.0,1,16,False,0.0
2026-09-29 02:39:50,38,65.0,78.0,1,15,False,0.0
2026-09-29 02:39:51,38,65.0,78.0,1,8,False,0.0
2026-09-29 02:39:52,33,65.0,58.5,1,8,False,0.0
2026-09-29 02:39:53,33,65.0,58.5,1,19,False,0.0
2026-09-29 02:39:54,40,65.0,58.5,1,35,False,0.0
2026-09-29 02:39:56,38,65.0,58.5,1,7,False,0.0
2026-09-29 02:39:57,38,65.0,58.5,1,20,False,0.0
2026-09-29 02:39:58,38,65.0,58.5,1,28,False,0.0
2026-09-29 02:39:59,38,65.0,52.0,1,12,False,0.0
2026-09-29 02:40:00,40,65.0,78.0,1,19,False,0.0
2026-09-29 02:40:02,40,65.0,78.0,1,32,False,0.0
2026-09-29 02:40:03,40,65.0,78.0,1,21,False,0.0
2026-09-29 02:40:04,43,39.0,52.0,1,23,False,0.0
2026-09-29 02:40:05,43,39.0,52.0,1,8,False,0.0
2026-09-29 02:40:06,43,39.0,78.0,1,12,False,0.0
2026-09-29 02:40:07,43,39.0,78.0,1,14,False,0.0
2026-09-29 02:40:09,43,39.0,78.0,1,38,False,0.0
2026-09-29 02:40:10,43,39.0,78.0,1,12,False,0.0
2026-09-29 02:40:11,43,39.0,78.0,1,16,False,0.0
2026-09-29 02:40:12,43,39.0,78.0,1,16,False,0.0
2026-09-29 02:40:13,43,39.0,78.0,1,26,False,0.0
2026-09-29 02:40:15,43,39.0,78.0,1,10,False,0.0
2026-09-29 02:40:16,43,39.0,78.0,1,18,False,0.0
2026-09-29 02:40:17,43,39.0,78.0,1,13,False,0.0
2026-09-29 02:40:18,43,39.0,78.0,1,16,False,0.0
2026-09-29 02:40:19,43,39.0,78.0,1,28,False,0.0
2026-09-29 02:40:20,43,39.0,78.0,1,8,False,0.0
2026-09-29 02:40:22,43,39.0,78.0,1,16,False,0.0
2026-09-29 02:40:23,43,39.0,78.0,1,21,False,0.0
2026-09-29 02:40:24,46,39.0,52.0,1,16,False,0.0
2026-09-29 02:40:25,46,39.0,52.0,1,7,False,0.0
2026-09-29 02:40:27,57,39.0,78.0,1,19,False,0.0
2026-09-29 02:40:28,57,39.0,78.0,1,285,False,0.0
2026-09-29 02:40:29,57,39.0,78.0,1,12,False,0.0
2026-09-29 02:40:30,46,1.0,52.0,1,10,False,0.0
2026-09-29 02:40:32,46,1.0,52.0,1,15,False,0.0
2026-09-29 02:40:33,46,9.0,58.5,1,9,False,0.0
2026-09-29 02:40:34,46,9.0,58.5,1,43,False,0.0
2026-09-29 02:40:35,38,9.0,58.5,1,16,False,0.0
2026-09-29 02:40:36,38,9.0,58.5,1,22,False,0.0
2026-09-29 02:40:37,38,9.0,58.5,1,38,False,0.0
2026-09-29 02:40:39,38,36.0,39.0,1,13,False,0.0
2026-09-29 02:40:40,38,36.0,52.0,1,14,False,0.0
2026-09-29 02:40:41,38,36.0,52.0,1,34,False,0.0
2026-09-29 02:40:42,38,36.0,52.0,1,22,False,0.0
2026-09-29 02:40:43,40,36.0,52.0,1,14,False,0.0
2026-09-29 02:40:45,40,36.0,52.0,1,14,False,0.0
2026-09-29 02:40:46,53,36.0,78.0,1,14,False,0.0
2026-09-29 02:40:47,53,36.0,78.0,1,18,False,0.0
2026-09-29 02:40:48,53,36.0,78.0,1,20,False,0.0
2026-09-29 02:40:49,60,36.0,117.0,1,15,False,0.0
2026-09-29 02:40:51,60,36.0,117.0,1,17,False,0.0
2026-09-29 02:40:52,60,36.0,117.0,1,13,False,0.0
2026-09-29 02:40:53,60,39.0,117.0,1,20,False,0.0
2026-09-29 02:40:54,82,39.0,117.0,1,10,False,0.0
2026-09-29 02:40:55,82,39.0,117.0,1,9,False,0.0
2026-09-29 02:40:57,82,39.0,130.0,1,24,False,0.0
2026-09-29 02:40:58,82,39.0,130.0,1,12,False,0.0
2026-09-29 02:40:59,82,39.0,144.4,1,10,False,0.0
2026-09-29 02:41:00,82,39.0,144.4,1,11,False,0.0
2026-09-29 02:41:01,82,39.0,144.4,1,18,False,0.0
2026-09-29 02:41:02,82,39.0,144.4,1,15,False,0.0
2026-09-29 02:41:04,90,130.0,144.4,1,11,False,0.0
2026-09-29 02:41:05,90,130.0,144.4,1,67,False,0.0
2026-09-29 02:41:06,90,130.0,144.4,1,17,False,0.0
2026-09-29 02:41:07,90,130.0,144.4,1,7,False,0.0
2026-09-29 02:41:08,90,130.0,144.4,1,17,False,0.0
2026-09-29 02:41:10,90,130.0,144.4,1,7,False,0.0
2026-09-29 02:41:11,90,130.0,144.4,1,11,False,0.0
2026-09-29 02:41:12,90,130.0,144.4,1,9,False,0.0
2026-09-29 02:41:13,90,130.0,144.4,1,28,False,0.0
2026-09-29 02:41:14,92,130.0,117.0,1,18,False,0.0
2026-09-29 02:41:15,92,130.0,117.0,1,6,False,0.0
2026-09-29 02:41:17,92,130.0,117.0,1,9,False,0.0
2026-09-29 02:41:18,92,130.0,117.0,1,15,False,0.0
2026-09-29 02:41:19,92,130.0,144.4,1,8,False,0.0
2026-09-29 02:41:20,92,130.0,144.4,1,13,False,0.0
2026-09-29 02:41:21,92,130.0,144.4,1,8,False,0.0
2026-09-29 02:41:23,92,130.0,144.4,1,8,False,0.0
2026-09-29 02:41:24,92,130.0,144.4,1,10,False,0.0
2026-09-29 02:41:25,92,130.0,144.4,1,17,False,0.0
2026-09-29 02:41:26,92,130.0,144.4,1,7,False,0.0
2026-09-29 02:41:27,92,130.0,144.4,1,16,False,0.0
2026-09-29 02:41:28,92,130.0,144.4,1,10,False,0.0
2026-09-29 02:41:30,92,130.0,144.4,1,15,False,0.0
2026-09-29 02:41:31,92,130.0,144.4,1,66,False,0.0
2026-09-29 02:41:32,92,130.0,144.4,1,212,False,0.0
2026-09-29 02:41:34,92,130.0,144.4,1,235,False,0.0
2026-09-29 02:41:35,92,130.0,117.0,1,90,False,0.0
2026-09-29 02:41:36,92,130.0,117.0,1,7,False,0.0
2026-09-29 02:41:37,92,130.0,117.0,1,13,False,0.0
2026-09-29 02:41:39,92,130.0,117.0,1,15,False,0.0
2026-09-29 02:41:40,92,130.0,117.0,1,28,False,0.0
2026-09-29 02:41:41,83,130.0,65.0,1,17,False,0.0
2026-09-29 02:41:42,83,130.0,65.0,1,127,False,0.0
2026-09-29 02:41:44,83,130.0,65.0,1,48,False,0.0
2026-09-29 02:41:45,83,130.0,65.0,1,14,False,0.0
2026-09-29 02:41:46,62,130.0,72.2,1,8,False,0.0
2026-09-29 02:41:47,60,130.0,78.0,1,14,False,0.0
2026-09-29 02:41:48,60,130.0,78.0,1,25,False,0.0
2026-09-29 02:41:50,60,130.0,78.0,1,42,False,0.0
2026-09-29 02:41:51,60,130.0,78.0,1,9,False,0.0
2026-09-29 02:41:52,60,130.0,78.0,1,15,False,0.0
2026-09-29 02:41:53,60,130.0,78.0,1,25,False,0.0
2026-09-29 02:41:55,60,130.0,78.0,1,174,False,0.0
2026-09-29 02:41:56,57,130.0,78.0,1,11,False,0.0
2026-09-29 02:41:57,57,130.0,78.0,1,12,False,0.0
2026-09-29 02:41:58,57,130.0,78.0,1,41,False,0.0
2026-09-29 02:41:59,53,130.0,58.5,1,21,False,0.0
2026-09-29 02:42:00,53,130.0,58.5,1,15,False,0.0
2026-09-29 02:42:02,53,130.0,78.0,1,105,False,0.0
2026-09-29 02:42:04,53,130.0,78.0,1,,True,10.0
2026-09-29 02:42:05,53,130.0,78.0,1,25,False,10.0
2026-09-29 02:42:07,40,39.0,52.0,1,,True,20.0
2026-09-29 02:42:09,35,39.0,52.0,1,,True,30.0
2026-09-29 02:42:11,35,39.0,52.0,1,,True,40.0
2026-09-29 02:42:13,31,13.0,13.0,1,,True,50.0
2026-09-29 02:42:15,31,43.3,13.0,1,,True,60.0
2026-09-29 02:42:17,31,43.3,13.0,1,,True,70.0
2026-09-29 02:42:19,24,28.9,13.0,1,,True,80.0
2026-09-29 02:42:21,22,43.3,13.0,1,,True,90.0
2026-09-29 02:42:23,22,43.3,13.0,1,,True,90.0
2026-09-29 02:42:25,22,43.3,13.0,1,,True,100.0
2026-09-29 02:42:27,20,28.9,28.9,1,,True,100.0
2026-09-29 02:42:29,20,28.9,28.9,1,,True,100.0
2026-09-29 02:42:31,20,28.9,28.9,1,,True,100.0
2026-09-29 02:42:33,20,28.9,28.9,1,,True,100.0
2026-09-29 02:42:35,18,28.9,1.0,1,,True,100.0
2026-09-29 02:42:37,18,28.9,1.0,1,,True,100.0
2026-09-29 02:42:39,18,28.9,1.0,1,,True,100.0
2026-09-29 02:42:41,18,28.9,28.9,1,,True,100.0
2026-09-29 02:42:43,18,28.9,28.9,1,,True,100.0
2026-09-29 02:42:45,18,28.9,28.9,1,,True,100.0
2026-09-29 02:42:47,18,14.4,14.4,1,,True,100.0
2026-09-29 02:42:49,18,14.4,14.4,1,,True,100.0
2026-09-29 02:42:51,40,65.0,65.0,149,,True,100.0
2026-09-29 02:42:53,40,65.0,65.0,149,,True,100.0
2026-09-29 02:42:55,35,65.0,65.0,149,,True,100.0
2026-09-29 02:42:57,35,65.0,65.0,149,,True,100.0
2026-09-29 02:42:59,38,7.2,6.0,149,,True,100.0
2026-09-29 02:43:01,38,65.0,65.0,149,,True,100.0
2026-09-29 02:43:03,38,65.0,65.0,149,,True,100.0
2026-09-29 02:43:05,38,65.0,65.0,149,,True,100.0
2026-09-29 02:43:07,38,65.0,65.0,149,,True,100.0
2026-09-29 02:43:09,38,65.0,65.0,149,,True,100.0
2026-09-29 02:43:11,38,65.0,65.0,149,,True,100.0
2026-09-29 02:43:13,38,65.0,65.0,149,,True,100.0
2026-09-29 02:43:15,38,65.0,65.0,149,,True,100.0
2026-09-29 02:43:17,38,65.0,65.0,149,,True,100.0
2026-09-29 02:43:19,38,65.0,65.0,149,,True,100.0
2026-09-29 02:43:21,38,65.0,65.0,149,,True,100.0
2026-09-29 02:43:23,38,30.0,30.0,149,,True,100.0
2026-09-29 02:43:25,38,30.0,30.0,149,,True,100.0
2026-09-29 02:43:27,38,65.0,65.0,149,,True,100.0
2026-09-29 02:43:29,35,30.0,30.0,149,,True,100.0
2026-09-29 02:43:31,38,130.0,195.0,149,,True,100.0
2026-09-29 02:43:33,38,130.0,195.0,149,,True,100.0
2026-09-29 02:43:35,57,130.0,195.0,149,,True,100.0
2026-09-29 02:43:37,57,7.2,260.0,149,,True,100.0
2026-09-29 02:43:39,67,7.2,650.0,149,,True,100.0
2026-09-29 02:43:41,67,7.2,780.0,149,,True,100.0
2026-09-29 02:43:43,67,7.2,780.0,149,,True,100.0
2026-09-29 02:43:45,67,7.2,780.0,149,,True,100.0
2026-09-29 02:43:47,85,7.2,866.7,149,,True,100.0
2026-09-29 02:43:49,85,7.2,866.7,149,,True,100.0
2026-09-29 02:43:51,85,7.2,866.7,149,,True,100.0
2026-09-29 02:43:53,85,7.2,866.7,149,,True,100.0
2026-09-29 02:43:55,85,7.2,866.7,149,,True,100.0
2026-09-29 02:43:57,85,7.2,866.7,149,,True,100.0
2026-09-29 02:43:59,85,7.2,866.7,149,,True,100.0
2026-09-29 02:44:01,87,7.2,780.0,149,,True,100.0
2026-09-29 02:44:03,87,7.2,780.0,149,,True,100.0
2026-09-29 02:44:05,87,7.2,780.0,149,,True,100.0
2026-09-29 02:44:07,87,7.2,780.0,149,,True,100.0
2026-09-29 02:44:09,87,7.2,780.0,149,,True,100.0
2026-09-29 02:44:11,87,7.2,780.0,149,,True,100.0
2026-09-29 02:44:13,87,7.2,780.0,149,,True,100.0
2026-09-29 02:44:15,87,7.2,780.0,149,,True,100.0
2026-09-29 02:44:17,87,7.2,780.0,149,,True,100.0
2026-09-29 02:44:19,87,7.2,780.0,149,,True,100.0
2026-09-29 02:44:20,87,130.0,130.0,1,,True,100.0
2026-09-29 02:44:22,87,130.0,130.0,1,6,False,90.0
2026-09-29 02:44:23,87,130.0,130.0,1,163,False,80.0
2026-09-29 02:44:29,,,,,8,False,70.0
2026-09-29 02:44:30,90,144.4,144.4,1,9,False,60.0
2026-09-29 02:44:31,90,144.4,144.4,1,8,False,50.0
2026-09-29 02:44:32,90,144.4,144.4,1,6,False,40.0
2026-09-29 02:44:33,90,144.4,144.4,1,15,False,30.0
2026-09-29 02:44:34,90,144.4,144.4,1,8,False,20.0
2026-09-29 02:44:36,90,144.4,144.4,1,14,False,10.0
2026-09-29 02:44:37,90,144.4,144.4,1,22,False,0.0
2026-09-29 02:44:38,90,144.4,144.4,1,6,False,0.0
2026-09-29 02:44:39,90,144.4,144.4,1,17,False,0.0
2026-09-29 02:44:40,90,144.4,144.4,1,8,False,0.0
2026-09-29 02:44:42,90,144.4,144.4,1,19,False,0.0
2026-09-29 02:44:43,90,144.4,144.4,1,14,False,0.0
2026-09-29 02:44:44,90,144.4,144.4,1,23,False,0.0
2026-09-29 02:44:45,90,144.4,144.4,1,14,False,0.0
2026-09-29 02:44:46,90,144.4,144.4,1,8,False,0.0
2026-09-29 02:44:47,90,144.4,144.4,1,7,False,0.0
2026-09-29 02:44:49,90,144.4,144.4,1,8,False,0.0
2026-09-29 02:44:50,90,144.4,144.4,1,6,False,0.0
2026-09-29 02:44:51,90,144.4,144.4,1,25,False,0.0
2026-09-29 02:44:52,90,144.4,144.4,1,7,False,0.0
2026-09-29 02:44:53,90,144.4,144.4,1,8,False,0.0
2026-09-29 02:44:54,90,144.4,144.4,1,14,False,0.0
2026-09-29 02:44:56,90,144.4,144.4,1,7,False,0.0
2026-09-29 02:44:57,90,144.4,144.4,1,14,False,0.0
2026-09-29 02:44:58,90,144.4,144.4,1,20,False,0.0
2026-09-29 02:44:59,90,144.4,144.4,1,15,False,0.0
2026-09-29 02:45:00,90,144.4,144.4,1,8,False,0.0
2026-09-29 02:45:02,90,144.4,144.4,1,7,False,0.0
2026-09-29 02:45:03,90,144.4,144.4,1,17,False,0.0
2026-09-29 02:45:04,90,144.4,144.4,1,6,False,0.0
2026-09-29 02:45:05,90,144.4,144.4,1,10,False,0.0
2026-09-29 02:45:06,90,144.4,144.4,1,13,False,0.0
2026-09-29 02:45:08,90,144.4,144.4,1,6,False,0.0
2026-09-29 02:45:09,90,144.4,144.4,1,7,False,0.0
2026-09-29 02:45:10,90,144.4,144.4,1,7,False,0.0
2026-09-29 02:45:11,90,144.4,144.4,1,8,False,0.0
2026-09-29 02:45:12,90,144.4,144.4,1,5,False,0.0
2026-09-29 02:45:13,90,144.4,144.4,1,8,False,0.0
2026-09-29 02:45:15,90,144.4,144.4,1,16,False,0.0
2026-09-29 02:45:16,90,144.4,144.4,1,7,False,0.0
2026-09-29 02:45:17,90,144.4,144.4,1,11,False,0.0
2026-09-29 02:45:18,90,144.4,144.4,1,6,False,0.0
2026-09-29 02:45:19,90,144.4,144.4,1,7,False,0.0
2026-09-29 02:45:20,90,144.4,144.4,1,5,False,0.0
2026-09-29 02:45:22,90,144.4,144.4,1,10,False,0.0
2026-09-29 02:45:23,90,144.4,144.4,1,20,False,0.0
2026-09-29 02:45:24,90,144.4,144.4,1,8,False,0.0
2026-09-29 02:45:25,91,144.4,130.0,1,7,False,0.0
2026-09-29 02:45:26,91,144.4,130.0,1,11,False,0.0
2026-09-29 02:45:28,91,144.4,144.4,1,15,False,0.0
2026-09-29 02:45:29,91,144.4,144.4,1,19,False,0.0
2026-09-29 02:45:30,91,144.4,144.4,1,15,False,0.0
2026-09-29 02:45:31,91,144.4,144.4,1,16,False,0.0
2026-09-29 02:45:32,91,144.4,144.4,1,10,False,0.0
2026-09-29 02:45:33,91,144.4,144.4,1,9,False,0.0
2026-09-29 02:45:35,91,144.4,144.4,1,13,False,0.0
2026-09-29 02:45:36,91,144.4,144.4,1,10,False,0.0
2026-09-29 02:45:37,91,144.4,144.4,1,6,False,0.0
2026-09-29 02:45:38,91,144.4,144.4,1,10,False,0.0
2026-09-29 02:45:39,91,144.4,144.4,1,19,False,0.0
2026-09-29 02:45:40,91,144.4,144.4,1,8,False,0.0
2026-09-29 02:45:42,91,144.4,144.4,1,8,False,0.0
2026-09-29 02:45:43,91,144.4,144.4,1,15,False,0.0
2026-09-29 02:45:44,91,144.4,144.4,1,11,False,0.0
2026-09-29 02:45:45,91,144.4,144.4,1,6,False,0.0
2026-09-29 02:45:46,91,144.4,144.4,1,9,False,0.0
2026-09-29 02:45:48,91,144.4,144.4,1,16,False,0.0
2026-09-29 02:45:49,91,144.4,144.4,1,11,False,0.0
2026-09-29 02:45:50,91,144.4,144.4,1,12,False,0.0
2026-09-29 02:45:51,91,144.4,144.4,1,17,False,0.0
2026-09-29 02:45:52,91,144.4,144.4,1,8,False,0.0
2026-09-29 02:45:53,91,144.4,144.4,1,11,False,0.0
2026-09-29 02:45:55,91,144.4,144.4,1,7,False,0.0
2026-09-29 02:45:56,91,144.4,144.4,1,13,False,0.0
2026-09-29 02:45:57,91,144.4,144.4,1,22,False,0.0
2026-09-29 02:45:58,91,144.4,144.4,1,10,False,0.0
2026-09-29 02:45:59,91,144.4,144.4,1,7,False,0.0
2026-09-29 02:46:01,91,144.4,144.4,1,22,False,0.0
2026-09-29 02:46:02,91,144.4,144.4,1,14,False,0.0
2026-09-29 02:46:03,91,144.4,144.4,1,8,False,0.0
2026-09-29 02:46:04,91,144.4,144.4,1,6,False,0.0
2026-09-29 02:46:05,91,144.4,144.4,1,21,False,0.0
2026-09-29 02:46:06,91,144.4,144.4,1,8,False,0.0
2026-09-29 02:46:08,91,144.4,144.4,1,12,False,0.0
2026-09-29 02:46:09,91,144.4,144.4,1,14,False,0.0
2026-09-29 02:46:10,91,144.4,144.4,1,7,False,0.0
2026-09-29 02:46:11,91,144.4,144.4,1,20,False,0.0
2026-09-29 02:46:12,91,144.4,144.4,1,6,False,0.0
2026-09-29 02:46:14,91,144.4,144.4,1,7,False,0.0
2026-09-29 02:46:15,91,144.4,144.4,1,7,False,0.0
2026-09-29 02:46:16,91,144.4,144.4,1,20,False,0.0
2026-09-29 02:46:17,91,144.4,144.4,1,13,False,0.0
2026-09-29 02:46:18,91,144.4,144.4,1,14,False,0.0
2026-09-29 02:46:19,91,144.4,144.4,1,7,False,0.0
2026-09-29 02:46:21,91,144.4,144.4,1,10,False,0.0
2026-09-29 02:46:22,89,144.4,117.0,1,15,False,0.0
2026-09-29 02:46:23,89,144.4,117.0,1,56,False,0.0
2026-09-29 02:46:24,89,144.4,130.0,1,84,False,0.0
2026-09-29 02:46:26,89,144.4,130.0,1,36,False,0.0
2026-09-29 02:46:27,89,144.4,130.0,1,32,False,0.0
2026-09-29 02:46:28,89,144.4,130.0,1,42,False,0.0
2026-09-29 02:46:29,99,144.4,144.4,1,5,False,0.0
2026-09-29 02:46:30,99,144.4,144.4,1,7,False,0.0
2026-09-29 02:46:31,99,144.4,144.4,1,9,False,0.0
2026-09-29 02:46:33,99,144.4,144.4,1,31,False,0.0
2026-09-29 02:46:34,99,144.4,144.4,1,6,False,0.0
2026-09-29 02:46:35,99,144.4,144.4,1,5,False,0.0
2026-09-29 02:46:36,99,144.4,144.4,1,5,False,0.0
2026-09-29 02:46:37,99,144.4,144.4,1,6,False,0.0
2026-09-29 02:46:39,99,144.4,144.4,1,11,False,0.0
2026-09-29 02:46:40,99,144.4,144.4,1,7,False,0.0
2026-09-29 02:46:41,99,144.4,144.4,1,8,False,0.0
2026-09-29 02:46:42,99,144.4,144.4,1,28,False,0.0
2026-09-29 02:46:43,99,144.4,144.4,1,21,False,0.0
2026-09-29 02:46:44,99,144.4,144.4,1,28,False,0.0
2026-09-29 02:46:46,99,144.4,144.4,1,17,False,0.0
2026-09-29 02:46:47,99,144.4,144.4,1,16,False,0.0
2026-09-29 02:46:48,99,144.4,144.4,1,7,False,0.0
2026-09-29 02:46:49,99,144.4,144.4,1,11,False,0.0
2026-09-29 02:46:50,99,144.4,117.0,1,13,False,0.0
2026-09-29 02:46:52,99,144.4,117.0,1,8,False,0.0
2026-09-29 02:46:53,99,144.4,117.0,1,11,False,0.0
2026-09-29 02:46:54,99,144.4,144.4,1,6,False,0.0
2026-09-29 02:46:55,99,144.4,144.4,1,12,False,0.0
2026-09-29 02:46:56,99,144.4,144.4,1,7,False,0.0
2026-09-29 02:46:57,99,144.4,144.4,1,11,False,0.0
2026-09-29 02:46:59,99,144.4,144.4,1,6,False,0.0
2026-09-29 02:47:00,99,144.4,144.4,1,6,False,0.0
2026-09-29 02:47:01,99,144.4,144.4,1,12,False,0.0
2026-09-29 02:47:02,99,144.4,144.4,1,7,False,0.0
2026-09-29 02:47:03,99,144.4,144.4,1,22,False,0.0
2026-09-29 02:47:05,99,144.4,144.4,1,8,False,0.0
2026-09-29 02:47:06,99,144.4,144.4,1,17,False,0.0
2026-09-29 02:47:07,99,144.4,144.4,1,15,False,0.0
2026-09-29 02:47:08,99,144.4,144.4,1,30,False,0.0
2026-09-29 02:47:09,99,144.4,144.4,1,5,False,0.0
2026-09-29 02:47:10,99,144.4,144.4,1,6,False,0.0
2026-09-29 02:47:12,99,144.4,144.4,1,25,False,0.0
2026-09-29 02:47:13,99,144.4,144.4,1,14,False,0.0
2026-09-29 02:47:14,99,144.4,144.4,1,7,False,0.0
2026-09-29 02:47:15,99,144.4,144.4,1,8,False,0.0
2026-09-29 02:47:16,99,144.4,144.4,1,11,False,0.0
2026-09-29 02:47:18,99,144.4,144.4,1,6,False,0.0
2026-09-29 02:47:19,99,144.4,144.4,1,6,False,0.0
2026-09-29 02:47:20,99,144.4,144.4,1,8,False,0.0
2026-09-29 02:47:21,99,144.4,144.4,1,59,False,0.0
2026-09-29 02:47:22,99,144.4,144.4,1,20,False,0.0
2026-09-29 02:47:24,99,144.4,144.4,1,52,False,0.0
2026-09-29 02:47:25,99,144.4,144.4,1,11,False,0.0
2026-09-29 02:47:26,99,144.4,144.4,1,9,False,0.0
2026-09-29 02:47:27,99,144.4,144.4,1,12,False,0.0
2026-09-29 02:47:28,99,144.4,144.4,1,6,False,0.0
2026-09-29 02:47:30,99,144.4,144.4,1,9,False,0.0
2026-09-29 02:47:31,99,144.4,144.4,1,6,False,0.0
2026-09-29 02:47:32,99,144.4,144.4,1,6,False,0.0
2026-09-29 02:47:33,99,144.4,144.4,1,8,False,0.0
2026-09-29 02:47:34,99,144.4,144.4,1,11,False,0.0
2026-09-29 02:47:35,99,144.4,144.4,1,10,False,0.0
2026-09-29 02:47:37,99,144.4,144.4,1,16,False,0.0
2026-09-29 02:47:38,99,144.4,144.4,1,6,False,0.0
2026-09-29 02:47:39,99,144.4,144.4,1,7,False,0.0
2026-09-29 02:47:40,99,144.4,144.4,1,16,False,0.0
2026-09-29 02:47:41,99,144.4,144.4,1,9,False,0.0
2026-09-29 02:47:43,99,144.4,144.4,1,17,False,0.0
2026-09-29 02:47:44,99,144.4,144.4,1,6,False,0.0
2026-09-29 02:47:45,99,144.4,144.4,1,12,False,0.0
2026-09-29 02:47:46,99,144.4,144.4,1,18,False,0.0
2026-09-29 02:47:47,99,144.4,144.4,1,49,False,0.0
2026-09-29 02:47:48,99,144.4,144.4,1,9,False,0.0
2026-09-29 02:47:50,99,144.4,144.4,1,6,False,0.0
2026-09-29 02:47:51,99,144.4,144.4,1,48,False,0.0
2026-09-29 02:47:52,99,144.4,144.4,1,7,False,0.0
2026-09-29 02:47:53,99,144.4,144.4,1,13,False,0.0
2026-09-29 02:47:54,99,144.4,144.4,1,5,False,0.0
2026-09-29 02:47:56,99,144.4,144.4,1,6,False,0.0
2026-09-29 02:47:57,99,144.4,144.4,1,10,False,0.0
2026-09-29 02:47:58,99,144.4,144.4,1,12,False,0.0
2026-09-29 02:47:59,99,144.4,144.4,1,6,False,0.0
2026-09-29 02:48:00,99,144.4,144.4,1,8,False,0.0
2026-09-29 02:48:01,99,144.4,144.4,1,8,False,0.0
2026-09-29 02:48:03,99,144.4,144.4,1,18,False,0.0
2026-09-29 02:48:04,99,144.4,144.4,1,43,False,0.0
2026-09-29 02:48:05,99,144.4,144.4,1,25,False,0.0
2026-09-29 02:48:06,99,144.4,144.4,1,10,False,0.0
2026-09-29 02:48:07,99,144.4,144.4,1,8,False,0.0
2026-09-29 02:48:09,99,144.4,144.4,1,7,False,0.0
2026-09-29 02:48:10,99,144.4,144.4,1,17,False,0.0
2026-09-29 02:48:11,99,144.4,144.4,1,8,False,0.0
2026-09-29 02:48:12,99,144.4,144.4,1,11,False,0.0
2026-09-29 02:48:13,99,144.4,144.4,1,10,False,0.0
2026-09-29 02:48:15,99,144.4,144.4,1,10,False,0.0
2026-09-29 02:48:16,99,144.4,144.4,1,12,False,0.0
2026-09-29 02:48:17,99,144.4,144.4,1,12,False,0.0
2026-09-29 02:48:18,99,144.4,144.4,1,11,False,0.0
2026-09-29 02:48:19,99,144.4,144.4,1,10,False,0.0
2026-09-29 02:48:21,99,144.4,144.4,1,16,False,0.0
2026-09-29 02:48:22,99,144.4,144.4,1,10,False,0.0
2026-09-29 02:48:23,99,144.4,144.4,1,25,False,0.0
2026-09-29 02:48:24,99,144.4,144.4,1,13,False,0.0
2026-09-29 02:48:25,99,144.4,144.4,1,8,False,0.0
2026-09-29 02:48:26,99,144.4,144.4,1,15,False,0.0
2026-09-29 02:48:28,99,144.4,144.4,1,6,False,0.0
2026-09-29 02:48:29,99,144.4,144.4,1,10,False,0.0
2026-09-29 02:48:30,99,144.4,144.4,1,13,False,0.0
2026-09-29 02:48:31,99,144.4,144.4,1,8,False,0.0
2026-09-29 02:48:32,99,144.4,144.4,1,11,False,0.0
2026-09-29 02:48:34,99,144.4,144.4,1,15,False,0.0
2026-09-29 02:48:35,99,144.4,144.4,1,6,False,0.0
2026-09-29 02:48:36,99,144.4,144.4,1,17,False,0.0
2026-09-29 02:48:37,99,144.4,144.4,1,12,False,0.0
2026-09-29 02:48:38,99,144.4,144.4,1,5,False,0.0
2026-09-29 02:48:39,99,144.4,144.4,1,11,False,0.0
2026-09-29 02:48:41,99,144.4,144.4,1,6,False,0.0
2026-09-29 02:48:42,99,144.4,144.4,1,19,False,0.0
2026-09-29 02:48:43,99,144.4,144.4,1,15,False,0.0
2026-09-29 02:48:44,99,144.4,144.4,1,14,False,0.0
2026-09-29 02:48:45,99,144.4,144.4,1,7,False,0.0
2026-09-29 02:48:46,99,144.4,144.4,1,10,False,0.0
2026-09-29 02:48:48,99,144.4,144.4,1,12,False,0.0
2026-09-29 02:48:49,99,144.4,144.4,1,5,False,0.0
2026-09-29 02:48:50,99,144.4,144.4,1,17,False,0.0
2026-09-29 02:48:51,99,144.4,144.4,1,10,False,0.0
2026-09-29 02:48:52,99,144.4,144.4,1,12,False,0.0
2026-09-29 02:48:54,99,144.4,144.4,1,9,False,0.0
2026-09-29 02:48:55,99,144.4,144.4,1,12,False,0.0
2026-09-29 02:48:56,99,144.4,144.4,1,26,False,0.0
2026-09-29 02:48:57,99,144.4,144.4,1,9,False,0.0
2026-09-29 02:48:58,99,144.4,144.4,1,6,False,0.0
2026-09-29 02:48:59,99,144.4,144.4,1,19,False,0.0
2026-09-29 02:49:01,99,144.4,144.4,1,16,False,0.0
2026-09-29 02:49:02,99,144.4,144.4,1,10,False,0.0
2026-09-29 02:49:03,99,144.4,144.4,1,10,False,0.0
2026-09-29 02:49:04,99,144.4,144.4,1,12,False,0.0
2026-09-29 02:49:05,99,144.4,144.4,1,9,False,0.0
2026-09-29 02:49:07,99,144.4,144.4,1,6,False,0.0
2026-09-29 02:49:08,99,144.4,144.4,1,30,False,0.0
2026-09-29 02:49:09,99,144.4,144.4,1,52,False,0.0
2026-09-29 02:49:10,99,144.4,144.4,1,13,False,0.0
2026-09-29 02:49:11,99,144.4,144.4,1,9,False,0.0
2026-09-29 02:49:13,99,144.4,144.4,1,20,False,0.0
2026-09-29 02:49:14,99,144.4,144.4,1,11,False,0.0
2026-09-29 02:49:15,99,144.4,144.4,1,9,False,0.0
2026-09-29 02:49:16,99,144.4,144.4,1,9,False,0.0
2026-09-29 02:49:17,99,144.4,144.4,1,9,False,0.0
2026-09-29 02:49:18,99,144.4,144.4,1,8,False,0.0
2026-09-29 02:49:20,99,144.4,144.4,1,12,False,0.0
2026-09-29 02:49:21,99,144.4,144.4,1,8,False,0.0
2026-09-29 02:49:22,99,144.4,144.4,1,83,False,0.0
2026-09-29 02:49:23,99,144.4,144.4,1,12,False,0.0
2026-09-29 02:49:24,99,144.4,144.4,1,10,False,0.0
2026-09-29 02:49:26,99,144.4,144.4,1,11,False,0.0
2026-09-29 02:49:27,99,144.4,144.4,1,7,False,0.0
2026-09-29 02:49:28,99,144.4,144.4,1,9,False,0.0
2026-09-29 02:49:29,99,144.4,144.4,1,20,False,0.0
2026-09-29 02:49:30,99,144.4,144.4,1,112,False,0.0
2026-09-29 02:49:32,99,144.4,144.4,1,11,False,0.0
2026-09-29 02:49:33,99,144.4,144.4,1,12,False,0.0
2026-09-29 02:49:34,99,144.4,144.4,1,8,False,0.0
2026-09-29 02:49:35,99,144.4,144.4,1,27,False,0.0
2026-09-29 02:49:36,99,144.4,144.4,1,6,False,0.0
2026-09-29 02:49:37,99,144.4,144.4,1,13,False,0.0
2026-09-29 02:49:39,99,144.4,144.4,1,50,False,0.0
2026-09-29 02:49:40,99,144.4,144.4,1,8,False,0.0
2026-09-29 02:49:41,99,144.4,144.4,1,8,False,0.0
2026-09-29 02:49:42,99,144.4,144.4,1,6,False,0.0
2026-09-29 02:49:43,99,144.4,144.4,1,7,False,0.0
2026-09-29 02:49:45,99,144.4,144.4,1,10,False,0.0
2026-09-29 02:49:46,99,144.4,144.4,1,12,False,0.0
2026-09-29 02:49:47,99,144.4,144.4,1,12,False,0.0
2026-09-29 02:49:48,99,144.4,144.4,1,32,False,0.0
2026-09-29 02:49:49,99,144.4,144.4,1,15,False,0.0
2026-09-29 02:49:50,99,144.4,144.4,1,13,False,0.0
2026-09-29 02:49:52,99,144.4,144.4,1,7,False,0.0
2026-09-29 02:49:53,99,144.4,144.4,1,10,False,0.0
2026-09-29 02:49:54,99,144.4,144.4,1,11,False,0.0
2026-09-29 02:49:55,99,144.4,144.4,1,7,False,0.0
2026-09-29 02:49:56,99,144.4,144.4,1,6,False,0.0
2026-09-29 02:49:58,99,144.4,144.4,1,6,False,0.0
2026-09-29 02:49:59,99,144.4,144.4,1,6,False,0.0
2026-09-29 02:50:00,99,144.4,144.4,1,18,False,0.0
2026-09-29 02:50:01,99,144.4,144.4,1,44,False,0.0
2026-09-29 02:50:02,99,144.4,144.4,1,19,False,0.0
2026-09-29 02:50:04,99,144.4,144.4,1,14,False,0.0
2026-09-29 02:50:05,99,144.4,144.4,1,6,False,0.0
2026-09-29 02:50:06,99,144.4,144.4,1,12,False,0.0
2026-09-29 02:50:07,99,144.4,144.4,1,8,False,0.0
2026-09-29 02:50:09,99,144.4,144.4,1,14,False,0.0
2026-09-29 02:50:10,99,144.4,144.4,1,8,False,0.0
2026-09-29 02:50:11,99,144.4,144.4,1,6,False,0.0
2026-09-29 02:50:12,99,144.4,144.4,1,18,False,0.0
2026-09-29 02:50:13,99,144.4,144.4,1,7,False,0.0
2026-09-29 02:50:14,99,144.4,144.4,1,5,False,0.0
2026-09-29 02:50:16,99,144.4,144.4,1,8,False,0.0
2026-09-29 02:50:17,99,144.4,144.4,1,19,False,0.0
2026-09-29 02:50:18,99,144.4,144.4,1,27,False,0.0
2026-09-29 02:50:19,99,144.4,144.4,1,9,False,0.0
2026-09-29 02:50:20,99,144.4,144.4,1,21,False,0.0
2026-09-29 02:50:22,99,144.4,144.4,1,71,False,0.0
2026-09-29 02:50:23,99,144.4,144.4,1,6,False,0.0
2026-09-29 02:50:24,99,144.4,144.4,1,28,False,0.0
2026-09-29 02:50:25,99,144.4,144.4,1,67,False,0.0
2026-09-29 02:50:26,99,144.4,144.4,1,22,False,0.0
2026-09-29 02:50:27,99,144.4,144.4,1,7,False,0.0
2026-09-29 02:50:29,99,144.4,144.4,1,7,False,0.0
2026-09-29 02:50:30,99,144.4,144.4,1,9,False,0.0
2026-09-29 02:50:31,99,144.4,144.4,1,62,False,0.0
2026-09-29 02:50:32,99,144.4,144.4,1,23,False,0.0
2026-09-29 02:50:33,99,144.4,117.0,1,30,False,0.0
2026-09-29 02:50:35,99,144.4,117.0,1,9,False,0.0
2026-09-29 02:50:36,99,144.4,117.0,1,19,False,0.0
2026-09-29 02:50:37,99,144.4,117.0,1,8,False,0.0
2026-09-29 02:50:38,99,144.4,144.4,1,12,False,0.0
2026-09-29 02:50:39,99,144.4,144.4,1,11,False,0.0
2026-09-29 02:50:41,99,144.4,144.4,1,7,False,0.0
2026-09-29 02:50:42,99,144.4,144.4,1,12,False,0.0
2026-09-29 02:50:43,99,144.4,144.4,1,21,False,0.0
2026-09-29 02:50:44,99,144.4,144.4,1,15,False,0.0
2026-09-29 02:50:45,99,144.4,144.4,1,8,False,0.0
2026-09-29 02:50:46,99,144.4,144.4,1,13,False,0.0
2026-09-29 02:50:48,99,144.4,144.4,1,16,False,0.0
2026-09-29 02:50:49,99,144.4,144.4,1,6,False,0.0
2026-09-29 02:50:50,99,144.4,144.4,1,8,False,0.0
2026-09-29 02:50:51,99,144.4,144.4,1,17,False,0.0
2026-09-29 02:50:52,99,144.4,144.4,1,7,False,0.0
2026-09-29 02:50:53,99,144.4,144.4,1,9,False,0.0
2026-09-29 02:50:55,99,144.4,144.4,1,12,False,0.0
2026-09-29 02:50:56,99,144.4,144.4,1,7,False,0.0
2026-09-29 02:50:57,99,144.4,144.4,1,15,False,0.0
2026-09-29 02:50:58,99,144.4,144.4,1,10,False,0.0
2026-09-29 02:50:59,99,144.4,144.4,1,24,False,0.0
2026-09-29 02:51:01,99,144.4,144.4,1,7,False,0.0
2026-09-29 02:51:02,99,144.4,144.4,1,15,False,0.0
2026-09-29 02:51:03,99,144.4,144.4,1,6,False,0.0
2026-09-29 02:51:04,99,144.4,144.4,1,10,False,0.0
2026-09-29 02:51:05,99,144.4,144.4,1,6,False,0.0
2026-09-29 02:51:06,99,144.4,144.4,1,10,False,0.0
2026-09-29 02:51:08,99,144.4,144.4,1,12,False,0.0
2026-09-29 02:51:09,99,144.4,144.4,1,16,False,0.0
2026-09-29 02:51:10,99,144.4,144.4,1,6,False,0.0
2026-09-29 02:51:11,99,144.4,144.4,1,11,False,0.0
2026-09-29 02:51:12,99,144.4,144.4,1,6,False,0.0
2026-09-29 02:51:14,99,144.4,144.4,1,7,False,0.0
2026-09-29 02:51:15,99,144.4,144.4,1,9,False,0.0
2026-09-29 02:51:16,99,144.4,144.4,1,22,False,0.0
2026-09-29 02:51:17,99,144.4,144.4,1,26,False,0.0
2026-09-29 02:51:18,99,144.4,144.4,1,12,False,0.0
2026-09-29 02:51:19,99,144.4,144.4,1,13,False,0.0
2026-09-29 02:51:21,99,144.4,144.4,1,6,False,0.0
2026-09-29 02:51:22,99,144.4,144.4,1,8,False,0.0
2026-09-29 02:51:23,99,144.4,144.4,1,5,False,0.0
2026-09-29 02:51:24,99,144.4,144.4,1,24,False,0.0
2026-09-29 02:51:25,99,144.4,144.4,1,11,False,0.0
2026-09-29 02:51:27,99,144.4,144.4,1,9,False,0.0
2026-09-29 02:51:28,99,144.4,144.4,1,13,False,0.0
2026-09-29 02:51:29,99,144.4,144.4,1,18,False,0.0
2026-09-29 02:51:30,99,144.4,144.4,1,21,False,0.0
2026-09-29 02:51:31,99,144.4,144.4,1,6,False,0.0
2026-09-29 02:51:33,99,144.4,144.4,1,13,False,0.0
2026-09-29 02:51:34,99,144.4,144.4,1,14,False,0.0
2026-09-29 02:51:35,99,144.4,144.4,1,12,False,0.0
2026-09-29 02:51:36,99,144.4,144.4,1,14,False,0.0
2026-09-29 02:51:37,99,144.4,144.4,1,16,False,0.0
2026-09-29 02:51:38,99,144.4,144.4,1,10,False,0.0
2026-09-29 02:51:40,99,144.4,144.4,1,8,False,0.0
2026-09-29 02:51:41,99,144.4,144.4,1,13,False,0.0
2026-09-29 02:51:42,99,144.4,144.4,1,20,False,0.0
2026-09-29 02:51:43,99,144.4,144.4,1,12,False,0.0
2026-09-29 02:51:44,99,144.4,144.4,1,49,False,0.0
2026-09-29 02:51:46,99,144.4,144.4,1,9,False,0.0
2026-09-29 02:51:47,99,144.4,144.4,1,17,False,0.0
2026-09-29 02:51:48,99,144.4,144.4,1,9,False,0.0
2026-09-29 02:51:49,99,144.4,144.4,1,7,False,0.0
2026-09-29 02:51:50,99,144.4,144.4,1,15,False,0.0
2026-09-29 02:51:51,99,144.4,144.4,1,5,False,0.0
2026-09-29 02:51:53,99,144.4,144.4,1,8,False,0.0
2026-09-29 02:51:54,99,144.4,144.4,1,12,False,0.0
2026-09-29 02:51:55,99,144.4,144.4,1,12,False,0.0
2026-09-29 02:51:56,99,144.4,144.4,1,5,False,0.0
2026-09-29 02:51:57,99,144.4,144.4,1,6,False,0.0
2026-09-29 02:51:58,99,144.4,144.4,1,12,False,0.0
2026-09-29 02:52:00,99,144.4,144.4,1,5,False,0.0
2026-09-29 02:52:01,99,144.4,144.4,1,8,False,0.0
2026-09-29 02:52:02,99,144.4,144.4,1,9,False,0.0
2026-09-29 02:52:03,99,144.4,144.4,1,29,False,0.0
2026-09-29 02:52:04,99,144.4,144.4,1,8,False,0.0
2026-09-29 02:52:06,99,144.4,144.4,1,8,False,0.0
2026-09-29 02:52:07,99,144.4,144.4,1,13,False,0.0
2026-09-29 02:52:08,99,144.4,144.4,1,25,False,0.0
2026-09-29 02:52:09,99,144.4,144.4,1,14,False,0.0
2026-09-29 02:52:10,99,144.4,144.4,1,24,False,0.0
2026-09-29 02:52:12,99,144.4,144.4,1,5,False,0.0
2026-09-29 02:52:13,99,144.4,144.4,1,13,False,0.0
2026-09-29 02:52:14,99,144.4,144.4,1,13,False,0.0
2026-09-29 02:52:15,99,144.4,144.4,1,6,False,0.0
2026-09-29 02:52:16,99,144.4,144.4,1,16,False,0.0
2026-09-29 02:52:17,99,144.4,144.4,1,21,False,0.0
2026-09-29 02:52:19,99,144.4,144.4,1,7,False,0.0
2026-09-29 02:52:20,99,144.4,144.4,1,22,False,0.0
2026-09-29 02:52:21,99,144.4,144.4,1,9,False,0.0
2026-09-29 02:52:22,99,144.4,144.4,1,7,False,0.0
2026-09-29 02:52:23,99,144.4,144.4,1,6,False,0.0
2026-09-29 02:52:25,99,144.4,144.4,1,16,False,0.0
2026-09-29 02:52:26,99,144.4,144.4,1,11,False,0.0
2026-09-29 02:52:27,99,144.4,144.4,1,11,False,0.0
2026-09-29 02:52:28,99,144.4,144.4,1,14,False,0.0
2026-09-29 02:52:29,99,144.4,144.4,1,29,False,0.0
2026-09-29 02:52:30,99,144.4,144.4,1,12,False,0.0
2026-09-29 02:52:32,99,144.4,144.4,1,11,False,0.0
2026-09-29 02:52:33,99,144.4,144.4,1,15,False,0.0
2026-09-29 02:52:34,99,144.4,144.4,1,17,False,0.0
2026-09-29 02:52:35,99,144.4,144.4,1,6,False,0.0
2026-09-29 02:52:36,99,144.4,144.4,1,12,False,0.0
2026-09-29 02:52:38,99,144.4,144.4,1,6,False,0.0
2026-09-29 02:52:39,99,144.4,144.4,1,6,False,0.0
2026-09-29 02:52:40,99,144.4,144.4,1,17,False,0.0
2026-09-29 02:52:41,99,144.4,144.4,1,9,False,0.0
2026-09-29 02:52:42,99,144.4,144.4,1,28,False,0.0
2026-09-29 02:52:44,99,144.4,144.4,1,7,False,0.0
2026-09-29 02:52:45,99,144.4,144.4,1,14,False,0.0
2026-09-29 02:52:46,99,144.4,144.4,1,8,False,0.0
2026-09-29 02:52:47,99,144.4,144.4,1,23,False,0.0
2026-09-29 02:52:48,99,144.4,144.4,1,11,False,0.0
2026-09-29 02:52:49,99,144.4,144.4,1,7,False,0.0
2026-09-29 02:52:51,99,144.4,144.4,1,7,False,0.0
2026-09-29 02:52:52,99,144.4,144.4,1,10,False,0.0
2026-09-29 02:52:53,99,144.4,144.4,1,7,False,0.0
2026-09-29 02:52:54,99,144.4,144.4,1,8,False,0.0
2026-09-29 02:52:55,99,144.4,144.4,1,14,False,0.0
2026-09-29 02:52:57,99,144.4,144.4,1,10,False,0.0
2026-09-29 02:52:58,99,144.4,144.4,1,7,False,0.0
2026-09-29 02:52:59,99,144.4,144.4,1,23,False,0.0
2026-09-29 02:53:00,99,144.4,144.4,1,9,False,0.0
2026-09-29 02:53:01,99,144.4,144.4,1,7,False,0.0
2026-09-29 02:53:03,99,144.4,144.4,1,60,False,0.0
2026-09-29 02:53:04,99,144.4,144.4,1,10,False,0.0
2026-09-29 02:53:05,99,144.4,144.4,1,7,False,0.0
2026-09-29 02:53:06,99,144.4,144.4,1,5,False,0.0
2026-09-29 02:53:07,99,144.4,144.4,1,20,False,0.0
2026-09-29 02:53:08,99,144.4,144.4,1,5,False,0.0
2026-09-29 02:53:10,99,144.4,144.4,1,12,False,0.0
2026-09-29 02:53:11,99,144.4,144.4,1,7,False,0.0
2026-09-29 02:53:12,99,144.4,144.4,1,39,False,0.0
2026-09-29 02:53:13,99,144.4,144.4,1,6,False,0.0
2026-09-29 02:53:14,99,144.4,144.4,1,6,False,0.0
2026-09-29 02:53:16,99,144.4,144.4,1,8,False,0.0
2026-09-29 02:53:17,99,144.4,144.4,1,7,False,0.0
2026-09-29 02:53:18,99,144.4,144.4,1,6,False,0.0
2026-09-29 02:53:19,99,144.4,144.4,1,6,False,0.0
2026-09-29 02:53:20,99,144.4,144.4,1,9,False,0.0
2026-09-29 02:53:21,99,144.4,144.4,1,11,False,0.0
2026-09-29 02:53:23,99,144.4,144.4,1,11,False,0.0
2026-09-29 02:53:24,99,144.4,144.4,1,8,False,0.0
2026-09-29 02:53:25,99,144.4,144.4,1,7,False,0.0
2026-09-29 02:53:26,99,144.4,144.4,1,7,False,0.0
2026-09-29 02:53:27,99,144.4,144.4,1,14,False,0.0
2026-09-29 02:53:29,99,144.4,144.4,1,57,False,0.0
2026-09-29 02:53:30,99,144.4,144.4,1,8,False,0.0
2026-09-29 02:53:31,99,144.4,144.4,1,40,False,0.0
2026-09-29 02:53:32,99,144.4,144.4,1,14,False,0.0
2026-09-29 02:53:33,99,144.4,144.4,1,6,False,0.0
2026-09-29 02:53:35,99,144.4,144.4,1,7,False,0.0
2026-09-29 02:53:36,99,144.4,144.4,1,10,False,0.0
2026-09-29 02:53:37,99,144.4,144.4,1,15,False,0.0
2026-09-29 02:53:38,99,144.4,144.4,1,26,False,0.0
2026-09-29 02:53:39,99,144.4,144.4,1,13,False,0.0
2026-09-29 02:53:40,99,144.4,144.4,1,6,False,0.0
2026-09-29 02:53:42,99,144.4,144.4,1,56,False,0.0
2026-09-29 02:53:43,99,144.4,144.4,1,9,False,0.0
2026-09-29 02:53:44,99,144.4,144.4,1,12,False,0.0
2026-09-29 02:53:45,99,144.4,144.4,1,5,False,0.0
2026-09-29 02:53:46,99,144.4,144.4,1,18,False,0.0
2026-09-29 02:53:48,99,144.4,144.4,1,6,False,0.0
2026-09-29 02:53:49,99,144.4,144.4,1,5,False,0.0
2026-09-29 02:53:50,99,144.4,144.4,1,7,False,0.0
2026-09-29 02:53:51,99,144.4,144.4,1,9,False,0.0
2026-09-29 02:53:52,99,144.4,144.4,1,6,False,0.0
2026-09-29 02:53:53,99,144.4,144.4,1,9,False,0.0
2026-09-29 02:53:55,99,144.4,144.4,1,92,False,0.0
2026-09-29 02:53:56,99,144.4,130.0,1,8,False,0.0
2026-09-29 02:53:57,99,144.4,130.0,1,9,False,0.0
2026-09-29 02:53:58,99,144.4,130.0,1,53,False,0.0
2026-09-29 02:54:00,99,144.4,130.0,1,10,False,0.0
2026-09-29 02:54:01,99,144.4,144.4,1,7,False,0.0
2026-09-29 02:54:02,99,144.4,144.4,1,15,False,0.0
2026-09-29 02:54:03,99,144.4,144.4,1,9,False,0.0
2026-09-29 02:54:04,99,144.4,144.4,1,6,False,0.0
2026-09-29 02:54:05,99,144.4,144.4,1,15,False,0.0
2026-09-29 02:54:07,99,144.4,144.4,1,11,False,0.0
2026-09-29 02:54:08,99,144.4,144.4,1,8,False,0.0
2026-09-29 02:54:09,99,144.4,144.4,1,10,False,0.0
2026-09-29 02:54:10,99,144.4,144.4,1,16,False,0.0
2026-09-29 02:54:11,99,144.4,144.4,1,85,False,0.0
2026-09-29 02:54:13,99,144.4,144.4,1,19,False,0.0
2026-09-29 02:54:14,99,144.4,144.4,1,5,False,0.0
2026-09-29 02:54:15,99,144.4,144.4,1,9,False,0.0
2026-09-29 02:54:16,99,144.4,144.4,1,8,False,0.0
2026-09-29 02:54:17,99,144.4,144.4,1,58,False,0.0
2026-09-29 02:54:18,99,144.4,144.4,1,5,False,0.0
2026-09-29 02:54:20,99,144.4,144.4,1,6,False,0.0
2026-09-29 02:54:21,99,144.4,144.4,1,74,False,0.0
2026-09-29 02:54:22,99,144.4,144.4,1,7,False,0.0
2026-09-29 02:54:23,99,144.4,144.4,1,10,False,0.0
2026-09-29 02:54:24,99,144.4,144.4,1,76,False,0.0
2026-09-29 02:54:26,99,144.4,144.4,1,7,False,0.0
2026-09-29 02:54:27,99,144.4,130.0,1,22,False,0.0
2026-09-29 02:54:28,99,144.4,130.0,1,27,False,0.0
2026-09-29 02:54:29,99,144.4,130.0,1,7,False,0.0
2026-09-29 02:54:30,99,144.4,130.0,1,19,False,0.0
2026-09-29 02:54:32,99,144.4,144.4,1,7,False,0.0
2026-09-29 02:54:33,99,144.4,144.4,1,20,False,0.0
2026-09-29 02:54:34,99,144.4,144.4,1,34,False,0.0
2026-09-29 02:54:35,99,144.4,144.4,1,20,False,0.0
2026-09-29 02:54:36,99,144.4,144.4,1,7,False,0.0
2026-09-29 02:54:38,99,144.4,144.4,1,10,False,0.0
2026-09-29 02:54:39,99,144.4,144.4,1,19,False,0.0
2026-09-29 02:54:40,99,144.4,130.0,1,13,False,0.0
2026-09-29 02:54:41,99,144.4,130.0,1,52,False,0.0
2026-09-29 02:54:42,99,144.4,144.4,1,8,False,0.0
2026-09-29 02:54:43,99,144.4,144.4,1,10,False,0.0
2026-09-29 02:54:45,99,144.4,144.4,1,17,False,0.0
2026-09-29 02:54:46,99,144.4,144.4,1,15,False,0.0
2026-09-29 02:54:47,99,144.4,144.4,1,8,False,0.0
2026-09-29 02:54:48,99,144.4,144.4,1,6,False,0.0
2026-09-29 02:54:49,99,144.4,144.4,1,6,False,0.0
2026-09-29 02:54:51,99,144.4,144.4,1,27,False,0.0
2026-09-29 02:54:52,99,144.4,144.4,1,19,False,0.0
2026-09-29 02:54:53,99,144.4,144.4,1,12,False,0.0
2026-09-29 02:54:54,99,144.4,144.4,1,12,False,0.0
2026-09-29 02:54:55,99,144.4,144.4,1,17,False,0.0
2026-09-29 02:54:56,99,144.4,144.4,1,12,False,0.0
2026-09-29 02:54:58,99,144.4,144.4,1,8,False,0.0
2026-09-29 02:54:59,99,144.4,144.4,1,17,False,0.0
2026-09-29 02:55:00,99,144.4,144.4,1,33,False,0.0
2026-09-29 02:55:01,99,144.4,144.4,1,6,False,0.0
2026-09-29 02:55:02,99,144.4,144.4,1,7,False,0.0
2026-09-29 02:55:04,99,144.4,144.4,1,75,False,0.0
2026-09-29 02:55:05,99,144.4,144.4,1,7,False,0.0
2026-09-29 02:55:06,99,144.4,144.4,1,5,False,0.0
2026-09-29 02:55:07,99,144.4,144.4,1,13,False,0.0
2026-09-29 02:55:08,99,144.4,144.4,1,18,False,0.0
2026-09-29 02:55:09,99,144.4,144.4,1,11,False,0.0
2026-09-29 02:55:11,99,144.4,144.4,1,5,False,0.0
2026-09-29 02:55:12,99,144.4,144.4,1,22,False,0.0
2026-09-29 02:55:13,99,144.4,144.4,1,15,False,0.0
2026-09-29 02:55:14,99,144.4,144.4,1,10,False,0.0
2026-09-29 02:55:15,99,144.4,144.4,1,15,False,0.0
2026-09-29 02:55:17,99,144.4,144.4,1,17,False,0.0
2026-09-29 02:55:18,99,144.4,144.4,1,14,False,0.0
2026-09-29 02:55:19,99,144.4,144.4,1,7,False,0.0
2026-09-29 02:55:20,99,144.4,144.4,1,6,False,0.0
2026-09-29 02:55:21,99,144.4,144.4,1,7,False,0.0
2026-09-29 02:55:22,99,144.4,144.4,1,8,False,0.0
2026-09-29 02:55:24,99,144.4,144.4,1,10,False,0.0
2026-09-29 02:55:25,99,144.4,144.4,1,13,False,0.0
2026-09-29 02:55:26,99,144.4,144.4,1,79,False,0.0
2026-09-29 02:55:27,99,144.4,144.4,1,14,False,0.0
2026-09-29 02:55:28,99,144.4,144.4,1,6,False,0.0
2026-09-29 02:55:30,99,144.4,144.4,1,80,False,0.0
2026-09-29 02:55:31,99,144.4,144.4,1,5,False,0.0
2026-09-29 02:55:32,99,144.4,144.4,1,7,False,0.0
2026-09-29 02:55:33,99,144.4,144.4,1,17,False,0.0
2026-09-29 02:55:34,99,144.4,144.4,1,18,False,0.0
2026-09-29 02:55:36,99,144.4,144.4,1,5,False,0.0
2026-09-29 02:55:37,99,144.4,144.4,1,13,False,0.0
2026-09-29 02:55:38,99,144.4,144.4,1,6,False,0.0
2026-09-29 02:55:39,99,144.4,144.4,1,11,False,0.0
2026-09-29 02:55:40,99,144.4,144.4,1,8,False,0.0
2026-09-29 02:55:41,99,144.4,144.4,1,13,False,0.0
2026-09-29 02:55:43,99,144.4,144.4,1,16,False,0.0
2026-09-29 02:55:44,99,144.4,144.4,1,7,False,0.0
2026-09-29 02:55:45,99,144.4,144.4,1,5,False,0.0
2026-09-29 02:55:46,99,144.4,144.4,1,12,False,0.0
2026-09-29 02:55:47,99,144.4,144.4,1,8,False,0.0
2026-09-29 02:55:49,99,144.4,144.4,1,9,False,0.0
2026-09-29 02:55:50,99,144.4,144.4,1,11,False,0.0
2026-09-29 02:55:51,99,144.4,144.4,1,13,False,0.0
2026-09-29 02:55:52,99,144.4,144.4,1,78,False,0.0
2026-09-29 02:55:53,99,144.4,144.4,1,22,False,0.0
2026-09-29 02:55:55,99,144.4,144.4,1,5,False,0.0
2026-09-29 02:55:56,99,144.4,144.4,1,7,False,0.0
2026-09-29 02:55:57,99,144.4,144.4,1,11,False,0.0
2026-09-29 02:55:58,99,144.4,144.4,1,8,False,0.0
2026-09-29 02:55:59,99,144.4,144.4,1,20,False,0.0
2026-09-29 02:56:00,99,144.4,144.4,1,14,False,0.0
2026-09-29 02:56:02,99,144.4,144.4,1,11,False,0.0
2026-09-29 02:56:03,99,144.4,144.4,1,8,False,0.0
2026-09-29 02:56:04,99,144.4,144.4,1,5,False,0.0
2026-09-29 02:56:05,99,144.4,144.4,1,11,False,0.0
2026-09-29 02:56:06,99,144.4,144.4,1,9,False,0.0
2026-09-29 02:56:08,99,144.4,144.4,1,7,False,0.0
2026-09-29 02:56:09,99,144.4,144.4,1,40,False,0.0
2026-09-29 02:56:10,99,144.4,144.4,1,15,False,0.0
2026-09-29 02:56:11,99,144.4,144.4,1,14,False,0.0
2026-09-29 02:56:12,99,144.4,144.4,1,9,False,0.0
2026-09-29 02:56:13,99,144.4,144.4,1,10,False,0.0
2026-09-29 02:56:15,99,144.4,144.4,1,19,False,0.0
2026-09-29 02:56:16,99,144.4,144.4,1,9,False,0.0
2026-09-29 02:56:17,99,144.4,144.4,1,12,False,0.0
2026-09-29 02:56:18,99,144.4,144.4,1,32,False,0.0
2026-09-29 02:56:19,99,144.4,144.4,1,9,False,0.0
2026-09-29 02:56:20,99,144.4,144.4,1,7,False,0.0
2026-09-29 02:56:22,99,144.4,144.4,1,6,False,0.0
2026-09-29 02:56:23,99,144.4,144.4,1,6,False,0.0
2026-09-29 02:56:24,99,144.4,144.4,1,13,False,0.0
2026-09-29 02:56:25,99,144.4,144.4,1,25,False,0.0
2026-09-29 02:56:26,99,144.4,144.4,1,6,False,0.0
2026-09-29 02:56:28,99,144.4,144.4,1,12,False,0.0
2026-09-29 02:56:29,99,144.4,144.4,1,6,False,0.0
2026-09-29 02:56:30,99,144.4,144.4,1,7,False,0.0
2026-09-29 02:56:31,99,144.4,144.4,1,58,False,0.0
2026-09-29 02:56:32,99,144.4,144.4,1,16,False,0.0
2026-09-29 02:56:34,99,144.4,144.4,1,7,False,0.0
2026-09-29 02:56:35,99,144.4,144.4,1,53,False,0.0
2026-09-29 02:56:36,99,144.4,144.4,1,6,False,0.0
2026-09-29 02:56:37,99,144.4,144.4,1,8,False,0.0
2026-09-29 02:56:38,99,144.4,144.4,1,8,False,0.0
2026-09-29 02:56:39,99,144.4,144.4,1,11,False,0.0
2026-09-29 02:56:41,99,144.4,144.4,1,61,False,0.0
2026-09-29 02:56:42,99,144.4,144.4,1,6,False,0.0
2026-09-29 02:56:43,99,144.4,144.4,1,13,False,0.0
2026-09-29 02:56:44,99,144.4,144.4,1,10,False,0.0
2026-09-29 02:56:45,99,144.4,144.4,1,6,False,0.0
2026-09-29 02:56:46,99,144.4,144.4,1,22,False,0.0
2026-09-29 02:56:48,99,144.4,144.4,1,12,False,0.0
2026-09-29 02:56:49,99,144.4,144.4,1,10,False,0.0
2026-09-29 02:56:50,99,144.4,144.4,1,32,False,0.0
2026-09-29 02:56:51,99,144.4,144.4,1,5,False,0.0
2026-09-29 02:56:52,99,144.4,144.4,1,9,False,0.0
2026-09-29 02:56:54,99,144.4,144.4,1,16,False,0.0
2026-09-29 02:56:55,99,144.4,144.4,1,19,False,0.0
2026-09-29 02:56:56,99,144.4,144.4,1,8,False,0.0
2026-09-29 02:56:57,99,144.4,144.4,1,7,False,0.0
2026-09-29 02:56:58,99,144.4,144.4,1,6,False,0.0
2026-09-29 02:56:59,99,144.4,144.4,1,7,False,0.0
2026-09-29 02:57:01,99,144.4,144.4,1,18,False,0.0
2026-09-29 02:57:02,99,144.4,144.4,1,6,False,0.0
2026-09-29 02:57:03,99,144.4,144.4,1,27,False,0.0
2026-09-29 02:57:04,99,144.4,144.4,1,6,False,0.0
2026-09-29 02:57:05,99,144.4,144.4,1,8,False,0.0
2026-09-29 02:57:07,99,144.4,144.4,1,11,False,0.0
2026-09-29 02:57:08,99,144.4,144.4,1,6,False,0.0
2026-09-29 02:57:09,99,144.4,144.4,1,16,False,0.0
2026-09-29 02:57:10,99,144.4,144.4,1,10,False,0.0
2026-09-29 02:57:11,99,144.4,144.4,1,19,False,0.0
2026-09-29 02:57:12,99,144.4,144.4,1,14,False,0.0
2026-09-29 02:57:14,99,144.4,144.4,1,9,False,0.0
2026-09-29 02:57:15,99,144.4,144.4,1,7,False,0.0
2026-09-29 02:57:16,99,144.4,144.4,1,17,False,0.0
2026-09-29 02:57:17,99,144.4,144.4,1,8,False,0.0
2026-09-29 02:57:18,99,144.4,144.4,1,6,False,0.0
2026-09-29 02:57:19,99,144.4,144.4,1,6,False,0.0
2026-09-29 02:57:21,99,144.4,144.4,1,7,False,0.0
2026-09-29 02:57:22,99,144.4,144.4,1,11,False,0.0
2026-09-29 02:57:23,99,144.4,144.4,1,12,False,0.0
2026-09-29 02:57:24,99,144.4,144.4,1,14,False,0.0
2026-09-29 02:57:25,99,144.4,144.4,1,7,False,0.0
2026-09-29 02:57:27,99,144.4,144.4,1,6,False,0.0
2026-09-29 02:57:28,99,144.4,144.4,1,8,False,0.0
2026-09-29 02:57:29,99,144.4,144.4,1,86,False,0.0
2026-09-29 02:57:30,99,144.4,144.4,1,10,False,0.0
2026-09-29 02:57:32,99,144.4,144.4,1,6,False,0.0
2026-09-29 02:57:33,99,144.4,144.4,1,7,False,0.0
2026-09-29 02:57:34,99,144.4,144.4,1,21,False,0.0
2026-09-29 02:57:35,99,144.4,144.4,1,17,False,0.0
2026-09-29 02:57:36,99,144.4,144.4,1,7,False,0.0
2026-09-29 02:57:38,99,144.4,144.4,1,19,False,0.0
2026-09-29 02:57:39,99,144.4,144.4,1,12,False,0.0
2026-09-29 02:57:40,99,144.4,144.4,1,21,False,0.0
2026-09-29 02:57:41,99,144.4,144.4,1,7,False,0.0
2026-09-29 02:57:42,99,144.4,144.4,1,21,False,0.0
2026-09-29 02:57:44,99,144.4,144.4,1,8,False,0.0
2026-09-29 02:57:45,99,144.4,144.4,1,13,False,0.0
2026-09-29 02:57:46,99,144.4,144.4,1,41,False,0.0
2026-09-29 02:57:47,99,144.4,144.4,1,13,False,0.0
2026-09-29 02:57:48,99,144.4,144.4,1,26,False,0.0
2026-09-29 02:57:50,99,144.4,144.4,1,23,False,0.0
2026-09-29 02:57:51,99,144.4,144.4,1,19,False,0.0
2026-09-29 02:57:52,99,144.4,144.4,1,6,False,0.0
2026-09-29 02:57:53,99,144.4,144.4,1,10,False,0.0
2026-09-29 02:57:54,99,144.4,144.4,1,6,False,0.0
2026-09-29 02:57:55,99,144.4,144.4,1,14,False,0.0
2026-09-29 02:57:57,99,144.4,144.4,1,11,False,0.0
2026-09-29 02:57:58,99,144.4,144.4,1,23,False,0.0
2026-09-29 02:57:59,99,144.4,144.4,1,14,False,0.0
2026-09-29 02:58:00,99,144.4,144.4,1,6,False,0.0
2026-09-29 02:58:01,99,144.4,144.4,1,24,False,0.0
2026-09-29 02:58:03,99,144.4,144.4,1,22,False,0.0
2026-09-29 02:58:04,99,144.4,144.4,1,21,False,0.0
2026-09-29 02:58:05,99,144.4,144.4,1,5,False,0.0
2026-09-29 02:58:06,99,144.4,144.4,1,52,False,0.0
2026-09-29 02:58:07,99,144.4,144.4,1,8,False,0.0
2026-09-29 02:58:09,99,144.4,144.4,1,11,False,0.0
2026-09-29 02:58:10,99,144.4,144.4,1,22,False,0.0
2026-09-29 02:58:11,99,144.4,144.4,1,6,False,0.0
2026-09-29 02:58:12,99,144.4,144.4,1,6,False,0.0
2026-09-29 02:58:13,99,144.4,144.4,1,13,False,0.0
2026-09-29 02:58:15,99,144.4,144.4,1,12,False,0.0
2026-09-29 02:58:16,99,144.4,144.4,1,20,False,0.0
2026-09-29 02:58:17,99,144.4,144.4,1,7,False,0.0
2026-09-29 02:58:18,99,144.4,144.4,1,6,False,0.0
2026-09-29 02:58:19,99,144.4,144.4,1,19,False,0.0
2026-09-29 02:58:21,99,144.4,144.4,1,6,False,0.0
2026-09-29 02:58:22,99,144.4,144.4,1,8,False,0.0
2026-09-29 02:58:23,99,144.4,144.4,1,39,False,0.0
2026-09-29 02:58:24,99,144.4,144.4,1,36,False,0.0
2026-09-29 02:58:25,99,144.4,144.4,1,7,False,0.0
2026-09-29 02:58:27,99,144.4,144.4,1,14,False,0.0
2026-09-29 02:58:28,99,144.4,144.4,1,7,False,0.0
2026-09-29 02:58:29,99,144.4,144.4,1,6,False,0.0
2026-09-29 02:58:30,99,144.4,144.4,1,6,False,0.0
2026-09-29 02:58:31,99,144.4,144.4,1,7,False,0.0
2026-09-29 02:58:33,99,144.4,144.4,1,9,False,0.0
2026-09-29 02:58:34,99,144.4,144.4,1,15,False,0.0
2026-09-29 02:58:35,99,144.4,144.4,1,32,False,0.0
2026-09-29 02:58:36,99,144.4,144.4,1,7,False,0.0
2026-09-29 02:58:37,99,144.4,144.4,1,7,False,0.0
2026-09-29 02:58:39,99,144.4,144.4,1,13,False,0.0
2026-09-29 02:58:40,99,144.4,144.4,1,24,False,0.0
2026-09-29 02:58:41,99,144.4,144.4,1,18,False,0.0
2026-09-29 02:58:42,99,144.4,144.4,1,24,False,0.0
2026-09-29 02:58:43,99,144.4,144.4,1,6,False,0.0
2026-09-29 02:58:45,99,144.4,144.4,1,11,False,0.0
2026-09-29 02:58:46,99,144.4,144.4,1,7,False,0.0
2026-09-29 02:58:47,99,144.4,144.4,1,11,False,0.0
2026-09-29 02:58:48,99,144.4,144.4,1,10,False,0.0
2026-09-29 02:58:49,99,144.4,144.4,1,9,False,0.0
2026-09-29 02:58:51,99,144.4,144.4,1,8,False,0.0
2026-09-29 02:58:52,99,144.4,144.4,1,7,False,0.0
2026-09-29 02:58:53,99,144.4,144.4,1,6,False,0.0
2026-09-29 02:58:54,99,144.4,144.4,1,9,False,0.0
2026-09-29 02:58:55,99,144.4,144.4,1,7,False,0.0
2026-09-29 02:58:57,99,144.4,144.4,1,10,False,0.0
2026-09-29 02:58:58,99,144.4,144.4,1,6,False,0.0
2026-09-29 02:58:59,99,144.4,144.4,1,14,False,0.0
2026-09-29 02:59:00,99,144.4,144.4,1,20,False,0.0
2026-09-29 02:59:01,99,144.4,144.4,1,8,False,0.0
2026-09-29 02:59:02,99,144.4,144.4,1,8,False,0.0
2026-09-29 02:59:04,99,144.4,144.4,1,8,False,0.0
2026-09-29 02:59:05,99,144.4,144.4,1,12,False,0.0
2026-09-29 02:59:06,99,144.4,144.4,1,8,False,0.0
2026-09-29 02:59:07,99,144.4,144.4,1,13,False,0.0
2026-09-29 02:59:08,99,144.4,144.4,1,22,False,0.0
2026-09-29 02:59:10,99,144.4,144.4,1,59,False,0.0
2026-09-29 02:59:11,99,144.4,144.4,1,8,False,0.0
2026-09-29 02:59:12,99,144.4,144.4,1,12,False,0.0
2026-09-29 02:59:13,99,144.4,144.4,1,83,False,0.0
2026-09-29 02:59:15,99,144.4,144.4,1,8,False,0.0
2026-09-29 02:59:16,99,144.4,144.4,1,9,False,0.0
2026-09-29 02:59:17,99,144.4,144.4,1,6,False,0.0
2026-09-29 02:59:18,99,144.4,144.4,1,13,False,0.0
2026-09-29 02:59:19,99,144.4,144.4,1,7,False,0.0
2026-09-29 02:59:21,99,144.4,144.4,1,73,False,0.0
2026-09-29 02:59:22,99,144.4,144.4,1,16,False,0.0
2026-09-29 02:59:23,99,144.4,144.4,1,6,False,0.0
2026-09-29 02:59:24,99,144.4,144.4,1,19,False,0.0
2026-09-29 02:59:25,99,144.4,144.4,1,12,False,0.0
2026-09-29 02:59:27,99,144.4,144.4,1,19,False,0.0
2026-09-29 02:59:28,99,144.4,144.4,1,8,False,0.0
2026-09-29 02:59:29,99,144.4,144.4,1,10,False,0.0
2026-09-29 02:59:30,99,144.4,144.4,1,9,False,0.0
2026-09-29 02:59:31,99,144.4,144.4,1,11,False,0.0
2026-09-29 02:59:33,99,144.4,144.4,1,11,False,0.0
2026-09-29 02:59:34,99,144.4,144.4,1,41,False,0.0
2026-09-29 02:59:35,99,144.4,144.4,1,6,False,0.0
2026-09-29 02:59:36,99,144.4,144.4,1,9,False,0.0
2026-09-29 02:59:37,99,144.4,144.4,1,77,False,0.0
2026-09-29 02:59:39,99,144.4,144.4,1,6,False,0.0
2026-09-29 02:59:40,99,144.4,144.4,1,25,False,0.0
2026-09-29 02:59:41,99,144.4,144.4,1,23,False,0.0
2026-09-29 02:59:42,99,144.4,144.4,1,8,False,0.0
2026-09-29 02:59:43,99,144.4,144.4,1,6,False,0.0
2026-09-29 02:59:45,99,144.4,130.0,1,9,False,0.0
2026-09-29 02:59:46,99,144.4,130.0,1,14,False,0.0
2026-09-29 02:59:47,99,144.4,130.0,1,10,False,0.0
2026-09-29 02:59:48,99,144.4,144.4,1,6,False,0.0
2026-09-29 02:59:49,99,144.4,144.4,1,8,False,0.0
2026-09-29 02:59:51,99,144.4,144.4,1,86,False,0.0
2026-09-29 02:59:52,99,144.4,144.4,1,126,False,0.0
2026-09-29 02:59:54,99,144.4,144.4,1,171,False,0.0
2026-09-29 02:59:55,99,144.4,144.4,1,41,False,0.0
2026-09-29 02:59:56,99,144.4,144.4,1,97,False,0.0
2026-09-29 02:59:58,99,144.4,144.4,1,114,False,0.0
2026-09-29 02:59:59,99,144.4,144.4,1,116,False,0.0
2026-09-29 03:00:00,99,144.4,144.4,1,119,False,0.0
2026-09-29 03:00:01,99,144.4,144.4,1,10,False,0.0
2026-09-29 03:00:03,99,144.4,144.4,1,,True,10.0
2026-09-29 03:00:05,99,144.4,144.4,1,,True,20.0
2026-09-29 03:00:07,99,144.4,144.4,1,,True,30.0
2026-09-29 03:00:09,99,144.4,144.4,1,,True,40.0
2026-09-29 03:00:11,99,144.4,144.4,1,,True,50.0
2026-09-29 03:00:13,99,144.4,144.4,1,,True,60.0
2026-09-29 03:00:15,99,144.4,144.4,1,,True,70.0
2026-09-29 03:00:17,99,144.4,144.4,1,,True,80.0
2026-09-29 03:00:19,99,144.4,144.4,1,,True,90.0
2026-09-29 03:00:21,99,144.4,144.4,1,,True,100.0
2026-09-29 03:00:23,99,144.4,144.4,1,,True,100.0
2026-09-29 03:00:25,99,144.4,144.4,1,,True,100.0
2026-09-29 03:00:27,99,144.4,144.4,1,,True,100.0
2026-09-29 03:00:29,99,144.4,144.4,1,,True,100.0
2026-09-29 03:00:31,99,144.4,144.4,1,,True,100.0
2026-09-29 03:00:33,99,144.4,144.4,1,,True,100.0
2026-09-29 03:00:35,99,144.4,144.4,1,,True,100.0
2026-09-29 03:00:37,99,144.4,144.4,1,,True,100.0
2026-09-29 03:00:39,99,144.4,144.4,1,,True,100.0
2026-09-29 03:00:41,99,144.4,144.4,1,,True,100.0
2026-09-29 03:00:43,99,144.4,144.4,1,,True,100.0
2026-09-29 03:00:45,99,144.4,144.4,1,,True,100.0
2026-09-29 03:00:47,99,144.4,144.4,1,,True,100.0
2026-09-29 03:00:49,99,144.4,144.4,1,,True,100.0
2026-09-29 03:00:51,99,144.4,144.4,1,,True,100.0
2026-09-29 03:00:53,99,144.4,144.4,1,,True,100.0
2026-09-29 03:00:55,99,144.4,144.4,1,,True,100.0
2026-09-29 03:00:57,99,144.4,144.4,1,,True,100.0
2026-09-29 03:00:59,99,144.4,144.4,1,,True,100.0
2026-09-29 03:01:01,99,144.4,144.4,1,,True,100.0
2026-09-29 03:01:03,99,144.4,144.4,1,,True,100.0
2026-09-29 03:01:05,99,144.4,144.4,1,,True,100.0
2026-09-29 03:01:07,99,144.4,144.4,1,,True,100.0
2026-09-29 03:01:09,99,144.4,144.4,1,,True,100.0
2026-09-29 03:01:11,99,144.4,144.4,1,,True,100.0
2026-09-29 03:01:13,99,144.4,144.4,1,,True,100.0
2026-09-29 03:01:15,99,144.4,144.4,1,,True,100.0
2026-09-29 03:01:17,99,144.4,144.4,1,,True,100.0
2026-09-29 03:01:19,99,144.4,144.4,1,,True,100.0
2026-09-29 03:01:21,99,144.4,144.4,1,,True,100.0
2026-09-29 03:01:23,99,144.4,144.4,1,,True,100.0
2026-09-29 03:01:25,99,144.4,144.4,1,,True,100.0
2026-09-29 03:01:27,99,144.4,144.4,1,,True,100.0
2026-09-29 03:01:29,99,144.4,144.4,1,,True,100.0
2026-09-29 03:01:31,99,144.4,144.4,1,,True,100.0
2026-09-29 03:01:33,99,144.4,144.4,1,,True,100.0
2026-09-29 03:01:35,99,144.4,144.4,1,,True,100.0
2026-09-29 03:01:37,99,144.4,144.4,1,,True,100.0
2026-09-29 03:01:39,99,144.4,144.4,1,,True,100.0
2026-09-29 03:01:41,99,144.4,144.4,1,,True,100.0
2026-09-29 03:01:43,99,144.4,144.4,1,,True,100.0
2026-09-29 03:01:45,99,144.4,144.4,1,,True,100.0
2026-09-29 03:01:47,99,144.4,144.4,1,,True,100.0
2026-09-29 03:01:49,99,144.4,144.4,1,,True,100.0
2026-09-29 03:01:51,99,144.4,144.4,1,,True,100.0
2026-09-29 03:01:53,99,144.4,144.4,1,,True,100.0
2026-09-29 03:01:55,99,144.4,144.4,1,,True,100.0
2026-09-29 03:01:57,99,144.4,144.4,1,,True,100.0
2026-09-29 03:01:59,99,144.4,144.4,1,,True,100.0
2026-09-29 03:02:01,99,144.4,144.4,1,,True,100.0
2026-09-29 03:02:03,99,144.4,144.4,1,,True,100.0
2026-09-29 03:02:05,99,144.4,144.4,1,,True,100.0
2026-09-29 03:02:07,99,144.4,144.4,1,,True,100.0
2026-09-29 03:02:09,99,144.4,144.4,1,,True,100.0
2026-09-29 03:02:11,99,144.4,144.4,1,,True,100.0
2026-09-29 03:02:13,99,144.4,144.4,1,,True,100.0
2026-09-29 03:02:15,99,144.4,144.4,1,,True,100.0
2026-09-29 03:02:17,99,144.4,144.4,1,,True,100.0
2026-09-29 03:02:19,99,144.4,144.4,1,,True,100.0
2026-09-29 03:02:21,99,144.4,144.4,1,,True,100.0
2026-09-29 03:02:23,99,144.4,144.4,1,,True,100.0
2026-09-29 03:02:25,99,144.4,144.4,1,,True,100.0
2026-09-29 03:02:27,99,144.4,144.4,1,,True,100.0
2026-09-29 03:02:29,99,144.4,144.4,1,,True,100.0
2026-09-29 03:02:31,99,144.4,144.4,1,,True,100.0
2026-09-29 03:02:33,99,144.4,144.4,1,,True,100.0
2026-09-29 03:02:35,99,144.4,144.4,1,,True,100.0
2026-09-29 03:02:37,99,144.4,144.4,1,,True,100.0
2026-09-29 03:02:39,99,144.4,144.4,1,,True,100.0
2026-09-29 03:02:41,99,144.4,144.4,1,,True,100.0
2026-09-29 03:02:43,99,144.4,144.4,1,,True,100.0
2026-09-29 03:02:45,99,144.4,144.4,1,,True,100.0
2026-09-29 03:02:47,99,144.4,144.4,1,,True,100.0
2026-09-29 03:02:49,99,144.4,144.4,1,,True,100.0
2026-09-29 03:02:51,99,144.4,144.4,1,,True,100.0
2026-09-29 03:02:53,99,144.4,144.4,1,,True,100.0
2026-09-29 03:02:55,99,144.4,144.4,1,,True,100.0
2026-09-29 03:02:57,99,144.4,144.4,1,,True,100.0
2026-09-29 03:02:59,99,144.4,144.4,1,,True,100.0
2026-09-29 03:03:00,99,144.4,144.4,1,7,False,90.0
2026-09-29 03:03:01,99,144.4,144.4,1,65,False,80.0
2026-09-29 03:03:02,99,144.4,144.4,1,44,False,70.0
2026-09-29 03:03:04,99,144.4,144.4,1,9,False,60.0
2026-09-29 03:03:05,99,144.4,144.4,1,6,False,50.0
2026-09-29 03:03:06,99,144.4,144.4,1,6,False,40.0
2026-09-29 03:03:07,99,144.4,144.4,1,8,False,30.0
2026-09-29 03:03:08,99,144.4,144.4,1,120,False,20.0
2026-09-29 03:03:09,99,144.4,144.4,1,8,False,10.0
2026-09-29 03:03:10,99,144.4,144.4,1,60,False,0.0
2026-09-29 03:03:12,99,144.4,144.4,1,46,False,0.0
2026-09-29 03:03:13,99,144.4,144.4,1,7,False,0.0
2026-09-29 03:03:14,99,144.4,144.4,1,6,False,0.0
2026-09-29 03:03:15,99,144.4,144.4,1,131,False,0.0
2026-09-29 03:03:16,99,144.4,144.4,1,35,False,0.0
2026-09-29 03:03:17,99,144.4,144.4,1,118,False,0.0
2026-09-29 03:03:19,99,144.4,144.4,1,11,False,0.0
2026-09-29 03:03:20,99,144.4,144.4,1,6,False,0.0
2026-09-29 03:03:21,99,144.4,144.4,1,8,False,0.0
2026-09-29 03:03:22,99,144.4,144.4,1,76,False,0.0
2026-09-29 03:03:23,99,144.4,144.4,1,123,False,0.0
2026-09-29 03:03:24,99,144.4,144.4,1,35,False,0.0
2026-09-29 03:03:26,99,144.4,144.4,1,129,False,0.0
2026-09-29 03:03:27,99,144.4,144.4,1,121,False,0.0
2026-09-29 03:03:28,99,144.4,144.4,1,7,False,0.0
2026-09-29 03:03:29,99,144.4,144.4,1,8,False,0.0
2026-09-29 03:03:30,99,144.4,144.4,1,8,False,0.0
2026-09-29 03:03:31,99,144.4,144.4,1,64,False,0.0
2026-09-29 03:03:32,99,144.4,144.4,1,85,False,0.0
2026-09-29 03:03:34,99,144.4,144.4,1,65,False,0.0
2026-09-29 03:03:35,99,144.4,144.4,1,6,False,0.0
2026-09-29 03:03:36,99,144.4,144.4,1,51,False,0.0
2026-09-29 03:03:37,99,144.4,144.4,1,110,False,0.0
2026-09-29 03:03:38,99,144.4,144.4,1,7,False,0.0
2026-09-29 03:03:39,99,144.4,144.4,1,50,False,0.0
2026-09-29 03:03:40,99,144.4,144.4,1,8,False,0.0
2026-09-29 03:03:42,99,144.4,144.4,1,39,False,0.0
2026-09-29 03:03:43,99,144.4,144.4,1,8,False,0.0
2026-09-29 03:03:44,99,144.4,144.4,1,5,False,0.0
2026-09-29 03:03:45,99,144.4,144.4,1,84,False,0.0
2026-09-29 03:03:46,99,144.4,144.4,1,10,False,0.0
2026-09-29 03:03:47,99,144.4,144.4,1,26,False,0.0
2026-09-29 03:03:48,99,144.4,144.4,1,8,False,0.0
2026-09-29 03:03:49,99,144.4,144.4,1,50,False,0.0
2026-09-29 03:03:51,99,144.4,144.4,1,6,False,0.0
2026-09-29 03:03:52,99,144.4,144.4,1,38,False,0.0
2026-09-29 03:03:53,99,144.4,144.4,1,8,False,0.0
2026-09-29 03:03:54,99,144.4,144.4,1,6,False,0.0
2026-09-29 03:03:55,99,144.4,144.4,1,172,False,0.0
2026-09-29 03:03:56,99,144.4,144.4,1,6,False,0.0
2026-09-29 03:03:57,99,144.4,144.4,1,58,False,0.0
2026-09-29 03:03:59,99,144.4,144.4,1,10,False,0.0
2026-09-29 03:04:00,99,144.4,144.4,1,35,False,0.0
2026-09-29 03:04:01,99,144.4,144.4,1,12,False,0.0
2026-09-29 03:04:02,99,144.4,144.4,1,7,False,0.0
2026-09-29 03:04:03,99,144.4,144.4,1,8,False,0.0
2026-09-29 03:04:04,99,144.4,144.4,1,7,False,0.0
2026-09-29 03:04:05,99,144.4,144.4,1,6,False,0.0
2026-09-29 03:04:06,99,144.4,144.4,1,113,False,0.0
2026-09-29 03:04:08,99,144.4,144.4,1,130,False,0.0
2026-09-29 03:04:09,99,144.4,144.4,1,8,False,0.0
2026-09-29 03:04:10,99,144.4,144.4,1,40,False,0.0
2026-09-29 03:04:11,99,144.4,144.4,1,108,False,0.0
2026-09-29 03:04:12,99,144.4,144.4,1,6,False,0.0
2026-09-29 03:04:13,99,144.4,144.4,1,51,False,0.0
2026-09-29 03:04:15,99,144.4,144.4,1,7,False,0.0
2026-09-29 03:04:16,99,144.4,144.4,1,46,False,0.0
2026-09-29 03:04:17,99,144.4,144.4,1,12,False,0.0
2026-09-29 03:04:18,99,144.4,144.4,1,10,False,0.0
2026-09-29 03:04:19,99,144.4,144.4,1,9,False,0.0
2026-09-29 03:04:20,99,144.4,144.4,1,6,False,0.0
2026-09-29 03:04:21,99,144.4,144.4,1,141,False,0.0
2026-09-29 03:04:23,99,144.4,144.4,1,90,False,0.0
2026-09-29 03:04:24,99,144.4,144.4,1,97,False,0.0
2026-09-29 03:04:25,99,144.4,144.4,1,8,False,0.0
2026-09-29 03:04:26,99,144.4,144.4,1,90,False,0.0
2026-09-29 03:04:27,99,144.4,144.4,1,65,False,0.0
2026-09-29 03:04:28,99,144.4,144.4,1,7,False,0.0
2026-09-29 03:04:30,99,144.4,144.4,1,42,False,0.0
2026-09-29 03:04:31,99,144.4,144.4,1,6,False,0.0
2026-09-29 03:04:32,99,144.4,144.4,1,44,False,0.0
2026-09-29 03:04:33,99,144.4,144.4,1,73,False,0.0
2026-09-29 03:04:34,99,144.4,144.4,1,6,False,0.0
2026-09-29 03:04:35,99,144.4,144.4,1,107,False,0.0
2026-09-29 03:04:36,99,144.4,144.4,1,7,False,0.0
2026-09-29 03:04:37,99,144.4,144.4,1,4,False,0.0
2026-09-29 03:04:39,99,144.4,144.4,1,26,False,0.0
2026-09-29 03:04:40,99,144.4,144.4,1,62,False,0.0
2026-09-29 03:04:41,99,144.4,144.4,1,127,False,0.0
2026-09-29 03:04:42,99,144.4,144.4,1,86,False,0.0
2026-09-29 03:04:43,99,144.4,144.4,1,49,False,0.0
2026-09-29 03:04:44,99,144.4,144.4,1,6,False,0.0
2026-09-29 03:04:46,99,144.4,144.4,1,41,False,0.0
2026-09-29 03:04:47,99,144.4,144.4,1,8,False,0.0
2026-09-29 03:04:48,99,144.4,144.4,1,123,False,0.0
2026-09-29 03:04:49,99,144.4,144.4,1,42,False,0.0
2026-09-29 03:04:50,99,144.4,144.4,1,19,False,0.0
2026-09-29 03:04:51,99,144.4,144.4,1,6,False,0.0
2026-09-29 03:04:52,99,144.4,144.4,1,5,False,0.0
2026-09-29 03:04:54,99,144.4,144.4,1,76,False,0.0
2026-09-29 03:04:55,99,144.4,144.4,1,5,False,0.0
2026-09-29 03:04:56,99,144.4,144.4,1,43,False,0.0
2026-09-29 03:04:57,99,144.4,144.4,1,166,False,0.0
2026-09-29 03:04:58,99,144.4,144.4,1,6,False,0.0
2026-09-29 03:04:59,99,144.4,144.4,1,6,False,0.0
2026-09-29 03:05:00,99,144.4,144.4,1,11,False,0.0
2026-09-29 03:05:02,99,144.4,144.4,1,7,False,0.0
2026-09-29 03:05:03,99,144.4,144.4,1,15,False,0.0
2026-09-29 03:05:04,99,144.4,144.4,1,73,False,0.0
2026-09-29 03:05:05,99,144.4,144.4,1,126,False,0.0
2026-09-29 03:05:06,99,144.4,144.4,1,36,False,0.0
2026-09-29 03:05:07,99,144.4,144.4,1,107,False,0.0
2026-09-29 03:05:09,99,144.4,144.4,1,7,False,0.0
2026-09-29 03:05:10,99,144.4,144.4,1,41,False,0.0
2026-09-29 03:05:11,99,144.4,144.4,1,5,False,0.0
2026-09-29 03:05:12,99,144.4,144.4,1,169,False,0.0
2026-09-29 03:05:13,99,144.4,144.4,1,115,False,0.0
2026-09-29 03:05:14,99,144.4,144.4,1,5,False,0.0
2026-09-29 03:05:16,99,144.4,144.4,1,41,False,0.0
2026-09-29 03:05:17,99,144.4,144.4,1,5,False,0.0
2026-09-29 03:05:18,99,144.4,144.4,1,7,False,0.0
2026-09-29 03:05:19,99,144.4,144.4,1,87,False,0.0
2026-09-29 03:05:20,99,144.4,144.4,1,118,False,0.0
2026-09-29 03:05:21,99,144.4,144.4,1,229,False,0.0
2026-09-29 03:05:23,99,144.4,144.4,1,5,False,0.0
2026-09-29 03:05:24,99,144.4,144.4,1,44,False,0.0
2026-09-29 03:05:25,99,144.4,144.4,1,16,False,0.0
2026-09-29 03:05:26,99,144.4,144.4,1,46,False,0.0
2026-09-29 03:05:27,99,144.4,144.4,1,129,False,0.0
2026-09-29 03:05:28,99,144.4,144.4,1,22,False,0.0
2026-09-29 03:05:29,99,144.4,144.4,1,5,False,0.0
2026-09-29 03:05:31,99,144.4,144.4,1,6,False,0.0
2026-09-29 03:05:32,99,144.4,144.4,1,76,False,0.0
2026-09-29 03:05:33,99,144.4,144.4,1,10,False,0.0
2026-09-29 03:05:34,99,144.4,144.4,1,41,False,0.0
2026-09-29 03:05:35,99,144.4,144.4,1,124,False,0.0
2026-09-29 03:05:36,99,144.4,144.4,1,131,False,0.0
2026-09-29 03:05:38,99,144.4,144.4,1,123,False,0.0
2026-09-29 03:05:39,99,144.4,144.4,1,8,False,0.0
2026-09-29 03:05:40,99,144.4,144.4,1,43,False,0.0
2026-09-29 03:05:41,95,144.4,130.0,1,117,False,0.0
2026-09-29 03:05:42,95,144.4,130.0,1,46,False,0.0
2026-09-29 03:05:44,95,144.4,130.0,1,172,False,0.0
2026-09-29 03:05:45,95,144.4,130.0,1,7,False,0.0
2026-09-29 03:05:46,95,144.4,144.4,1,85,False,0.0
2026-09-29 03:05:47,95,144.4,144.4,1,30,False,0.0
2026-09-29 03:05:48,95,144.4,144.4,1,6,False,0.0
2026-09-29 03:05:49,95,144.4,144.4,1,166,False,0.0
2026-09-29 03:05:50,95,144.4,144.4,1,5,False,0.0
2026-09-29 03:05:52,95,144.4,144.4,1,146,False,0.0
2026-09-29 03:05:53,95,144.4,144.4,1,5,False,0.0
2026-09-29 03:05:54,95,144.4,144.4,1,133,False,0.0
2026-09-29 03:05:55,95,144.4,144.4,1,46,False,0.0
2026-09-29 03:05:56,95,144.4,144.4,1,95,False,0.0
2026-09-29 03:05:58,95,144.4,144.4,1,125,False,0.0
2026-09-29 03:05:59,95,144.4,144.4,1,7,False,0.0
2026-09-29 03:06:00,95,144.4,144.4,1,11,False,0.0
2026-09-29 03:06:01,95,144.4,144.4,1,175,False,0.0
2026-09-29 03:06:02,95,144.4,144.4,1,9,False,0.0
2026-09-29 03:06:03,95,144.4,144.4,1,56,False,0.0
2026-09-29 03:06:04,95,144.4,144.4,1,34,False,0.0
2026-09-29 03:06:06,95,144.4,144.4,1,99,False,0.0
2026-09-29 03:06:07,95,144.4,144.4,1,7,False,0.0
2026-09-29 03:06:08,95,144.4,144.4,1,49,False,0.0
2026-09-29 03:06:09,95,144.4,144.4,1,123,False,0.0
2026-09-29 03:06:10,95,144.4,144.4,1,31,False,0.0
2026-09-29 03:06:12,95,144.4,144.4,1,129,False,0.0
2026-09-29 03:06:13,95,144.4,144.4,1,9,False,0.0
2026-09-29 03:06:14,95,144.4,144.4,1,37,False,0.0
2026-09-29 03:06:15,95,144.4,144.4,1,7,False,0.0
2026-09-29 03:06:16,95,144.4,144.4,1,48,False,0.0
2026-09-29 03:06:17,95,144.4,144.4,1,127,False,0.0
2026-09-29 03:06:18,95,144.4,144.4,1,23,False,0.0
2026-09-29 03:06:20,95,144.4,144.4,1,33,False,0.0
2026-09-29 03:06:21,95,144.4,144.4,1,57,False,0.0
2026-09-29 03:06:22,95,144.4,144.4,1,8,False,0.0
2026-09-29 03:06:23,95,144.4,144.4,1,7,False,0.0
2026-09-29 03:06:24,95,144.4,144.4,1,49,False,0.0
2026-09-29 03:06:25,95,144.4,144.4,1,114,False,0.0
2026-09-29 03:06:26,95,144.4,144.4,1,102,False,0.0
2026-09-29 03:06:28,95,144.4,144.4,1,32,False,0.0
2026-09-29 03:06:29,95,144.4,144.4,1,8,False,0.0
2026-09-29 03:06:30,95,144.4,144.4,1,48,False,0.0
2026-09-29 03:06:31,95,144.4,144.4,1,112,False,0.0
2026-09-29 03:06:32,95,144.4,144.4,1,8,False,0.0
2026-09-29 03:06:33,95,144.4,144.4,1,47,False,0.0
2026-09-29 03:06:35,95,144.4,144.4,1,118,False,0.0
2026-09-29 03:06:36,95,144.4,144.4,1,122,False,0.0
2026-09-29 03:06:37,95,144.4,144.4,1,6,False,0.0
2026-09-29 03:06:38,95,144.4,144.4,1,48,False,0.0
2026-09-29 03:06:39,95,144.4,144.4,1,27,False,0.0
2026-09-29 03:06:40,95,144.4,144.4,1,118,False,0.0
2026-09-29 03:06:42,95,144.4,144.4,1,117,False,0.0
2026-09-29 03:06:43,95,144.4,144.4,1,6,False,0.0
2026-09-29 03:06:44,95,144.4,144.4,1,43,False,0.0
2026-09-29 03:06:45,95,144.4,144.4,1,7,False,0.0
2026-09-29 03:06:46,95,144.4,144.4,1,56,False,0.0
2026-09-29 03:06:47,95,144.4,144.4,1,122,False,0.0
2026-09-29 03:06:48,95,144.4,144.4,1,8,False,0.0
2026-09-29 03:06:50,95,144.4,144.4,1,48,False,0.0
2026-09-29 03:06:51,95,144.4,144.4,1,8,False,0.0
2026-09-29 03:06:52,95,144.4,144.4,1,36,False,0.0
2026-09-29 03:06:53,95,144.4,144.4,1,5,False,0.0
2026-09-29 03:06:54,95,144.4,144.4,1,37,False,0.0
2026-09-29 03:06:55,95,144.4,144.4,1,26,False,0.0
2026-09-29 03:06:57,95,144.4,144.4,1,237,False,0.0
2026-09-29 03:06:58,95,144.4,144.4,1,29,False,0.0
2026-09-29 03:06:59,95,144.4,144.4,1,8,False,0.0
2026-09-29 03:07:00,95,144.4,144.4,1,8,False,0.0
2026-09-29 03:07:01,95,144.4,144.4,1,9,False,0.0
2026-09-29 03:07:02,95,144.4,144.4,1,82,False,0.0
2026-09-29 03:07:03,95,144.4,144.4,1,18,False,0.0
2026-09-29 03:07:04,95,144.4,144.4,1,10,False,0.0
2026-09-29 03:07:06,95,144.4,144.4,1,5,False,0.0
2026-09-29 03:07:07,95,144.4,144.4,1,14,False,0.0
2026-09-29 03:07:08,95,144.4,144.4,1,65,False,0.0
2026-09-29 03:07:09,95,144.4,144.4,1,5,False,0.0
2026-09-29 03:07:10,95,144.4,144.4,1,57,False,0.0
2026-09-29 03:07:11,95,144.4,144.4,1,5,False,0.0
2026-09-29 03:07:12,95,144.4,144.4,1,7,False,0.0
2026-09-29 03:07:13,95,144.4,144.4,1,65,False,0.0
2026-09-29 03:07:15,95,144.4,144.4,1,8,False,0.0
2026-09-29 03:07:16,95,144.4,144.4,1,48,False,0.0
2026-09-29 03:07:17,95,144.4,144.4,1,9,False,0.0
2026-09-29 03:07:18,95,144.4,144.4,1,50,False,0.0
2026-09-29 03:07:19,95,144.4,144.4,1,6,False,0.0
2026-09-29 03:07:20,95,144.4,144.4,1,31,False,0.0
2026-09-29 03:07:21,95,144.4,144.4,1,121,False,0.0
2026-09-29 03:07:23,95,144.4,144.4,1,44,False,0.0
2026-09-29 03:07:24,95,144.4,144.4,1,127,False,0.0
2026-09-29 03:07:25,95,144.4,144.4,1,8,False,0.0
2026-09-29 03:07:26,95,144.4,144.4,1,137,False,0.0
2026-09-29 03:07:27,95,144.4,144.4,1,121,False,0.0
2026-09-29 03:07:29,95,144.4,144.4,1,110,False,0.0
2026-09-29 03:07:30,95,144.4,144.4,1,8,False,0.0
2026-09-29 03:07:31,95,144.4,144.4,1,6,False,0.0
2026-09-29 03:07:32,95,144.4,144.4,1,74,False,0.0
2026-09-29 03:07:33,95,144.4,144.4,1,123,False,0.0
2026-09-29 03:07:34,95,144.4,144.4,1,53,False,0.0
2026-09-29 03:07:36,95,144.4,144.4,1,127,False,0.0
2026-09-29 03:07:37,95,144.4,144.4,1,9,False,0.0
2026-09-29 03:07:38,95,144.4,144.4,1,17,False,0.0
2026-09-29 03:07:39,95,144.4,144.4,1,9,False,0.0
2026-09-29 03:07:40,95,144.4,144.4,1,47,False,0.0
2026-09-29 03:07:41,95,144.4,144.4,1,123,False,0.0
2026-09-29 03:07:43,95,144.4,144.4,1,116,False,0.0
2026-09-29 03:07:44,95,144.4,144.4,1,33,False,0.0
2026-09-29 03:07:45,95,144.4,144.4,1,10,False,0.0
2026-09-29 03:07:46,95,144.4,144.4,1,39,False,0.0
2026-09-29 03:07:47,95,144.4,144.4,1,9,False,0.0
2026-09-29 03:07:48,95,144.4,144.4,1,48,False,0.0
2026-09-29 03:07:49,95,144.4,144.4,1,128,False,0.0
2026-09-29 03:07:51,95,144.4,144.4,1,30,False,0.0
2026-09-29 03:07:52,95,144.4,144.4,1,32,False,0.0
2026-09-29 03:07:53,95,144.4,144.4,1,10,False,0.0
2026-09-29 03:07:54,95,144.4,144.4,1,54,False,0.0
2026-09-29 03:07:55,95,144.4,144.4,1,12,False,0.0
2026-09-29 03:07:56,95,144.4,144.4,1,45,False,0.0
2026-09-29 03:07:57,95,144.4,144.4,1,20,False,0.0
2026-09-29 03:07:59,95,144.4,144.4,1,126,False,0.0
2026-09-29 03:08:00,95,144.4,144.4,1,9,False,0.0
2026-09-29 03:08:01,95,144.4,144.4,1,7,False,0.0
2026-09-29 03:08:02,95,144.4,144.4,1,27,False,0.0
2026-09-29 03:08:03,95,144.4,144.4,1,6,False,0.0
2026-09-29 03:08:04,95,144.4,144.4,1,57,False,0.0
2026-09-29 03:08:05,95,144.4,144.4,1,6,False,0.0
2026-09-29 03:08:06,95,144.4,144.4,1,59,False,0.0
2026-09-29 03:08:08,95,144.4,144.4,1,129,False,0.0
2026-09-29 03:08:09,95,144.4,144.4,1,11,False,0.0
2026-09-29 03:08:10,95,144.4,144.4,1,80,False,0.0
2026-09-29 03:08:11,95,144.4,144.4,1,12,False,0.0
2026-09-29 03:08:12,95,144.4,144.4,1,85,False,0.0
2026-09-29 03:08:13,95,144.4,144.4,1,32,False,0.0
2026-09-29 03:08:15,95,144.4,144.4,1,33,False,0.0
2026-09-29 03:08:16,95,144.4,144.4,1,120,False,0.0
2026-09-29 03:08:17,95,144.4,144.4,1,6,False,0.0
2026-09-29 03:08:18,95,144.4,144.4,1,9,False,0.0
2026-09-29 03:08:19,95,144.4,144.4,1,6,False,0.0
2026-09-29 03:08:20,95,144.4,144.4,1,90,False,0.0
2026-09-29 03:08:21,95,144.4,144.4,1,127,False,0.0
2026-09-29 03:08:23,95,144.4,144.4,1,126,False,0.0
2026-09-29 03:08:24,95,144.4,144.4,1,7,False,0.0
2026-09-29 03:08:25,95,144.4,144.4,1,5,False,0.0
2026-09-29 03:08:26,95,144.4,144.4,1,161,False,0.0
2026-09-29 03:08:27,95,144.4,144.4,1,32,False,0.0
2026-09-29 03:08:29,95,144.4,144.4,1,117,False,0.0
2026-09-29 03:08:30,95,144.4,144.4,1,69,False,0.0
2026-09-29 03:08:31,95,144.4,144.4,1,6,False,0.0
2026-09-29 03:08:32,95,144.4,144.4,1,6,False,0.0
2026-09-29 03:08:33,95,144.4,144.4,1,88,False,0.0
2026-09-29 03:08:34,95,144.4,144.4,1,117,False,0.0
2026-09-29 03:08:36,95,144.4,144.4,1,10,False,0.0
2026-09-29 03:08:37,95,144.4,144.4,1,45,False,0.0
2026-09-29 03:08:38,95,144.4,144.4,1,20,False,0.0
2026-09-29 03:08:39,95,144.4,144.4,1,8,False,0.0
2026-09-29 03:08:40,95,144.4,144.4,1,7,False,0.0
2026-09-29 03:08:41,95,144.4,144.4,1,60,False,0.0
2026-09-29 03:08:42,95,144.4,144.4,1,33,False,0.0
2026-09-29 03:08:44,95,144.4,144.4,1,121,False,0.0
2026-09-29 03:08:45,95,144.4,144.4,1,7,False,0.0
2026-09-29 03:08:46,95,144.4,144.4,1,53,False,0.0
2026-09-29 03:08:47,95,144.4,144.4,1,5,False,0.0
2026-09-29 03:08:48,95,144.4,144.4,1,6,False,0.0
2026-09-29 03:08:49,95,144.4,144.4,1,8,False,0.0
2026-09-29 03:08:50,95,144.4,144.4,1,8,False,0.0
2026-09-29 03:08:51,95,144.4,144.4,1,110,False,0.0
2026-09-29 03:08:53,95,144.4,144.4,1,120,False,0.0
2026-09-29 03:08:54,95,144.4,144.4,1,108,False,0.0
2026-09-29 03:08:55,95,144.4,144.4,1,8,False,0.0
2026-09-29 03:08:56,95,144.4,144.4,1,6,False,0.0
2026-09-29 03:08:57,95,144.4,144.4,1,5,False,0.0
2026-09-29 03:08:58,95,144.4,144.4,1,99,False,0.0
2026-09-29 03:09:00,95,144.4,130.0,1,10,False,0.0
2026-09-29 03:09:01,95,144.4,130.0,1,16,False,0.0
2026-09-29 03:09:02,95,144.4,130.0,1,26,False,0.0
2026-09-29 03:09:03,95,144.4,130.0,1,8,False,0.0
2026-09-29 03:09:04,95,144.4,130.0,1,34,False,0.0
2026-09-29 03:09:05,95,144.4,117.0,1,8,False,0.0
2026-09-29 03:09:06,95,144.4,117.0,1,7,False,0.0
2026-09-29 03:09:07,95,144.4,117.0,1,47,False,0.0
2026-09-29 03:09:09,87,144.4,144.4,1,108,False,0.0
2026-09-29 03:09:10,87,144.4,144.4,1,130,False,0.0
2026-09-29 03:09:11,87,144.4,144.4,1,8,False,0.0
2026-09-29 03:09:12,87,144.4,144.4,1,30,False,0.0
2026-09-29 03:09:13,87,144.4,144.4,1,6,False,0.0
2026-09-29 03:09:14,87,144.4,144.4,1,10,False,0.0
2026-09-29 03:09:15,87,144.4,144.4,1,8,False,0.0
2026-09-29 03:09:17,87,144.4,144.4,1,18,False,0.0
2026-09-29 03:09:18,87,144.4,144.4,1,74,False,0.0
2026-09-29 03:09:19,87,144.4,144.4,1,5,False,0.0
2026-09-29 03:09:20,87,144.4,144.4,1,49,False,0.0
2026-09-29 03:09:21,87,144.4,144.4,1,10,False,0.0
2026-09-29 03:09:22,87,144.4,144.4,1,62,False,0.0
2026-09-29 03:09:23,87,144.4,144.4,1,13,False,0.0
2026-09-29 03:09:25,87,144.4,144.4,1,9,False,0.0
2026-09-29 03:09:26,87,144.4,144.4,1,55,False,0.0
2026-09-29 03:09:27,87,144.4,144.4,1,8,False,0.0
2026-09-29 03:09:28,87,144.4,144.4,1,41,False,0.0
2026-09-29 03:09:29,87,144.4,144.4,1,10,False,0.0
2026-09-29 03:09:30,87,144.4,144.4,1,125,False,0.0
2026-09-29 03:09:31,87,144.4,144.4,1,24,False,0.0
2026-09-29 03:09:33,87,144.4,144.4,1,21,False,0.0
2026-09-29 03:09:34,87,144.4,144.4,1,6,False,0.0
2026-09-29 03:09:35,87,144.4,144.4,1,9,False,0.0
2026-09-29 03:09:36,87,144.4,144.4,1,6,False,0.0
2026-09-29 03:09:37,87,144.4,144.4,1,6,False,0.0
2026-09-29 03:09:38,87,144.4,144.4,1,83,False,0.0
2026-09-29 03:09:39,87,144.4,144.4,1,8,False,0.0
2026-09-29 03:09:40,87,144.4,144.4,1,44,False,0.0
2026-09-29 03:09:42,87,144.4,144.4,1,17,False,0.0
2026-09-29 03:09:43,87,144.4,144.4,1,5,False,0.0
2026-09-29 03:09:44,87,144.4,144.4,1,12,False,0.0
2026-09-29 03:09:45,87,144.4,144.4,1,54,False,0.0
2026-09-29 03:09:46,87,144.4,144.4,1,128,False,0.0
2026-09-29 03:09:47,87,144.4,144.4,1,6,False,0.0
2026-09-29 03:09:48,87,144.4,144.4,1,9,False,0.0
2026-09-29 03:09:50,87,144.4,144.4,1,38,False,0.0
2026-09-29 03:09:51,87,144.4,144.4,1,22,False,0.0
2026-09-29 03:09:52,87,144.4,144.4,1,7,False,0.0
2026-09-29 03:09:53,87,144.4,144.4,1,10,False,0.0
2026-09-29 03:09:54,87,144.4,144.4,1,7,False,0.0
2026-09-29 03:09:55,87,144.4,144.4,1,6,False,0.0
2026-09-29 03:09:56,87,144.4,144.4,1,209,False,0.0
2026-09-29 03:09:58,87,144.4,144.4,1,124,False,0.0
2026-09-29 03:09:59,87,144.4,144.4,1,56,False,0.0
2026-09-29 03:10:00,87,144.4,144.4,1,9,False,0.0
2026-09-29 03:10:01,87,144.4,144.4,1,7,False,0.0
2026-09-29 03:10:02,87,144.4,144.4,1,13,False,0.0
2026-09-29 03:10:03,87,144.4,144.4,1,62,False,0.0
2026-09-29 03:10:04,87,144.4,144.4,1,109,False,0.0
2026-09-29 03:10:06,87,144.4,144.4,1,40,False,0.0
2026-09-29 03:10:07,87,144.4,144.4,1,135,False,0.0
2026-09-29 03:10:08,87,144.4,144.4,1,8,False,0.0
2026-09-29 03:10:09,87,144.4,144.4,1,6,False,0.0
2026-09-29 03:10:10,87,144.4,144.4,1,66,False,0.0
2026-09-29 03:10:11,87,144.4,144.4,1,117,False,0.0
2026-09-29 03:10:13,87,144.4,144.4,1,121,False,0.0
2026-09-29 03:10:14,87,144.4,144.4,1,128,False,0.0
2026-09-29 03:10:15,87,144.4,144.4,1,11,False,0.0
2026-09-29 03:10:16,87,144.4,144.4,1,6,False,0.0
2026-09-29 03:10:17,87,144.4,144.4,1,6,False,0.0
2026-09-29 03:10:18,87,144.4,144.4,1,89,False,0.0
2026-09-29 03:10:20,87,144.4,144.4,1,127,False,0.0
2026-09-29 03:10:21,90,144.4,130.0,1,123,False,0.0
2026-09-29 03:10:22,90,144.4,144.4,1,35,False,0.0
2026-09-29 03:10:23,90,144.4,144.4,1,13,False,0.0
2026-09-29 03:10:24,90,144.4,144.4,1,8,False,0.0
2026-09-29 03:10:25,90,144.4,144.4,1,6,False,0.0
2026-09-29 03:10:27,90,144.4,144.4,1,83,False,0.0
2026-09-29 03:10:28,90,144.4,144.4,1,134,False,0.0
2026-09-29 03:10:29,90,144.4,144.4,1,48,False,0.0
2026-09-29 03:10:30,90,144.4,144.4,1,107,False,0.0
2026-09-29 03:10:31,90,144.4,144.4,1,6,False,0.0
2026-09-29 03:10:32,90,144.4,144.4,1,10,False,0.0
2026-09-29 03:10:33,90,144.4,144.4,1,57,False,0.0
2026-09-29 03:10:35,90,144.4,144.4,1,116,False,0.0
2026-09-29 03:10:36,90,144.4,144.4,1,30,False,0.0
2026-09-29 03:10:37,90,144.4,144.4,1,6,False,0.0
2026-09-29 03:10:38,90,144.4,144.4,1,143,False,0.0
2026-09-29 03:10:39,90,144.4,144.4,1,9,False,0.0
2026-09-29 03:10:40,90,144.4,144.4,1,35,False,0.0
2026-09-29 03:10:42,90,144.4,144.4,1,35,False,0.0
2026-09-29 03:10:43,90,144.4,144.4,1,111,False,0.0
2026-09-29 03:10:44,90,144.4,144.4,1,33,False,0.0
2026-09-29 03:10:45,90,144.4,144.4,1,9,False,0.0
2026-09-29 03:10:46,90,144.4,144.4,1,38,False,0.0
2026-09-29 03:10:47,90,144.4,144.4,1,10,False,0.0
2026-09-29 03:10:48,90,144.4,144.4,1,9,False,0.0
2026-09-29 03:10:50,90,144.4,144.4,1,10,False,0.0
2026-09-29 03:10:51,90,144.4,144.4,1,7,False,0.0
2026-09-29 03:10:52,90,144.4,144.4,1,8,False,0.0
2026-09-29 03:10:53,90,144.4,144.4,1,139,False,0.0
2026-09-29 03:10:54,90,144.4,144.4,1,76,False,0.0
2026-09-29 03:10:55,90,144.4,144.4,1,18,False,0.0
2026-09-29 03:10:56,90,144.4,144.4,1,6,False,0.0
2026-09-29 03:10:58,90,144.4,144.4,1,7,False,0.0
2026-09-29 03:10:59,90,144.4,144.4,1,10,False,0.0
2026-09-29 03:11:00,90,144.4,144.4,1,40,False,0.0
2026-09-29 03:11:01,90,144.4,144.4,1,22,False,0.0
2026-09-29 03:11:02,90,144.4,144.4,1,6,False,0.0
2026-09-29 03:11:03,90,144.4,144.4,1,77,False,0.0
2026-09-29 03:11:04,90,144.4,144.4,1,97,False,0.0
2026-09-29 03:11:06,90,144.4,144.4,1,5,False,0.0
2026-09-29 03:11:07,90,144.4,144.4,1,7,False,0.0
2026-09-29 03:11:08,90,144.4,144.4,1,88,False,0.0
2026-09-29 03:11:09,90,144.4,144.4,1,42,False,0.0
2026-09-29 03:11:10,90,144.4,144.4,1,80,False,0.0
2026-09-29 03:11:11,90,144.4,144.4,1,126,False,0.0
2026-09-29 03:11:13,90,144.4,144.4,1,131,False,0.0
2026-09-29 03:11:14,90,144.4,144.4,1,7,False,0.0
2026-09-29 03:11:15,90,144.4,144.4,1,41,False,0.0
2026-09-29 03:11:16,90,144.4,144.4,1,5,False,0.0
2026-09-29 03:11:17,90,144.4,144.4,1,10,False,0.0
2026-09-29 03:11:18,90,144.4,144.4,1,5,False,0.0
2026-09-29 03:11:19,90,144.4,144.4,1,6,False,0.0
2026-09-29 03:11:20,90,144.4,144.4,1,104,False,0.0
2026-09-29 03:11:22,90,144.4,144.4,1,87,False,0.0
2026-09-29 03:11:23,90,144.4,144.4,1,9,False,0.0
2026-09-29 03:11:24,90,144.4,144.4,1,5,False,0.0
2026-09-29 03:11:25,90,144.4,144.4,1,12,False,0.0
2026-09-29 03:11:26,90,144.4,144.4,1,118,False,0.0
2026-09-29 03:11:27,90,144.4,144.4,1,126,False,0.0
2026-09-29 03:11:29,90,144.4,144.4,1,33,False,0.0
2026-09-29 03:11:30,90,144.4,144.4,1,8,False,0.0
2026-09-29 03:11:31,90,144.4,144.4,1,51,False,0.0
2026-09-29 03:11:32,90,144.4,144.4,1,9,False,0.0
2026-09-29 03:11:33,90,144.4,144.4,1,9,False,0.0
2026-09-29 03:11:34,90,144.4,144.4,1,176,False,0.0
2026-09-29 03:11:36,90,144.4,144.4,1,111,False,0.0
2026-09-29 03:11:37,90,144.4,144.4,1,127,False,0.0
2026-09-29 03:11:38,90,144.4,144.4,1,8,False,0.0
2026-09-29 03:11:39,90,144.4,144.4,1,5,False,0.0
2026-09-29 03:11:40,90,144.4,144.4,1,72,False,0.0
2026-09-29 03:11:41,90,144.4,144.4,1,9,False,0.0
2026-09-29 03:11:42,90,144.4,144.4,1,71,False,0.0
2026-09-29 03:11:44,90,144.4,144.4,1,5,False,0.0
2026-09-29 03:11:45,90,144.4,144.4,1,5,False,0.0
2026-09-29 03:11:46,90,144.4,144.4,1,15,False,0.0
2026-09-29 03:11:47,90,144.4,144.4,1,22,False,0.0
2026-09-29 03:11:48,90,144.4,144.4,1,14,False,0.0
2026-09-29 03:11:49,90,144.4,144.4,1,10,False,0.0
2026-09-29 03:11:50,90,144.4,144.4,1,70,False,0.0
2026-09-29 03:11:52,90,144.4,144.4,1,134,False,0.0
2026-09-29 03:11:53,90,144.4,144.4,1,116,False,0.0
2026-09-29 03:11:54,90,144.4,144.4,1,5,False,0.0
2026-09-29 03:11:55,90,144.4,144.4,1,35,False,0.0
2026-09-29 03:11:56,90,144.4,144.4,1,5,False,0.0
2026-09-29 03:11:57,90,144.4,144.4,1,7,False,0.0
2026-09-29 03:11:58,90,144.4,144.4,1,5,False,0.0
2026-09-29 03:11:59,90,144.4,144.4,1,5,False,0.0
2026-09-29 03:12:01,90,144.4,144.4,1,7,False,0.0
2026-09-29 03:12:02,90,144.4,144.4,1,75,False,0.0
2026-09-29 03:12:03,97,144.4,130.0,1,123,False,0.0
2026-09-29 03:12:04,97,144.4,130.0,1,8,False,0.0
2026-09-29 03:12:05,97,144.4,144.4,1,5,False,0.0
2026-09-29 03:12:06,97,144.4,144.4,1,45,False,0.0
2026-09-29 03:12:07,97,144.4,144.4,1,7,False,0.0
2026-09-29 03:12:09,97,144.4,144.4,1,39,False,0.0
2026-09-29 03:12:10,97,144.4,144.4,1,37,False,0.0
2026-09-29 03:12:11,97,144.4,144.4,1,112,False,0.0
2026-09-29 03:12:12,97,144.4,144.4,1,10,False,0.0
2026-09-29 03:12:13,97,144.4,144.4,1,8,False,0.0
2026-09-29 03:12:14,97,144.4,144.4,1,9,False,0.0
2026-09-29 03:12:15,97,144.4,144.4,1,59,False,0.0
2026-09-29 03:12:17,97,144.4,144.4,1,34,False,0.0
2026-09-29 03:12:18,97,144.4,144.4,1,133,False,0.0
2026-09-29 03:12:19,97,144.4,144.4,1,21,False,0.0
2026-09-29 03:12:20,97,144.4,144.4,1,7,False,0.0
2026-09-29 03:12:21,97,144.4,144.4,1,7,False,0.0
2026-09-29 03:12:22,97,144.4,144.4,1,64,False,0.0
2026-09-29 03:12:23,97,144.4,144.4,1,9,False,0.0
2026-09-29 03:12:25,97,144.4,144.4,1,56,False,0.0
2026-09-29 03:12:26,97,144.4,144.4,1,6,False,0.0
2026-09-29 03:12:27,97,144.4,144.4,1,43,False,0.0
2026-09-29 03:12:28,97,144.4,144.4,1,9,False,0.0
2026-09-29 03:12:29,97,144.4,144.4,1,10,False,0.0
2026-09-29 03:12:30,97,144.4,144.4,1,32,False,0.0
2026-09-29 03:12:31,97,144.4,144.4,1,9,False,0.0
2026-09-29 03:12:32,97,144.4,144.4,1,5,False,0.0
2026-09-29 03:12:34,97,144.4,144.4,1,8,False,0.0
2026-09-29 03:12:35,97,144.4,144.4,1,10,False,0.0
2026-09-29 03:12:36,97,144.4,144.4,1,56,False,0.0
2026-09-29 03:12:37,97,144.4,144.4,1,12,False,0.0
2026-09-29 03:12:38,97,144.4,144.4,1,7,False,0.0
2026-09-29 03:12:39,97,144.4,144.4,1,5,False,0.0
2026-09-29 03:12:40,97,144.4,144.4,1,47,False,0.0
2026-09-29 03:12:42,97,144.4,144.4,1,6,False,0.0
2026-09-29 03:12:43,97,144.4,144.4,1,5,False,0.0
2026-09-29 03:12:44,97,144.4,144.4,1,8,False,0.0
2026-09-29 03:12:45,97,144.4,144.4,1,83,False,0.0
2026-09-29 03:12:46,97,144.4,144.4,1,5,False,0.0
2026-09-29 03:12:47,97,144.4,144.4,1,42,False,0.0
2026-09-29 03:12:48,97,144.4,144.4,1,7,False,0.0
2026-09-29 03:12:50,97,144.4,144.4,1,109,False,0.0
2026-09-29 03:12:51,97,144.4,144.4,1,11,False,0.0
2026-09-29 03:12:52,97,144.4,144.4,1,10,False,0.0
2026-09-29 03:12:53,97,144.4,144.4,1,125,False,0.0
2026-09-29 03:12:54,97,144.4,144.4,1,8,False,0.0
2026-09-29 03:12:55,97,144.4,144.4,1,40,False,0.0
2026-09-29 03:12:57,97,144.4,144.4,1,114,False,0.0
2026-09-29 03:12:58,97,144.4,144.4,1,24,False,0.0
2026-09-29 03:12:59,97,144.4,144.4,1,7,False,0.0
2026-09-29 03:13:00,97,144.4,144.4,1,9,False,0.0
2026-09-29 03:13:01,97,144.4,144.4,1,27,False,0.0
2026-09-29 03:13:02,97,144.4,144.4,1,6,False,0.0
2026-09-29 03:13:03,97,144.4,144.4,1,57,False,0.0
2026-09-29 03:13:04,97,144.4,144.4,1,7,False,0.0
2026-09-29 03:13:06,92,144.4,130.0,1,79,False,0.0
2026-09-29 03:13:07,92,144.4,130.0,1,87,False,0.0
2026-09-29 03:13:08,92,144.4,144.4,1,12,False,0.0
2026-09-29 03:13:09,92,144.4,144.4,1,6,False,0.0
2026-09-29 03:13:10,92,144.4,144.4,1,10,False,0.0
2026-09-29 03:13:11,92,144.4,144.4,1,7,False,0.0
2026-09-29 03:13:12,92,144.4,144.4,1,9,False,0.0
2026-09-29 03:13:14,92,144.4,144.4,1,90,False,0.0
2026-09-29 03:13:15,92,144.4,144.4,1,135,False,0.0
2026-09-29 03:13:16,92,144.4,144.4,1,7,False,0.0
2026-09-29 03:13:17,92,144.4,144.4,1,6,False,0.0
2026-09-29 03:13:18,92,144.4,144.4,1,58,False,0.0
2026-09-29 03:13:19,92,144.4,144.4,1,127,False,0.0
2026-09-29 03:13:20,92,144.4,144.4,1,9,False,0.0
2026-09-29 03:13:22,92,144.4,144.4,1,42,False,0.0
2026-09-29 03:13:23,92,144.4,144.4,1,120,False,0.0
2026-09-29 03:13:24,92,144.4,144.4,1,7,False,0.0
2026-09-29 03:13:25,92,144.4,144.4,1,5,False,0.0
2026-09-29 03:13:26,92,144.4,144.4,1,57,False,0.0
2026-09-29 03:13:27,92,144.4,144.4,1,124,False,0.0
2026-09-29 03:13:29,92,144.4,144.4,1,111,False,0.0
2026-09-29 03:13:30,92,144.4,144.4,1,131,False,0.0
2026-09-29 03:13:31,92,144.4,144.4,1,5,False,0.0
2026-09-29 03:13:32,92,144.4,144.4,1,7,False,0.0
2026-09-29 03:13:33,92,144.4,144.4,1,6,False,0.0
2026-09-29 03:13:34,92,144.4,144.4,1,5,False,0.0
2026-09-29 03:13:36,92,144.4,144.4,1,96,False,0.0
2026-09-29 03:13:37,92,144.4,144.4,1,8,False,0.0
2026-09-29 03:13:38,92,144.4,144.4,1,132,False,0.0
2026-09-29 03:13:39,92,144.4,144.4,1,10,False,0.0
2026-09-29 03:13:40,92,144.4,144.4,1,7,False,0.0
2026-09-29 03:13:41,92,144.4,144.4,1,7,False,0.0
2026-09-29 03:13:42,92,144.4,144.4,1,7,False,0.0
2026-09-29 03:13:43,92,144.4,144.4,1,7,False,0.0
2026-09-29 03:13:45,92,144.4,144.4,1,6,False,0.0
2026-09-29 03:13:46,92,144.4,144.4,1,6,False,0.0
2026-09-29 03:13:47,92,144.4,144.4,1,84,False,0.0
2026-09-29 03:13:48,92,144.4,144.4,1,127,False,0.0
2026-09-29 03:13:49,92,144.4,144.4,1,16,False,0.0
2026-09-29 03:13:50,92,144.4,144.4,1,6,False,0.0
2026-09-29 03:13:52,92,144.4,144.4,1,36,False,0.0
2026-09-29 03:13:53,92,144.4,144.4,1,123,False,0.0
2026-09-29 03:13:54,92,144.4,144.4,1,112,False,0.0
2026-09-29 03:13:55,92,144.4,144.4,1,108,False,0.0
2026-09-29 03:13:56,92,144.4,144.4,1,7,False,0.0
2026-09-29 03:13:57,92,144.4,144.4,1,13,False,0.0
2026-09-29 03:13:59,92,144.4,144.4,1,10,False,0.0
2026-09-29 03:14:00,92,144.4,144.4,1,129,False,0.0
2026-09-29 03:14:01,92,144.4,144.4,1,69,False,0.0
2026-09-29 03:14:02,92,144.4,144.4,1,25,False,0.0
2026-09-29 03:14:03,92,144.4,144.4,1,7,False,0.0
2026-09-29 03:14:04,92,144.4,144.4,1,8,False,0.0
2026-09-29 03:14:05,92,144.4,144.4,1,8,False,0.0
2026-09-29 03:14:07,92,144.4,144.4,1,6,False,0.0
2026-09-29 03:14:08,92,144.4,144.4,1,7,False,0.0
2026-09-29 03:14:09,92,144.4,144.4,1,125,False,0.0
2026-09-29 03:14:10,88,144.4,130.0,1,96,False,0.0
2026-09-29 03:14:11,88,144.4,130.0,1,9,False,0.0
2026-09-29 03:14:12,88,144.4,130.0,1,42,False,0.0
2026-09-29 03:14:14,88,144.4,130.0,1,8,False,0.0
2026-09-29 03:14:15,88,144.4,144.4,1,9,False,0.0
2026-09-29 03:14:16,88,144.4,144.4,1,37,False,0.0
2026-09-29 03:14:17,88,144.4,144.4,1,29,False,0.0
2026-09-29 03:14:18,88,144.4,144.4,1,118,False,0.0
2026-09-29 03:14:19,88,144.4,144.4,1,5,False,0.0
2026-09-29 03:14:20,88,144.4,144.4,1,37,False,0.0
2026-09-29 03:14:21,88,144.4,144.4,1,7,False,0.0
2026-09-29 03:14:23,88,144.4,144.4,1,9,False,0.0
2026-09-29 03:14:24,88,144.4,144.4,1,7,False,0.0
2026-09-29 03:14:25,88,144.4,144.4,1,11,False,0.0
2026-09-29 03:14:26,88,144.4,144.4,1,10,False,0.0
2026-09-29 03:14:27,88,144.4,144.4,1,6,False,0.0
2026-09-29 03:14:28,88,144.4,144.4,1,6,False,0.0
2026-09-29 03:14:29,88,144.4,144.4,1,95,False,0.0
2026-09-29 03:14:31,88,144.4,144.4,1,19,False,0.0
2026-09-29 03:14:32,88,144.4,144.4,1,8,False,0.0
2026-09-29 03:14:33,88,144.4,144.4,1,8,False,0.0
2026-09-29 03:14:34,88,144.4,144.4,1,144,False,0.0
2026-09-29 03:14:35,88,144.4,144.4,1,121,False,0.0
2026-09-29 03:14:36,88,144.4,144.4,1,126,False,0.0
2026-09-29 03:14:38,88,144.4,144.4,1,18,False,0.0
2026-09-29 03:14:39,88,144.4,144.4,1,9,False,0.0
2026-09-29 03:14:40,88,144.4,144.4,1,11,False,0.0
2026-09-29 03:14:41,88,144.4,144.4,1,8,False,0.0
2026-09-29 03:14:42,88,144.4,144.4,1,7,False,0.0
2026-09-29 03:14:43,88,144.4,144.4,1,112,False,0.0
2026-09-29 03:14:44,88,144.4,144.4,1,116,False,0.0
2026-09-29 03:14:46,88,144.4,144.4,1,37,False,0.0
2026-09-29 03:14:47,88,144.4,144.4,1,10,False,0.0
2026-09-29 03:14:48,88,144.4,144.4,1,18,False,0.0
2026-09-29 03:14:49,88,144.4,144.4,1,14,False,0.0
2026-09-29 03:14:50,88,144.4,144.4,1,58,False,0.0
2026-09-29 03:14:51,88,144.4,144.4,1,7,False,0.0
2026-09-29 03:14:52,88,144.4,144.4,1,31,False,0.0
2026-09-29 03:14:53,88,144.4,144.4,1,31,False,0.0
2026-09-29 03:14:55,88,144.4,144.4,1,27,False,0.0
2026-09-29 03:14:56,88,144.4,144.4,1,116,False,0.0
2026-09-29 03:14:57,88,144.4,144.4,1,5,False,0.0
2026-09-29 03:14:58,88,144.4,144.4,1,41,False,0.0
2026-09-29 03:14:59,88,144.4,144.4,1,11,False,0.0
2026-09-29 03:15:00,88,144.4,144.4,1,123,False,0.0
2026-09-29 03:15:02,88,144.4,144.4,1,7,False,0.0
2026-09-29 03:15:03,88,144.4,144.4,1,5,False,0.0
2026-09-29 03:15:04,88,144.4,144.4,1,63,False,0.0
2026-09-29 03:15:05,88,144.4,144.4,1,8,False,0.0
2026-09-29 03:15:06,88,144.4,144.4,1,10,False,0.0
2026-09-29 03:15:07,88,144.4,144.4,1,7,False,0.0
2026-09-29 03:15:08,88,144.4,144.4,1,121,False,0.0
2026-09-29 03:15:10,88,144.4,144.4,1,102,False,0.0
2026-09-29 03:15:11,88,144.4,144.4,1,22,False,0.0
2026-09-29 03:15:12,88,144.4,144.4,1,127,False,0.0
2026-09-29 03:15:13,88,144.4,144.4,1,8,False,0.0
2026-09-29 03:15:14,88,144.4,144.4,1,7,False,0.0
2026-09-29 03:15:15,88,144.4,144.4,1,6,False,0.0
2026-09-29 03:15:16,88,144.4,144.4,1,7,False,0.0
2026-09-29 03:15:17,88,144.4,144.4,1,8,False,0.0
2026-09-29 03:15:19,88,144.4,144.4,1,124,False,0.0
2026-09-29 03:15:20,88,144.4,144.4,1,136,False,0.0
2026-09-29 03:15:21,88,144.4,144.4,1,10,False,0.0
2026-09-29 03:15:22,88,144.4,144.4,1,9,False,0.0
2026-09-29 03:15:23,88,144.4,144.4,1,6,False,0.0
2026-09-29 03:15:24,88,144.4,144.4,1,6,False,0.0
2026-09-29 03:15:26,88,144.4,144.4,1,7,False,0.0
2026-09-29 03:15:27,88,144.4,144.4,1,87,False,0.0
2026-09-29 03:15:28,88,144.4,144.4,1,126,False,0.0
2026-09-29 03:15:29,88,144.4,144.4,1,14,False,0.0
2026-09-29 03:15:30,88,144.4,144.4,1,10,False,0.0
2026-09-29 03:15:31,88,144.4,144.4,1,118,False,0.0
2026-09-29 03:15:33,88,144.4,144.4,1,124,False,0.0
2026-09-29 03:15:34,87,144.4,117.0,1,128,False,0.0
2026-09-29 03:15:35,87,144.4,144.4,1,7,False,0.0
2026-09-29 03:15:36,87,144.4,144.4,1,8,False,0.0
2026-09-29 03:15:37,87,144.4,144.4,1,5,False,0.0
2026-09-29 03:15:38,87,144.4,144.4,1,29,False,0.0
2026-09-29 03:15:40,87,144.4,144.4,1,7,False,0.0
2026-09-29 03:15:41,87,144.4,144.4,1,101,False,0.0
2026-09-29 03:15:42,87,144.4,144.4,1,110,False,0.0
2026-09-29 03:15:43,87,144.4,144.4,1,18,False,0.0
2026-09-29 03:15:44,87,144.4,144.4,1,7,False,0.0
2026-09-29 03:15:45,87,144.4,144.4,1,8,False,0.0
2026-09-29 03:15:46,87,144.4,144.4,1,8,False,0.0
2026-09-29 03:15:48,87,144.4,144.4,1,79,False,0.0
2026-09-29 03:15:49,87,144.4,144.4,1,9,False,0.0
2026-09-29 03:15:50,87,144.4,144.4,1,56,False,0.0
2026-09-29 03:15:51,87,144.4,144.4,1,9,False,0.0
2026-09-29 03:15:52,87,144.4,144.4,1,54,False,0.0
2026-09-29 03:15:53,87,144.4,144.4,1,118,False,0.0
2026-09-29 03:15:54,87,144.4,144.4,1,12,False,0.0
2026-09-29 03:15:56,87,144.4,144.4,1,129,False,0.0
2026-09-29 03:15:57,87,144.4,144.4,1,114,False,0.0
2026-09-29 03:15:58,87,144.4,144.4,1,126,False,0.0
2026-09-29 03:15:59,87,144.4,144.4,1,116,False,0.0
2026-09-29 03:16:01,87,144.4,144.4,1,8,False,0.0
2026-09-29 03:16:02,87,144.4,144.4,1,6,False,0.0
2026-09-29 03:16:03,87,144.4,144.4,1,12,False,0.0
2026-09-29 03:16:04,87,144.4,144.4,1,6,False,0.0
2026-09-29 03:16:05,87,144.4,144.4,1,5,False,0.0
2026-09-29 03:16:06,87,144.4,144.4,1,84,False,0.0
2026-09-29 03:16:07,87,144.4,144.4,1,5,False,0.0
2026-09-29 03:16:08,87,144.4,144.4,1,5,False,0.0
2026-09-29 03:16:10,87,144.4,144.4,1,45,False,0.0
2026-09-29 03:16:11,87,144.4,144.4,1,5,False,0.0
2026-09-29 03:16:12,87,144.4,144.4,1,6,False,0.0
2026-09-29 03:16:13,87,144.4,144.4,1,7,False,0.0
2026-09-29 03:16:14,87,144.4,144.4,1,56,False,0.0
2026-09-29 03:16:15,87,144.4,144.4,1,7,False,0.0
2026-09-29 03:16:16,87,144.4,144.4,1,39,False,0.0
2026-09-29 03:16:18,87,144.4,144.4,1,123,False,0.0
2026-09-29 03:16:19,88,144.4,130.0,1,12,False,0.0
2026-09-29 03:16:20,88,144.4,130.0,1,8,False,0.0
2026-09-29 03:16:21,88,144.4,144.4,1,7,False,0.0
2026-09-29 03:16:22,88,144.4,144.4,1,7,False,0.0
2026-09-29 03:16:23,88,144.4,144.4,1,91,False,0.0
2026-09-29 03:16:24,88,144.4,144.4,1,6,False,0.0
2026-09-29 03:16:25,88,144.4,144.4,1,6,False,0.0
2026-09-29 03:16:27,88,144.4,144.4,1,6,False,0.0
2026-09-29 03:16:28,88,144.4,144.4,1,35,False,0.0
2026-09-29 03:16:29,88,144.4,144.4,1,8,False,0.0
2026-09-29 03:16:30,88,144.4,144.4,1,12,False,0.0
2026-09-29 03:16:31,88,144.4,144.4,1,7,False,0.0
2026-09-29 03:16:32,88,144.4,144.4,1,14,False,0.0
2026-09-29 03:16:33,88,144.4,144.4,1,8,False,0.0
2026-09-29 03:16:34,88,144.4,144.4,1,8,False,0.0
2026-09-29 03:16:36,88,144.4,144.4,1,77,False,0.0
2026-09-29 03:16:37,88,144.4,144.4,1,7,False,0.0
2026-09-29 03:16:38,88,144.4,144.4,1,7,False,0.0
2026-09-29 03:16:39,88,144.4,144.4,1,13,False,0.0
2026-09-29 03:16:40,88,144.4,144.4,1,14,False,0.0
2026-09-29 03:16:41,88,144.4,144.4,1,8,False,0.0
2026-09-29 03:16:42,88,144.4,144.4,1,28,False,0.0
2026-09-29 03:16:44,88,144.4,144.4,1,113,False,0.0
2026-09-29 03:16:45,88,144.4,144.4,1,115,False,0.0
2026-09-29 03:16:46,88,144.4,144.4,1,7,False,0.0
2026-09-29 03:16:47,88,144.4,144.4,1,7,False,0.0
2026-09-29 03:16:48,88,144.4,144.4,1,5,False,0.0
2026-09-29 03:16:49,88,144.4,144.4,1,13,False,0.0
2026-09-29 03:16:50,88,144.4,144.4,1,10,False,0.0
2026-09-29 03:16:51,88,144.4,144.4,1,10,False,0.0
2026-09-29 03:16:53,88,144.4,144.4,1,9,False,0.0
2026-09-29 03:16:54,88,144.4,144.4,1,59,False,0.0
2026-09-29 03:16:55,88,144.4,144.4,1,10,False,0.0
2026-09-29 03:16:56,88,144.4,144.4,1,8,False,0.0
2026-09-29 03:16:57,88,144.4,144.4,1,10,False,0.0
2026-09-29 03:16:58,88,144.4,144.4,1,55,False,0.0
2026-09-29 03:16:59,88,144.4,144.4,1,33,False,0.0
2026-09-29 03:17:01,88,144.4,144.4,1,31,False,0.0
2026-09-29 03:17:02,88,144.4,144.4,1,9,False,0.0
2026-09-29 03:17:03,88,144.4,144.4,1,5,False,0.0
2026-09-29 03:17:04,88,144.4,144.4,1,17,False,0.0
2026-09-29 03:17:05,88,144.4,144.4,1,12,False,0.0
2026-09-29 03:17:06,88,144.4,144.4,1,59,False,0.0
2026-09-29 03:17:07,88,144.4,144.4,1,7,False,0.0
2026-09-29 03:17:08,88,144.4,144.4,1,9,False,0.0
2026-09-29 03:17:10,88,144.4,144.4,1,120,False,0.0
2026-09-29 03:17:11,88,144.4,144.4,1,117,False,0.0
2026-09-29 03:17:12,88,144.4,144.4,1,5,False,0.0
2026-09-29 03:17:13,88,144.4,144.4,1,7,False,0.0
2026-09-29 03:17:14,88,144.4,144.4,1,5,False,0.0
2026-09-29 03:17:15,88,144.4,144.4,1,10,False,0.0
2026-09-29 03:17:17,88,144.4,144.4,1,57,False,0.0
2026-09-29 03:17:18,88,144.4,144.4,1,123,False,0.0
2026-09-29 03:17:19,88,144.4,144.4,1,12,False,0.0
2026-09-29 03:17:20,88,144.4,144.4,1,10,False,0.0
2026-09-29 03:17:21,88,144.4,144.4,1,8,False,0.0
2026-09-29 03:17:22,88,144.4,144.4,1,19,False,0.0
2026-09-29 03:17:23,88,144.4,144.4,1,8,False,0.0
2026-09-29 03:17:25,88,144.4,144.4,1,106,False,0.0
2026-09-29 03:17:26,88,144.4,144.4,1,6,False,0.0
2026-09-29 03:17:27,88,144.4,144.4,1,24,False,0.0
2026-09-29 03:17:28,88,144.4,144.4,1,124,False,0.0
2026-09-29 03:17:29,88,144.4,144.4,1,9,False,0.0
2026-09-29 03:17:30,88,144.4,144.4,1,43,False,0.0
2026-09-29 03:17:31,88,144.4,144.4,1,9,False,0.0
2026-09-29 03:17:33,88,144.4,144.4,1,114,False,0.0
2026-09-29 03:17:34,88,144.4,144.4,1,115,False,0.0
2026-09-29 03:17:35,88,144.4,144.4,1,129,False,0.0
2026-09-29 03:17:36,88,144.4,144.4,1,110,False,0.0
2026-09-29 03:17:38,88,144.4,144.4,1,6,False,0.0
2026-09-29 03:17:39,88,144.4,144.4,1,10,False,0.0
2026-09-29 03:17:40,88,144.4,144.4,1,119,False,0.0
2026-09-29 03:17:41,88,144.4,144.4,1,128,False,0.0
2026-09-29 03:17:42,88,144.4,144.4,1,7,False,0.0
2026-09-29 03:17:43,88,144.4,144.4,1,37,False,0.0
2026-09-29 03:17:44,88,144.4,144.4,1,21,False,0.0
2026-09-29 03:17:46,88,144.4,130.0,1,8,False,0.0
2026-09-29 03:17:47,88,144.4,130.0,1,7,False,0.0
2026-09-29 03:17:48,88,144.4,130.0,1,7,False,0.0
2026-09-29 03:17:49,88,144.4,130.0,1,88,False,0.0
2026-09-29 03:17:50,88,144.4,144.4,1,134,False,0.0
2026-09-29 03:17:51,88,144.4,144.4,1,9,False,0.0
2026-09-29 03:17:53,88,144.4,144.4,1,145,False,0.0
2026-09-29 03:17:54,88,144.4,144.4,1,10,False,0.0
2026-09-29 03:17:55,88,144.4,144.4,1,122,False,0.0
2026-09-29 03:17:56,88,144.4,144.4,1,33,False,0.0
2026-09-29 03:17:57,88,144.4,144.4,1,130,False,0.0
2026-09-29 03:17:59,88,144.4,144.4,1,121,False,0.0
2026-09-29 03:18:00,88,144.4,144.4,1,12,False,0.0
2026-09-29 03:18:01,88,144.4,144.4,1,7,False,0.0
2026-09-29 03:18:02,88,144.4,144.4,1,10,False,0.0
2026-09-29 03:18:03,88,144.4,144.4,1,51,False,0.0
2026-09-29 03:18:04,88,144.4,144.4,1,6,False,0.0
2026-09-29 03:18:05,90,144.4,104.0,1,6,False,0.0
2026-09-29 03:18:06,90,144.4,104.0,1,6,False,0.0
2026-09-29 03:18:07,90,144.4,104.0,1,6,False,0.0
2026-09-29 03:18:09,90,144.4,104.0,1,37,False,0.0
2026-09-29 03:18:10,90,144.4,104.0,1,6,False,0.0
2026-09-29 03:18:11,90,144.4,144.4,1,5,False,0.0
2026-09-29 03:18:12,90,144.4,144.4,1,7,False,0.0
2026-09-29 03:18:13,90,144.4,144.4,1,5,False,0.0
2026-09-29 03:18:14,90,144.4,144.4,1,8,False,0.0
2026-09-29 03:18:15,90,144.4,144.4,1,6,False,0.0
2026-09-29 03:18:16,90,144.4,144.4,1,119,False,0.0
2026-09-29 03:18:18,90,144.4,144.4,1,8,False,0.0
2026-09-29 03:18:19,90,144.4,144.4,1,50,False,0.0
2026-09-29 03:18:20,90,144.4,144.4,1,14,False,0.0
2026-09-29 03:18:21,90,144.4,144.4,1,9,False,0.0
2026-09-29 03:18:22,90,144.4,144.4,1,6,False,0.0
2026-09-29 03:18:23,90,144.4,144.4,1,6,False,0.0
2026-09-29 03:18:24,90,144.4,144.4,1,86,False,0.0
2026-09-29 03:18:26,90,144.4,144.4,1,108,False,0.0
2026-09-29 03:18:27,90,144.4,144.4,1,7,False,0.0
2026-09-29 03:18:28,90,144.4,144.4,1,7,False,0.0
2026-09-29 03:18:29,90,144.4,144.4,1,7,False,0.0
2026-09-29 03:18:30,90,144.4,144.4,1,6,False,0.0
2026-09-29 03:18:31,90,144.4,144.4,1,10,False,0.0
2026-09-29 03:18:32,90,144.4,144.4,1,56,False,0.0
2026-09-29 03:18:34,90,144.4,144.4,1,108,False,0.0
2026-09-29 03:18:35,90,144.4,144.4,1,27,False,0.0
2026-09-29 03:18:36,90,144.4,144.4,1,9,False,0.0
2026-09-29 03:18:37,90,144.4,144.4,1,5,False,0.0
2026-09-29 03:18:38,90,144.4,144.4,1,10,False,0.0
2026-09-29 03:18:39,90,144.4,144.4,1,6,False,0.0
2026-09-29 03:18:40,90,144.4,144.4,1,7,False,0.0
2026-09-29 03:18:41,90,144.4,144.4,1,5,False,0.0
2026-09-29 03:18:43,90,144.4,144.4,1,65,False,0.0
2026-09-29 03:18:44,90,144.4,144.4,1,127,False,0.0
2026-09-29 03:18:45,90,144.4,144.4,1,5,False,0.0
2026-09-29 03:18:46,90,144.4,144.4,1,7,False,0.0
2026-09-29 03:18:47,90,144.4,144.4,1,5,False,0.0
2026-09-29 03:18:48,90,144.4,144.4,1,8,False,0.0
2026-09-29 03:18:49,90,144.4,144.4,1,7,False,0.0
2026-09-29 03:18:50,90,144.4,144.4,1,4,False,0.0
2026-09-29 03:18:52,90,144.4,144.4,1,5,False,0.0
2026-09-29 03:18:53,90,144.4,144.4,1,9,False,0.0
2026-09-29 03:18:54,90,144.4,144.4,1,6,False,0.0
2026-09-29 03:18:55,90,144.4,144.4,1,7,False,0.0
2026-09-29 03:18:56,90,144.4,144.4,1,4,False,0.0
2026-09-29 03:18:57,90,144.4,144.4,1,4,False,0.0
2026-09-29 03:18:58,90,144.4,144.4,1,6,False,0.0
2026-09-29 03:18:59,90,144.4,144.4,1,15,False,0.0
2026-09-29 03:19:01,90,144.4,144.4,1,9,False,0.0
2026-09-29 03:19:02,90,144.4,144.4,1,9,False,0.0
2026-09-29 03:19:03,90,144.4,144.4,1,8,False,0.0
2026-09-29 03:19:04,90,144.4,144.4,1,9,False,0.0
2026-09-29 03:19:05,90,144.4,144.4,1,23,False,0.0
2026-09-29 03:19:06,90,144.4,144.4,1,6,False,0.0
2026-09-29 03:19:07,90,144.4,144.4,1,5,False,0.0
2026-09-29 03:19:08,90,144.4,144.4,1,5,False,0.0
2026-09-29 03:19:09,90,144.4,144.4,1,9,False,0.0
2026-09-29 03:19:11,90,144.4,144.4,1,7,False,0.0
2026-09-29 03:19:12,90,144.4,144.4,1,115,False,0.0
2026-09-29 03:19:13,90,144.4,144.4,1,77,False,0.0
2026-09-29 03:19:14,90,144.4,144.4,1,89,False,0.0
2026-09-29 03:19:15,90,144.4,144.4,1,59,False,0.0
2026-09-29 03:19:16,90,144.4,144.4,1,68,False,0.0
2026-09-29 03:19:18,90,144.4,144.4,1,9,False,0.0
2026-09-29 03:19:19,90,144.4,144.4,1,11,False,0.0
2026-09-29 03:19:20,90,144.4,144.4,1,8,False,0.0
2026-09-29 03:19:21,90,144.4,144.4,1,13,False,0.0
2026-09-29 03:19:22,90,144.4,144.4,1,18,False,0.0
2026-09-29 03:19:23,90,144.4,144.4,1,7,False,0.0
2026-09-29 03:19:24,90,144.4,144.4,1,10,False,0.0
2026-09-29 03:19:25,90,144.4,144.4,1,7,False,0.0
2026-09-29 03:19:27,90,144.4,144.4,1,63,False,0.0
2026-09-29 03:19:28,90,144.4,144.4,1,61,False,0.0
2026-09-29 03:19:29,90,144.4,144.4,1,12,False,0.0
2026-09-29 03:19:30,90,144.4,144.4,1,14,False,0.0
2026-09-29 03:19:31,90,144.4,144.4,1,29,False,0.0
2026-09-29 03:19:32,90,144.4,144.4,1,9,False,0.0
2026-09-29 03:19:33,90,144.4,144.4,1,15,False,0.0
2026-09-29 03:19:34,90,144.4,144.4,1,4,False,0.0
2026-09-29 03:19:36,90,144.4,144.4,1,5,False,0.0
2026-09-29 03:19:37,90,144.4,144.4,1,5,False,0.0
2026-09-29 03:19:38,90,144.4,144.4,1,6,False,0.0
2026-09-29 03:19:39,90,144.4,144.4,1,10,False,0.0
2026-09-29 03:19:40,90,144.4,144.4,1,40,False,0.0
2026-09-29 03:19:41,90,144.4,144.4,1,9,False,0.0
2026-09-29 03:19:42,90,144.4,144.4,1,9,False,0.0
2026-09-29 03:19:43,90,144.4,144.4,1,15,False,0.0
2026-09-29 03:19:44,90,144.4,144.4,1,12,False,0.0
2026-09-29 03:19:46,90,144.4,144.4,1,9,False,0.0
2026-09-29 03:19:47,90,144.4,144.4,1,7,False,0.0
2026-09-29 03:19:48,90,144.4,144.4,1,7,False,0.0
2026-09-29 03:19:49,90,144.4,144.4,1,6,False,0.0
2026-09-29 03:19:50,90,144.4,144.4,1,10,False,0.0
2026-09-29 03:19:51,90,144.4,144.4,1,30,False,0.0
2026-09-29 03:19:52,90,144.4,144.4,1,7,False,0.0
2026-09-29 03:19:53,90,144.4,144.4,1,54,False,0.0
2026-09-29 03:19:55,90,144.4,144.4,1,6,False,0.0
2026-09-29 03:19:56,90,144.4,144.4,1,38,False,0.0
2026-09-29 03:19:57,90,144.4,144.4,1,31,False,0.0
2026-09-29 03:19:58,90,144.4,144.4,1,11,False,0.0
2026-09-29 03:19:59,90,144.4,144.4,1,5,False,0.0
2026-09-29 03:20:00,90,144.4,144.4,1,6,False,0.0
2026-09-29 03:20:01,90,144.4,144.4,1,121,False,0.0
2026-09-29 03:20:03,90,144.4,144.4,1,129,False,0.0
2026-09-29 03:20:04,90,144.4,144.4,1,9,False,0.0
2026-09-29 03:20:05,90,144.4,144.4,1,9,False,0.0
2026-09-29 03:20:06,90,144.4,144.4,1,7,False,0.0
2026-09-29 03:20:07,90,144.4,144.4,1,9,False,0.0
2026-09-29 03:20:08,90,144.4,144.4,1,14,False,0.0
2026-09-29 03:20:09,90,144.4,144.4,1,14,False,0.0
2026-09-29 03:20:10,90,144.4,144.4,1,9,False,0.0
2026-09-29 03:20:12,90,144.4,144.4,1,57,False,0.0
2026-09-29 03:20:13,90,144.4,144.4,1,12,False,0.0
2026-09-29 03:20:14,90,144.4,144.4,1,45,False,0.0
2026-09-29 03:20:15,90,144.4,144.4,1,22,False,0.0
2026-09-29 03:20:16,90,144.4,144.4,1,6,False,0.0
2026-09-29 03:20:17,90,144.4,144.4,1,8,False,0.0
2026-09-29 03:20:18,90,144.4,144.4,1,6,False,0.0
2026-09-29 03:20:19,90,144.4,144.4,1,5,False,0.0
2026-09-29 03:20:21,90,144.4,144.4,1,121,False,0.0
2026-09-29 03:20:22,90,144.4,144.4,1,336,False,0.0
2026-09-29 03:20:23,90,144.4,144.4,1,192,False,0.0
2026-09-29 03:20:24,90,144.4,144.4,1,5,False,0.0
2026-09-29 03:20:26,90,144.4,144.4,1,101,False,0.0
2026-09-29 03:20:27,90,144.4,144.4,1,81,False,0.0
2026-09-29 03:20:28,90,144.4,144.4,1,128,False,0.0
2026-09-29 03:20:29,90,144.4,144.4,1,7,False,0.0
2026-09-29 03:20:30,90,144.4,144.4,1,6,False,0.0
2026-09-29 03:20:31,90,144.4,144.4,1,5,False,0.0
2026-09-29 03:20:33,90,144.4,144.4,1,90,False,0.0
2026-09-29 03:20:34,90,144.4,144.4,1,44,False,0.0
2026-09-29 03:20:35,90,144.4,144.4,1,133,False,0.0
2026-09-29 03:20:36,90,144.4,144.4,1,5,False,0.0
2026-09-29 03:20:37,90,144.4,144.4,1,29,False,0.0
2026-09-29 03:20:38,90,144.4,144.4,1,6,False,0.0
2026-09-29 03:20:39,90,144.4,144.4,1,59,False,0.0
2026-09-29 03:20:41,90,144.4,144.4,1,123,False,0.0
2026-09-29 03:20:42,90,144.4,144.4,1,117,False,0.0
2026-09-29 03:20:43,90,144.4,144.4,1,130,False,0.0
2026-09-29 03:20:44,90,144.4,144.4,1,6,False,0.0
2026-09-29 03:20:45,90,144.4,144.4,1,9,False,0.0
2026-09-29 03:20:46,90,144.4,144.4,1,6,False,0.0
2026-09-29 03:20:48,90,144.4,144.4,1,84,False,0.0
2026-09-29 03:20:49,90,144.4,144.4,1,7,False,0.0
2026-09-29 03:20:50,92,144.4,130.0,1,42,False,0.0
2026-09-29 03:20:51,92,144.4,130.0,1,28,False,0.0
2026-09-29 03:20:52,92,144.4,130.0,1,59,False,0.0
2026-09-29 03:20:53,92,144.4,130.0,1,103,False,0.0
2026-09-29 03:20:55,92,144.4,130.0,1,8,False,0.0
2026-09-29 03:20:56,92,144.4,144.4,1,43,False,0.0
2026-09-29 03:20:57,92,144.4,144.4,1,6,False,0.0
2026-09-29 03:20:58,92,144.4,144.4,1,119,False,0.0
2026-09-29 03:20:59,92,144.4,144.4,1,10,False,0.0
2026-09-29 03:21:00,92,144.4,144.4,1,28,False,0.0
2026-09-29 03:21:02,92,144.4,144.4,1,177,False,0.0
2026-09-29 03:21:03,92,144.4,144.4,1,5,False,0.0
2026-09-29 03:21:04,92,144.4,144.4,1,5,False,0.0
2026-09-29 03:21:05,92,144.4,144.4,1,47,False,0.0
2026-09-29 03:21:06,92,144.4,144.4,1,115,False,0.0
2026-09-29 03:21:07,92,144.4,144.4,1,40,False,0.0
2026-09-29 03:21:08,92,144.4,144.4,1,8,False,0.0
2026-09-29 03:21:09,92,144.4,144.4,1,47,False,0.0
2026-09-29 03:21:11,92,144.4,144.4,1,11,False,0.0
2026-09-29 03:21:12,92,144.4,144.4,1,6,False,0.0
2026-09-29 03:21:13,92,144.4,144.4,1,150,False,0.0
2026-09-29 03:21:14,92,144.4,144.4,1,122,False,0.0
2026-09-29 03:21:15,92,144.4,144.4,1,34,False,0.0
2026-09-29 03:21:16,92,144.4,144.4,1,73,False,0.0
2026-09-29 03:21:18,92,144.4,144.4,1,71,False,0.0
2026-09-29 03:21:19,92,144.4,144.4,1,7,False,0.0
2026-09-29 03:21:20,92,144.4,144.4,1,6,False,0.0
2026-09-29 03:21:21,92,144.4,144.4,1,149,False,0.0
2026-09-29 03:21:22,92,144.4,144.4,1,42,False,0.0
2026-09-29 03:21:24,92,144.4,144.4,1,105,False,0.0
2026-09-29 03:21:25,92,144.4,144.4,1,10,False,0.0
2026-09-29 03:21:26,92,144.4,144.4,1,17,False,0.0
2026-09-29 03:21:27,92,144.4,144.4,1,7,False,0.0
2026-09-29 03:21:28,92,144.4,144.4,1,5,False,0.0
2026-09-29 03:21:29,92,144.4,144.4,1,78,False,0.0
2026-09-29 03:21:30,92,144.4,144.4,1,128,False,0.0
2026-09-29 03:21:32,92,144.4,144.4,1,133,False,0.0
2026-09-29 03:21:33,92,144.4,144.4,1,5,False,0.0
2026-09-29 03:21:34,92,144.4,144.4,1,5,False,0.0
2026-09-29 03:21:35,92,144.4,144.4,1,20,False,0.0
2026-09-29 03:21:36,92,144.4,144.4,1,5,False,0.0
2026-09-29 03:21:37,92,144.4,144.4,1,78,False,0.0
2026-09-29 03:21:38,92,144.4,144.4,1,119,False,0.0
2026-09-29 03:21:40,92,144.4,144.4,1,41,False,0.0
2026-09-29 03:21:41,92,144.4,144.4,1,93,False,0.0
2026-09-29 03:21:42,92,144.4,144.4,1,5,False,0.0
2026-09-29 03:21:43,92,144.4,144.4,1,10,False,0.0
2026-09-29 03:21:44,92,144.4,144.4,1,103,False,0.0
2026-09-29 03:21:45,92,144.4,144.4,1,132,False,0.0
2026-09-29 03:21:47,92,144.4,144.4,1,125,False,0.0
2026-09-29 03:21:48,92,144.4,144.4,1,68,False,0.0
2026-09-29 03:21:49,92,144.4,144.4,1,5,False,0.0
2026-09-29 03:21:50,92,144.4,144.4,1,37,False,0.0
2026-09-29 03:21:51,92,144.4,144.4,1,10,False,0.0
2026-09-29 03:21:52,92,144.4,144.4,1,5,False,0.0
2026-09-29 03:21:54,92,144.4,144.4,1,119,False,0.0
2026-09-29 03:21:55,92,144.4,144.4,1,22,False,0.0
2026-09-29 03:21:56,92,144.4,144.4,1,136,False,0.0
2026-09-29 03:21:57,92,144.4,144.4,1,6,False,0.0
2026-09-29 03:21:58,92,144.4,144.4,1,9,False,0.0
2026-09-29 03:21:59,92,144.4,144.4,1,49,False,0.0
2026-09-29 03:22:00,92,144.4,144.4,1,32,False,0.0
2026-09-29 03:22:02,92,144.4,144.4,1,114,False,0.0
2026-09-29 03:22:03,92,144.4,144.4,1,30,False,0.0
2026-09-29 03:22:04,92,144.4,144.4,1,121,False,0.0
2026-09-29 03:22:05,92,144.4,144.4,1,8,False,0.0
2026-09-29 03:22:06,92,144.4,144.4,1,13,False,0.0
2026-09-29 03:22:07,92,144.4,130.0,1,7,False,0.0
2026-09-29 03:22:08,92,144.4,130.0,1,19,False,0.0
2026-09-29 03:22:10,92,144.4,130.0,1,5,False,0.0
2026-09-29 03:22:11,92,144.4,144.4,1,86,False,0.0
2026-09-29 03:22:12,92,144.4,144.4,1,129,False,0.0
2026-09-29 03:22:13,92,144.4,144.4,1,7,False,0.0
2026-09-29 03:22:14,92,144.4,144.4,1,43,False,0.0
2026-09-29 03:22:15,92,144.4,144.4,1,8,False,0.0
2026-09-29 03:22:16,92,144.4,144.4,1,9,False,0.0
2026-09-29 03:22:18,92,144.4,144.4,1,64,False,0.0
2026-09-29 03:22:19,92,144.4,144.4,1,119,False,0.0
2026-09-29 03:22:20,92,144.4,144.4,1,5,False,0.0
2026-09-29 03:22:21,92,144.4,144.4,1,4,False,0.0
2026-09-29 03:22:22,92,144.4,144.4,1,72,False,0.0
2026-09-29 03:22:23,92,144.4,144.4,1,34,False,0.0
2026-09-29 03:22:24,92,144.4,144.4,1,5,False,0.0
2026-09-29 03:22:26,92,144.4,144.4,1,7,False,0.0
2026-09-29 03:22:27,92,144.4,144.4,1,7,False,0.0
2026-09-29 03:22:28,92,144.4,144.4,1,5,False,0.0
2026-09-29 03:22:29,92,144.4,144.4,1,67,False,0.0
2026-09-29 03:22:30,92,144.4,144.4,1,31,False,0.0
2026-09-29 03:22:31,92,144.4,144.4,1,32,False,0.0
2026-09-29 03:22:32,92,144.4,144.4,1,106,False,0.0
2026-09-29 03:22:34,92,144.4,144.4,1,12,False,0.0
2026-09-29 03:22:35,92,144.4,144.4,1,8,False,0.0
2026-09-29 03:22:36,92,144.4,144.4,1,7,False,0.0
2026-09-29 03:22:37,92,144.4,144.4,1,61,False,0.0
2026-09-29 03:22:38,92,144.4,144.4,1,122,False,0.0
2026-09-29 03:22:39,92,144.4,144.4,1,120,False,0.0
2026-09-29 03:22:41,92,144.4,144.4,1,19,False,0.0
2026-09-29 03:22:42,92,144.4,144.4,1,4,False,0.0
2026-09-29 03:22:43,92,144.4,144.4,1,8,False,0.0
2026-09-29 03:22:44,92,144.4,144.4,1,5,False,0.0
2026-09-29 03:22:45,92,144.4,144.4,1,4,False,0.0
2026-09-29 03:22:46,92,144.4,144.4,1,102,False,0.0
2026-09-29 03:22:47,92,144.4,144.4,1,127,False,0.0
2026-09-29 03:22:48,92,144.4,144.4,1,18,False,0.0
2026-09-29 03:22:50,92,144.4,144.4,1,68,False,0.0
2026-09-29 03:22:51,92,144.4,144.4,1,8,False,0.0
2026-09-29 03:22:52,92,144.4,144.4,1,97,False,0.0
2026-09-29 03:22:53,92,144.4,144.4,1,64,False,0.0
2026-09-29 03:22:54,92,144.4,144.4,1,85,False,0.0
2026-09-29 03:22:55,92,144.4,144.4,1,24,False,0.0
2026-09-29 03:22:57,92,144.4,144.4,1,24,False,0.0
2026-09-29 03:22:58,92,144.4,144.4,1,34,False,0.0
2026-09-29 03:22:59,92,144.4,144.4,1,21,False,0.0
2026-09-29 03:23:00,92,144.4,144.4,1,6,False,0.0
2026-09-29 03:23:01,92,144.4,144.4,1,39,False,0.0
2026-09-29 03:23:02,92,144.4,144.4,1,4,False,0.0
2026-09-29 03:23:03,92,144.4,144.4,1,5,False,0.0
2026-09-29 03:23:05,92,144.4,144.4,1,148,False,0.0
2026-09-29 03:23:06,92,144.4,144.4,1,58,False,0.0
2026-09-29 03:23:07,92,144.4,144.4,1,11,False,0.0
2026-09-29 03:23:08,92,144.4,144.4,1,5,False,0.0
2026-09-29 03:23:09,92,144.4,144.4,1,5,False,0.0
2026-09-29 03:23:10,92,144.4,144.4,1,5,False,0.0
2026-09-29 03:23:11,92,144.4,144.4,1,8,False,0.0
2026-09-29 03:23:12,92,144.4,144.4,1,96,False,0.0
2026-09-29 03:23:14,92,144.4,144.4,1,124,False,0.0
2026-09-29 03:23:15,92,144.4,144.4,1,8,False,0.0
2026-09-29 03:23:16,92,144.4,144.4,1,43,False,0.0
2026-09-29 03:23:17,92,144.4,144.4,1,5,False,0.0
2026-09-29 03:23:18,92,144.4,144.4,1,6,False,0.0
2026-09-29 03:23:19,92,144.4,144.4,1,6,False,0.0
2026-09-29 03:23:20,92,144.4,144.4,1,5,False,0.0
2026-09-29 03:23:21,92,144.4,144.4,1,5,False,0.0
2026-09-29 03:23:23,92,144.4,144.4,1,5,False,0.0
2026-09-29 03:23:24,92,144.4,144.4,1,8,False,0.0
2026-09-29 03:23:25,92,144.4,144.4,1,8,False,0.0
2026-09-29 03:23:26,92,144.4,144.4,1,6,False,0.0
2026-09-29 03:23:27,92,144.4,144.4,1,7,False,0.0
2026-09-29 03:23:28,92,144.4,144.4,1,5,False,0.0
2026-09-29 03:23:29,92,144.4,144.4,1,5,False,0.0
2026-09-29 03:23:30,92,144.4,144.4,1,7,False,0.0
2026-09-29 03:23:31,92,144.4,144.4,1,6,False,0.0
2026-09-29 03:23:33,92,144.4,144.4,1,61,False,0.0
2026-09-29 03:23:34,92,144.4,144.4,1,7,False,0.0
2026-09-29 03:23:35,92,144.4,144.4,1,9,False,0.0
2026-09-29 03:23:36,92,144.4,144.4,1,6,False,0.0
2026-09-29 03:23:37,92,144.4,144.4,1,67,False,0.0
2026-09-29 03:23:38,92,144.4,144.4,1,8,False,0.0
2026-09-29 03:23:39,92,144.4,144.4,1,9,False,0.0
2026-09-29 03:23:41,92,144.4,144.4,1,120,False,0.0
2026-09-29 03:23:42,92,144.4,144.4,1,7,False,0.0
2026-09-29 03:23:43,92,144.4,144.4,1,7,False,0.0
2026-09-29 03:23:44,92,144.4,144.4,1,139,False,0.0
2026-09-29 03:23:45,92,144.4,144.4,1,7,False,0.0
2026-09-29 03:23:46,92,144.4,144.4,1,7,False,0.0
2026-09-29 03:23:47,92,144.4,144.4,1,6,False,0.0
2026-09-29 03:23:49,92,144.4,144.4,1,9,False,0.0
2026-09-29 03:23:50,92,144.4,144.4,1,15,False,0.0
2026-09-29 03:23:51,92,144.4,144.4,1,8,False,0.0
2026-09-29 03:23:52,92,144.4,144.4,1,94,False,0.0
2026-09-29 03:23:53,92,144.4,144.4,1,107,False,0.0
2026-09-29 03:23:54,92,144.4,144.4,1,21,False,0.0
2026-09-29 03:23:55,92,144.4,144.4,1,7,False,0.0
2026-09-29 03:23:57,92,144.4,144.4,1,110,False,0.0
2026-09-29 03:23:58,92,144.4,144.4,1,8,False,0.0
2026-09-29 03:23:59,92,144.4,144.4,1,52,False,0.0
2026-09-29 03:24:00,92,144.4,144.4,1,53,False,0.0
2026-09-29 03:24:01,92,144.4,144.4,1,71,False,0.0
2026-09-29 03:24:02,92,144.4,144.4,1,10,False,0.0
2026-09-29 03:24:04,92,144.4,144.4,1,7,False,0.0
2026-09-29 03:24:05,92,144.4,144.4,1,7,False,0.0
2026-09-29 03:24:06,92,144.4,144.4,1,5,False,0.0
2026-09-29 03:24:07,92,144.4,144.4,1,6,False,0.0
2026-09-29 03:24:08,92,144.4,144.4,1,75,False,0.0
2026-09-29 03:24:09,92,144.4,144.4,1,123,False,0.0
2026-09-29 03:24:11,92,144.4,144.4,1,110,False,0.0
2026-09-29 03:24:12,92,144.4,144.4,1,8,False,0.0
2026-09-29 03:24:13,92,144.4,144.4,1,6,False,0.0
2026-09-29 03:24:14,92,144.4,144.4,1,58,False,0.0
2026-09-29 03:24:15,92,144.4,144.4,1,117,False,0.0
2026-09-29 03:24:16,92,144.4,144.4,1,35,False,0.0
2026-09-29 03:24:17,92,144.4,144.4,1,14,False,0.0
2026-09-29 03:24:19,92,144.4,144.4,1,29,False,0.0
2026-09-29 03:24:20,92,144.4,144.4,1,9,False,0.0
2026-09-29 03:24:21,92,144.4,144.4,1,6,False,0.0
2026-09-29 03:24:22,92,144.4,144.4,1,5,False,0.0
2026-09-29 03:24:23,92,144.4,144.4,1,42,False,0.0
2026-09-29 03:24:26,92,144.4,144.4,1,7,False,0.0
2026-09-29 03:24:27,92,144.4,144.4,1,80,False,0.0
2026-09-29 03:24:29,92,144.4,144.4,1,16,False,0.0
2026-09-29 03:24:30,92,144.4,144.4,1,68,False,0.0
2026-09-29 03:24:32,92,144.4,144.4,1,10,False,0.0
2026-09-29 03:24:34,92,144.4,144.4,1,78,False,0.0
2026-09-29 03:24:36,92,144.4,144.4,1,76,False,0.0
2026-09-29 03:24:37,92,144.4,144.4,1,113,False,0.0
2026-09-29 03:24:39,92,144.4,144.4,1,106,False,0.0
2026-09-29 03:24:40,92,144.4,144.4,1,6,False,0.0
2026-09-29 03:24:41,92,144.4,144.4,1,18,False,0.0
2026-09-29 03:24:42,92,144.4,144.4,1,26,False,0.0
2026-09-29 03:24:43,92,144.4,144.4,1,81,False,0.0
2026-09-29 03:24:45,92,144.4,144.4,1,78,False,0.0
2026-09-29 03:24:46,92,144.4,144.4,1,9,False,0.0
2026-09-29 03:24:47,92,144.4,144.4,1,20,False,0.0
2026-09-29 03:24:49,92,144.4,144.4,1,7,False,0.0
2026-09-29 03:24:50,92,144.4,144.4,1,10,False,0.0
2026-09-29 03:24:51,92,144.4,144.4,1,53,False,0.0
2026-09-29 03:24:52,92,144.4,144.4,1,25,False,0.0
2026-09-29 03:24:54,92,144.4,144.4,1,70,False,0.0
2026-09-29 03:24:55,92,144.4,144.4,1,6,False,0.0
2026-09-29 03:24:56,92,144.4,144.4,1,113,False,0.0
2026-09-29 03:24:58,92,144.4,144.4,1,118,False,0.0
2026-09-29 03:24:59,92,144.4,144.4,1,17,False,0.0
2026-09-29 03:25:00,92,144.4,144.4,1,13,False,0.0
2026-09-29 03:25:01,92,144.4,144.4,1,15,False,0.0
2026-09-29 03:25:03,92,144.4,144.4,1,10,False,0.0
2026-09-29 03:25:04,92,144.4,144.4,1,11,False,0.0
2026-09-29 03:25:05,92,144.4,144.4,1,20,False,0.0
2026-09-29 03:25:06,92,144.4,144.4,1,8,False,0.0
2026-09-29 03:25:08,92,144.4,144.4,1,7,False,0.0
2026-09-29 03:25:09,92,144.4,144.4,1,60,False,0.0
2026-09-29 03:25:10,92,144.4,144.4,1,101,False,0.0
2026-09-29 03:25:12,92,144.4,144.4,1,37,False,0.0
2026-09-29 03:25:13,92,144.4,78.0,1,201,False,0.0
2026-09-29 03:25:14,57,144.4,78.0,1,91,False,0.0
2026-09-29 03:25:16,57,144.4,78.0,1,28,False,0.0
2026-09-29 03:25:17,57,144.4,78.0,1,29,False,0.0
2026-09-29 03:25:18,50,144.4,52.0,1,23,False,0.0
2026-09-29 03:25:19,50,144.4,52.0,1,10,False,0.0
2026-09-29 03:25:21,50,144.4,58.5,1,117,False,0.0
2026-09-29 03:25:22,50,144.4,58.5,1,21,False,0.0
2026-09-29 03:25:23,50,144.4,58.5,1,120,False,0.0
2026-09-29 03:25:25,50,28.9,52.0,1,15,False,0.0
2026-09-29 03:25:26,57,28.9,78.0,1,20,False,0.0
2026-09-29 03:25:27,57,28.9,78.0,1,15,False,0.0
2026-09-29 03:25:28,57,28.9,78.0,1,9,False,0.0
2026-09-29 03:25:29,57,28.9,78.0,1,124,False,0.0
2026-09-29 03:25:31,57,28.9,104.0,1,14,False,0.0
2026-09-29 03:25:32,57,28.9,104.0,1,9,False,0.0
2026-09-29 03:25:34,57,28.9,104.0,1,136,False,0.0
2026-09-29 03:25:35,62,28.9,104.0,1,76,False,0.0
2026-09-29 03:25:36,62,28.9,104.0,1,11,False,0.0
2026-09-29 03:25:37,62,28.9,104.0,1,7,False,0.0
2026-09-29 03:25:39,62,28.9,78.0,1,10,False,0.0
2026-09-29 03:25:40,62,28.9,78.0,1,13,False,0.0
2026-09-29 03:25:41,57,28.9,78.0,1,88,False,0.0
2026-09-29 03:25:42,50,43.3,78.0,1,7,False,0.0
2026-09-29 03:25:44,50,43.3,78.0,1,11,False,0.0
2026-09-29 03:25:45,46,43.3,39.0,1,10,False,0.0
2026-09-29 03:25:46,43,43.3,52.0,1,36,False,0.0
2026-09-29 03:25:48,46,43.3,58.5,1,345,False,0.0
2026-09-29 03:25:49,46,43.3,58.5,1,24,False,0.0
2026-09-29 03:25:50,46,86.7,65.0,1,11,False,0.0
2026-09-29 03:25:52,60,86.7,78.0,1,124,False,0.0
2026-09-29 03:25:53,60,86.7,78.0,1,13,False,0.0
2026-09-29 03:25:54,43,86.7,78.0,1,11,False,0.0
2026-09-29 03:25:56,50,86.7,104.0,1,12,False,0.0
2026-09-29 03:25:57,50,86.7,104.0,1,33,False,0.0
2026-09-29 03:25:59,50,86.7,104.0,1,12,False,0.0
2026-09-29 03:26:00,50,86.7,104.0,1,7,False,0.0
2026-09-29 03:26:02,50,86.7,104.0,1,71,False,0.0
2026-09-29 03:26:03,50,86.7,104.0,1,8,False,0.0
2026-09-29 03:26:04,50,43.3,52.0,1,15,False,0.0
2026-09-29 03:26:06,50,43.3,78.0,1,7,False,0.0
2026-09-29 03:26:08,50,43.3,78.0,1,72,False,0.0
2026-09-29 03:26:09,50,43.3,78.0,1,52,False,0.0
2026-09-29 03:26:11,50,43.3,78.0,1,9,False,0.0
2026-09-29 03:26:12,50,43.3,78.0,1,8,False,0.0
2026-09-29 03:26:13,50,43.3,78.0,1,100,False,0.0
2026-09-29 03:26:15,50,43.3,78.0,1,12,False,0.0
2026-09-29 03:26:16,50,43.3,78.0,1,34,False,0.0
2026-09-29 03:26:18,50,43.3,78.0,1,7,False,0.0
2026-09-29 03:26:20,53,43.3,104.0,1,63,False,0.0
2026-09-29 03:26:21,53,43.3,104.0,1,22,False,0.0
2026-09-29 03:26:22,53,43.3,78.0,1,50,False,0.0
2026-09-29 03:26:24,53,43.3,78.0,1,78,False,0.0
2026-09-29 03:26:25,53,43.3,78.0,1,16,False,0.0
2026-09-29 03:26:26,53,43.3,104.0,1,43,False,0.0
2026-09-29 03:26:27,57,43.3,78.0,1,9,False,0.0
2026-09-29 03:26:29,57,43.3,78.0,1,11,False,0.0
2026-09-29 03:26:30,60,43.3,78.0,1,10,False,0.0
2026-09-29 03:26:31,60,43.3,78.0,1,33,False,0.0
2026-09-29 03:26:34,50,43.3,78.0,1,,True,10.0
2026-09-29 03:26:36,40,43.3,26.0,1,,True,20.0
2026-09-29 03:26:38,33,57.8,26.0,1,,True,30.0
2026-09-29 03:26:40,33,57.8,26.0,1,,True,40.0
2026-09-29 03:26:43,29,57.8,2.0,1,,True,50.0
2026-09-29 03:26:45,29,57.8,2.0,1,,True,60.0
2026-09-29 03:26:48,29,43.3,1.0,1,,True,70.0
2026-09-29 03:26:50,29,43.3,1.0,1,,True,80.0
2026-09-29 03:26:52,26,57.8,1.0,1,,True,90.0
2026-09-29 03:26:54,31,7.2,13.0,1,299,False,90.0
2026-09-29 03:26:56,31,7.2,19.5,1,286,False,80.0
2026-09-29 03:26:57,31,7.2,19.5,1,63,False,70.0
2026-09-29 03:26:59,31,7.2,19.5,1,10,False,60.0
2026-09-29 03:27:00,31,11.0,19.5,1,87,False,50.0
2026-09-29 03:27:02,31,11.0,19.5,1,153,False,40.0
2026-09-29 03:27:03,31,11.0,19.5,1,102,False,30.0
2026-09-29 03:27:05,31,11.0,19.5,1,29,False,20.0
2026-09-29 03:27:07,31,11.0,19.5,1,91,False,10.0
2026-09-29 03:27:09,31,2.0,19.5,1,,True,10.0
2026-09-29 03:27:11,31,2.0,19.5,1,,True,20.0
2026-09-29 03:27:13,26,1.0,1.0,1,339,False,20.0
2026-09-29 03:27:14,26,1.0,1.0,1,30,False,20.0
2026-09-29 03:27:16,26,6.5,13.0,1,,True,30.0
2026-09-29 03:27:18,26,6.5,13.0,1,273,False,30.0
2026-09-29 03:27:19,26,11.0,2.0,1,174,False,30.0
2026-09-29 03:27:20,33,11.0,19.5,1,114,False,30.0
2026-09-29 03:27:22,33,11.0,19.5,1,79,False,30.0
2026-09-29 03:27:24,40,11.0,26.0,1,87,False,30.0
2026-09-29 03:27:25,50,11.0,52.0,1,97,False,20.0
2026-09-29 03:27:27,57,43.3,78.0,1,211,False,10.0
2026-09-29 03:27:28,57,43.3,78.0,1,9,False,10.0
2026-09-29 03:27:29,57,43.3,78.0,1,8,False,10.0
2026-09-29 03:27:31,57,43.3,78.0,1,91,False,0.0
2026-09-29 03:27:32,57,43.3,78.0,1,20,False,0.0
2026-09-29 03:27:33,57,43.3,78.0,1,78,False,0.0
2026-09-29 03:27:35,57,43.3,78.0,1,123,False,0.0
2026-09-29 03:27:36,57,43.3,78.0,1,15,False,0.0
2026-09-29 03:27:37,57,43.3,78.0,1,66,False,0.0
2026-09-29 03:27:39,43,43.3,52.0,1,72,False,0.0
2026-09-29 03:27:40,43,43.3,52.0,1,118,False,0.0
2026-09-29 03:27:41,43,43.3,58.5,1,20,False,0.0
2026-09-29 03:27:42,43,43.3,58.5,1,9,False,0.0
2026-09-29 03:27:44,43,43.3,58.5,1,184,False,0.0
2026-09-29 03:27:45,43,43.3,58.5,1,67,False,0.0
2026-09-29 03:27:46,43,43.3,52.0,1,7,False,0.0
2026-09-29 03:27:47,40,43.3,78.0,1,73,False,0.0
2026-09-29 03:27:49,40,43.3,78.0,1,21,False,0.0
2026-09-29 03:27:50,40,43.3,78.0,1,49,False,0.0
2026-09-29 03:27:51,53,43.3,104.0,1,13,False,0.0
2026-09-29 03:27:52,53,43.3,104.0,1,90,False,0.0
2026-09-29 03:27:54,53,43.3,104.0,1,10,False,0.0
2026-09-29 03:27:55,53,43.3,104.0,1,8,False,0.0
2026-09-29 03:27:56,67,43.3,117.0,1,13,False,0.0
2026-09-29 03:27:57,67,43.3,130.0,1,107,False,0.0
2026-09-29 03:27:59,67,43.3,130.0,1,53,False,0.0
2026-09-29 03:28:00,67,43.3,130.0,1,9,False,0.0
2026-09-29 03:28:01,86,144.4,144.4,1,111,False,0.0
2026-09-29 03:28:03,86,144.4,144.4,1,23,False,0.0
2026-09-29 03:28:04,86,144.4,144.4,1,24,False,0.0
2026-09-29 03:28:05,86,144.4,144.4,1,43,False,0.0
2026-09-29 03:28:06,86,144.4,144.4,1,18,False,0.0
2026-09-29 03:28:08,86,144.4,144.4,1,6,False,0.0
2026-09-29 03:28:09,86,144.4,144.4,1,95,False,0.0
2026-09-29 03:28:10,86,144.4,144.4,1,19,False,0.0
2026-09-29 03:28:11,86,144.4,144.4,1,8,False,0.0
2026-09-29 03:28:13,86,144.4,144.4,1,68,False,0.0
2026-09-29 03:28:14,86,144.4,144.4,1,12,False,0.0
2026-09-29 03:28:15,86,144.4,144.4,1,88,False,0.0
2026-09-29 03:28:16,86,144.4,144.4,1,11,False,0.0
2026-09-29 03:28:18,86,144.4,144.4,1,75,False,0.0
2026-09-29 03:28:19,86,144.4,144.4,1,9,False,0.0
2026-09-29 03:28:20,86,144.4,144.4,1,7,False,0.0
2026-09-29 03:28:22,86,144.4,144.4,1,8,False,0.0
2026-09-29 03:28:23,86,144.4,144.4,1,36,False,0.0
2026-09-29 03:28:24,86,144.4,144.4,1,9,False,0.0
2026-09-29 03:28:25,86,144.4,144.4,1,88,False,0.0
2026-09-29 03:28:27,86,144.4,144.4,1,15,False,0.0
2026-09-29 03:28:28,86,144.4,144.4,1,7,False,0.0
2026-09-29 03:28:29,86,144.4,144.4,1,11,False,0.0
2026-09-29 03:28:30,86,144.4,144.4,1,6,False,0.0
2026-09-29 03:28:31,86,144.4,144.4,1,18,False,0.0
2026-09-29 03:28:33,86,144.4,144.4,1,7,False,0.0
2026-09-29 03:28:34,86,144.4,144.4,1,80,False,0.0
2026-09-29 03:28:35,86,144.4,144.4,1,7,False,0.0
2026-09-29 03:28:36,86,144.4,144.4,1,47,False,0.0
2026-09-29 03:28:38,86,144.4,144.4,1,22,False,0.0
2026-09-29 03:28:39,86,144.4,144.4,1,22,False,0.0
2026-09-29 03:28:40,86,144.4,144.4,1,24,False,0.0
2026-09-29 03:28:41,86,144.4,144.4,1,34,False,0.0
2026-09-29 03:28:42,86,144.4,144.4,1,22,False,0.0
2026-09-29 03:28:44,86,144.4,144.4,1,56,False,0.0
2026-09-29 03:28:45,86,144.4,144.4,1,21,False,0.0
2026-09-29 03:28:47,86,144.4,144.4,1,422,False,0.0
2026-09-29 03:28:48,86,144.4,144.4,1,175,False,0.0
2026-09-29 03:28:50,86,144.4,144.4,1,208,False,0.0
2026-09-29 03:28:51,86,144.4,144.4,1,11,False,0.0
2026-09-29 03:28:52,86,144.4,144.4,1,5,False,0.0
2026-09-29 03:28:53,86,144.4,144.4,1,56,False,0.0
2026-09-29 03:28:55,86,144.4,144.4,1,77,False,0.0
2026-09-29 03:28:56,86,144.4,144.4,1,8,False,0.0
2026-09-29 03:28:57,86,144.4,144.4,1,63,False,0.0
2026-09-29 03:28:59,86,144.4,144.4,1,79,False,0.0
2026-09-29 03:29:00,86,144.4,144.4,1,6,False,0.0
2026-09-29 03:29:01,86,144.4,144.4,1,14,False,0.0
2026-09-29 03:29:02,86,144.4,144.4,1,18,False,0.0
2026-09-29 03:29:04,86,144.4,144.4,1,86,False,0.0
2026-09-29 03:29:05,86,144.4,144.4,1,76,False,0.0
2026-09-29 03:29:06,86,144.4,144.4,1,24,False,0.0
2026-09-29 03:29:07,86,144.4,144.4,1,82,False,0.0
2026-09-29 03:29:09,86,144.4,144.4,1,77,False,0.0
2026-09-29 03:29:10,86,144.4,144.4,1,12,False,0.0
2026-09-29 03:29:11,86,144.4,144.4,1,10,False,0.0
2026-09-29 03:29:12,86,144.4,144.4,1,97,False,0.0
2026-09-29 03:29:14,86,144.4,144.4,1,72,False,0.0
2026-09-29 03:29:15,86,144.4,144.4,1,9,False,0.0
2026-09-29 03:29:16,86,144.4,144.4,1,15,False,0.0
2026-09-29 03:29:17,86,144.4,144.4,1,108,False,0.0
2026-09-29 03:29:19,86,144.4,144.4,1,90,False,0.0
2026-09-29 03:29:20,86,144.4,144.4,1,74,False,0.0
2026-09-29 03:29:21,86,144.4,144.4,1,18,False,0.0
2026-09-29 03:29:23,86,144.4,144.4,1,77,False,0.0
2026-09-29 03:29:24,86,144.4,144.4,1,120,False,0.0
2026-09-29 03:29:25,86,144.4,144.4,1,7,False,0.0
2026-09-29 03:29:26,86,144.4,144.4,1,10,False,0.0
2026-09-29 03:29:28,86,144.4,144.4,1,105,False,0.0
2026-09-29 03:29:29,86,144.4,144.4,1,115,False,0.0
2026-09-29 03:29:30,86,144.4,144.4,1,11,False,0.0
2026-09-29 03:29:32,86,144.4,144.4,1,11,False,0.0
2026-09-29 03:29:34,86,144.4,144.4,1,100,False,0.0
2026-09-29 03:29:35,86,144.4,144.4,1,51,False,0.0
2026-09-29 03:29:36,86,144.4,144.4,1,11,False,0.0
2026-09-29 03:29:38,86,144.4,144.4,1,114,False,0.0
2026-09-29 03:29:39,86,144.4,144.4,1,10,False,0.0
2026-09-29 03:29:40,86,144.4,144.4,1,7,False,0.0
2026-09-29 03:29:42,86,144.4,144.4,1,43,False,0.0
2026-09-29 03:29:44,86,144.4,144.4,1,11,False,0.0
2026-09-29 03:29:45,86,144.4,144.4,1,204,False,0.0
2026-09-29 03:29:46,86,144.4,144.4,1,47,False,0.0
2026-09-29 03:29:48,86,144.4,144.4,1,111,False,0.0
2026-09-29 03:29:49,86,144.4,144.4,1,6,False,0.0
2026-09-29 03:29:51,86,144.4,144.4,1,43,False,0.0
2026-09-29 03:29:53,86,144.4,144.4,1,24,False,0.0
2026-09-29 03:29:54,86,144.4,144.4,1,7,False,0.0
2026-09-29 03:29:56,86,144.4,144.4,1,163,False,0.0
2026-09-29 03:29:58,86,144.4,144.4,1,132,False,0.0
2026-09-29 03:29:59,86,144.4,144.4,1,11,False,0.0
2026-09-29 03:30:01,86,144.4,144.4,1,78,False,0.0
2026-09-29 03:30:03,86,144.4,144.4,1,6,False,0.0
2026-09-29 03:30:04,86,144.4,144.4,1,121,False,0.0
2026-09-29 03:30:05,86,144.4,144.4,1,6,False,0.0
2026-09-29 03:30:07,86,144.4,144.4,1,21,False,0.0
2026-09-29 03:30:08,86,144.4,144.4,1,120,False,0.0
2026-09-29 03:30:10,86,144.4,144.4,1,39,False,0.0
2026-09-29 03:30:11,86,144.4,144.4,1,7,False,0.0
2026-09-29 03:30:13,86,144.4,144.4,1,9,False,0.0
2026-09-29 03:30:14,86,144.4,144.4,1,125,False,0.0
2026-09-29 03:30:15,86,144.4,144.4,1,6,False,0.0
2026-09-29 03:30:17,86,144.4,144.4,1,6,False,0.0
2026-09-29 03:30:18,86,144.4,144.4,1,6,False,0.0
2026-09-29 03:30:20,86,144.4,144.4,1,124,False,0.0
2026-09-29 03:30:21,86,144.4,144.4,1,6,False,0.0
2026-09-29 03:30:23,86,144.4,144.4,1,53,False,0.0
2026-09-29 03:30:24,86,144.4,144.4,1,20,False,0.0
2026-09-29 03:30:25,86,144.4,144.4,1,26,False,0.0
2026-09-29 03:30:27,86,144.4,144.4,1,66,False,0.0
2026-09-29 03:30:28,86,144.4,144.4,1,18,False,0.0
2026-09-29 03:30:30,86,144.4,144.4,1,59,False,0.0
2026-09-29 03:30:31,86,144.4,144.4,1,8,False,0.0
2026-09-29 03:30:33,86,144.4,144.4,1,6,False,0.0
2026-09-29 03:30:34,86,144.4,144.4,1,10,False,0.0
2026-09-29 03:30:36,86,144.4,144.4,1,7,False,0.0
2026-09-29 03:30:37,86,144.4,144.4,1,6,False,0.0
2026-09-29 03:30:38,86,144.4,144.4,1,82,False,0.0
2026-09-29 03:30:40,86,144.4,144.4,1,14,False,0.0
2026-09-29 03:30:41,86,144.4,144.4,1,7,False,0.0
2026-09-29 03:30:43,86,144.4,144.4,1,142,False,0.0
2026-09-29 03:30:44,86,144.4,144.4,1,22,False,0.0
2026-09-29 03:30:46,86,144.4,144.4,1,105,False,0.0
2026-09-29 03:30:47,86,144.4,144.4,1,12,False,0.0
2026-09-29 03:30:49,86,144.4,144.4,1,5,False,0.0
2026-09-29 03:30:50,86,144.4,144.4,1,27,False,0.0
2026-09-29 03:30:51,86,144.4,144.4,1,7,False,0.0
2026-09-29 03:30:52,86,144.4,144.4,1,9,False,0.0
2026-09-29 03:30:54,86,144.4,144.4,1,24,False,0.0
2026-09-29 03:30:56,86,144.4,144.4,1,76,False,0.0
2026-09-29 03:30:57,86,144.4,144.4,1,12,False,0.0
2026-09-29 03:30:58,86,144.4,144.4,1,8,False,0.0
2026-09-29 03:31:00,86,144.4,144.4,1,6,False,0.0
2026-09-29 03:31:02,86,144.4,144.4,1,16,False,0.0
2026-09-29 03:31:03,86,144.4,144.4,1,14,False,0.0
2026-09-29 03:31:04,86,144.4,144.4,1,7,False,0.0
2026-09-29 03:31:06,86,144.4,144.4,1,30,False,0.0
2026-09-29 03:31:07,86,144.4,144.4,1,7,False,0.0
2026-09-29 03:31:09,86,144.4,144.4,1,71,False,0.0
2026-09-29 03:31:10,86,144.4,144.4,1,9,False,0.0
2026-09-29 03:31:11,86,144.4,144.4,1,62,False,0.0
2026-09-29 03:31:13,86,144.4,144.4,1,9,False,0.0
2026-09-29 03:31:15,86,144.4,144.4,1,34,False,0.0
2026-09-29 03:31:16,86,144.4,144.4,1,26,False,0.0
2026-09-29 03:31:17,86,144.4,144.4,1,87,False,0.0
2026-09-29 03:31:19,86,144.4,144.4,1,12,False,0.0
2026-09-29 03:31:21,86,144.4,144.4,1,18,False,0.0
2026-09-29 03:31:23,86,144.4,144.4,1,116,False,0.0
2026-09-29 03:31:24,86,144.4,144.4,1,11,False,0.0
2026-09-29 03:31:26,86,144.4,144.4,1,49,False,0.0
2026-09-29 03:31:28,86,144.4,144.4,1,8,False,0.0
2026-09-29 03:31:29,86,144.4,144.4,1,67,False,0.0
2026-09-29 03:31:31,86,144.4,144.4,1,59,False,0.0
2026-09-29 03:31:32,86,144.4,144.4,1,45,False,0.0
2026-09-29 03:31:33,86,144.4,144.4,1,8,False,0.0
2026-09-29 03:31:34,86,144.4,144.4,1,6,False,0.0
2026-09-29 03:31:36,86,144.4,144.4,1,8,False,0.0
2026-09-29 03:31:37,86,144.4,144.4,1,27,False,0.0
2026-09-29 03:31:38,86,144.4,144.4,1,39,False,0.0
2026-09-29 03:31:39,86,144.4,144.4,1,6,False,0.0
2026-09-29 03:31:41,86,144.4,144.4,1,121,False,0.0
2026-09-29 03:31:42,86,144.4,144.4,1,95,False,0.0
2026-09-29 03:31:43,86,144.4,144.4,1,10,False,0.0
2026-09-29 03:31:45,86,144.4,144.4,1,7,False,0.0
2026-09-29 03:31:46,86,144.4,144.4,1,10,False,0.0
2026-09-29 03:31:47,86,144.4,144.4,1,48,False,0.0
2026-09-29 03:31:48,86,144.4,144.4,1,7,False,0.0
2026-09-29 03:31:50,86,144.4,144.4,1,8,False,0.0
2026-09-29 03:31:51,86,144.4,144.4,1,184,False,0.0
2026-09-29 03:31:52,86,144.4,144.4,1,41,False,0.0
2026-09-29 03:31:54,86,144.4,144.4,1,9,False,0.0
2026-09-29 03:31:55,86,144.4,144.4,1,10,False,0.0
2026-09-29 03:31:56,86,144.4,144.4,1,10,False,0.0
2026-09-29 03:31:57,86,144.4,144.4,1,28,False,0.0
2026-09-29 03:31:58,86,144.4,144.4,1,15,False,0.0
2026-09-29 03:32:00,86,144.4,144.4,1,9,False,0.0
2026-09-29 03:32:01,86,144.4,144.4,1,97,False,0.0
2026-09-29 03:32:02,86,144.4,144.4,1,99,False,0.0
2026-09-29 03:32:03,86,144.4,144.4,1,11,False,0.0
2026-09-29 03:32:05,86,144.4,144.4,1,134,False,0.0
2026-09-29 03:32:06,99,144.4,130.0,1,7,False,0.0
2026-09-29 03:32:07,99,144.4,130.0,1,10,False,0.0
2026-09-29 03:32:08,99,144.4,144.4,1,6,False,0.0
2026-09-29 03:32:10,99,144.4,144.4,1,6,False,0.0
2026-09-29 03:32:11,99,144.4,144.4,1,62,False,0.0
2026-09-29 03:32:12,99,144.4,144.4,1,78,False,0.0
2026-09-29 03:32:13,99,144.4,144.4,1,6,False,0.0
2026-09-29 03:32:15,99,144.4,144.4,1,5,False,0.0
2026-09-29 03:32:16,99,144.4,144.4,1,7,False,0.0
2026-09-29 03:32:17,99,144.4,144.4,1,122,False,0.0
2026-09-29 03:32:18,99,144.4,144.4,1,6,False,0.0
2026-09-29 03:32:20,99,144.4,144.4,1,6,False,0.0
2026-09-29 03:32:21,99,144.4,144.4,1,150,False,0.0
2026-09-29 03:32:22,99,144.4,144.4,1,69,False,0.0
2026-09-29 03:32:23,99,144.4,144.4,1,39,False,0.0
2026-09-29 03:32:25,99,144.4,144.4,1,53,False,0.0
2026-09-29 03:32:26,99,144.4,117.0,1,9,False,0.0
2026-09-29 03:32:27,99,144.4,117.0,1,52,False,0.0
2026-09-29 03:32:28,99,144.4,117.0,1,33,False,0.0
2026-09-29 03:32:30,99,144.4,117.0,1,192,False,0.0
2026-09-29 03:32:31,99,144.4,144.4,1,104,False,0.0
2026-09-29 03:32:32,99,144.4,144.4,1,78,False,0.0
2026-09-29 03:32:33,99,144.4,144.4,1,7,False,0.0
2026-09-29 03:32:35,99,144.4,144.4,1,8,False,0.0
2026-09-29 03:32:36,99,144.4,144.4,1,6,False,0.0
2026-09-29 03:32:37,99,144.4,144.4,1,33,False,0.0
2026-09-29 03:32:38,99,144.4,144.4,1,11,False,0.0
2026-09-29 03:32:40,99,144.4,144.4,1,204,False,0.0
2026-09-29 03:32:41,99,144.4,144.4,1,8,False,0.0
2026-09-29 03:32:42,99,144.4,144.4,1,11,False,0.0
2026-09-29 03:32:43,99,144.4,144.4,1,167,False,0.0
2026-09-29 03:32:45,99,144.4,144.4,1,9,False,0.0
2026-09-29 03:32:46,99,144.4,144.4,1,12,False,0.0
2026-09-29 03:32:47,99,144.4,144.4,1,31,False,0.0
2026-09-29 03:32:48,99,144.4,144.4,1,9,False,0.0
2026-09-29 03:32:49,99,144.4,144.4,1,48,False,0.0
2026-09-29 03:32:51,99,144.4,144.4,1,146,False,0.0
2026-09-29 03:32:52,99,144.4,144.4,1,13,False,0.0
2026-09-29 03:32:53,99,144.4,144.4,1,8,False,0.0
2026-09-29 03:32:55,99,144.4,144.4,1,32,False,0.0
2026-09-29 03:32:56,99,144.4,144.4,1,61,False,0.0
2026-09-29 03:32:57,99,144.4,144.4,1,6,False,0.0
2026-09-29 03:32:58,99,144.4,144.4,1,19,False,0.0
2026-09-29 03:33:00,99,144.4,144.4,1,90,False,0.0
2026-09-29 03:33:01,99,144.4,144.4,1,33,False,0.0
2026-09-29 03:33:02,99,144.4,144.4,1,6,False,0.0
2026-09-29 03:33:03,99,144.4,144.4,1,5,False,0.0
2026-09-29 03:33:04,99,144.4,144.4,1,15,False,0.0
2026-09-29 03:33:06,99,144.4,144.4,1,22,False,0.0
2026-09-29 03:33:07,99,144.4,144.4,1,103,False,0.0
2026-09-29 03:33:08,99,144.4,144.4,1,9,False,0.0
2026-09-29 03:33:09,99,144.4,144.4,1,9,False,0.0
2026-09-29 03:33:10,99,144.4,144.4,1,14,False,0.0
2026-09-29 03:33:12,99,144.4,144.4,1,87,False,0.0
2026-09-29 03:33:13,99,144.4,144.4,1,135,False,0.0
2026-09-29 03:33:14,99,144.4,144.4,1,13,False,0.0
2026-09-29 03:33:16,99,144.4,144.4,1,101,False,0.0
2026-09-29 03:33:17,99,144.4,144.4,1,74,False,0.0
2026-09-29 03:33:18,99,144.4,144.4,1,44,False,0.0
2026-09-29 03:33:19,99,144.4,144.4,1,20,False,0.0
2026-09-29 03:33:21,99,144.4,144.4,1,37,False,0.0
2026-09-29 03:33:22,99,144.4,144.4,1,128,False,0.0
2026-09-29 03:33:23,99,144.4,144.4,1,16,False,0.0
2026-09-29 03:33:24,99,144.4,144.4,1,27,False,0.0
2026-09-29 03:33:25,99,144.4,144.4,1,11,False,0.0
2026-09-29 03:33:27,99,144.4,144.4,1,111,False,0.0
2026-09-29 03:33:28,99,144.4,144.4,1,127,False,0.0
2026-09-29 17:07:55,99,144.4,144.4,11,9,False,0.0
2026-09-29 17:07:56,99,144.4,144.4,11,9,False,0.0
2026-09-29 17:07:57,99,144.4,144.4,11,7,False,0.0
2026-09-29 17:07:58,99,144.4,144.4,11,87,False,0.0
2026-09-29 17:08:00,99,144.4,144.4,11,129,False,0.0
2026-09-29 17:08:01,99,144.4,144.4,11,25,False,0.0
2026-09-29 17:08:02,99,144.4,144.4,11,9,False,0.0
2026-09-29 17:08:03,99,144.4,144.4,11,8,False,0.0
2026-09-29 17:08:04,99,144.4,144.4,11,9,False,0.0
2026-09-29 17:08:05,99,144.4,144.4,11,6,False,0.0
2026-09-29 17:08:07,99,144.4,144.4,11,204,False,0.0
2026-09-29 17:08:08,99,144.4,144.4,11,314,False,0.0
2026-09-29 17:08:09,99,144.4,144.4,11,10,False,0.0
2026-09-29 17:08:10,99,144.4,144.4,11,258,False,0.0
2026-09-29 17:08:12,99,144.4,144.4,11,238,False,0.0
2026-09-29 17:08:13,99,144.4,144.4,11,43,False,0.0
2026-09-29 17:08:14,99,144.4,144.4,11,8,False,0.0
2026-09-29 17:08:15,99,144.4,144.4,11,13,False,0.0
2026-09-29 17:08:16,99,144.4,144.4,11,8,False,0.0
2026-09-29 17:08:18,99,144.4,144.4,11,111,False,0.0
2026-09-29 17:08:19,99,144.4,144.4,11,117,False,0.0
2026-09-29 17:08:20,99,144.4,144.4,11,18,False,0.0
2026-09-29 17:08:21,99,144.4,144.4,11,20,False,0.0
2026-09-29 17:08:22,99,144.4,144.4,11,15,False,0.0
2026-09-29 17:08:23,99,144.4,144.4,11,113,False,0.0
2026-09-29 17:08:24,99,144.4,144.4,11,20,False,0.0
2026-09-29 17:08:26,99,144.4,144.4,11,171,False,0.0
2026-09-29 17:08:27,99,144.4,144.4,11,5,False,0.0
2026-09-29 17:08:28,99,144.4,144.4,11,10,False,0.0
2026-09-29 17:08:29,99,144.4,144.4,11,12,False,0.0
2026-09-29 17:08:30,99,144.4,144.4,11,23,False,0.0
2026-09-29 17:08:31,99,144.4,144.4,11,39,False,0.0
2026-09-29 17:08:32,99,144.4,144.4,11,12,False,0.0
2026-09-29 17:08:34,99,144.4,144.4,11,92,False,0.0
2026-09-29 17:08:35,99,144.4,144.4,11,63,False,0.0
2026-09-29 17:08:36,99,144.4,144.4,11,42,False,0.0
2026-09-29 17:08:37,99,144.4,144.4,11,122,False,0.0
2026-09-29 17:08:38,99,144.4,144.4,11,11,False,0.0
2026-09-29 17:08:40,99,144.4,144.4,11,104,False,0.0
2026-09-29 17:08:41,99,144.4,144.4,11,65,False,0.0
2026-09-29 17:08:42,99,144.4,144.4,11,10,False,0.0
2026-09-29 17:08:43,99,144.4,144.4,11,6,False,0.0
2026-09-29 17:08:44,99,144.4,144.4,11,8,False,0.0
2026-09-29 17:08:45,99,144.4,144.4,11,29,False,0.0
2026-09-29 17:08:47,99,144.4,144.4,11,10,False,0.0
2026-09-29 17:08:48,99,144.4,144.4,11,78,False,0.0
2026-09-29 17:08:49,99,144.4,144.4,11,17,False,0.0
2026-09-29 17:08:50,99,144.4,144.4,11,20,False,0.0
2026-09-29 17:08:51,99,144.4,144.4,11,22,False,0.0
2026-09-29 17:08:52,99,144.4,144.4,11,10,False,0.0
2026-09-29 17:08:53,99,144.4,144.4,11,7,False,0.0
2026-09-29 17:08:54,99,144.4,144.4,11,10,False,0.0
2026-09-29 17:08:56,99,144.4,144.4,11,8,False,0.0
2026-09-29 17:08:57,99,144.4,144.4,11,27,False,0.0
2026-09-29 17:08:58,99,144.4,144.4,11,66,False,0.0
2026-09-29 17:08:59,99,144.4,144.4,11,142,False,0.0
2026-09-29 17:09:00,99,144.4,144.4,11,9,False,0.0
2026-09-29 17:09:01,99,144.4,144.4,11,63,False,0.0
2026-09-29 17:09:02,99,144.4,144.4,11,17,False,0.0
2026-09-29 17:09:04,99,144.4,144.4,11,9,False,0.0
2026-09-29 17:09:05,99,144.4,144.4,11,11,False,0.0
2026-09-29 17:09:06,99,144.4,144.4,11,8,False,0.0
2026-09-29 17:09:07,99,144.4,144.4,11,20,False,0.0
2026-09-29 17:09:08,99,144.4,144.4,11,123,False,0.0
2026-09-29 17:09:09,99,144.4,144.4,11,148,False,0.0
2026-09-29 17:09:11,99,144.4,144.4,11,133,False,0.0
2026-09-29 17:09:12,99,144.4,144.4,11,13,False,0.0
2026-09-29 17:09:13,99,144.4,144.4,11,6,False,0.0
2026-09-29 17:09:14,99,144.4,144.4,11,29,False,0.0
2026-09-29 17:09:15,99,144.4,144.4,11,7,False,0.0
2026-09-29 17:09:16,99,144.4,144.4,11,19,False,0.0
2026-09-29 17:09:17,99,144.4,144.4,11,95,False,0.0
2026-09-29 17:09:18,99,144.4,144.4,11,17,False,0.0
2026-09-29 17:09:20,99,144.4,144.4,11,51,False,0.0
2026-09-29 17:09:21,99,144.4,144.4,11,36,False,0.0
2026-09-29 17:09:22,99,144.4,144.4,11,9,False,0.0
2026-09-29 17:09:23,99,144.4,144.4,11,44,False,0.0
2026-09-29 17:09:24,99,144.4,144.4,11,7,False,0.0
2026-09-29 17:09:25,99,144.4,144.4,11,16,False,0.0
2026-09-29 17:09:26,99,144.4,144.4,11,25,False,0.0
2026-09-29 17:09:28,99,144.4,144.4,11,93,False,0.0
2026-09-29 17:09:29,99,144.4,144.4,11,18,False,0.0
2026-09-29 17:09:30,99,144.4,144.4,11,105,False,0.0
2026-09-29 17:09:31,99,144.4,144.4,11,282,False,0.0
2026-09-29 17:09:32,99,144.4,144.4,11,7,False,0.0
2026-09-29 17:09:34,99,144.4,144.4,11,7,False,0.0
2026-09-29 17:09:35,99,144.4,144.4,11,53,False,0.0
2026-09-29 17:09:36,99,144.4,144.4,11,31,False,0.0
2026-09-29 17:09:37,99,144.4,144.4,11,9,False,0.0
2026-09-29 17:09:38,99,144.4,144.4,11,7,False,0.0
2026-09-29 17:09:39,99,144.4,144.4,11,9,False,0.0
2026-09-29 17:09:40,99,144.4,144.4,11,9,False,0.0
2026-09-29 17:09:41,99,144.4,144.4,11,118,False,0.0
2026-09-29 17:09:43,99,144.4,144.4,11,134,False,0.0
2026-09-29 17:09:44,99,144.4,144.4,11,135,False,0.0
2026-09-29 17:09:45,99,144.4,144.4,11,153,False,0.0
2026-09-29 17:09:46,99,144.4,144.4,11,11,False,0.0
2026-09-29 17:09:47,99,144.4,144.4,11,23,False,0.0
2026-09-29 17:09:49,99,144.4,144.4,11,159,False,0.0
2026-09-29 17:09:50,99,144.4,144.4,11,9,False,0.0
2026-09-29 17:09:51,99,144.4,144.4,11,20,False,0.0
2026-09-29 17:09:52,99,144.4,144.4,11,30,False,0.0
2026-09-29 17:09:53,99,144.4,144.4,11,13,False,0.0
2026-09-29 17:09:54,99,144.4,144.4,11,8,False,0.0
2026-09-29 17:09:55,99,144.4,144.4,11,7,False,0.0
2026-09-29 17:09:56,99,144.4,144.4,11,101,False,0.0
2026-09-29 17:09:58,99,144.4,144.4,11,29,False,0.0
2026-09-29 17:09:59,99,144.4,144.4,11,124,False,0.0
2026-09-29 17:10:00,99,144.4,144.4,11,22,False,0.0
2026-09-29 17:10:01,99,144.4,144.4,11,11,False,0.0
2026-09-29 17:10:02,99,144.4,144.4,11,11,False,0.0
2026-09-29 17:10:03,99,144.4,144.4,11,27,False,0.0
2026-09-29 17:10:04,99,144.4,144.4,11,53,False,0.0
2026-09-29 17:10:06,99,144.4,144.4,11,121,False,0.0
2026-09-29 17:10:07,99,144.4,144.4,11,31,False,0.0
2026-09-29 17:10:08,99,144.4,144.4,11,28,False,0.0
2026-09-29 17:10:09,99,144.4,144.4,11,17,False,0.0
2026-09-29 17:10:10,99,144.4,144.4,11,7,False,0.0
2026-09-29 17:10:11,99,144.4,144.4,11,14,False,0.0
2026-09-29 17:10:12,99,144.4,144.4,11,8,False,0.0
2026-09-29 17:10:14,99,144.4,144.4,11,100,False,0.0
2026-09-29 17:10:15,99,144.4,144.4,11,225,False,0.0
2026-09-29 17:10:16,99,144.4,144.4,11,65,False,0.0
2026-09-29 17:10:17,99,144.4,144.4,11,11,False,0.0
2026-09-29 17:10:18,99,144.4,144.4,11,11,False,0.0
2026-09-29 17:10:20,99,144.4,144.4,11,234,False,0.0
2026-09-29 17:10:21,99,144.4,144.4,11,9,False,0.0
2026-09-29 17:10:22,99,144.4,144.4,11,18,False,0.0
2026-09-29 17:10:23,99,144.4,144.4,11,87,False,0.0
2026-09-29 17:10:24,99,144.4,144.4,11,10,False,0.0
2026-09-29 17:10:25,99,144.4,144.4,11,7,False,0.0
2026-09-29 17:10:26,99,144.4,144.4,11,20,False,0.0
2026-09-29 17:10:27,99,144.4,144.4,11,6,False,0.0
2026-09-29 17:10:29,99,144.4,144.4,11,122,False,0.0
2026-09-29 17:10:30,99,144.4,144.4,11,188,False,0.0
2026-09-29 17:10:31,99,144.4,144.4,11,166,False,0.0
2026-09-29 17:10:32,99,144.4,144.4,11,10,False,0.0
2026-09-29 17:10:33,99,144.4,144.4,11,13,False,0.0
2026-09-29 17:10:35,99,144.4,144.4,11,41,False,0.0
2026-09-29 17:10:36,99,144.4,144.4,11,113,False,0.0
2026-09-29 17:10:37,99,144.4,144.4,11,130,False,0.0
2026-09-29 17:10:38,99,144.4,144.4,11,24,False,0.0
2026-09-29 17:10:39,99,144.4,144.4,11,10,False,0.0
2026-09-29 17:10:40,99,144.4,144.4,11,10,False,0.0
2026-09-29 17:10:42,99,144.4,144.4,11,163,False,0.0
2026-09-29 17:10:43,99,144.4,144.4,11,29,False,0.0
2026-09-29 17:10:44,99,144.4,144.4,11,134,False,0.0
2026-09-29 17:10:45,99,144.4,144.4,11,9,False,0.0
2026-09-29 17:10:46,99,144.4,144.4,11,12,False,0.0
2026-09-29 17:10:47,99,144.4,144.4,11,26,False,0.0
2026-09-29 17:10:48,99,144.4,144.4,11,9,False,0.0
2026-09-29 17:10:50,99,144.4,144.4,11,7,False,0.0
2026-09-29 17:10:51,99,144.4,144.4,11,108,False,0.0
2026-09-29 17:10:52,99,144.4,144.4,11,43,False,0.0
2026-09-29 17:10:53,99,144.4,144.4,11,42,False,0.0
2026-09-29 17:10:54,99,144.4,144.4,11,52,False,0.0
2026-09-29 17:10:55,99,144.4,144.4,11,5,False,0.0
2026-09-29 17:10:56,99,144.4,144.4,11,8,False,0.0
2026-09-29 17:10:58,99,144.4,144.4,11,11,False,0.0
2026-09-29 17:10:59,99,144.4,144.4,11,132,False,0.0
2026-09-29 17:11:00,99,144.4,144.4,11,118,False,0.0
2026-09-29 17:11:01,99,144.4,144.4,11,28,False,0.0
2026-09-29 17:11:02,99,144.4,144.4,11,15,False,0.0
2026-09-29 17:11:03,99,144.4,144.4,11,19,False,0.0
2026-09-29 17:11:05,99,144.4,144.4,11,23,False,0.0
2026-09-29 17:11:06,99,144.4,144.4,11,9,False,0.0
2026-09-29 17:11:07,99,144.4,144.4,11,6,False,0.0
2026-09-29 17:11:08,99,144.4,144.4,11,10,False,0.0
2026-09-29 17:11:09,99,144.4,144.4,11,177,False,0.0
2026-09-29 17:11:10,99,144.4,144.4,11,156,False,0.0
2026-09-29 17:11:12,99,144.4,144.4,11,23,False,0.0
2026-09-29 17:11:13,99,144.4,144.4,11,13,False,0.0
2026-09-29 17:11:14,99,144.4,144.4,11,53,False,0.0
2026-09-29 17:11:15,99,144.4,144.4,11,121,False,0.0
2026-09-29 17:11:16,99,144.4,144.4,11,16,False,0.0
2026-09-29 17:11:17,99,144.4,144.4,11,41,False,0.0
2026-09-29 17:11:18,99,144.4,144.4,11,25,False,0.0
2026-09-29 17:11:20,99,144.4,144.4,11,86,False,0.0
2026-09-29 17:11:21,99,144.4,144.4,11,259,False,0.0
2026-09-29 17:11:22,99,144.4,144.4,11,215,False,0.0
2026-09-29 17:11:24,99,144.4,144.4,11,304,False,0.0
2026-09-29 17:11:25,99,144.4,144.4,11,96,False,0.0
2026-09-29 17:11:26,99,144.4,144.4,11,166,False,0.0
2026-09-29 17:11:27,99,144.4,144.4,11,9,False,0.0
2026-09-29 17:11:28,99,144.4,144.4,11,104,False,0.0
2026-09-29 17:11:30,99,144.4,144.4,11,116,False,0.0
2026-09-29 17:11:31,99,144.4,144.4,11,54,False,0.0
2026-09-29 17:11:32,99,144.4,144.4,11,13,False,0.0
2026-09-29 17:11:33,99,144.4,144.4,11,146,False,0.0
2026-09-29 17:11:34,99,144.4,144.4,11,8,False,0.0
2026-09-29 17:11:35,99,144.4,144.4,11,49,False,0.0
2026-09-29 17:11:37,99,144.4,144.4,11,130,False,0.0
2026-09-29 17:11:38,99,144.4,144.4,11,10,False,0.0
2026-09-29 17:11:39,99,144.4,144.4,11,5,False,0.0
2026-09-29 17:11:40,99,144.4,144.4,11,93,False,0.0
2026-09-29 17:11:41,99,144.4,144.4,11,90,False,0.0
2026-09-29 17:11:42,99,144.4,144.4,11,34,False,0.0
2026-09-29 17:11:44,99,144.4,144.4,11,120,False,0.0
2026-09-29 17:11:45,99,144.4,144.4,11,73,False,0.0
2026-09-29 17:11:46,99,144.4,144.4,11,30,False,0.0
2026-09-29 17:11:47,99,144.4,144.4,11,53,False,0.0
2026-09-29 17:11:48,99,144.4,144.4,11,9,False,0.0
2026-09-29 17:11:49,99,144.4,144.4,11,12,False,0.0
2026-09-29 17:11:50,99,144.4,144.4,11,5,False,0.0
2026-09-29 17:11:51,99,144.4,144.4,11,4,False,0.0
2026-09-29 17:11:53,99,144.4,144.4,11,145,False,0.0
2026-09-29 17:11:54,99,144.4,144.4,11,12,False,0.0
2026-09-29 17:11:55,99,144.4,144.4,11,5,False,0.0
2026-09-29 17:11:56,99,144.4,144.4,11,7,False,0.0
2026-09-29 17:11:57,99,144.4,144.4,11,10,False,0.0
2026-09-29 17:11:58,99,144.4,144.4,11,41,False,0.0
2026-09-29 17:11:59,99,144.4,144.4,11,7,False,0.0
2026-09-29 17:12:01,99,144.4,144.4,11,132,False,0.0
2026-09-29 17:12:02,99,144.4,144.4,11,10,False,0.0
2026-09-29 17:12:03,99,144.4,144.4,11,55,False,0.0
2026-09-29 17:12:04,99,144.4,144.4,11,248,False,0.0
2026-09-29 17:12:05,99,144.4,144.4,11,93,False,0.0
2026-09-29 17:12:06,99,144.4,144.4,11,17,False,0.0
2026-09-29 17:12:08,99,144.4,144.4,11,7,False,0.0
2026-09-29 17:12:09,99,144.4,144.4,11,8,False,0.0
2026-09-29 17:12:10,99,144.4,144.4,11,22,False,0.0
2026-09-29 17:12:11,99,144.4,144.4,11,48,False,0.0
2026-09-29 17:12:12,99,144.4,144.4,11,60,False,0.0
2026-09-29 17:12:13,99,144.4,144.4,11,16,False,0.0
2026-09-29 17:12:14,99,144.4,144.4,11,72,False,0.0
2026-09-29 17:12:15,99,144.4,144.4,11,8,False,0.0
2026-09-29 17:12:17,99,144.4,144.4,11,249,False,0.0
2026-09-29 17:12:18,99,144.4,144.4,11,212,False,0.0
2026-09-29 17:12:19,99,144.4,144.4,11,12,False,0.0
2026-09-29 17:12:20,99,144.4,144.4,11,19,False,0.0
2026-09-29 17:12:21,99,144.4,144.4,11,14,False,0.0
2026-09-29 17:12:23,99,144.4,144.4,11,11,False,0.0
2026-09-29 17:12:24,99,144.4,144.4,11,64,False,0.0
2026-09-29 17:12:25,99,144.4,144.4,11,12,False,0.0
2026-09-29 17:12:26,99,144.4,144.4,11,11,False,0.0
2026-09-29 17:12:27,99,144.4,144.4,11,58,False,0.0
2026-09-29 17:12:28,99,144.4,144.4,11,91,False,0.0
2026-09-29 17:12:29,99,144.4,144.4,11,9,False,0.0
2026-09-29 17:12:30,99,144.4,144.4,11,8,False,0.0
2026-09-29 17:12:32,99,144.4,144.4,11,11,False,0.0
2026-09-29 17:12:33,99,144.4,144.4,11,29,False,0.0
2026-09-29 17:12:34,99,144.4,144.4,11,40,False,0.0
2026-09-29 17:12:35,99,144.4,144.4,11,353,False,0.0
2026-09-29 17:12:36,99,144.4,144.4,11,7,False,0.0
2026-09-29 17:12:37,99,144.4,144.4,11,63,False,0.0
2026-09-29 17:12:39,99,144.4,144.4,11,173,False,0.0
2026-09-29 17:12:40,99,144.4,144.4,11,33,False,0.0
2026-09-29 17:12:41,99,144.4,144.4,11,181,False,0.0
2026-09-29 17:12:42,99,144.4,144.4,11,64,False,0.0
2026-09-29 17:12:43,99,144.4,144.4,11,6,False,0.0
2026-09-29 17:12:44,99,144.4,144.4,11,30,False,0.0
2026-09-29 17:12:46,99,144.4,144.4,11,19,False,0.0
2026-09-29 17:12:47,99,144.4,144.4,11,17,False,0.0
2026-09-29 17:12:48,99,144.4,144.4,11,11,False,0.0
2026-09-29 17:12:49,99,144.4,144.4,11,37,False,0.0
2026-09-29 17:12:50,99,144.4,144.4,11,201,False,0.0
2026-09-29 17:12:51,99,144.4,144.4,11,13,False,0.0
2026-09-29 17:12:52,99,144.4,144.4,11,45,False,0.0
2026-09-29 17:12:54,99,144.4,144.4,11,15,False,0.0
2026-09-29 17:12:55,99,144.4,144.4,11,16,False,0.0
2026-09-29 17:12:56,99,144.4,144.4,11,31,False,0.0
2026-09-29 17:12:57,99,144.4,144.4,11,119,False,0.0
2026-09-29 17:12:58,99,144.4,144.4,11,9,False,0.0
2026-09-29 17:12:59,99,144.4,144.4,11,5,False,0.0
2026-09-29 17:13:00,99,144.4,144.4,11,15,False,0.0
2026-09-29 17:13:01,99,144.4,144.4,11,10,False,0.0
2026-09-29 17:13:03,99,144.4,144.4,11,186,False,0.0
2026-09-29 17:13:04,99,144.4,144.4,11,9,False,0.0
2026-09-29 17:13:05,99,144.4,144.4,11,54,False,0.0
2026-09-29 17:13:06,99,144.4,144.4,11,14,False,0.0
2026-09-29 17:13:07,99,144.4,144.4,11,9,False,0.0
2026-09-29 17:13:08,99,144.4,144.4,11,20,False,0.0
2026-09-29 17:13:09,99,144.4,144.4,11,14,False,0.0
2026-09-29 17:13:11,99,144.4,144.4,11,76,False,0.0
2026-09-29 17:13:12,99,144.4,144.4,11,77,False,0.0
2026-09-29 17:13:13,99,144.4,144.4,11,15,False,0.0
2026-09-29 17:13:14,99,144.4,144.4,11,8,False,0.0
2026-09-29 17:13:15,99,144.4,144.4,11,82,False,0.0
2026-09-29 17:13:16,99,144.4,144.4,11,16,False,0.0
2026-09-29 17:13:17,99,144.4,144.4,11,10,False,0.0
2026-09-29 17:13:19,99,144.4,144.4,11,12,False,0.0
2026-09-29 17:13:20,99,144.4,144.4,11,54,False,0.0
2026-09-29 17:13:21,99,144.4,144.4,11,13,False,0.0
2026-09-29 17:13:22,99,144.4,144.4,11,161,False,0.0
2026-09-29 17:13:23,99,144.4,144.4,11,203,False,0.0
2026-09-29 17:13:25,99,144.4,144.4,11,140,False,0.0
2026-09-29 17:13:26,99,144.4,144.4,11,38,False,0.0
2026-09-29 17:13:27,99,144.4,144.4,11,94,False,0.0
2026-09-29 17:13:28,99,144.4,144.4,11,118,False,0.0
2026-09-29 17:13:29,99,144.4,144.4,11,47,False,0.0
2026-09-29 17:13:30,99,144.4,144.4,11,18,False,0.0
2026-09-29 17:13:32,99,144.4,144.4,11,35,False,0.0
2026-09-29 17:13:33,99,144.4,144.4,11,13,False,0.0
2026-09-29 17:13:34,99,144.4,144.4,11,9,False,0.0
2026-09-29 17:13:35,99,144.4,144.4,11,55,False,0.0
2026-09-29 17:13:36,99,144.4,144.4,11,207,False,0.0
2026-09-29 17:13:37,99,144.4,144.4,11,39,False,0.0
2026-09-29 17:13:39,99,144.4,144.4,11,8,False,0.0
2026-09-29 17:13:40,99,144.4,144.4,11,6,False,0.0
2026-09-29 17:13:41,99,144.4,144.4,11,5,False,0.0
2026-09-29 17:13:42,99,144.4,144.4,11,208,False,0.0
2026-09-29 17:13:43,99,144.4,144.4,11,119,False,0.0
2026-09-29 17:13:44,99,144.4,144.4,11,35,False,0.0
2026-09-29 17:13:45,99,144.4,144.4,11,9,False,0.0
2026-09-29 17:13:47,99,144.4,144.4,11,8,False,0.0
2026-09-29 17:13:48,99,144.4,144.4,11,57,False,0.0
2026-09-29 17:13:49,99,144.4,144.4,11,9,False,0.0
2026-09-29 17:13:50,99,144.4,144.4,11,5,False,0.0
2026-09-29 17:13:51,99,144.4,144.4,11,13,False,0.0
2026-09-29 17:13:52,99,144.4,144.4,11,10,False,0.0
2026-09-29 17:13:53,99,144.4,144.4,11,11,False,0.0
2026-09-29 17:13:54,99,144.4,144.4,11,9,False,0.0
2026-09-29 17:13:55,99,144.4,144.4,11,21,False,0.0
2026-09-29 17:13:57,99,144.4,144.4,11,70,False,0.0
2026-09-29 17:13:58,99,144.4,144.4,11,13,False,0.0
2026-09-29 17:13:59,99,144.4,144.4,11,123,False,0.0
2026-09-29 17:14:00,99,144.4,144.4,11,14,False,0.0
2026-09-29 17:14:01,99,144.4,144.4,11,10,False,0.0
2026-09-29 17:14:02,99,144.4,144.4,11,9,False,0.0
2026-09-29 17:14:03,99,144.4,144.4,11,8,False,0.0
2026-09-29 17:14:04,99,144.4,144.4,11,13,False,0.0
2026-09-29 17:14:06,99,144.4,144.4,11,61,False,0.0
2026-09-29 17:14:07,99,144.4,144.4,11,23,False,0.0
2026-09-29 17:14:08,99,144.4,144.4,11,30,False,0.0
2026-09-29 17:14:09,99,144.4,144.4,11,8,False,0.0
2026-09-29 17:14:10,99,144.4,144.4,11,123,False,0.0
2026-09-29 17:14:11,99,144.4,144.4,11,75,False,0.0
2026-09-29 17:14:12,99,144.4,144.4,11,9,False,0.0
2026-09-29 17:14:13,99,144.4,144.4,11,10,False,0.0
2026-09-29 17:14:15,99,144.4,144.4,11,20,False,0.0
2026-09-29 17:14:16,99,144.4,144.4,11,9,False,0.0
2026-09-29 17:14:17,99,144.4,144.4,11,126,False,0.0
2026-09-29 17:14:18,99,144.4,144.4,11,121,False,0.0
2026-09-29 17:14:19,99,144.4,144.4,11,21,False,0.0
2026-09-29 17:14:20,99,144.4,144.4,11,11,False,0.0
2026-09-29 17:14:21,99,144.4,144.4,11,9,False,0.0
2026-09-29 17:14:23,99,144.4,144.4,11,11,False,0.0
2026-09-29 17:14:24,99,144.4,144.4,11,53,False,0.0
2026-09-29 17:14:25,99,144.4,144.4,11,312,False,0.0
2026-09-29 17:14:26,99,144.4,144.4,11,133,False,0.0
2026-09-29 17:14:27,99,144.4,144.4,11,30,False,0.0
2026-09-29 17:14:29,99,144.4,144.4,11,8,False,0.0
2026-09-29 17:14:30,99,144.4,144.4,11,13,False,0.0
2026-09-29 17:14:31,99,144.4,144.4,11,109,False,0.0
2026-09-29 17:14:32,99,144.4,144.4,11,140,False,0.0
2026-09-29 17:14:33,99,144.4,144.4,11,28,False,0.0
2026-09-29 17:14:34,99,144.4,144.4,11,13,False,0.0
2026-09-29 17:14:35,99,144.4,144.4,11,9,False,0.0
2026-09-29 17:14:36,99,144.4,144.4,11,10,False,0.0
2026-09-29 17:14:38,99,144.4,144.4,11,53,False,0.0
2026-09-29 17:14:39,99,144.4,144.4,11,8,False,0.0
2026-09-29 17:14:40,99,144.4,144.4,11,8,False,0.0
2026-09-29 17:14:41,99,144.4,144.4,11,105,False,0.0
2026-09-29 17:14:42,99,144.4,144.4,11,7,False,0.0
2026-09-29 17:14:43,99,144.4,144.4,11,33,False,0.0
2026-09-29 17:14:44,99,144.4,144.4,11,14,False,0.0
2026-09-29 17:14:46,99,144.4,144.4,11,11,False,0.0
2026-09-29 17:14:47,99,144.4,144.4,11,25,False,0.0
2026-09-29 17:14:48,99,144.4,144.4,11,115,False,0.0
2026-09-29 17:14:49,99,144.4,144.4,11,75,False,0.0
2026-09-29 17:14:50,99,144.4,144.4,11,41,False,0.0
2026-09-29 17:14:51,99,144.4,144.4,11,29,False,0.0
2026-09-29 17:14:52,99,144.4,144.4,11,10,False,0.0
2026-09-29 17:14:53,99,144.4,144.4,11,20,False,0.0
2026-09-29 17:14:55,99,144.4,144.4,11,7,False,0.0
2026-09-29 17:14:56,99,144.4,144.4,11,11,False,0.0
2026-09-29 17:14:57,99,144.4,144.4,11,30,False,0.0
2026-09-29 17:14:58,99,144.4,144.4,11,183,False,0.0
2026-09-29 17:14:59,99,144.4,144.4,11,8,False,0.0
2026-09-29 17:15:00,99,144.4,144.4,11,8,False,0.0
2026-09-29 17:15:01,99,144.4,144.4,11,127,False,0.0
2026-09-29 17:15:03,99,144.4,144.4,11,6,False,0.0
2026-09-29 17:15:04,99,144.4,144.4,11,14,False,0.0
2026-09-29 17:15:05,99,144.4,144.4,11,12,False,0.0
2026-09-29 17:15:06,99,144.4,144.4,11,8,False,0.0
2026-09-29 17:15:07,99,144.4,144.4,11,161,False,0.0
2026-09-29 17:15:08,99,144.4,144.4,11,18,False,0.0
2026-09-29 17:15:09,99,144.4,144.4,11,21,False,0.0
2026-09-29 17:15:10,99,144.4,144.4,11,10,False,0.0
2026-09-29 17:15:12,99,144.4,144.4,11,8,False,0.0
2026-09-29 17:15:13,99,144.4,144.4,11,24,False,0.0
2026-09-29 17:15:14,99,144.4,144.4,11,7,False,0.0
2026-09-29 17:15:15,99,144.4,144.4,11,77,False,0.0
2026-09-29 17:15:16,99,144.4,144.4,11,105,False,0.0
2026-09-29 17:15:17,99,144.4,144.4,11,157,False,0.0
2026-09-29 17:15:19,99,144.4,144.4,11,110,False,0.0
2026-09-29 17:15:20,99,144.4,144.4,11,124,False,0.0
2026-09-29 17:15:21,99,144.4,144.4,11,43,False,0.0
2026-09-29 17:15:22,99,144.4,144.4,11,7,False,0.0
2026-09-29 17:15:23,99,144.4,144.4,11,10,False,0.0
2026-09-29 17:15:24,99,144.4,144.4,11,95,False,0.0
2026-09-29 17:15:25,99,144.4,144.4,11,6,False,0.0
2026-09-29 17:15:27,99,144.4,144.4,11,13,False,0.0
2026-09-29 17:15:28,99,144.4,144.4,11,14,False,0.0
2026-09-29 17:15:29,99,144.4,144.4,11,18,False,0.0
2026-09-29 17:15:30,99,144.4,144.4,11,11,False,0.0
2026-09-29 17:15:31,99,144.4,144.4,11,15,False,0.0
2026-09-29 17:15:32,99,144.4,144.4,11,9,False,0.0
2026-09-29 17:15:33,99,144.4,144.4,11,29,False,0.0
2026-09-29 17:15:34,99,144.4,144.4,11,44,False,0.0
2026-09-29 17:15:35,99,144.4,144.4,11,28,False,0.0
2026-09-29 17:15:36,99,144.4,144.4,11,8,False,0.0
2026-09-29 17:15:38,99,144.4,144.4,11,7,False,0.0
2026-09-29 17:15:39,99,144.4,144.4,11,10,False,0.0
2026-09-29 17:15:40,99,144.4,144.4,11,10,False,0.0
2026-09-29 17:15:41,99,144.4,144.4,11,55,False,0.0
2026-09-29 17:15:42,99,144.4,144.4,11,124,False,0.0
2026-09-29 17:15:43,99,144.4,144.4,11,12,False,0.0
2026-09-29 17:15:44,99,144.4,144.4,11,7,False,0.0
2026-09-29 17:15:46,99,144.4,144.4,11,92,False,0.0
2026-09-29 17:15:47,99,144.4,144.4,11,13,False,0.0
2026-09-29 17:15:48,99,144.4,144.4,11,7,False,0.0
2026-09-29 17:15:49,99,144.4,144.4,11,60,False,0.0
2026-09-29 17:15:50,99,144.4,144.4,11,10,False,0.0
2026-09-29 17:15:51,99,144.4,144.4,11,11,False,0.0
2026-09-29 17:15:52,99,144.4,144.4,11,35,False,0.0
2026-09-29 17:15:53,99,144.4,144.4,11,8,False,0.0
2026-09-29 17:15:55,99,144.4,144.4,11,9,False,0.0
2026-09-29 17:15:56,99,144.4,144.4,11,111,False,0.0
2026-09-29 17:15:57,99,144.4,144.4,11,8,False,0.0
2026-09-29 17:15:58,99,144.4,144.4,11,7,False,0.0
2026-09-29 17:15:59,99,144.4,144.4,11,10,False,0.0
2026-09-29 17:16:00,99,144.4,144.4,11,111,False,0.0
2026-09-29 17:16:02,99,144.4,144.4,11,142,False,0.0
2026-09-29 17:16:03,99,144.4,144.4,11,15,False,0.0
2026-09-29 17:16:04,99,144.4,144.4,11,9,False,0.0
2026-09-29 17:16:05,99,144.4,144.4,11,44,False,0.0
2026-09-29 17:16:06,99,144.4,144.4,11,18,False,0.0
2026-09-29 17:16:07,99,144.4,144.4,11,39,False,0.0
2026-09-29 17:16:08,99,144.4,144.4,11,129,False,0.0
2026-09-29 17:16:10,99,144.4,144.4,11,5,False,0.0
2026-09-29 17:16:11,99,144.4,144.4,11,4,False,0.0
2026-09-29 17:16:12,99,144.4,144.4,11,7,False,0.0
2026-09-29 17:16:13,99,144.4,144.4,11,7,False,0.0
2026-09-29 17:16:14,99,144.4,144.4,11,113,False,0.0
2026-09-29 17:16:15,99,144.4,144.4,11,7,False,0.0
2026-09-29 17:16:16,99,144.4,144.4,11,23,False,0.0
2026-09-29 17:16:18,99,144.4,144.4,11,132,False,0.0
2026-09-29 17:16:19,99,144.4,144.4,11,7,False,0.0
2026-09-29 17:16:20,99,144.4,144.4,11,7,False,0.0
2026-09-29 17:16:21,99,144.4,144.4,11,9,False,0.0
2026-09-29 17:16:22,99,144.4,144.4,11,94,False,0.0
2026-09-29 17:16:23,99,144.4,144.4,11,17,False,0.0
2026-09-29 17:16:24,99,144.4,144.4,11,66,False,0.0
2026-09-29 17:16:26,99,144.4,144.4,11,135,False,0.0
2026-09-29 17:16:27,99,144.4,144.4,11,132,False,0.0
2026-09-29 17:16:28,99,144.4,144.4,11,219,False,0.0
2026-09-29 17:16:29,99,144.4,144.4,11,66,False,0.0
2026-09-29 17:16:31,99,144.4,144.4,11,90,False,0.0
2026-09-29 17:16:32,99,144.4,144.4,11,8,False,0.0
2026-09-29 17:16:33,99,144.4,144.4,11,125,False,0.0
2026-09-29 17:16:34,99,144.4,144.4,11,125,False,0.0
2026-09-29 17:16:35,99,144.4,144.4,11,16,False,0.0
2026-09-29 17:16:36,99,144.4,144.4,11,11,False,0.0
2026-09-29 17:16:38,99,144.4,144.4,11,53,False,0.0
2026-09-29 17:16:39,99,144.4,144.4,11,36,False,0.0
2026-09-29 17:16:40,99,144.4,144.4,11,21,False,0.0
2026-09-29 17:16:41,99,144.4,144.4,11,62,False,0.0
2026-09-29 17:16:42,99,144.4,144.4,11,214,False,0.0
2026-09-29 17:16:43,99,144.4,144.4,11,28,False,0.0
2026-09-29 17:16:45,99,144.4,144.4,11,11,False,0.0
2026-09-29 17:16:46,99,144.4,144.4,11,8,False,0.0
2026-09-29 17:16:47,99,144.4,144.4,11,8,False,0.0
2026-09-29 17:16:48,99,144.4,144.4,11,7,False,0.0
2026-09-29 17:16:49,99,144.4,144.4,11,6,False,0.0
2026-09-29 17:16:50,99,144.4,144.4,11,11,False,0.0
2026-09-29 17:16:51,99,144.4,144.4,11,42,False,0.0
2026-09-29 17:16:53,99,144.4,144.4,11,221,False,0.0
2026-09-29 17:16:54,99,144.4,144.4,11,77,False,0.0
2026-09-29 17:16:55,99,144.4,144.4,11,7,False,0.0
2026-09-29 17:16:56,99,144.4,144.4,11,16,False,0.0
2026-09-29 17:16:57,99,144.4,144.4,11,11,False,0.0
2026-09-29 17:16:58,99,144.4,144.4,11,7,False,0.0
2026-09-29 17:16:59,99,144.4,144.4,11,12,False,0.0
2026-09-29 17:17:01,99,144.4,144.4,11,,True,10.0
2026-09-29 17:17:02,99,144.4,144.4,11,33,False,10.0
2026-09-29 17:17:04,99,144.4,144.4,11,20,False,10.0
2026-09-29 17:17:05,99,144.4,144.4,11,17,False,10.0
2026-09-29 17:17:06,99,144.4,144.4,11,8,False,10.0
2026-09-29 17:17:07,99,144.4,144.4,11,21,False,10.0
2026-09-29 17:17:08,99,144.4,144.4,11,77,False,10.0
2026-09-29 17:17:09,99,144.4,144.4,11,131,False,10.0
2026-09-29 17:17:11,99,144.4,144.4,11,88,False,10.0
2026-09-29 17:17:12,99,144.4,144.4,11,23,False,10.0
2026-09-29 17:17:13,99,144.4,144.4,11,131,False,0.0
2026-09-29 17:17:14,99,144.4,144.4,11,119,False,0.0
2026-09-29 17:17:16,99,144.4,144.4,11,160,False,0.0
2026-09-29 17:17:17,99,144.4,144.4,11,60,False,0.0
2026-09-29 17:17:18,99,144.4,144.4,11,14,False,0.0
2026-09-29 17:17:19,99,144.4,144.4,11,15,False,0.0
2026-09-29 17:17:20,99,144.4,144.4,11,23,False,0.0
2026-09-29 17:17:21,99,144.4,144.4,11,35,False,0.0
2026-09-29 17:17:22,99,144.4,144.4,11,125,False,0.0
2026-09-29 17:17:24,99,144.4,144.4,11,22,False,0.0
2026-09-29 17:17:25,99,144.4,144.4,11,37,False,0.0
2026-09-29 17:17:26,99,144.4,144.4,11,8,False,0.0
2026-09-29 17:17:27,99,144.4,144.4,11,14,False,0.0
2026-09-29 17:17:28,99,144.4,144.4,11,30,False,0.0
2026-09-29 17:17:29,99,144.4,144.4,11,121,False,0.0
2026-09-29 17:17:31,99,144.4,144.4,11,103,False,0.0
2026-09-29 17:17:32,99,144.4,144.4,11,36,False,0.0
2026-09-29 17:17:33,99,144.4,144.4,11,32,False,0.0
2026-09-29 17:17:34,99,144.4,144.4,11,19,False,0.0
2026-09-29 17:17:35,99,144.4,144.4,11,8,False,0.0
2026-09-29 17:17:36,99,144.4,144.4,11,145,False,0.0
2026-09-29 17:17:38,99,144.4,144.4,11,239,False,0.0
2026-09-29 17:17:39,99,144.4,144.4,11,11,False,0.0
2026-09-29 17:17:40,99,144.4,144.4,11,129,False,0.0
2026-09-29 17:17:41,99,144.4,144.4,11,7,False,0.0
2026-09-29 17:17:42,99,144.4,144.4,11,6,False,0.0
2026-09-29 17:17:43,99,144.4,144.4,11,9,False,0.0
2026-09-29 17:17:44,99,144.4,144.4,11,11,False,0.0
2026-09-29 17:17:46,99,144.4,144.4,11,122,False,0.0
2026-09-29 17:17:47,99,144.4,144.4,11,18,False,0.0
2026-09-29 17:17:48,99,144.4,144.4,11,13,False,0.0
2026-09-29 17:17:49,99,144.4,144.4,11,22,False,0.0
2026-09-29 17:17:50,99,144.4,144.4,11,115,False,0.0
2026-09-29 17:17:51,99,144.4,144.4,11,5,False,0.0
2026-09-29 17:17:52,99,144.4,144.4,11,94,False,0.0
2026-09-29 17:17:54,99,144.4,144.4,11,121,False,0.0
2026-09-29 17:17:55,99,144.4,144.4,11,133,False,0.0
2026-09-29 17:17:56,99,144.4,144.4,11,24,False,0.0
2026-09-29 17:17:57,99,144.4,144.4,11,14,False,0.0
2026-09-29 17:17:58,99,144.4,144.4,11,10,False,0.0
2026-09-29 17:18:00,99,144.4,144.4,11,,True,10.0
2026-09-29 17:18:02,99,144.4,144.4,11,,True,20.0
2026-09-29 17:18:04,99,144.4,144.4,11,,True,30.0
2026-09-29 17:18:06,99,144.4,144.4,11,,True,40.0
2026-09-29 17:18:08,99,144.4,144.4,11,,True,50.0
2026-09-29 17:18:10,99,144.4,144.4,11,,True,60.0
2026-09-29 17:18:12,99,144.4,144.4,11,,True,70.0
2026-09-29 17:18:14,99,144.4,144.4,11,,True,80.0
2026-09-29 17:18:16,99,144.4,144.4,11,,True,90.0
2026-09-29 17:18:18,99,144.4,144.4,11,,True,100.0
2026-09-29 17:18:20,99,144.4,144.4,11,,True,100.0
2026-09-29 17:18:22,99,144.4,144.4,11,,True,100.0
2026-09-29 17:18:24,99,144.4,144.4,11,,True,100.0
2026-09-29 17:18:26,99,144.4,144.4,11,,True,100.0
2026-09-29 17:18:28,99,144.4,144.4,11,,True,100.0
2026-09-29 17:18:30,99,144.4,144.4,11,,True,100.0
2026-09-29 17:18:32,99,144.4,144.4,11,,True,100.0
2026-09-29 17:18:34,99,144.4,144.4,11,,True,100.0
2026-09-29 17:18:36,99,144.4,144.4,11,,True,100.0
2026-09-29 17:18:38,99,144.4,144.4,11,,True,100.0
2026-09-29 17:18:40,99,144.4,144.4,11,,True,100.0
2026-09-29 17:18:42,99,144.4,144.4,11,,True,100.0
2026-09-29 17:18:44,99,144.4,144.4,11,,True,100.0
2026-09-29 17:18:45,99,144.4,144.4,11,,True,100.0
2026-09-29 17:18:47,99,144.4,144.4,11,,True,100.0
2026-09-29 17:18:49,99,144.4,144.4,11,,True,100.0
2026-09-29 17:18:51,99,144.4,144.4,11,,True,100.0
2026-09-29 17:18:53,99,144.4,144.4,11,,True,100.0
2026-09-29 17:18:55,99,144.4,144.4,11,,True,100.0
2026-09-29 17:18:57,99,144.4,144.4,11,,True,100.0
2026-09-29 17:18:58,99,144.4,144.4,11,9,False,90.0
2026-09-29 17:19:00,99,144.4,144.4,11,365,False,80.0
2026-09-29 17:19:01,99,144.4,144.4,11,4,False,70.0
2026-09-29 17:19:02,99,144.4,144.4,11,261,False,60.0
2026-09-29 17:19:04,99,144.4,144.4,11,394,False,50.0
2026-09-29 17:19:05,99,144.4,144.4,11,432,False,40.0
2026-09-29 17:19:07,99,144.4,144.4,11,8,False,30.0
2026-09-29 17:19:08,99,144.4,144.4,11,73,False,20.0
2026-09-29 17:19:09,99,144.4,144.4,11,142,False,10.0
2026-09-29 17:19:11,99,144.4,144.4,11,417,False,0.0
2026-09-29 17:19:12,99,144.4,144.4,11,14,False,0.0
2026-09-29 17:19:13,99,144.4,144.4,11,187,False,0.0
2026-09-29 17:19:14,99,144.4,144.4,11,62,False,0.0
2026-09-29 17:19:15,99,144.4,144.4,11,74,False,0.0
2026-09-29 17:19:17,99,144.4,144.4,11,19,False,0.0
2026-09-29 17:19:18,99,144.4,144.4,11,36,False,0.0
2026-09-29 17:19:19,99,144.4,144.4,11,11,False,0.0
2026-09-29 17:19:20,99,144.4,144.4,11,300,False,0.0
2026-09-29 17:19:22,99,144.4,144.4,11,34,False,0.0
2026-09-29 17:19:23,99,144.4,144.4,11,20,False,0.0
2026-09-29 17:19:24,99,144.4,144.4,11,29,False,0.0
2026-09-29 17:19:25,99,144.4,144.4,11,34,False,0.0
2026-09-29 17:19:26,99,144.4,144.4,11,76,False,0.0
2026-09-29 17:19:27,99,144.4,144.4,11,22,False,0.0
2026-09-29 17:19:29,99,144.4,144.4,11,300,False,0.0
2026-09-29 17:19:30,99,144.4,144.4,11,322,False,0.0
2026-09-29 17:19:32,99,144.4,144.4,11,365,False,0.0
2026-09-29 17:19:33,99,144.4,144.4,11,7,False,0.0
2026-09-29 17:19:34,99,144.4,144.4,11,31,False,0.0
2026-09-29 17:19:35,99,144.4,144.4,11,20,False,0.0
2026-09-29 17:19:36,99,144.4,144.4,11,8,False,0.0
2026-09-29 17:19:37,99,144.4,144.4,11,9,False,0.0
2026-09-29 17:19:39,99,144.4,144.4,11,211,False,0.0
2026-09-29 17:19:40,99,144.4,144.4,11,7,False,0.0
2026-09-29 17:19:41,99,144.4,144.4,11,10,False,0.0
2026-09-29 17:19:42,99,144.4,144.4,11,16,False,0.0
2026-09-29 17:19:43,99,144.4,144.4,11,20,False,0.0
2026-09-29 17:19:45,99,144.4,144.4,11,6,False,0.0
2026-09-29 17:19:46,99,144.4,144.4,11,7,False,0.0
2026-09-29 17:19:47,99,144.4,144.4,11,9,False,0.0
2026-09-29 17:19:48,99,144.4,144.4,11,22,False,0.0
2026-09-29 17:19:49,99,144.4,144.4,11,83,False,0.0
2026-09-29 17:19:50,99,144.4,144.4,11,148,False,0.0
2026-09-29 17:19:52,99,144.4,144.4,11,12,False,0.0
2026-09-29 17:19:53,99,144.4,144.4,11,18,False,0.0
2026-09-29 17:19:54,99,144.4,144.4,11,31,False,0.0
2026-09-29 17:19:55,99,144.4,144.4,11,43,False,0.0
2026-09-29 17:19:56,99,144.4,144.4,11,8,False,0.0
2026-09-29 17:19:57,99,144.4,144.4,11,11,False,0.0
2026-09-29 17:19:59,99,144.4,144.4,11,268,False,0.0
2026-09-29 17:20:00,99,144.4,144.4,11,12,False,0.0
2026-09-29 17:20:01,99,144.4,144.4,11,228,False,0.0
2026-09-29 17:20:02,99,144.4,144.4,11,15,False,0.0
2026-09-29 17:20:04,99,144.4,144.4,11,30,False,0.0
2026-09-29 17:20:05,99,144.4,144.4,11,11,False,0.0
2026-09-29 17:20:06,99,144.4,144.4,11,31,False,0.0
2026-09-29 17:20:07,99,144.4,144.4,11,150,False,0.0
2026-09-29 17:20:08,99,144.4,144.4,11,37,False,0.0
2026-09-29 17:20:10,99,144.4,144.4,11,12,False,0.0
2026-09-29 17:20:11,99,144.4,144.4,11,13,False,0.0
2026-09-29 17:20:12,99,144.4,144.4,11,7,False,0.0
2026-09-29 17:20:13,99,144.4,144.4,11,11,False,0.0
2026-09-29 17:20:15,99,144.4,144.4,11,492,False,0.0
2026-09-29 17:20:16,99,144.4,144.4,11,42,False,0.0
2026-09-29 17:20:17,99,144.4,144.4,11,361,False,0.0
2026-09-29 17:20:19,99,144.4,144.4,11,239,False,0.0
2026-09-29 17:20:20,99,144.4,144.4,11,151,False,0.0
2026-09-29 17:20:21,99,144.4,144.4,11,7,False,0.0
2026-09-29 17:20:22,99,144.4,144.4,11,84,False,0.0
2026-09-29 17:20:24,99,144.4,144.4,11,24,False,0.0
2026-09-29 17:20:25,99,144.4,144.4,11,30,False,0.0
2026-09-29 17:20:26,99,144.4,144.4,11,9,False,0.0
2026-09-29 17:20:27,99,144.4,144.4,11,11,False,0.0
2026-09-29 17:20:28,99,144.4,144.4,11,27,False,0.0
2026-09-29 17:20:29,99,144.4,144.4,11,37,False,0.0
2026-09-29 17:20:30,99,144.4,144.4,11,13,False,0.0
2026-09-29 17:20:32,99,144.4,144.4,11,111,False,0.0
2026-09-29 17:20:33,99,144.4,144.4,11,19,False,0.0
2026-09-29 17:20:34,99,144.4,144.4,11,12,False,0.0
2026-09-29 17:20:35,99,144.4,144.4,11,159,False,0.0
2026-09-29 17:20:37,99,144.4,144.4,11,291,False,0.0
2026-09-29 17:20:38,99,144.4,144.4,11,9,False,0.0
2026-09-29 17:20:39,99,144.4,144.4,11,149,False,0.0
2026-09-29 17:20:40,99,144.4,144.4,11,13,False,0.0
2026-09-29 17:20:41,99,144.4,144.4,11,8,False,0.0
2026-09-29 17:20:43,99,144.4,144.4,11,330,False,0.0
2026-09-29 17:20:44,99,144.4,144.4,11,48,False,0.0
2026-09-29 17:20:45,99,144.4,144.4,11,26,False,0.0
2026-09-29 17:20:46,99,144.4,144.4,11,26,False,0.0
2026-09-29 17:20:48,99,144.4,144.4,11,22,False,0.0
2026-09-29 17:20:49,99,144.4,144.4,11,19,False,0.0
2026-09-29 17:20:50,99,144.4,144.4,11,15,False,0.0
2026-09-29 17:20:51,99,144.4,144.4,11,10,False,0.0
2026-09-29 17:20:52,99,144.4,144.4,11,5,False,0.0
2026-09-29 17:20:53,99,144.4,144.4,11,74,False,0.0
2026-09-29 17:20:55,99,144.4,144.4,11,21,False,0.0
2026-09-29 17:20:56,99,144.4,144.4,11,147,False,0.0
2026-09-29 17:20:57,99,144.4,144.4,11,87,False,0.0
2026-09-29 17:20:58,99,144.4,144.4,11,19,False,0.0
2026-09-29 17:21:00,99,144.4,144.4,11,239,False,0.0
2026-09-29 17:21:01,99,144.4,144.4,11,108,False,0.0
2026-09-29 17:21:02,99,144.4,144.4,11,53,False,0.0
2026-09-29 17:21:03,99,144.4,144.4,11,84,False,0.0
2026-09-29 17:21:05,99,144.4,144.4,11,118,False,0.0
2026-09-29 17:21:06,99,144.4,144.4,11,76,False,0.0
2026-09-29 17:21:07,99,144.4,144.4,11,18,False,0.0
2026-09-29 17:21:08,99,144.4,144.4,11,9,False,0.0
2026-09-29 17:21:10,99,144.4,144.4,11,386,False,0.0
2026-09-29 17:21:11,99,144.4,144.4,11,66,False,0.0
2026-09-29 17:21:12,99,144.4,144.4,11,9,False,0.0
2026-09-29 17:21:13,99,144.4,144.4,11,10,False,0.0
2026-09-29 17:21:14,99,144.4,144.4,11,14,False,0.0
2026-09-29 17:21:16,99,144.4,144.4,11,178,False,0.0
2026-09-29 17:21:17,99,144.4,144.4,11,105,False,0.0
2026-09-29 17:21:18,99,144.4,144.4,11,14,False,0.0
2026-09-29 17:21:19,99,144.4,144.4,11,15,False,0.0
2026-09-29 17:21:20,99,144.4,144.4,11,8,False,0.0
2026-09-29 17:21:22,99,144.4,144.4,11,148,False,0.0
2026-09-29 17:21:23,99,144.4,144.4,11,8,False,0.0
2026-09-29 17:21:24,99,144.4,144.4,11,63,False,0.0
2026-09-29 17:21:25,99,144.4,144.4,11,154,False,0.0
2026-09-29 17:21:26,99,144.4,144.4,11,10,False,0.0
2026-09-29 17:21:28,99,144.4,144.4,11,110,False,0.0
2026-09-29 17:21:29,99,144.4,144.4,11,481,False,0.0
2026-09-29 17:21:30,99,144.4,144.4,11,75,False,0.0
2026-09-29 17:21:32,99,144.4,144.4,11,279,False,0.0
2026-09-29 17:21:33,99,144.4,144.4,11,12,False,0.0
2026-09-29 17:21:34,99,144.4,144.4,11,14,False,0.0
2026-09-29 17:21:36,99,144.4,144.4,11,,True,10.0
2026-09-29 17:21:37,99,144.4,144.4,11,83,False,10.0
2026-09-29 17:21:38,99,144.4,144.4,11,7,False,10.0
2026-09-29 17:21:39,99,144.4,144.4,11,14,False,10.0
2026-09-29 17:21:40,99,144.4,144.4,11,24,False,10.0
2026-09-29 17:21:42,99,144.4,144.4,11,329,False,10.0
2026-09-29 17:21:43,99,144.4,144.4,11,30,False,10.0
2026-09-29 17:21:44,99,144.4,144.4,11,21,False,10.0
2026-09-29 17:21:45,99,144.4,144.4,11,10,False,10.0
2026-09-29 17:21:46,99,144.4,144.4,11,8,False,10.0
2026-09-29 17:21:47,99,144.4,144.4,11,6,False,0.0
2026-09-29 17:21:48,99,144.4,144.4,11,13,False,0.0
2026-09-29 17:21:50,99,144.4,144.4,11,15,False,0.0
2026-09-29 17:21:51,99,144.4,144.4,11,6,False,0.0
2026-09-29 17:21:52,99,144.4,144.4,11,10,False,0.0
2026-09-29 17:21:53,99,144.4,144.4,11,77,False,0.0
2026-09-29 17:21:54,99,144.4,144.4,11,33,False,0.0
2026-09-29 17:21:55,99,144.4,144.4,11,119,False,0.0
2026-09-29 17:21:56,99,144.4,144.4,11,9,False,0.0
2026-09-29 17:21:58,99,144.4,144.4,11,377,False,0.0
2026-09-29 17:21:59,99,144.4,144.4,11,367,False,0.0
2026-09-29 17:22:01,99,144.4,144.4,11,254,False,0.0
2026-09-29 17:22:02,99,144.4,144.4,11,134,False,0.0
2026-09-29 17:22:03,99,144.4,144.4,11,17,False,0.0
2026-09-29 17:22:04,99,144.4,144.4,11,15,False,0.0
2026-09-29 17:22:05,99,144.4,144.4,11,80,False,0.0
2026-09-29 17:22:06,99,144.4,144.4,11,7,False,0.0
2026-09-29 17:22:08,99,144.4,144.4,11,6,False,0.0
2026-09-29 17:22:09,99,144.4,144.4,11,156,False,0.0
2026-09-29 17:22:10,99,144.4,144.4,11,38,False,0.0
2026-09-29 17:22:11,99,144.4,144.4,11,90,False,0.0
2026-09-29 17:22:12,99,144.4,144.4,11,107,False,0.0
2026-09-29 17:22:14,99,144.4,144.4,11,147,False,0.0
2026-09-29 17:22:15,99,144.4,144.4,11,401,False,0.0
2026-09-29 17:22:16,99,144.4,144.4,11,17,False,0.0
2026-09-29 17:22:18,99,144.4,144.4,11,206,False,0.0
2026-09-29 17:22:19,99,144.4,144.4,11,16,False,0.0
2026-09-29 17:22:20,99,144.4,144.4,11,72,False,0.0
2026-09-29 17:22:22,99,144.4,144.4,11,509,False,0.0
2026-09-29 17:22:23,99,144.4,144.4,11,23,False,0.0
2026-09-29 17:22:24,99,144.4,144.4,11,18,False,0.0
2026-09-29 17:22:25,99,144.4,144.4,11,13,False,0.0
2026-09-29 17:22:27,99,144.4,144.4,11,9,False,0.0
2026-09-29 17:22:28,99,144.4,144.4,11,48,False,0.0
2026-09-29 17:22:29,99,144.4,144.4,11,207,False,0.0
2026-09-29 17:22:30,99,144.4,144.4,11,15,False,0.0
2026-09-29 17:22:32,99,144.4,144.4,11,244,False,0.0
2026-09-29 17:22:33,99,144.4,144.4,11,15,False,0.0
2026-09-29 17:22:34,99,144.4,144.4,11,14,False,0.0
2026-09-29 17:22:35,99,144.4,144.4,11,14,False,0.0
2026-09-29 17:22:36,99,144.4,144.4,11,28,False,0.0
2026-09-29 17:22:38,99,144.4,144.4,11,11,False,0.0
2026-09-29 17:22:39,99,144.4,144.4,11,10,False,0.0
2026-09-29 17:22:40,99,144.4,144.4,11,43,False,0.0
2026-09-29 17:22:41,99,144.4,144.4,11,10,False,0.0
2026-09-29 17:22:42,99,144.4,144.4,11,11,False,0.0
2026-09-29 17:22:44,99,144.4,144.4,11,16,False,0.0
2026-09-29 17:22:45,99,144.4,144.4,11,17,False,0.0
2026-09-29 17:22:46,99,144.4,144.4,11,45,False,0.0
2026-09-29 17:22:47,99,144.4,144.4,11,10,False,0.0
2026-09-29 17:22:48,99,144.4,144.4,11,34,False,0.0
2026-09-29 17:22:49,99,144.4,144.4,11,10,False,0.0
2026-09-29 17:22:51,99,144.4,144.4,11,43,False,0.0
2026-09-29 17:22:52,99,144.4,144.4,11,375,False,0.0
2026-09-29 17:22:54,99,144.4,144.4,11,125,False,0.0
2026-09-29 17:22:55,99,144.4,144.4,11,285,False,0.0
2026-09-29 17:22:56,99,144.4,144.4,11,61,False,0.0
2026-09-29 17:22:57,99,144.4,144.4,11,12,False,0.0
2026-09-29 17:22:58,99,144.4,144.4,11,13,False,0.0
2026-09-29 17:23:00,99,144.4,144.4,11,17,False,0.0
2026-09-29 17:23:01,99,144.4,144.4,11,9,False,0.0
2026-09-29 17:23:02,99,144.4,144.4,11,39,False,0.0
2026-09-29 17:23:03,99,144.4,144.4,11,20,False,0.0
2026-09-29 17:23:04,99,144.4,144.4,11,20,False,0.0
2026-09-29 17:23:06,99,144.4,144.4,11,8,False,0.0
2026-09-29 17:23:07,99,144.4,144.4,11,16,False,0.0
2026-09-29 17:23:08,99,144.4,144.4,11,122,False,0.0
2026-09-29 17:23:09,99,144.4,144.4,11,39,False,0.0
2026-09-29 17:23:10,99,144.4,144.4,11,7,False,0.0
2026-09-29 17:23:12,99,144.4,144.4,11,8,False,0.0
2026-09-29 17:23:13,99,144.4,144.4,11,15,False,0.0
2026-09-29 17:23:14,99,144.4,144.4,11,154,False,0.0
2026-09-29 17:23:15,99,144.4,144.4,11,20,False,0.0
2026-09-29 17:23:17,99,144.4,144.4,11,330,False,0.0
2026-09-29 17:23:18,99,144.4,144.4,11,133,False,0.0
2026-09-29 17:23:19,99,144.4,144.4,11,95,False,0.0
2026-09-29 17:23:21,99,144.4,144.4,11,15,False,0.0
2026-09-29 17:23:22,99,144.4,144.4,11,16,False,0.0
2026-09-29 17:23:23,99,144.4,144.4,11,30,False,0.0
2026-09-29 17:23:24,99,144.4,144.4,11,321,False,0.0
2026-09-29 17:23:26,99,144.4,144.4,11,10,False,0.0
2026-09-29 17:23:27,99,144.4,144.4,11,11,False,0.0
2026-09-29 17:23:28,99,144.4,144.4,11,42,False,0.0
2026-09-29 17:23:29,99,144.4,144.4,11,20,False,0.0
2026-09-29 17:23:30,99,144.4,144.4,11,76,False,0.0
2026-09-29 17:23:32,99,144.4,144.4,11,20,False,0.0
2026-09-29 17:23:33,99,144.4,144.4,11,17,False,0.0
2026-09-29 17:23:34,99,144.4,144.4,11,392,False,0.0
2026-09-29 17:23:36,99,144.4,144.4,11,47,False,0.0
2026-09-29 17:23:37,99,144.4,144.4,11,9,False,0.0
2026-09-29 17:23:38,99,144.4,144.4,11,10,False,0.0
2026-09-29 17:23:40,99,144.4,144.4,11,,True,10.0
2026-09-29 17:23:41,99,144.4,144.4,11,32,False,10.0
2026-09-29 17:23:43,99,144.4,144.4,11,554,False,10.0
2026-09-29 17:23:44,99,144.4,144.4,11,24,False,10.0
2026-09-29 17:23:45,99,144.4,144.4,11,141,False,10.0
2026-09-29 17:23:46,99,144.4,144.4,11,16,False,10.0
2026-09-29 17:23:48,99,144.4,144.4,11,38,False,10.0
2026-09-29 17:23:49,99,144.4,144.4,11,37,False,10.0
2026-09-29 17:23:50,99,144.4,144.4,11,316,False,10.0
2026-09-29 17:23:52,99,144.4,144.4,11,11,False,10.0
2026-09-29 17:23:53,99,144.4,144.4,11,9,False,0.0
2026-09-29 17:23:54,99,144.4,144.4,11,11,False,0.0
2026-09-29 17:23:55,99,144.4,144.4,11,138,False,0.0
2026-09-29 17:23:56,99,144.4,144.4,11,13,False,0.0
2026-09-29 17:23:58,99,144.4,144.4,11,60,False,0.0
2026-09-29 17:23:59,99,144.4,144.4,11,25,False,0.0
2026-09-29 17:24:00,99,144.4,144.4,11,223,False,0.0
2026-09-29 17:24:01,99,144.4,144.4,11,20,False,0.0
2026-09-29 17:24:03,99,144.4,144.4,11,10,False,0.0
2026-09-29 17:24:04,99,144.4,144.4,11,21,False,0.0
2026-09-29 17:24:05,99,144.4,144.4,11,8,False,0.0
2026-09-29 17:24:07,99,144.4,144.4,11,347,False,0.0
2026-09-29 17:24:08,99,144.4,144.4,11,9,False,0.0
2026-09-29 17:24:09,99,144.4,144.4,11,96,False,0.0
2026-09-29 17:24:11,99,144.4,144.4,11,36,False,0.0
2026-09-29 17:24:12,99,144.4,144.4,11,320,False,0.0
2026-09-29 17:24:17,,,,,47,False,0.0
2026-09-29 17:24:18,99,144.4,144.4,11,17,False,0.0
2026-09-29 17:24:19,99,144.4,144.4,11,130,False,0.0
2026-09-29 17:24:20,99,144.4,144.4,11,110,False,0.0
2026-09-29 17:24:22,99,144.4,144.4,11,60,False,0.0
2026-09-29 17:24:23,99,144.4,144.4,11,8,False,0.0
2026-09-29 17:24:24,99,144.4,144.4,11,29,False,0.0
2026-09-29 17:24:25,99,144.4,144.4,11,11,False,0.0
2026-09-29 17:24:26,99,144.4,144.4,11,256,False,0.0
2026-09-29 17:24:27,99,144.4,144.4,11,7,False,0.0
2026-09-29 17:24:29,99,144.4,144.4,11,42,False,0.0
2026-09-29 17:24:30,99,144.4,144.4,11,6,False,0.0
2026-09-29 17:24:31,99,144.4,144.4,11,12,False,0.0
2026-09-29 17:24:32,99,144.4,144.4,11,165,False,0.0
2026-09-29 17:24:34,99,144.4,144.4,11,210,False,0.0
2026-09-29 17:24:35,99,144.4,144.4,11,5,False,0.0
2026-09-29 17:24:36,99,144.4,144.4,11,9,False,0.0
2026-09-29 17:24:37,99,144.4,144.4,11,8,False,0.0
2026-09-29 17:24:39,99,144.4,144.4,11,502,False,0.0
2026-09-29 17:24:40,99,144.4,144.4,11,24,False,0.0
2026-09-29 17:24:41,99,144.4,144.4,11,10,False,0.0
2026-09-29 17:24:42,99,144.4,144.4,11,10,False,0.0
2026-09-29 17:24:43,99,144.4,144.4,11,149,False,0.0
2026-09-29 17:24:45,99,144.4,144.4,11,235,False,0.0
2026-09-29 17:24:46,99,144.4,144.4,11,58,False,0.0
2026-09-29 17:24:48,99,144.4,144.4,11,695,False,0.0
2026-09-29 17:24:49,99,144.4,144.4,11,47,False,0.0
2026-09-29 17:24:50,99,144.4,144.4,11,10,False,0.0
2026-09-29 17:24:51,99,144.4,144.4,11,10,False,0.0
2026-09-29 17:24:52,99,144.4,144.4,11,9,False,0.0
2026-09-29 17:24:53,99,144.4,144.4,11,70,False,0.0
2026-09-29 17:24:55,99,144.4,144.4,11,133,False,0.0
2026-09-29 17:24:56,99,144.4,144.4,11,144,False,0.0
2026-09-29 17:24:57,99,144.4,144.4,11,139,False,0.0
2026-09-29 17:24:58,99,144.4,144.4,11,9,False,0.0
2026-09-29 17:25:00,99,144.4,144.4,11,451,False,0.0
2026-09-29 17:25:01,99,144.4,144.4,11,156,False,0.0
2026-09-29 17:25:02,99,144.4,144.4,11,51,False,0.0
2026-09-29 17:25:03,99,144.4,144.4,11,64,False,0.0
2026-09-29 17:25:05,99,144.4,144.4,11,170,False,0.0
2026-09-29 17:25:06,99,144.4,144.4,11,6,False,0.0
2026-09-29 17:25:07,99,144.4,144.4,11,11,False,0.0
2026-09-29 17:25:08,99,144.4,144.4,11,15,False,0.0
2026-09-29 17:25:09,99,144.4,144.4,11,9,False,0.0
2026-09-29 17:25:10,99,144.4,144.4,11,51,False,0.0
2026-09-29 17:25:12,99,144.4,144.4,11,289,False,0.0
2026-09-29 17:25:13,99,144.4,144.4,11,7,False,0.0
2026-09-29 17:25:14,99,144.4,144.4,11,13,False,0.0
2026-09-29 17:25:15,99,144.4,144.4,11,6,False,0.0
2026-09-29 17:25:17,99,144.4,144.4,11,564,False,0.0
2026-09-29 17:25:18,99,144.4,144.4,11,28,False,0.0
2026-09-29 17:25:19,99,144.4,144.4,11,259,False,0.0
2026-09-29 17:25:21,99,144.4,144.4,11,331,False,0.0
2026-09-29 17:25:22,99,144.4,144.4,11,22,False,0.0
2026-09-29 17:25:24,99,144.4,144.4,11,607,False,0.0
2026-09-29 17:25:25,99,144.4,144.4,11,10,False,0.0
2026-09-29 17:25:26,99,144.4,144.4,11,12,False,0.0
2026-09-29 17:25:27,99,144.4,144.4,11,14,False,0.0
2026-09-29 17:25:28,99,144.4,144.4,11,421,False,0.0
2026-09-29 17:25:30,99,144.4,144.4,11,126,False,0.0
2026-09-29 17:25:31,99,144.4,144.4,11,6,False,0.0
2026-09-29 17:25:32,99,144.4,144.4,11,6,False,0.0
2026-09-29 17:25:33,99,144.4,144.4,11,13,False,0.0
2026-09-29 17:25:34,99,144.4,144.4,11,107,False,0.0
2026-09-29 17:25:35,99,144.4,144.4,11,138,False,0.0
2026-09-29 17:25:37,99,144.4,144.4,11,62,False,0.0
2026-09-29 17:25:38,99,144.4,144.4,11,341,False,0.0
2026-09-29 17:25:40,99,144.4,144.4,11,529,False,0.0
2026-09-29 17:25:41,99,144.4,144.4,11,127,False,0.0
2026-09-29 17:25:42,99,144.4,144.4,11,108,False,0.0
2026-09-29 17:25:44,99,144.4,144.4,11,554,False,0.0
2026-09-29 17:25:45,99,144.4,144.4,11,281,False,0.0
2026-09-29 17:25:47,99,144.4,144.4,11,337,False,0.0
2026-09-29 17:25:48,99,144.4,144.4,11,715,False,0.0
2026-09-29 17:25:50,99,144.4,144.4,11,113,False,0.0
2026-09-29 17:25:51,99,144.4,144.4,11,6,False,0.0
2026-09-29 17:25:52,99,144.4,144.4,11,9,False,0.0
2026-09-29 17:25:53,99,144.4,144.4,11,7,False,0.0
2026-09-29 17:25:54,99,144.4,144.4,11,28,False,0.0
2026-09-29 17:25:55,99,144.4,144.4,11,9,False,0.0
2026-09-29 17:25:56,99,144.4,144.4,11,147,False,0.0
2026-09-29 17:25:58,99,144.4,144.4,11,115,False,0.0
2026-09-29 17:25:59,99,144.4,144.4,11,13,False,0.0
2026-09-29 17:26:00,99,144.4,144.4,11,477,False,0.0
2026-09-29 17:26:01,99,144.4,144.4,11,15,False,0.0
2026-09-29 17:26:03,99,144.4,144.4,11,8,False,0.0
2026-09-29 17:26:04,99,144.4,144.4,11,103,False,0.0
2026-09-29 17:26:05,99,144.4,144.4,11,7,False,0.0
2026-09-29 17:26:06,99,144.4,144.4,11,132,False,0.0
2026-09-29 17:26:07,99,144.4,144.4,11,13,False,0.0
2026-09-29 17:26:09,99,144.4,144.4,11,707,False,0.0
2026-09-29 17:26:11,99,144.4,144.4,11,,True,10.0
2026-09-29 17:26:12,99,144.4,144.4,11,8,False,10.0
2026-09-29 17:26:14,99,144.4,144.4,11,618,False,10.0
2026-09-29 17:26:15,99,144.4,144.4,11,61,False,10.0
2026-09-29 17:26:16,99,144.4,144.4,11,11,False,10.0
2026-09-29 17:26:17,99,144.4,144.4,11,14,False,10.0
2026-09-29 17:26:18,99,144.4,144.4,11,32,False,10.0
2026-09-29 17:26:19,99,144.4,144.4,11,20,False,10.0
2026-09-29 17:26:20,99,144.4,144.4,11,17,False,10.0
2026-09-29 17:26:22,99,144.4,144.4,11,343,False,10.0
2026-09-29 17:26:23,99,144.4,144.4,11,59,False,0.0
2026-09-29 17:26:24,99,144.4,144.4,11,349,False,0.0
2026-09-29 17:26:26,99,144.4,144.4,11,135,False,0.0
2026-09-29 17:26:27,99,144.4,144.4,11,119,False,0.0
2026-09-29 17:26:28,99,144.4,144.4,11,557,False,0.0
2026-09-29 17:26:30,99,144.4,144.4,11,302,False,0.0
2026-09-29 17:26:31,99,144.4,144.4,11,84,False,0.0
2026-09-29 17:26:32,99,144.4,144.4,11,140,False,0.0
2026-09-29 17:26:34,99,144.4,144.4,11,298,False,0.0
2026-09-29 17:26:35,99,144.4,144.4,11,28,False,0.0
2026-09-29 17:26:36,99,144.4,144.4,11,22,False,0.0
2026-09-29 17:26:37,99,144.4,144.4,11,73,False,0.0
2026-09-29 17:26:38,99,144.4,144.4,11,7,False,0.0
2026-09-29 17:26:40,99,144.4,144.4,11,101,False,0.0
2026-09-29 17:26:41,99,144.4,144.4,11,110,False,0.0
2026-09-29 17:26:43,99,144.4,144.4,11,749,False,0.0
2026-09-29 17:26:44,99,144.4,144.4,11,10,False,0.0
2026-09-29 17:26:45,99,144.4,144.4,11,9,False,0.0
2026-09-29 17:26:46,99,144.4,144.4,11,211,False,0.0
2026-09-29 17:26:47,99,144.4,144.4,11,9,False,0.0
2026-09-29 17:26:49,99,144.4,144.4,11,18,False,0.0
2026-09-29 17:26:50,99,144.4,144.4,11,56,False,0.0
2026-09-29 17:26:51,99,144.4,144.4,11,9,False,0.0
2026-09-29 17:26:52,99,144.4,144.4,11,9,False,0.0
2026-09-29 17:26:53,99,144.4,144.4,11,101,False,0.0
2026-09-29 17:26:54,99,144.4,144.4,11,29,False,0.0
2026-09-29 17:26:56,99,144.4,144.4,11,342,False,0.0
2026-09-29 17:26:57,99,144.4,144.4,11,6,False,0.0
2026-09-29 17:26:58,99,144.4,144.4,11,6,False,0.0
2026-09-29 17:26:59,99,144.4,144.4,11,20,False,0.0
2026-09-29 17:27:00,99,144.4,144.4,11,37,False,0.0
2026-09-29 17:27:02,99,144.4,144.4,11,236,False,0.0
2026-09-29 17:27:03,99,144.4,144.4,11,13,False,0.0
2026-09-29 17:27:04,99,144.4,144.4,11,17,False,0.0
2026-09-29 17:27:05,99,144.4,144.4,11,344,False,0.0
2026-09-29 17:27:07,99,144.4,144.4,11,34,False,0.0
2026-09-29 17:27:08,99,144.4,144.4,11,6,False,0.0
2026-09-29 17:27:09,99,144.4,144.4,11,76,False,0.0
2026-09-29 17:27:10,99,144.4,144.4,11,380,False,0.0
2026-09-29 17:27:12,99,144.4,144.4,11,217,False,0.0
2026-09-29 17:27:13,99,144.4,144.4,11,11,False,0.0
2026-09-29 17:27:14,99,144.4,144.4,11,16,False,0.0
2026-09-29 17:27:16,99,144.4,144.4,11,,True,10.0
2026-09-29 17:27:17,99,144.4,144.4,11,17,False,10.0
2026-09-29 17:27:18,99,144.4,144.4,11,25,False,10.0
2026-09-29 17:27:19,99,144.4,144.4,11,158,False,10.0
2026-09-29 17:27:21,99,144.4,144.4,11,162,False,10.0
2026-09-29 17:27:22,99,144.4,144.4,11,120,False,10.0
2026-09-29 17:27:23,99,144.4,144.4,11,129,False,10.0
2026-09-29 17:27:25,99,144.4,144.4,11,456,False,10.0
2026-09-29 17:27:26,99,144.4,144.4,11,10,False,10.0
2026-09-29 17:27:27,99,144.4,144.4,11,14,False,10.0
2026-09-29 17:27:28,99,144.4,144.4,11,9,False,0.0
2026-09-29 17:27:30,99,144.4,144.4,11,443,False,0.0
2026-09-29 17:27:31,99,144.4,144.4,11,14,False,0.0
2026-09-29 17:27:32,99,144.4,144.4,11,70,False,0.0
2026-09-29 17:27:33,99,144.4,144.4,11,11,False,0.0
2026-09-29 17:27:34,99,144.4,144.4,11,42,False,0.0
2026-09-29 17:27:36,99,144.4,144.4,11,372,False,0.0
2026-09-29 17:27:37,99,144.4,144.4,11,59,False,0.0
2026-09-29 17:27:38,99,144.4,144.4,11,6,False,0.0
2026-09-29 17:27:39,99,144.4,144.4,11,164,False,0.0
2026-09-29 17:27:41,99,144.4,144.4,11,15,False,0.0
2026-09-29 17:27:42,99,144.4,144.4,11,117,False,0.0
2026-09-29 17:27:43,99,144.4,144.4,11,16,False,0.0
2026-09-29 17:27:44,99,144.4,144.4,11,23,False,0.0
2026-09-29 17:27:45,99,144.4,144.4,11,7,False,0.0
2026-09-29 17:27:47,99,144.4,144.4,11,466,False,0.0
2026-09-29 17:27:48,99,144.4,144.4,11,8,False,0.0
2026-09-29 17:27:49,99,144.4,144.4,11,31,False,0.0
2026-09-29 17:27:50,99,144.4,144.4,11,129,False,0.0
2026-09-29 17:27:52,99,144.4,144.4,11,17,False,0.0
2026-09-29 17:27:53,99,144.4,144.4,11,81,False,0.0
2026-09-29 17:27:54,99,144.4,144.4,11,19,False,0.0
2026-09-29 17:27:55,99,144.4,144.4,11,20,False,0.0
2026-09-29 17:27:56,99,144.4,144.4,11,8,False,0.0
2026-09-29 17:27:57,99,144.4,144.4,11,8,False,0.0
2026-09-29 17:27:59,99,144.4,144.4,11,24,False,0.0
2026-09-29 17:28:00,99,144.4,144.4,11,18,False,0.0
2026-09-29 17:28:01,99,144.4,144.4,11,10,False,0.0
2026-09-29 17:28:02,99,144.4,144.4,11,24,False,0.0
2026-09-29 17:28:03,99,144.4,144.4,11,10,False,0.0
2026-09-29 17:28:04,99,144.4,144.4,11,73,False,0.0
2026-09-29 17:28:05,99,144.4,144.4,11,25,False,0.0
2026-09-29 17:28:07,99,144.4,144.4,11,330,False,0.0
2026-09-29 17:28:08,99,144.4,144.4,11,9,False,0.0
2026-09-29 17:28:09,99,144.4,144.4,11,70,False,0.0
2026-09-29 17:28:11,99,144.4,144.4,11,565,False,0.0
2026-09-29 17:28:12,99,144.4,144.4,11,6,False,0.0
2026-09-29 17:28:13,99,144.4,144.4,11,66,False,0.0
2026-09-29 17:28:15,99,144.4,144.4,11,395,False,0.0
2026-09-29 17:28:16,99,144.4,144.4,11,51,False,0.0
2026-09-29 17:28:18,99,144.4,144.4,11,,True,10.0
2026-09-29 17:28:19,99,144.4,144.4,11,384,False,10.0
2026-09-29 17:28:21,99,144.4,144.4,11,449,False,10.0
2026-09-29 17:28:22,99,144.4,144.4,11,7,False,10.0
2026-09-29 17:28:23,99,144.4,144.4,11,55,False,10.0
2026-09-29 17:28:25,99,144.4,144.4,11,152,False,10.0
2026-09-29 17:28:26,99,144.4,117.0,11,41,False,10.0
2026-09-29 17:28:27,99,144.4,117.0,11,126,False,10.0
2026-09-29 17:28:28,99,144.4,130.0,11,30,False,10.0
2026-09-29 17:28:30,99,144.4,130.0,11,161,False,10.0
2026-09-29 17:28:31,99,144.4,144.4,11,81,False,0.0
2026-09-29 17:28:33,99,144.4,144.4,11,,True,10.0
2026-09-29 17:28:34,99,144.4,144.4,11,18,False,10.0
2026-09-29 17:28:35,99,144.4,144.4,11,8,False,10.0
2026-09-29 17:28:36,99,144.4,144.4,11,12,False,10.0
2026-09-29 17:28:38,99,144.4,144.4,11,385,False,10.0
2026-09-29 17:28:39,99,144.4,144.4,11,24,False,10.0
2026-09-29 17:28:40,99,144.4,144.4,11,9,False,10.0
2026-09-29 17:28:41,99,144.4,144.4,11,12,False,10.0
2026-09-29 17:28:43,99,144.4,144.4,11,52,False,10.0
2026-09-29 17:28:44,99,144.4,144.4,11,116,False,10.0
2026-09-29 17:28:45,99,144.4,144.4,11,8,False,0.0
2026-09-29 17:28:46,99,144.4,144.4,11,27,False,0.0
2026-09-29 17:28:48,99,144.4,144.4,11,588,False,0.0
2026-09-29 17:28:49,99,144.4,144.4,11,9,False,0.0
2026-09-29 17:28:50,99,144.4,144.4,11,17,False,0.0
2026-09-29 17:28:51,99,144.4,144.4,11,8,False,0.0
2026-09-29 17:28:53,99,144.4,144.4,11,18,False,0.0
2026-09-29 17:28:54,99,144.4,144.4,11,23,False,0.0
2026-09-29 17:28:55,99,144.4,144.4,11,33,False,0.0
2026-09-29 17:28:56,99,144.4,144.4,11,8,False,0.0
2026-09-29 17:28:57,99,144.4,144.4,11,9,False,0.0
2026-09-29 17:28:58,99,144.4,144.4,11,12,False,0.0
2026-09-29 17:29:00,99,144.4,144.4,11,16,False,0.0
2026-09-29 17:29:01,99,144.4,144.4,11,158,False,0.0
2026-09-29 17:29:02,99,144.4,144.4,11,7,False,0.0
2026-09-29 17:29:03,99,144.4,144.4,11,27,False,0.0
2026-09-29 17:29:05,99,144.4,144.4,11,79,False,0.0
2026-09-29 17:29:06,99,144.4,144.4,11,7,False,0.0
2026-09-29 17:29:07,99,144.4,144.4,11,9,False,0.0
2026-09-29 17:29:08,99,144.4,144.4,11,15,False,0.0
2026-09-29 17:29:10,99,144.4,144.4,11,262,False,0.0
2026-09-29 17:29:11,99,144.4,144.4,11,13,False,0.0
2026-09-29 17:29:12,99,144.4,144.4,11,41,False,0.0
2026-09-29 17:29:13,99,144.4,144.4,11,13,False,0.0
2026-09-29 17:29:15,99,144.4,144.4,11,21,False,0.0
2026-09-29 17:29:16,99,144.4,144.4,11,65,False,0.0
2026-09-29 17:29:17,99,144.4,144.4,11,24,False,0.0
2026-09-29 17:29:18,99,144.4,144.4,11,101,False,0.0
2026-09-29 17:29:20,99,144.4,144.4,11,191,False,0.0
2026-09-29 17:29:21,99,144.4,144.4,11,79,False,0.0
2026-09-29 17:29:22,99,144.4,144.4,11,17,False,0.0
2026-09-29 17:29:24,99,144.4,144.4,11,387,False,0.0
2026-09-29 17:29:25,99,144.4,144.4,11,23,False,0.0
2026-09-29 17:29:26,99,144.4,144.4,11,7,False,0.0
2026-09-29 17:29:27,99,144.4,144.4,11,18,False,0.0
2026-09-29 17:29:29,99,144.4,144.4,11,73,False,0.0
2026-09-29 17:29:30,99,144.4,144.4,11,13,False,0.0
2026-09-29 17:29:31,99,144.4,144.4,11,38,False,0.0
2026-09-29 17:29:32,99,144.4,144.4,11,17,False,0.0
2026-09-29 17:29:33,99,144.4,144.4,11,32,False,0.0
2026-09-29 17:29:35,99,144.4,144.4,11,14,False,0.0
2026-09-29 17:29:36,99,144.4,144.4,11,9,False,0.0
2026-09-29 17:29:37,99,144.4,144.4,11,12,False,0.0
2026-09-29 17:29:38,99,144.4,144.4,11,8,False,0.0
2026-09-29 17:29:40,99,144.4,144.4,11,8,False,0.0
2026-09-29 17:29:42,99,144.4,144.4,11,6,False,0.0
2026-09-29 17:29:43,99,144.4,144.4,11,146,False,0.0
2026-09-29 17:29:44,99,144.4,144.4,11,12,False,0.0
2026-09-29 17:29:46,99,144.4,144.4,11,27,False,0.0
2026-09-29 17:29:47,99,144.4,144.4,11,10,False,0.0
2026-09-29 17:29:48,99,144.4,144.4,11,6,False,0.0
2026-09-29 17:29:49,99,144.4,144.4,11,42,False,0.0
2026-09-29 17:29:50,99,144.4,144.4,11,12,False,0.0
2026-09-29 17:29:51,99,144.4,144.4,11,14,False,0.0
2026-09-29 17:29:53,99,144.4,144.4,11,10,False,0.0
2026-09-29 17:29:54,99,144.4,144.4,11,230,False,0.0
2026-09-29 17:29:55,99,144.4,144.4,11,11,False,0.0
2026-09-29 17:29:57,99,144.4,144.4,11,415,False,0.0
2026-09-29 17:29:58,99,144.4,144.4,11,11,False,0.0
2026-09-29 17:29:59,99,144.4,144.4,11,20,False,0.0
2026-09-29 17:30:00,99,144.4,144.4,11,59,False,0.0
2026-09-29 17:30:02,99,144.4,144.4,11,21,False,0.0
2026-09-29 17:30:03,99,144.4,144.4,11,28,False,0.0
2026-09-29 17:30:04,99,144.4,144.4,11,45,False,0.0
2026-09-29 17:30:05,99,144.4,144.4,11,21,False,0.0
2026-09-29 17:30:07,99,144.4,144.4,11,144,False,0.0
2026-09-29 17:30:08,99,144.4,144.4,11,10,False,0.0
2026-09-29 17:30:09,99,144.4,144.4,11,10,False,0.0
2026-09-29 17:30:11,99,144.4,144.4,11,637,False,0.0
2026-09-29 17:30:12,99,144.4,144.4,11,8,False,0.0
2026-09-29 17:30:14,99,144.4,144.4,11,548,False,0.0
2026-09-29 17:30:15,99,144.4,144.4,11,24,False,0.0
2026-09-29 17:30:17,99,144.4,144.4,11,61,False,0.0
2026-09-29 17:30:18,99,144.4,144.4,11,16,False,0.0
2026-09-29 17:30:19,99,144.4,144.4,11,14,False,0.0
2026-09-29 17:30:20,99,144.4,144.4,11,82,False,0.0
2026-09-29 17:30:22,99,144.4,144.4,11,143,False,0.0
2026-09-29 17:30:23,99,144.4,144.4,11,269,False,0.0
2026-09-29 17:30:24,99,144.4,144.4,11,34,False,0.0
2026-09-29 17:30:26,99,144.4,144.4,11,13,False,0.0
2026-09-29 17:30:27,99,144.4,144.4,11,26,False,0.0
2026-09-29 17:30:28,99,144.4,144.4,11,11,False,0.0
2026-09-29 17:30:29,99,144.4,144.4,11,19,False,0.0
2026-09-29 17:30:31,99,144.4,144.4,11,132,False,0.0
2026-09-29 17:30:32,99,144.4,144.4,11,50,False,0.0
2026-09-29 17:30:33,99,144.4,144.4,11,92,False,0.0
2026-09-29 17:30:34,99,144.4,144.4,11,36,False,0.0
2026-09-29 17:30:36,99,144.4,144.4,11,198,False,0.0
2026-09-29 17:30:37,99,144.4,144.4,11,132,False,0.0
2026-09-29 17:30:38,98,144.4,104.0,11,21,False,0.0
2026-09-29 17:30:39,98,144.4,104.0,11,90,False,0.0
2026-09-29 17:30:41,98,144.4,130.0,11,254,False,0.0
2026-09-29 17:30:42,98,144.4,104.0,11,10,False,0.0
2026-09-29 17:30:44,98,144.4,104.0,11,146,False,0.0
2026-09-29 17:30:45,98,144.4,104.0,11,49,False,0.0
2026-09-29 17:30:46,98,72.2,78.0,11,11,False,0.0
2026-09-29 17:30:47,74,72.2,144.4,11,10,False,0.0
2026-09-29 17:30:49,74,72.2,144.4,11,332,False,0.0
2026-09-29 17:30:50,74,72.2,144.4,11,20,False,0.0
2026-09-29 17:30:51,74,72.2,78.0,11,9,False,0.0
2026-09-29 17:30:53,74,72.2,78.0,11,470,False,0.0
2026-09-29 17:30:54,74,72.2,78.0,11,22,False,0.0
2026-09-29 17:30:56,74,72.2,144.4,11,40,False,0.0
2026-09-29 17:30:57,74,72.2,144.4,11,183,False,0.0
2026-09-29 17:30:58,91,65.0,144.4,11,22,False,0.0
2026-09-29 17:30:59,91,65.0,144.4,11,16,False,0.0
2026-09-29 17:31:01,91,72.2,144.4,11,28,False,0.0
2026-09-29 17:31:02,91,72.2,144.4,11,31,False,0.0
2026-09-29 17:31:03,91,72.2,144.4,11,14,False,0.0
2026-09-29 17:31:04,91,72.2,144.4,11,12,False,0.0
2026-09-29 17:31:06,91,72.2,144.4,11,68,False,0.0
2026-09-29 17:31:07,91,72.2,144.4,11,210,False,0.0
2026-09-29 17:31:08,91,72.2,144.4,11,59,False,0.0
2026-09-29 17:31:09,91,72.2,144.4,11,118,False,0.0
2026-09-29 17:31:11,91,72.2,144.4,11,239,False,0.0
2026-09-29 17:31:12,91,72.2,144.4,11,17,False,0.0
2026-09-29 17:31:13,95,144.4,144.4,11,19,False,0.0
2026-09-29 17:31:15,95,144.4,144.4,11,135,False,0.0
2026-09-29 17:31:16,95,144.4,144.4,11,12,False,0.0
2026-09-29 17:31:17,95,144.4,130.0,11,31,False,0.0
2026-09-29 17:31:19,95,144.4,130.0,11,62,False,0.0
2026-09-29 17:31:20,92,144.4,144.4,11,248,False,0.0
2026-09-29 17:31:22,92,144.4,144.4,11,26,False,0.0
2026-09-29 17:31:24,92,144.4,144.4,11,355,False,0.0
2026-09-29 17:31:25,92,144.4,144.4,11,19,False,0.0
2026-09-29 17:31:26,92,144.4,144.4,11,6,False,0.0
2026-09-29 17:31:28,97,144.4,117.0,11,42,False,0.0
2026-09-29 17:31:29,97,144.4,117.0,11,16,False,0.0
2026-09-29 17:31:30,97,144.4,117.0,11,8,False,0.0
2026-09-29 17:31:31,97,144.4,144.4,11,15,False,0.0
2026-09-29 17:31:32,97,144.4,144.4,11,8,False,0.0
2026-09-29 17:31:34,97,144.4,144.4,11,14,False,0.0
2026-09-29 17:31:35,97,144.4,144.4,11,12,False,0.0
2026-09-29 17:31:36,95,144.4,117.0,11,25,False,0.0
2026-09-29 17:31:37,91,144.4,144.4,11,17,False,0.0
2026-09-29 17:31:38,91,144.4,144.4,11,15,False,0.0
2026-09-29 17:31:40,91,144.4,144.4,11,29,False,0.0
2026-09-29 17:31:41,91,144.4,144.4,11,10,False,0.0
2026-09-29 17:31:42,91,144.4,144.4,11,11,False,0.0
2026-09-29 17:31:43,91,144.4,144.4,11,19,False,0.0
2026-09-29 17:31:44,91,144.4,144.4,11,21,False,0.0
2026-09-29 17:31:45,91,144.4,144.4,11,7,False,0.0
2026-09-29 17:31:47,91,144.4,130.0,11,11,False,0.0
2026-09-29 17:31:48,91,144.4,130.0,11,19,False,0.0
2026-09-29 17:31:49,91,144.4,130.0,11,20,False,0.0
2026-09-29 17:31:50,91,144.4,130.0,11,19,False,0.0
2026-09-29 17:31:51,91,144.4,130.0,11,23,False,0.0
2026-09-29 17:31:53,91,144.4,144.4,11,11,False,0.0
2026-09-29 17:31:54,91,144.4,144.4,11,96,False,0.0
2026-09-29 17:31:55,91,144.4,144.4,11,30,False,0.0
2026-09-29 17:31:56,91,144.4,144.4,11,26,False,0.0
2026-09-29 17:31:58,91,144.4,144.4,11,30,False,0.0
2026-09-29 17:31:59,91,144.4,144.4,11,18,False,0.0
2026-09-29 17:32:00,91,144.4,144.4,11,12,False,0.0
2026-09-29 17:32:01,91,144.4,144.4,11,7,False,0.0
2026-09-29 17:32:02,93,144.4,130.0,11,6,False,0.0
2026-09-29 17:32:04,93,144.4,130.0,11,17,False,0.0
2026-09-29 17:32:05,93,144.4,130.0,11,6,False,0.0
2026-09-29 17:32:06,93,144.4,130.0,11,18,False,0.0
2026-09-29 17:32:07,93,144.4,130.0,11,6,False,0.0
2026-09-29 17:32:08,89,144.4,144.4,11,15,False,0.0
2026-09-29 17:32:10,89,144.4,144.4,11,9,False,0.0
2026-09-29 17:32:11,89,144.4,144.4,11,8,False,0.0
2026-09-29 17:32:12,89,144.4,144.4,11,10,False,0.0
2026-09-29 17:32:13,95,144.4,130.0,11,8,False,0.0
2026-09-29 17:32:14,95,144.4,130.0,11,18,False,0.0
2026-09-29 17:32:15,95,144.4,130.0,11,24,False,0.0
2026-09-29 17:32:17,95,144.4,144.4,11,20,False,0.0
2026-09-29 17:32:18,95,144.4,144.4,11,12,False,0.0
2026-09-29 17:32:19,95,144.4,144.4,11,61,False,0.0
2026-09-29 17:32:20,95,144.4,144.4,11,7,False,0.0
2026-09-29 17:32:21,95,144.4,144.4,11,48,False,0.0
2026-09-29 17:32:23,95,144.4,144.4,11,24,False,0.0
2026-09-29 17:32:24,95,144.4,144.4,11,11,False,0.0
2026-09-29 17:32:25,95,144.4,144.4,11,100,False,0.0
2026-09-29 17:32:26,95,144.4,144.4,11,7,False,0.0
2026-09-29 17:32:27,95,144.4,144.4,11,8,False,0.0
2026-09-29 17:32:28,95,144.4,144.4,11,18,False,0.0
2026-09-29 17:32:30,95,144.4,144.4,11,12,False,0.0
2026-09-29 17:32:31,95,144.4,144.4,11,59,False,0.0
2026-09-29 17:32:32,95,144.4,144.4,11,105,False,0.0
2026-09-29 17:32:33,95,144.4,144.4,11,110,False,0.0
2026-09-29 17:32:35,95,144.4,144.4,11,149,False,0.0
2026-09-29 17:32:36,95,144.4,144.4,11,114,False,0.0
2026-09-29 17:32:37,95,144.4,144.4,11,21,False,0.0
2026-09-29 17:32:38,95,144.4,144.4,11,155,False,0.0
2026-09-29 17:32:40,95,144.4,144.4,11,19,False,0.0
2026-09-29 17:32:41,95,144.4,144.4,11,26,False,0.0
2026-09-29 17:32:42,95,144.4,144.4,11,10,False,0.0
2026-09-29 17:32:43,95,144.4,144.4,11,9,False,0.0
2026-09-29 17:32:44,95,144.4,144.4,11,32,False,0.0
2026-09-29 17:32:46,95,144.4,144.4,11,16,False,0.0
2026-09-29 17:32:47,95,144.4,144.4,11,9,False,0.0
2026-09-29 17:32:48,95,144.4,144.4,11,21,False,0.0
2026-09-29 17:32:49,95,144.4,144.4,11,28,False,0.0
2026-09-29 17:32:50,95,144.4,144.4,11,11,False,0.0
2026-09-29 17:32:51,95,144.4,144.4,11,10,False,0.0
2026-09-29 17:32:53,95,144.4,144.4,11,15,False,0.0
2026-09-29 17:32:54,95,144.4,144.4,11,83,False,0.0
2026-09-29 17:32:55,95,144.4,144.4,11,148,False,0.0
2026-09-29 17:32:57,95,144.4,144.4,11,182,False,0.0
2026-09-29 17:32:58,95,144.4,144.4,11,17,False,0.0
2026-09-29 17:32:59,95,144.4,144.4,11,181,False,0.0
2026-09-29 17:33:00,95,144.4,144.4,11,8,False,0.0
2026-09-29 17:33:01,95,144.4,144.4,11,9,False,0.0
2026-09-29 17:33:03,95,144.4,144.4,11,270,False,0.0
2026-09-29 17:33:04,95,144.4,144.4,11,100,False,0.0
2026-09-29 17:33:05,95,144.4,144.4,11,142,False,0.0
2026-09-29 17:33:07,95,144.4,144.4,11,50,False,0.0
2026-09-29 17:33:08,92,144.4,117.0,11,96,False,0.0
2026-09-29 17:33:09,92,144.4,117.0,11,102,False,0.0
2026-09-29 17:33:10,92,144.4,117.0,11,11,False,0.0
2026-09-29 17:33:12,92,144.4,117.0,11,163,False,0.0
2026-09-29 17:33:13,92,144.4,144.4,11,27,False,0.0
2026-09-29 17:33:14,92,144.4,144.4,11,16,False,0.0
2026-09-29 17:33:15,92,144.4,144.4,11,14,False,0.0
2026-09-29 17:33:16,92,144.4,144.4,11,57,False,0.0
2026-09-29 17:33:18,92,144.4,144.4,11,22,False,0.0
2026-09-29 17:33:19,92,144.4,144.4,11,19,False,0.0
2026-09-29 17:33:20,92,144.4,144.4,11,20,False,0.0
2026-09-29 17:33:21,92,144.4,144.4,11,60,False,0.0
2026-09-29 17:33:22,92,144.4,144.4,11,14,False,0.0
2026-09-29 17:33:23,92,144.4,144.4,11,17,False,0.0
2026-09-29 17:33:25,92,144.4,144.4,11,22,False,0.0
2026-09-29 17:33:26,92,144.4,144.4,11,11,False,0.0
2026-09-29 17:33:27,92,144.4,144.4,11,247,False,0.0
2026-09-29 17:33:29,92,144.4,144.4,11,147,False,0.0
2026-09-29 17:33:30,92,144.4,144.4,11,34,False,0.0
2026-09-29 17:33:31,92,144.4,144.4,11,85,False,0.0
2026-09-29 17:33:32,92,144.4,144.4,11,72,False,0.0
2026-09-29 17:33:34,92,144.4,144.4,11,44,False,0.0
2026-09-29 17:33:36,92,144.4,144.4,11,,True,10.0
2026-09-29 17:33:38,48,144.4,144.4,11,,True,20.0
2026-09-29 17:33:39,96,144.4,144.4,11,19,False,20.0
2026-09-29 17:33:40,96,144.4,144.4,11,8,False,20.0
2026-09-29 17:33:42,96,144.4,144.4,11,,True,30.0
2026-09-29 17:33:44,96,144.4,144.4,11,,True,40.0
2026-09-29 17:33:46,96,144.4,144.4,11,,True,50.0
2026-09-29 17:33:48,96,144.4,144.4,11,,True,60.0
2026-09-29 17:33:50,96,144.4,144.4,11,,True,70.0
2026-09-29 17:33:52,96,144.4,144.4,11,,True,80.0
2026-09-29 17:33:54,96,144.4,144.4,11,,True,80.0
2026-09-29 17:33:56,96,144.4,144.4,11,,True,80.0
2026-09-29 17:33:58,96,144.4,144.4,11,,True,90.0
2026-09-29 17:34:00,96,144.4,144.4,11,,True,100.0
2026-09-29 17:34:02,96,144.4,144.4,11,,True,100.0
2026-09-29 17:34:04,96,144.4,144.4,11,,True,100.0
2026-09-29 17:34:06,96,144.4,144.4,11,,True,100.0
2026-09-29 17:34:08,96,144.4,144.4,11,,True,100.0
2026-09-29 17:34:10,96,144.4,144.4,11,,True,100.0
2026-09-29 17:34:12,96,144.4,144.4,11,,True,100.0
2026-09-29 17:34:14,96,144.4,144.4,11,,True,100.0
2026-09-29 17:34:16,96,144.4,144.4,11,36,False,90.0
2026-09-29 17:34:17,96,144.4,144.4,11,21,False,80.0
2026-09-29 17:34:18,96,144.4,144.4,11,9,False,70.0
2026-09-29 17:34:19,96,144.4,144.4,11,187,False,60.0
2026-09-29 17:34:21,96,144.4,144.4,11,7,False,50.0
2026-09-29 17:34:22,96,144.4,144.4,11,10,False,40.0
2026-09-29 17:34:23,96,144.4,144.4,11,63,False,30.0
2026-09-29 17:34:24,96,144.4,144.4,11,20,False,20.0
2026-09-29 17:34:26,96,144.4,144.4,11,11,False,10.0
2026-09-29 17:34:27,96,144.4,144.4,11,83,False,0.0
2026-09-29 17:34:28,96,144.4,144.4,11,12,False,0.0
2026-09-29 17:34:29,96,144.4,144.4,11,27,False,0.0
2026-09-29 17:34:31,96,144.4,144.4,11,57,False,0.0
2026-09-29 17:34:32,96,144.4,144.4,11,39,False,0.0
2026-09-29 17:34:33,96,144.4,144.4,11,64,False,0.0
2026-09-29 17:34:34,96,144.4,144.4,11,72,False,0.0
2026-09-29 17:34:35,96,144.4,144.4,11,11,False,0.0
2026-09-29 17:34:37,96,144.4,144.4,11,12,False,0.0
2026-09-29 17:34:38,96,144.4,144.4,11,105,False,0.0
2026-09-29 17:34:39,96,144.4,144.4,11,17,False,0.0
2026-09-29 17:34:40,96,144.4,144.4,11,10,False,0.0
2026-09-29 17:34:42,96,144.4,144.4,11,8,False,0.0
2026-09-29 17:34:43,96,144.4,144.4,11,13,False,0.0
2026-09-29 17:34:44,96,144.4,144.4,11,24,False,0.0
2026-09-29 17:34:45,96,144.4,144.4,11,21,False,0.0
2026-09-29 17:34:47,96,144.4,144.4,11,28,False,0.0
2026-09-29 17:34:48,96,144.4,144.4,11,22,False,0.0
2026-09-29 17:34:49,96,144.4,144.4,11,89,False,0.0
2026-09-29 17:34:50,96,144.4,144.4,11,92,False,0.0
2026-09-29 17:34:52,96,144.4,144.4,11,115,False,0.0
2026-09-29 17:34:53,96,144.4,144.4,11,9,False,0.0
2026-09-29 17:34:54,96,144.4,144.4,11,57,False,0.0
2026-09-29 17:34:55,96,144.4,144.4,11,6,False,0.0
2026-09-29 17:34:56,96,144.4,144.4,11,12,False,0.0
2026-09-29 17:34:58,96,144.4,144.4,11,8,False,0.0
2026-09-29 17:34:59,96,144.4,144.4,11,18,False,0.0
2026-09-29 17:35:00,96,144.4,144.4,11,10,False,0.0
2026-09-29 17:35:01,96,144.4,144.4,11,6,False,0.0
2026-09-29 17:35:03,96,144.4,144.4,11,7,False,0.0
2026-09-29 17:35:04,96,144.4,144.4,11,91,False,0.0
2026-09-29 17:35:05,96,144.4,144.4,11,9,False,0.0
2026-09-29 17:35:06,96,144.4,144.4,11,8,False,0.0
2026-09-29 17:35:08,96,144.4,144.4,11,92,False,0.0
2026-09-29 17:35:09,96,144.4,144.4,11,139,False,0.0
2026-09-29 17:35:10,96,144.4,144.4,11,193,False,0.0
2026-09-29 17:35:12,96,144.4,144.4,11,139,False,0.0
2026-09-29 17:35:13,96,144.4,144.4,11,89,False,0.0
2026-09-29 17:35:15,96,144.4,144.4,11,,True,10.0
2026-09-29 17:35:17,96,144.4,144.4,11,,True,20.0
2026-09-29 17:35:18,96,144.4,144.4,11,37,False,20.0
2026-09-29 17:35:19,96,144.4,144.4,11,25,False,20.0
2026-09-29 17:35:20,96,144.4,144.4,11,6,False,20.0
2026-09-29 17:35:21,96,144.4,144.4,11,10,False,20.0
2026-09-29 17:35:23,96,144.4,144.4,11,10,False,20.0
2026-09-29 17:35:24,96,144.4,144.4,11,13,False,20.0
2026-09-29 17:35:25,96,144.4,144.4,11,9,False,20.0
2026-09-29 17:35:26,96,144.4,144.4,11,15,False,20.0
2026-09-29 17:35:28,96,144.4,144.4,11,15,False,10.0
2026-09-29 17:35:29,96,144.4,144.4,11,88,False,0.0
2026-09-29 17:35:30,96,144.4,144.4,11,16,False,0.0
2026-09-29 17:35:31,96,144.4,144.4,11,32,False,0.0
2026-09-29 17:35:33,96,144.4,144.4,11,23,False,0.0
2026-09-29 17:35:34,96,144.4,144.4,11,21,False,0.0
2026-09-29 17:35:35,96,144.4,144.4,11,6,False,0.0
2026-09-29 17:35:36,96,144.4,144.4,11,27,False,0.0
2026-09-29 17:35:37,96,144.4,144.4,11,13,False,0.0
2026-09-29 17:35:39,96,144.4,144.4,11,31,False,0.0
2026-09-29 17:35:40,96,144.4,144.4,11,41,False,0.0
2026-09-29 17:35:41,96,144.4,144.4,11,14,False,0.0
2026-09-29 17:35:42,96,144.4,144.4,11,14,False,0.0
2026-09-29 17:35:43,96,144.4,144.4,11,18,False,0.0
2026-09-29 17:35:45,96,144.4,144.4,11,15,False,0.0
2026-09-29 17:35:46,96,144.4,144.4,11,12,False,0.0
2026-09-29 17:35:47,96,144.4,144.4,11,15,False,0.0
2026-09-29 17:35:48,96,144.4,144.4,11,33,False,0.0
2026-09-29 17:35:49,96,144.4,144.4,11,11,False,0.0
2026-09-29 17:35:51,96,144.4,144.4,11,11,False,0.0
2026-09-29 17:35:52,96,144.4,144.4,11,16,False,0.0
2026-09-29 17:35:53,96,144.4,144.4,11,13,False,0.0
2026-09-29 17:35:54,96,144.4,144.4,11,22,False,0.0
2026-09-29 17:35:56,96,144.4,144.4,11,18,False,0.0
2026-09-29 17:35:57,96,144.4,144.4,11,16,False,0.0
2026-09-29 17:35:58,96,144.4,144.4,11,10,False,0.0
2026-09-29 17:35:59,96,144.4,144.4,11,34,False,0.0
2026-09-29 17:36:01,96,144.4,144.4,11,25,False,0.0
2026-09-29 17:36:02,96,144.4,144.4,11,16,False,0.0
2026-09-29 17:36:03,96,144.4,144.4,11,99,False,0.0
2026-09-29 17:36:04,96,144.4,144.4,11,90,False,0.0
2026-09-29 17:36:05,96,144.4,144.4,11,86,False,0.0
2026-09-29 17:36:07,96,144.4,144.4,11,92,False,0.0
2026-09-29 17:36:08,96,144.4,144.4,11,60,False,0.0
2026-09-29 17:36:09,96,144.4,144.4,11,9,False,0.0
2026-09-29 17:36:11,96,144.4,144.4,11,113,False,0.0
2026-09-29 17:36:12,96,144.4,144.4,11,5,False,0.0
2026-09-29 17:36:13,96,144.4,144.4,11,8,False,0.0
2026-09-29 17:36:14,96,144.4,144.4,11,13,False,0.0
2026-09-29 17:36:16,96,144.4,144.4,11,60,False,0.0
2026-09-29 17:36:17,96,144.4,144.4,11,158,False,0.0
2026-09-29 17:36:18,96,144.4,144.4,11,66,False,0.0
2026-09-29 17:36:20,96,144.4,144.4,11,92,False,0.0
2026-09-29 17:36:21,96,144.4,144.4,11,72,False,0.0
2026-09-29 17:36:22,96,144.4,144.4,11,109,False,0.0
2026-09-29 17:36:23,96,144.4,144.4,11,12,False,0.0
2026-09-29 17:36:25,96,144.4,144.4,11,7,False,0.0
2026-09-29 17:36:26,96,144.4,144.4,11,15,False,0.0
2026-09-29 17:36:27,96,144.4,144.4,11,25,False,0.0
2026-09-29 17:36:29,96,144.4,144.4,11,164,False,0.0
2026-09-29 17:36:30,96,144.4,144.4,11,9,False,0.0
2026-09-29 17:36:31,96,144.4,144.4,11,8,False,0.0
2026-09-29 17:36:33,96,144.4,144.4,11,139,False,0.0
2026-09-29 17:36:34,96,144.4,144.4,11,12,False,0.0
2026-09-29 17:36:35,96,144.4,144.4,11,7,False,0.0
2026-09-29 17:36:37,96,144.4,144.4,11,13,False,0.0
2026-09-29 17:36:38,96,144.4,144.4,11,6,False,0.0
2026-09-29 17:36:39,96,144.4,144.4,11,13,False,0.0
2026-09-29 17:36:41,96,144.4,144.4,11,20,False,0.0
2026-09-29 17:36:42,96,144.4,144.4,11,27,False,0.0
2026-09-29 17:36:43,96,144.4,144.4,11,7,False,0.0
2026-09-29 17:36:45,96,144.4,144.4,11,16,False,0.0
2026-09-29 17:36:46,96,144.4,144.4,11,14,False,0.0
2026-09-29 17:36:47,96,144.4,144.4,11,16,False,0.0
2026-09-29 17:36:48,96,144.4,144.4,11,15,False,0.0
2026-09-29 17:36:50,96,144.4,144.4,11,11,False,0.0
2026-09-29 17:36:51,96,144.4,144.4,11,63,False,0.0
2026-09-29 17:36:52,96,144.4,144.4,11,31,False,0.0
2026-09-29 17:36:53,96,144.4,144.4,11,16,False,0.0
2026-09-29 17:36:54,96,144.4,144.4,11,8,False,0.0
2026-09-29 17:36:55,96,144.4,144.4,11,9,False,0.0
2026-09-29 17:36:57,96,144.4,144.4,11,87,False,0.0
2026-09-29 17:36:58,96,144.4,144.4,11,33,False,0.0
2026-09-29 17:36:59,96,144.4,144.4,11,142,False,0.0
2026-09-29 17:37:00,96,144.4,144.4,11,9,False,0.0
2026-09-29 17:37:02,96,144.4,144.4,11,139,False,0.0
2026-09-29 17:37:03,96,144.4,144.4,11,53,False,0.0
2026-09-29 17:37:04,96,144.4,144.4,11,8,False,0.0
2026-09-29 17:37:05,96,144.4,144.4,11,35,False,0.0
2026-09-29 17:37:06,96,144.4,144.4,11,14,False,0.0
2026-09-29 17:37:08,96,144.4,144.4,11,52,False,0.0
2026-09-29 17:37:09,96,144.4,144.4,11,21,False,0.0
2026-09-29 17:37:10,96,144.4,144.4,11,30,False,0.0
2026-09-29 17:37:11,96,144.4,144.4,11,26,False,0.0
2026-09-29 17:37:12,96,144.4,144.4,11,7,False,0.0
2026-09-29 17:37:14,96,144.4,144.4,11,48,False,0.0
2026-09-29 17:37:15,96,144.4,144.4,11,18,False,0.0
2026-09-29 17:37:16,96,144.4,144.4,11,7,False,0.0
2026-09-29 17:37:17,96,144.4,144.4,11,11,False,0.0
2026-09-29 17:37:19,96,144.4,144.4,11,29,False,0.0
2026-09-29 17:37:20,96,144.4,144.4,11,21,False,0.0
2026-09-29 17:37:21,96,144.4,144.4,11,48,False,0.0
2026-09-29 17:37:22,96,144.4,144.4,11,12,False,0.0
2026-09-29 17:37:24,96,144.4,144.4,11,18,False,0.0
2026-09-29 17:37:25,96,144.4,144.4,11,62,False,0.0
2026-09-29 17:37:26,96,144.4,144.4,11,21,False,0.0
2026-09-29 17:37:27,96,144.4,144.4,11,18,False,0.0
2026-09-29 17:37:28,96,144.4,144.4,11,21,False,0.0
2026-09-29 17:37:30,96,144.4,144.4,11,8,False,0.0
2026-09-29 17:37:31,96,144.4,144.4,11,9,False,0.0
2026-09-29 17:37:32,96,144.4,144.4,11,15,False,0.0
2026-09-29 17:37:33,96,144.4,144.4,11,13,False,0.0
2026-09-29 17:37:34,96,144.4,144.4,11,36,False,0.0
2026-09-29 17:37:36,96,144.4,144.4,11,6,False,0.0
2026-09-29 17:37:37,96,144.4,144.4,11,14,False,0.0
2026-09-29 17:37:38,96,144.4,144.4,11,7,False,0.0
2026-09-29 17:37:39,96,144.4,144.4,11,25,False,0.0
2026-09-29 17:37:40,96,144.4,144.4,11,41,False,0.0
2026-09-29 17:37:42,96,144.4,144.4,11,8,False,0.0
2026-09-29 17:37:43,96,144.4,144.4,11,8,False,0.0
2026-09-29 17:37:44,96,144.4,144.4,11,40,False,0.0
2026-09-29 17:37:46,96,144.4,144.4,11,172,False,0.0
2026-09-29 17:37:47,96,144.4,144.4,11,84,False,0.0
2026-09-29 17:37:48,96,144.4,144.4,11,9,False,0.0
2026-09-29 17:37:50,96,144.4,144.4,11,19,False,0.0
2026-09-29 17:37:51,96,144.4,144.4,11,6,False,0.0
2026-09-29 17:37:52,96,144.4,144.4,11,17,False,0.0
2026-09-29 17:37:53,96,144.4,144.4,11,12,False,0.0
2026-09-29 17:37:54,96,144.4,144.4,11,75,False,0.0
2026-09-29 17:37:55,96,144.4,144.4,11,9,False,0.0
2026-09-29 17:37:57,96,144.4,144.4,11,126,False,0.0
2026-09-29 17:37:58,96,144.4,144.4,11,141,False,0.0
2026-09-29 17:37:59,96,144.4,144.4,11,193,False,0.0
2026-09-29 17:38:01,96,144.4,144.4,11,74,False,0.0
2026-09-29 17:38:02,96,144.4,144.4,11,41,False,0.0
2026-09-29 17:38:03,96,144.4,144.4,11,59,False,0.0
2026-09-29 17:38:04,96,144.4,144.4,11,6,False,0.0
2026-09-29 17:38:05,96,144.4,144.4,11,6,False,0.0
2026-09-29 17:38:07,96,144.4,144.4,11,11,False,0.0
2026-09-29 17:38:08,96,144.4,144.4,11,10,False,0.0
2026-09-29 17:38:09,96,144.4,144.4,11,21,False,0.0
2026-09-29 17:38:10,96,144.4,144.4,11,9,False,0.0
2026-09-29 17:38:11,96,144.4,144.4,11,15,False,0.0
2026-09-29 17:38:13,96,144.4,144.4,11,12,False,0.0
2026-09-29 17:38:14,96,144.4,144.4,11,8,False,0.0
2026-09-29 17:38:15,96,144.4,144.4,11,4,False,0.0
2026-09-29 17:38:16,96,144.4,144.4,11,8,False,0.0
2026-09-29 17:38:18,96,144.4,144.4,11,14,False,0.0
2026-09-29 17:38:19,96,144.4,144.4,11,13,False,0.0
2026-09-29 17:38:20,96,144.4,144.4,11,9,False,0.0
2026-09-29 17:38:21,96,144.4,144.4,11,19,False,0.0
2026-09-29 17:38:22,96,144.4,144.4,11,8,False,0.0
2026-09-29 17:38:24,96,144.4,144.4,11,6,False,0.0
2026-09-29 17:38:25,96,144.4,144.4,11,168,False,0.0
2026-09-29 17:38:26,96,144.4,144.4,11,142,False,0.0
2026-09-29 17:38:28,96,144.4,144.4,11,63,False,0.0
2026-09-29 17:38:29,96,144.4,144.4,11,139,False,0.0
2026-09-29 17:38:30,96,144.4,144.4,11,9,False,0.0
2026-09-29 17:38:31,96,144.4,144.4,11,12,False,0.0
2026-09-29 17:38:33,96,144.4,144.4,11,133,False,0.0
2026-09-29 17:38:34,96,144.4,144.4,11,136,False,0.0
2026-09-29 17:38:35,96,144.4,144.4,11,13,False,0.0
2026-09-29 17:38:37,96,144.4,144.4,11,40,False,0.0
2026-09-29 17:38:38,96,144.4,144.4,11,16,False,0.0
2026-09-29 17:38:39,96,144.4,144.4,11,68,False,0.0
2026-09-29 17:38:40,96,144.4,144.4,11,7,False,0.0
2026-09-29 17:38:42,96,144.4,144.4,11,116,False,0.0
2026-09-29 17:38:43,96,144.4,144.4,11,246,False,0.0
2026-09-29 17:38:44,96,144.4,144.4,11,6,False,0.0
2026-09-29 17:38:46,96,144.4,144.4,11,143,False,0.0
2026-09-29 17:38:47,96,144.4,144.4,11,30,False,0.0
2026-09-29 17:38:48,96,144.4,144.4,11,81,False,0.0
2026-09-29 17:38:49,96,144.4,144.4,11,92,False,0.0
2026-09-29 17:38:51,96,144.4,144.4,11,152,False,0.0
2026-09-29 17:38:52,96,144.4,144.4,11,37,False,0.0
2026-09-29 17:38:53,96,144.4,144.4,11,178,False,0.0
2026-09-29 17:38:54,96,144.4,144.4,11,146,False,0.0
2026-09-29 17:38:56,96,144.4,144.4,11,41,False,0.0
2026-09-29 17:38:57,96,144.4,144.4,11,146,False,0.0
2026-09-29 17:38:58,96,144.4,144.4,11,124,False,0.0
2026-09-29 17:39:00,96,144.4,144.4,11,17,False,0.0
2026-09-29 17:39:01,96,144.4,144.4,11,83,False,0.0
2026-09-29 17:39:02,96,144.4,144.4,11,8,False,0.0
2026-09-29 17:39:03,96,144.4,144.4,11,44,False,0.0
2026-09-29 17:39:05,96,144.4,144.4,11,57,False,0.0
2026-09-29 17:39:06,96,144.4,144.4,11,13,False,0.0
2026-09-29 17:39:07,96,144.4,144.4,11,23,False,0.0
2026-09-29 17:39:08,96,144.4,144.4,11,52,False,0.0
2026-09-29 17:39:10,96,144.4,144.4,11,160,False,0.0
2026-09-29 17:39:11,96,144.4,144.4,11,23,False,0.0
2026-09-29 17:39:12,96,144.4,144.4,11,133,False,0.0
2026-09-29 17:39:13,96,144.4,144.4,11,7,False,0.0
2026-09-29 17:39:15,96,144.4,144.4,11,212,False,0.0
2026-09-29 17:39:16,96,144.4,144.4,11,108,False,0.0
2026-09-29 17:39:17,96,144.4,144.4,11,15,False,0.0
2026-09-29 17:39:19,96,144.4,144.4,11,66,False,0.0
2026-09-29 17:39:20,96,144.4,144.4,11,24,False,0.0
2026-09-29 17:39:21,96,144.4,144.4,11,14,False,0.0
2026-09-29 17:39:22,96,144.4,144.4,11,28,False,0.0
2026-09-29 17:39:23,96,144.4,144.4,11,21,False,0.0
2026-09-29 17:39:25,96,144.4,144.4,11,9,False,0.0
2026-09-29 17:39:26,96,144.4,144.4,11,74,False,0.0
2026-09-29 17:39:27,96,144.4,144.4,11,11,False,0.0
2026-09-29 17:39:28,96,144.4,144.4,11,9,False,0.0
2026-09-29 17:39:29,96,144.4,144.4,11,8,False,0.0
2026-09-29 17:39:31,96,144.4,144.4,11,59,False,0.0
2026-09-29 17:39:32,96,144.4,144.4,11,11,False,0.0
2026-09-29 17:39:33,96,144.4,144.4,11,14,False,0.0
2026-09-29 17:39:34,96,144.4,144.4,11,9,False,0.0
2026-09-29 17:39:36,96,144.4,144.4,11,18,False,0.0
2026-09-29 17:39:37,96,144.4,144.4,11,47,False,0.0
2026-09-29 17:39:38,96,144.4,144.4,11,8,False,0.0
2026-09-29 17:39:39,96,144.4,144.4,11,14,False,0.0
2026-09-29 17:39:40,96,144.4,144.4,11,13,False,0.0
2026-09-29 17:39:42,96,144.4,144.4,11,91,False,0.0
2026-09-29 17:39:43,96,144.4,144.4,11,17,False,0.0
2026-09-29 17:39:44,96,144.4,144.4,11,15,False,0.0
2026-09-29 17:39:45,96,144.4,144.4,11,54,False,0.0
2026-09-29 17:39:47,96,144.4,144.4,11,15,False,0.0
2026-09-29 17:39:48,96,144.4,144.4,11,12,False,0.0
2026-09-29 17:39:49,96,144.4,144.4,11,25,False,0.0
2026-09-29 17:39:50,96,144.4,144.4,11,14,False,0.0
2026-09-29 17:39:51,96,144.4,144.4,11,9,False,0.0
2026-09-29 17:39:53,96,144.4,144.4,11,24,False,0.0
2026-09-29 17:39:54,96,144.4,144.4,11,7,False,0.0
2026-09-29 17:39:55,96,144.4,144.4,11,17,False,0.0
2026-09-29 17:39:56,96,144.4,144.4,11,9,False,0.0
2026-09-29 17:39:57,96,144.4,144.4,11,40,False,0.0
2026-09-29 17:39:59,96,144.4,144.4,11,27,False,0.0
2026-09-29 17:40:00,96,144.4,144.4,11,10,False,0.0
2026-09-29 17:40:01,96,144.4,144.4,11,32,False,0.0
2026-09-29 17:40:02,96,144.4,144.4,11,30,False,0.0
2026-09-29 17:40:03,96,144.4,144.4,11,11,False,0.0
2026-09-29 17:40:05,96,144.4,144.4,11,16,False,0.0
2026-09-29 17:40:06,96,144.4,144.4,11,30,False,0.0
2026-09-29 17:40:07,96,144.4,144.4,11,55,False,0.0
2026-09-29 17:40:08,96,144.4,144.4,11,10,False,0.0
2026-09-29 17:40:09,96,144.4,144.4,11,12,False,0.0
2026-09-29 17:40:11,96,144.4,144.4,11,8,False,0.0
2026-09-29 17:40:12,96,144.4,144.4,11,28,False,0.0
2026-09-29 17:40:13,96,144.4,144.4,11,124,False,0.0
2026-09-29 17:40:14,96,144.4,144.4,11,10,False,0.0
2026-09-29 17:40:15,96,144.4,144.4,11,16,False,0.0
2026-09-29 17:40:17,96,144.4,144.4,11,8,False,0.0
2026-09-29 17:40:18,96,144.4,144.4,11,8,False,0.0
2026-09-29 17:40:19,96,144.4,144.4,11,26,False,0.0
2026-09-29 17:40:20,96,144.4,144.4,11,10,False,0.0
2026-09-29 17:40:22,96,144.4,144.4,11,151,False,0.0
2026-09-29 17:40:23,96,144.4,144.4,11,104,False,0.0
2026-09-29 17:40:24,96,144.4,144.4,11,33,False,0.0
2026-09-29 17:40:25,96,144.4,144.4,11,10,False,0.0
2026-09-29 17:40:26,96,144.4,144.4,11,75,False,0.0
2026-09-29 17:40:28,96,144.4,144.4,11,175,False,0.0
2026-09-29 17:40:29,96,144.4,144.4,11,26,False,0.0
2026-09-29 17:40:30,96,144.4,144.4,11,173,False,0.0
2026-09-29 17:40:32,96,144.4,144.4,11,151,False,0.0
2026-09-29 17:40:33,96,144.4,144.4,11,10,False,0.0
2026-09-29 17:40:34,96,144.4,144.4,11,50,False,0.0
2026-09-29 17:40:35,96,144.4,144.4,11,151,False,0.0
2026-09-29 17:40:37,96,144.4,144.4,11,61,False,0.0
2026-09-29 17:40:38,96,144.4,144.4,11,24,False,0.0
2026-09-29 17:40:39,96,144.4,144.4,11,45,False,0.0
2026-09-29 17:40:40,96,144.4,144.4,11,152,False,0.0
2026-09-29 17:40:42,96,144.4,144.4,11,255,False,0.0
2026-09-29 17:40:43,96,144.4,144.4,11,13,False,0.0
2026-09-29 17:40:45,96,144.4,144.4,11,245,False,0.0
2026-09-29 17:40:46,96,144.4,144.4,11,9,False,0.0
2026-09-29 17:40:47,96,144.4,144.4,11,10,False,0.0
2026-09-29 17:40:48,96,144.4,144.4,11,75,False,0.0
2026-09-29 17:40:50,96,144.4,144.4,11,11,False,0.0
2026-09-29 17:40:51,96,144.4,144.4,11,52,False,0.0
2026-09-29 17:40:52,96,144.4,144.4,11,35,False,0.0
2026-09-29 17:40:53,96,144.4,144.4,11,259,False,0.0
2026-09-29 17:40:55,96,144.4,144.4,11,124,False,0.0
2026-09-29 17:40:56,96,144.4,144.4,11,44,False,0.0
2026-09-29 17:40:57,96,144.4,144.4,11,18,False,0.0
2026-09-29 17:40:59,96,144.4,144.4,11,180,False,0.0
2026-09-29 17:41:00,96,144.4,144.4,11,13,False,0.0
2026-09-29 17:41:01,96,144.4,144.4,11,230,False,0.0
2026-09-29 17:41:02,96,144.4,144.4,11,8,False,0.0
2026-09-29 17:41:04,96,144.4,144.4,11,109,False,0.0
2026-09-29 17:41:05,96,144.4,144.4,11,117,False,0.0
2026-09-29 17:41:06,96,144.4,144.4,11,23,False,0.0
2026-09-29 17:41:07,96,144.4,144.4,11,30,False,0.0
2026-09-29 17:41:09,96,144.4,144.4,11,14,False,0.0
2026-09-29 17:41:10,96,144.4,144.4,11,14,False,0.0
2026-09-29 17:41:11,96,144.4,144.4,11,146,False,0.0
2026-09-29 17:41:12,96,144.4,144.4,11,111,False,0.0
2026-09-29 17:41:14,96,144.4,144.4,11,64,False,0.0
2026-09-29 17:41:15,96,144.4,144.4,11,56,False,0.0
2026-09-29 17:41:16,96,144.4,144.4,11,18,False,0.0
2026-09-29 17:41:17,96,144.4,144.4,11,8,False,0.0
2026-09-29 17:41:19,96,144.4,144.4,11,10,False,0.0
2026-09-29 17:41:20,96,144.4,144.4,11,71,False,0.0
2026-09-29 17:41:21,96,144.4,144.4,11,24,False,0.0
2026-09-29 17:41:22,96,144.4,144.4,11,8,False,0.0
2026-09-29 17:41:23,96,144.4,144.4,11,11,False,0.0
2026-09-29 17:41:25,96,144.4,144.4,11,18,False,0.0
2026-09-29 17:41:26,96,144.4,144.4,11,9,False,0.0
2026-09-29 17:41:27,96,144.4,144.4,11,178,False,0.0
2026-09-29 17:41:28,96,144.4,144.4,11,21,False,0.0
2026-09-29 17:41:30,96,144.4,144.4,11,26,False,0.0
2026-09-29 17:41:31,96,144.4,144.4,11,69,False,0.0
2026-09-29 17:41:32,96,144.4,144.4,11,9,False,0.0
2026-09-29 17:41:33,96,144.4,144.4,11,8,False,0.0
2026-09-29 17:41:34,96,144.4,144.4,11,9,False,0.0
2026-09-29 17:41:35,96,144.4,144.4,11,6,False,0.0
2026-09-29 17:41:37,96,144.4,144.4,11,9,False,0.0
2026-09-29 17:41:38,96,144.4,144.4,11,5,False,0.0
2026-09-29 17:41:39,96,144.4,144.4,11,6,False,0.0
2026-09-29 17:41:40,96,144.4,144.4,11,18,False,0.0
2026-09-29 17:41:41,96,144.4,144.4,11,9,False,0.0
2026-09-29 17:41:42,96,144.4,144.4,11,11,False,0.0
2026-09-29 17:41:44,96,144.4,144.4,11,43,False,0.0
2026-09-29 17:41:45,96,144.4,144.4,11,6,False,0.0
2026-09-29 17:41:46,96,144.4,144.4,11,17,False,0.0
2026-09-29 17:41:47,96,144.4,144.4,11,7,False,0.0
2026-09-29 17:41:49,96,144.4,144.4,11,17,False,0.0
2026-09-29 17:41:50,96,144.4,144.4,11,12,False,0.0
2026-09-29 17:41:51,96,144.4,144.4,11,12,False,0.0
2026-09-29 17:41:52,96,144.4,144.4,11,8,False,0.0
2026-09-29 17:41:53,96,144.4,144.4,11,8,False,0.0
2026-09-29 17:41:55,96,144.4,144.4,11,6,False,0.0
2026-09-29 17:41:56,96,144.4,144.4,11,31,False,0.0
2026-09-29 17:41:57,96,144.4,144.4,11,6,False,0.0
2026-09-29 17:41:58,96,144.4,144.4,11,43,False,0.0
2026-09-29 17:41:59,96,144.4,144.4,11,52,False,0.0
2026-09-29 17:42:01,96,144.4,144.4,11,32,False,0.0
2026-09-29 17:42:02,96,144.4,144.4,11,10,False,0.0
2026-09-29 17:42:03,96,144.4,144.4,11,6,False,0.0
2026-09-29 17:42:04,96,144.4,144.4,11,10,False,0.0
2026-09-29 17:42:05,96,144.4,144.4,11,18,False,0.0
2026-09-29 17:42:06,96,144.4,144.4,11,7,False,0.0
2026-09-29 17:42:08,96,144.4,144.4,11,15,False,0.0
2026-09-29 17:42:09,96,144.4,144.4,11,117,False,0.0
2026-09-29 17:42:10,96,144.4,144.4,11,57,False,0.0
2026-09-29 17:42:11,96,144.4,144.4,11,132,False,0.0
2026-09-29 17:42:13,96,144.4,144.4,11,8,False,0.0
2026-09-29 17:42:14,96,144.4,144.4,11,191,False,0.0
2026-09-29 17:42:15,96,144.4,144.4,11,7,False,0.0
2026-09-29 17:42:17,96,144.4,144.4,11,16,False,0.0
2026-09-29 17:42:18,96,144.4,144.4,11,103,False,0.0
2026-09-29 17:42:19,96,144.4,144.4,11,30,False,0.0
2026-09-29 17:42:20,96,144.4,144.4,11,9,False,0.0
2026-09-29 17:42:22,96,144.4,144.4,11,92,False,0.0
2026-09-29 17:42:23,96,144.4,144.4,11,26,False,0.0
2026-09-29 17:42:24,96,144.4,144.4,11,126,False,0.0
2026-09-29 17:42:25,96,144.4,144.4,11,9,False,0.0
2026-09-29 17:42:27,96,144.4,144.4,11,50,False,0.0
2026-09-29 17:42:28,96,144.4,144.4,11,6,False,0.0
2026-09-29 17:42:29,96,144.4,144.4,11,65,False,0.0
2026-09-29 17:42:30,96,144.4,144.4,11,8,False,0.0
2026-09-29 17:42:31,96,144.4,144.4,11,10,False,0.0
2026-09-29 17:42:33,96,144.4,144.4,11,117,False,0.0
2026-09-29 17:42:34,96,144.4,144.4,11,6,False,0.0
2026-09-29 17:42:35,96,144.4,144.4,11,7,False,0.0
2026-09-29 17:42:36,96,144.4,144.4,11,13,False,0.0
2026-09-29 17:42:38,96,144.4,144.4,11,27,False,0.0
2026-09-29 17:42:39,96,144.4,144.4,11,9,False,0.0
2026-09-29 17:42:40,96,144.4,144.4,11,11,False,0.0
2026-09-29 17:42:41,96,144.4,144.4,11,13,False,0.0
2026-09-29 17:42:42,96,144.4,144.4,11,18,False,0.0
2026-09-29 17:42:44,96,144.4,144.4,11,24,False,0.0
2026-09-29 17:42:45,96,144.4,144.4,11,5,False,0.0
2026-09-29 17:42:46,96,144.4,144.4,11,30,False,0.0
2026-09-29 17:42:47,96,144.4,144.4,11,6,False,0.0
2026-09-29 17:42:49,96,144.4,144.4,11,23,False,0.0
2026-09-29 17:42:50,96,144.4,144.4,11,38,False,0.0
2026-09-29 17:42:51,96,144.4,144.4,11,23,False,0.0
2026-09-29 17:42:52,96,144.4,144.4,11,162,False,0.0
2026-09-29 17:42:54,96,144.4,144.4,11,29,False,0.0
2026-09-29 17:42:55,96,144.4,144.4,11,8,False,0.0
2026-09-29 17:42:56,96,144.4,144.4,11,6,False,0.0
2026-09-29 17:42:58,96,144.4,144.4,11,6,False,0.0
2026-09-29 17:42:59,96,144.4,144.4,11,76,False,0.0
2026-09-29 17:43:00,96,144.4,144.4,11,24,False,0.0
2026-09-29 17:43:01,96,144.4,144.4,11,54,False,0.0
2026-09-29 17:43:02,96,144.4,144.4,11,19,False,0.0
2026-09-29 17:43:04,96,144.4,144.4,11,11,False,0.0
2026-09-29 17:43:05,96,144.4,144.4,11,13,False,0.0
2026-09-29 17:43:06,96,144.4,144.4,11,5,False,0.0
2026-09-29 17:43:07,96,144.4,144.4,11,50,False,0.0
2026-09-29 17:43:08,96,144.4,144.4,11,45,False,0.0
2026-09-29 17:43:10,96,144.4,144.4,11,36,False,0.0
2026-09-29 17:43:11,96,144.4,144.4,11,19,False,0.0
2026-09-29 17:43:12,96,144.4,144.4,11,13,False,0.0
2026-09-29 17:43:13,96,144.4,144.4,11,11,False,0.0
2026-09-29 17:43:14,96,144.4,144.4,11,46,False,0.0
2026-09-29 17:43:16,96,144.4,144.4,11,5,False,0.0
2026-09-29 17:43:17,96,144.4,144.4,11,10,False,0.0
2026-09-29 17:43:18,96,144.4,144.4,11,69,False,0.0
2026-09-29 17:43:19,96,144.4,144.4,11,15,False,0.0
2026-09-29 17:43:21,96,144.4,144.4,11,75,False,0.0
2026-09-29 17:43:22,96,144.4,144.4,11,9,False,0.0
2026-09-29 17:43:23,96,144.4,144.4,11,27,False,0.0
2026-09-29 17:43:24,96,144.4,144.4,11,9,False,0.0
2026-09-29 17:43:26,96,144.4,144.4,11,10,False,0.0
2026-09-29 17:43:27,96,144.4,144.4,11,21,False,0.0
2026-09-29 17:43:28,96,144.4,144.4,11,21,False,0.0
2026-09-29 17:43:29,96,144.4,144.4,11,31,False,0.0
2026-09-29 17:43:30,96,144.4,144.4,11,32,False,0.0
2026-09-29 17:43:32,96,144.4,144.4,11,12,False,0.0
2026-09-29 17:43:33,96,144.4,144.4,11,10,False,0.0
2026-09-29 17:43:34,96,144.4,144.4,11,6,False,0.0
2026-09-29 17:43:35,96,144.4,144.4,11,9,False,0.0
2026-09-29 17:43:36,96,144.4,144.4,11,13,False,0.0
2026-09-29 17:43:38,96,144.4,144.4,11,12,False,0.0
2026-09-29 17:43:39,96,144.4,144.4,11,20,False,0.0
2026-09-29 17:43:40,96,144.4,144.4,11,8,False,0.0
2026-09-29 17:43:41,96,144.4,144.4,11,10,False,0.0
2026-09-29 17:43:42,96,144.4,130.0,11,135,False,0.0
2026-09-29 17:43:44,96,144.4,130.0,11,92,False,0.0
2026-09-29 17:43:45,96,144.4,130.0,11,14,False,0.0
2026-09-29 17:43:46,96,144.4,130.0,11,21,False,0.0
2026-09-29 17:43:48,96,144.4,144.4,11,205,False,0.0
2026-09-29 17:43:49,96,144.4,144.4,11,12,False,0.0
2026-09-29 17:43:50,96,144.4,144.4,11,46,False,0.0
2026-09-29 17:43:52,96,144.4,144.4,11,113,False,0.0
2026-09-29 17:43:53,96,144.4,144.4,11,29,False,0.0
2026-09-29 17:43:54,96,144.4,144.4,11,40,False,0.0
2026-09-29 17:43:55,96,144.4,144.4,11,14,False,0.0
2026-09-29 17:43:56,96,144.4,144.4,11,28,False,0.0
2026-09-29 17:43:57,96,144.4,144.4,11,14,False,0.0
2026-09-29 17:43:59,96,144.4,144.4,11,11,False,0.0
2026-09-29 17:44:00,96,144.4,144.4,11,13,False,0.0
2026-09-29 17:44:01,96,144.4,144.4,11,45,False,0.0
2026-09-29 17:44:02,96,144.4,144.4,11,12,False,0.0
2026-09-29 17:44:04,96,144.4,144.4,11,8,False,0.0
2026-09-29 17:44:05,96,144.4,144.4,11,15,False,0.0
2026-09-29 17:44:06,96,144.4,144.4,11,6,False,0.0
2026-09-29 17:44:07,96,144.4,144.4,11,69,False,0.0
2026-09-29 17:44:09,96,144.4,144.4,11,10,False,0.0
2026-09-29 17:44:10,96,144.4,144.4,11,8,False,0.0
2026-09-29 17:44:11,96,144.4,144.4,11,49,False,0.0
2026-09-29 17:44:12,96,144.4,144.4,11,29,False,0.0
2026-09-29 17:44:13,96,144.4,144.4,11,8,False,0.0
2026-09-29 17:44:15,96,144.4,144.4,11,9,False,0.0
2026-09-29 17:44:16,96,144.4,144.4,11,114,False,0.0
2026-09-29 17:44:17,96,144.4,144.4,11,10,False,0.0
2026-09-29 17:44:18,96,144.4,144.4,11,7,False,0.0
2026-09-29 17:44:20,96,144.4,144.4,11,11,False,0.0
2026-09-29 17:44:21,96,144.4,144.4,11,7,False,0.0
2026-09-29 17:44:22,96,144.4,144.4,11,10,False,0.0
2026-09-29 17:44:23,96,144.4,144.4,11,16,False,0.0
2026-09-29 17:44:24,96,144.4,144.4,11,100,False,0.0
2026-09-29 17:44:26,96,144.4,144.4,11,165,False,0.0
2026-09-29 17:44:27,96,144.4,144.4,11,9,False,0.0
2026-09-29 17:44:28,96,144.4,144.4,11,10,False,0.0
2026-09-29 17:44:29,96,144.4,144.4,11,11,False,0.0
2026-09-29 17:44:31,96,144.4,144.4,11,15,False,0.0
2026-09-29 17:44:32,96,144.4,144.4,11,70,False,0.0
2026-09-29 17:44:33,96,144.4,144.4,11,8,False,0.0
2026-09-29 17:44:34,96,144.4,144.4,11,38,False,0.0
2026-09-29 17:44:35,96,144.4,144.4,11,7,False,0.0
2026-09-29 17:44:36,96,144.4,144.4,11,7,False,0.0
2026-09-29 17:44:38,96,144.4,144.4,11,9,False,0.0
2026-09-29 17:44:39,96,144.4,144.4,11,6,False,0.0
2026-09-29 17:44:40,96,144.4,144.4,11,31,False,0.0
2026-09-29 17:44:41,96,144.4,144.4,11,66,False,0.0
2026-09-29 17:44:42,96,144.4,144.4,11,64,False,0.0
2026-09-29 17:44:43,96,144.4,144.4,11,22,False,0.0
2026-09-29 17:44:45,96,144.4,144.4,11,9,False,0.0
2026-09-29 17:44:46,96,144.4,144.4,11,8,False,0.0
2026-09-29 17:44:47,96,144.4,144.4,11,11,False,0.0
2026-09-29 17:44:48,96,144.4,144.4,11,42,False,0.0
2026-09-29 17:44:49,96,144.4,144.4,11,14,False,0.0
2026-09-29 17:44:51,96,144.4,144.4,11,7,False,0.0
2026-09-29 17:44:52,96,144.4,144.4,11,7,False,0.0
2026-09-29 17:44:53,96,144.4,144.4,11,20,False,0.0
2026-09-29 17:44:54,96,144.4,144.4,11,10,False,0.0
2026-09-29 17:44:55,96,144.4,144.4,11,9,False,0.0
2026-09-29 17:44:57,96,144.4,144.4,11,63,False,0.0
2026-09-29 17:44:58,96,144.4,144.4,11,11,False,0.0
2026-09-29 17:44:59,96,144.4,144.4,11,5,False,0.0
2026-09-29 17:45:00,96,144.4,144.4,11,12,False,0.0
2026-09-29 17:45:01,96,144.4,144.4,11,5,False,0.0
2026-09-29 17:45:02,96,144.4,144.4,11,21,False,0.0
2026-09-29 17:45:04,96,144.4,144.4,11,29,False,0.0
2026-09-29 17:45:05,96,144.4,144.4,11,6,False,0.0
2026-09-29 17:45:06,96,144.4,144.4,11,6,False,0.0
2026-09-29 17:45:07,96,144.4,144.4,11,8,False,0.0
2026-09-29 17:45:08,96,144.4,144.4,11,10,False,0.0
2026-09-29 17:45:10,96,144.4,144.4,11,9,False,0.0
2026-09-29 17:45:11,96,144.4,144.4,11,6,False,0.0
2026-09-29 17:45:12,96,144.4,144.4,11,31,False,0.0
2026-09-29 17:45:13,96,144.4,144.4,11,10,False,0.0
2026-09-29 17:45:14,96,144.4,144.4,11,20,False,0.0
2026-09-29 17:45:15,96,144.4,144.4,11,17,False,0.0
2026-09-29 17:45:17,96,144.4,144.4,11,60,False,0.0
2026-09-29 17:45:18,96,144.4,144.4,11,24,False,0.0
2026-09-29 17:45:19,96,144.4,144.4,11,21,False,0.0
2026-09-29 17:45:20,96,144.4,144.4,11,21,False,0.0
2026-09-29 17:45:21,96,144.4,144.4,11,40,False,0.0
2026-09-29 17:45:23,99,144.4,130.0,11,10,False,0.0
2026-09-29 17:45:24,99,144.4,130.0,11,7,False,0.0
2026-09-29 17:45:25,99,144.4,130.0,11,53,False,0.0
2026-09-29 17:45:26,99,144.4,130.0,11,9,False,0.0
2026-09-29 17:45:27,99,144.4,144.4,11,7,False,0.0
2026-09-29 17:45:29,99,144.4,144.4,11,10,False,0.0
2026-09-29 17:45:30,99,144.4,144.4,11,97,False,0.0
2026-09-29 17:45:31,99,144.4,144.4,11,142,False,0.0
2026-09-29 17:45:32,99,144.4,144.4,11,83,False,0.0
2026-09-29 17:45:34,99,144.4,144.4,11,9,False,0.0
2026-09-29 17:45:35,99,144.4,144.4,11,23,False,0.0
2026-09-29 17:45:36,99,144.4,144.4,11,52,False,0.0
2026-09-29 17:45:37,99,144.4,144.4,11,27,False,0.0
2026-09-29 17:45:38,99,144.4,144.4,11,19,False,0.0
2026-09-29 17:45:40,99,144.4,144.4,11,14,False,0.0
2026-09-29 17:45:41,99,144.4,144.4,11,17,False,0.0
2026-09-29 17:45:42,99,144.4,144.4,11,10,False,0.0
2026-09-29 17:45:44,99,144.4,144.4,11,13,False,0.0
2026-09-29 17:45:45,99,144.4,144.4,11,8,False,0.0
2026-09-29 17:45:46,99,144.4,144.4,11,11,False,0.0
2026-09-29 17:45:48,99,144.4,144.4,11,24,False,0.0
2026-09-29 17:45:49,99,144.4,144.4,11,44,False,0.0
2026-09-29 17:45:50,99,144.4,144.4,11,35,False,0.0
2026-09-29 17:45:52,99,144.4,144.4,11,18,False,0.0
2026-09-29 17:45:53,99,144.4,144.4,11,12,False,0.0
2026-09-29 17:45:54,99,144.4,144.4,11,32,False,0.0
2026-09-29 17:45:56,99,144.4,144.4,11,45,False,0.0
2026-09-29 17:45:57,99,144.4,144.4,11,57,False,0.0
2026-09-29 17:45:58,99,144.4,144.4,11,128,False,0.0
2026-09-29 17:45:59,99,144.4,144.4,11,115,False,0.0
2026-09-29 17:46:01,99,144.4,144.4,11,136,False,0.0
2026-09-29 17:46:02,99,144.4,144.4,11,93,False,0.0
2026-09-29 17:46:03,99,144.4,144.4,11,105,False,0.0
2026-09-29 17:46:04,99,144.4,144.4,11,13,False,0.0
2026-09-29 17:46:06,99,144.4,144.4,11,94,False,0.0
2026-09-29 17:46:07,99,144.4,144.4,11,218,False,0.0
2026-09-29 17:46:08,99,144.4,144.4,11,72,False,0.0
2026-09-29 17:46:10,99,144.4,144.4,11,134,False,0.0
2026-09-29 17:46:11,99,144.4,144.4,11,65,False,0.0
2026-09-29 17:46:12,99,144.4,144.4,11,78,False,0.0
2026-09-29 17:46:13,99,144.4,144.4,11,122,False,0.0
2026-09-29 17:46:15,99,144.4,144.4,11,9,False,0.0
2026-09-29 17:46:16,99,144.4,144.4,11,120,False,0.0
2026-09-29 17:46:17,99,144.4,144.4,11,35,False,0.0
2026-09-29 17:46:18,99,144.4,144.4,11,140,False,0.0
2026-09-29 17:46:20,99,144.4,144.4,11,9,False,0.0
2026-09-29 17:46:21,99,144.4,144.4,11,115,False,0.0
2026-09-29 17:46:22,99,144.4,144.4,11,11,False,0.0
2026-09-29 17:46:23,99,144.4,144.4,11,9,False,0.0
2026-09-29 17:46:24,99,144.4,144.4,11,9,False,0.0
2026-09-29 17:46:26,99,144.4,144.4,11,52,False,0.0
2026-09-29 17:46:27,99,144.4,144.4,11,11,False,0.0
2026-09-29 17:46:28,99,144.4,144.4,11,6,False,0.0
2026-09-29 17:46:29,99,144.4,144.4,11,16,False,0.0
2026-09-29 17:46:30,99,144.4,144.4,11,52,False,0.0
2026-09-29 17:46:32,99,144.4,144.4,11,11,False,0.0
2026-09-29 17:46:33,99,144.4,144.4,11,20,False,0.0
2026-09-29 17:46:34,99,144.4,144.4,11,129,False,0.0
2026-09-29 17:46:36,99,144.4,144.4,11,99,False,0.0
2026-09-29 17:46:37,99,144.4,144.4,11,143,False,0.0
2026-09-29 17:46:38,99,144.4,144.4,11,57,False,0.0
2026-09-29 17:46:39,99,144.4,144.4,11,52,False,0.0
2026-09-29 17:46:41,99,144.4,144.4,11,158,False,0.0
2026-09-29 17:46:42,99,144.4,144.4,11,69,False,0.0
2026-09-29 17:46:43,99,144.4,144.4,11,164,False,0.0
2026-09-29 17:46:44,99,144.4,144.4,11,39,False,0.0
2026-09-29 17:46:46,99,144.4,144.4,11,9,False,0.0
2026-09-29 17:46:47,99,144.4,144.4,11,8,False,0.0
2026-09-29 17:46:48,99,144.4,144.4,11,12,False,0.0
2026-09-29 17:46:49,99,144.4,144.4,11,29,False,0.0
2026-09-29 17:46:50,99,144.4,144.4,11,18,False,0.0
2026-09-29 17:46:51,99,144.4,144.4,11,22,False,0.0
2026-09-29 17:46:53,99,144.4,144.4,11,11,False,0.0
2026-09-29 17:46:54,99,144.4,144.4,11,7,False,0.0
2026-09-29 17:46:55,99,144.4,144.4,11,8,False,0.0
2026-09-29 17:46:56,99,144.4,144.4,11,15,False,0.0
2026-09-29 17:46:57,99,144.4,144.4,11,9,False,0.0
2026-09-29 17:46:59,99,144.4,144.4,11,144,False,0.0
2026-09-29 17:47:00,99,144.4,144.4,11,28,False,0.0
2026-09-29 17:47:01,99,144.4,144.4,11,17,False,0.0
2026-09-29 17:47:02,99,144.4,144.4,11,34,False,0.0
2026-09-29 17:47:04,99,144.4,144.4,11,28,False,0.0
2026-09-29 17:47:05,99,144.4,144.4,11,93,False,0.0
2026-09-29 17:47:06,99,144.4,144.4,11,7,False,0.0
2026-09-29 17:47:07,99,144.4,144.4,11,10,False,0.0
2026-09-29 17:47:09,99,144.4,144.4,11,134,False,0.0
2026-09-29 17:47:10,99,144.4,144.4,11,151,False,0.0
2026-09-29 17:47:11,99,144.4,144.4,11,130,False,0.0
2026-09-29 17:47:12,99,144.4,144.4,11,20,False,0.0
2026-09-29 17:47:14,99,144.4,144.4,11,8,False,0.0
2026-09-29 17:47:15,99,144.4,144.4,11,21,False,0.0
2026-09-29 17:47:16,99,144.4,144.4,11,11,False,0.0
2026-09-29 17:47:17,99,144.4,144.4,11,12,False,0.0
2026-09-29 17:47:18,99,144.4,144.4,11,20,False,0.0
2026-09-29 17:47:20,99,144.4,144.4,11,8,False,0.0
2026-09-29 17:47:21,99,144.4,144.4,11,45,False,0.0
2026-09-29 17:47:22,99,144.4,144.4,11,9,False,0.0
2026-09-29 17:47:23,99,144.4,144.4,11,73,False,0.0
2026-09-29 17:47:24,99,144.4,144.4,11,7,False,0.0
2026-09-29 17:47:25,99,144.4,144.4,11,132,False,0.0
2026-09-29 17:47:27,99,144.4,144.4,11,32,False,0.0
2026-09-29 17:47:28,99,144.4,144.4,11,89,False,0.0
2026-09-29 17:47:29,99,144.4,144.4,11,12,False,0.0
2026-09-29 17:47:30,99,144.4,144.4,11,116,False,0.0
2026-09-29 17:47:32,99,144.4,144.4,11,104,False,0.0
2026-09-29 17:47:33,99,144.4,144.4,11,18,False,0.0
2026-09-29 17:47:34,99,144.4,144.4,11,156,False,0.0
2026-09-29 17:47:36,99,144.4,144.4,11,8,False,0.0
2026-09-29 17:47:37,99,144.4,144.4,11,310,False,0.0
2026-09-29 17:47:38,99,144.4,144.4,11,21,False,0.0
2026-09-29 17:47:39,99,144.4,144.4,11,138,False,0.0
2026-09-29 17:47:41,99,144.4,144.4,11,13,False,0.0
2026-09-29 17:47:42,99,144.4,144.4,11,8,False,0.0
2026-09-29 17:47:43,99,144.4,144.4,11,117,False,0.0
2026-09-29 17:47:45,99,144.4,144.4,11,181,False,0.0
2026-09-29 17:47:46,99,144.4,144.4,11,19,False,0.0
2026-09-29 17:47:47,99,144.4,144.4,11,83,False,0.0
2026-09-29 17:47:48,99,144.4,144.4,11,8,False,0.0
2026-09-29 17:47:50,99,144.4,144.4,11,6,False,0.0
2026-09-29 17:47:51,99,144.4,144.4,11,316,False,0.0
2026-09-29 17:47:52,99,144.4,144.4,11,86,False,0.0
2026-09-29 17:47:54,99,144.4,144.4,11,56,False,0.0
2026-09-29 17:47:55,99,144.4,144.4,11,9,False,0.0
2026-09-29 17:47:56,99,144.4,144.4,11,9,False,0.0
2026-09-29 17:47:57,99,144.4,144.4,11,5,False,0.0
2026-09-29 17:47:58,99,144.4,144.4,11,6,False,0.0
2026-09-29 17:48:00,99,144.4,144.4,11,12,False,0.0
2026-09-29 17:48:01,99,144.4,144.4,11,55,False,0.0
2026-09-29 17:48:02,99,144.4,144.4,11,13,False,0.0
2026-09-29 17:48:03,99,144.4,144.4,11,8,False,0.0
2026-09-29 17:48:04,99,144.4,144.4,11,30,False,0.0
2026-09-29 17:48:06,99,144.4,144.4,11,7,False,0.0
2026-09-29 17:48:07,99,144.4,144.4,11,10,False,0.0
2026-09-29 17:48:08,99,144.4,144.4,11,13,False,0.0
2026-09-29 17:48:09,99,144.4,144.4,11,14,False,0.0
2026-09-29 17:48:10,99,144.4,144.4,11,6,False,0.0
2026-09-29 17:48:11,99,144.4,144.4,11,17,False,0.0
2026-09-29 17:48:13,99,144.4,144.4,11,110,False,0.0
2026-09-29 17:48:14,99,144.4,144.4,11,10,False,0.0
2026-09-29 17:48:15,99,144.4,144.4,11,48,False,0.0
2026-09-29 17:48:17,99,144.4,144.4,11,124,False,0.0
2026-09-29 17:48:18,99,144.4,144.4,11,9,False,0.0
2026-09-29 17:48:19,99,144.4,144.4,11,127,False,0.0
2026-09-29 17:48:20,99,144.4,144.4,11,81,False,0.0
2026-09-29 17:48:22,99,144.4,144.4,11,6,False,0.0
2026-09-29 17:48:23,99,144.4,144.4,11,7,False,0.0
2026-09-29 17:48:24,99,144.4,144.4,11,12,False,0.0
2026-09-29 17:48:25,99,144.4,144.4,11,6,False,0.0
2026-09-29 17:48:26,99,144.4,144.4,11,8,False,0.0
2026-09-29 17:48:28,99,144.4,144.4,11,15,False,0.0
2026-09-29 17:48:29,99,144.4,144.4,11,6,False,0.0
2026-09-29 17:48:30,99,144.4,144.4,11,9,False,0.0
2026-09-29 17:48:31,99,144.4,144.4,11,12,False,0.0
2026-09-29 17:48:32,99,144.4,144.4,11,16,False,0.0
2026-09-29 17:48:34,99,144.4,144.4,11,11,False,0.0
2026-09-29 17:48:35,99,144.4,144.4,11,6,False,0.0
2026-09-29 17:48:36,99,144.4,144.4,11,49,False,0.0
2026-09-29 17:48:38,99,144.4,144.4,11,,True,10.0
2026-09-29 17:48:40,99,144.4,144.4,11,,True,20.0
2026-09-29 17:48:42,99,144.4,144.4,11,,True,30.0
2026-09-29 17:48:43,99,144.4,144.4,11,419,False,30.0
2026-09-29 17:48:45,99,144.4,144.4,11,21,False,30.0
2026-09-29 17:48:46,99,144.4,144.4,11,44,False,30.0
2026-09-29 17:48:48,99,144.4,117.0,11,478,False,30.0
2026-09-29 17:48:49,99,144.4,117.0,11,74,False,30.0
2026-09-29 17:48:50,99,144.4,117.0,11,31,False,30.0
2026-09-29 17:48:52,99,144.4,144.4,11,480,False,30.0
2026-09-29 17:48:53,99,144.4,144.4,11,34,False,20.0
2026-09-29 17:48:55,99,144.4,144.4,11,533,False,10.0
2026-09-29 17:48:56,99,144.4,144.4,11,135,False,0.0
2026-09-29 17:48:58,99,144.4,144.4,11,431,False,0.0
2026-09-29 17:48:59,99,144.4,144.4,11,42,False,0.0
2026-09-29 17:49:00,99,144.4,144.4,11,10,False,0.0
2026-09-29 17:49:01,99,144.4,144.4,11,8,False,0.0
2026-09-29 17:49:02,99,144.4,144.4,11,11,False,0.0
2026-09-29 17:49:04,99,144.4,144.4,11,18,False,0.0
2026-09-29 17:49:05,99,144.4,144.4,11,13,False,0.0
2026-09-29 17:49:06,99,144.4,144.4,11,8,False,0.0
2026-09-29 17:49:07,99,144.4,144.4,11,60,False,0.0
2026-09-29 17:49:08,99,144.4,144.4,11,17,False,0.0
2026-09-29 17:49:10,99,144.4,144.4,11,8,False,0.0
2026-09-29 17:49:11,99,144.4,144.4,11,9,False,0.0
2026-09-29 17:49:12,99,144.4,144.4,11,11,False,0.0
2026-09-29 17:49:14,99,144.4,144.4,11,7,False,0.0
2026-09-29 17:49:15,99,144.4,144.4,11,83,False,0.0
2026-09-29 17:49:16,99,144.4,144.4,11,53,False,0.0
2026-09-29 17:49:17,99,144.4,144.4,11,17,False,0.0
2026-09-29 17:49:18,99,144.4,144.4,11,20,False,0.0
2026-09-29 17:49:20,99,144.4,144.4,11,9,False,0.0
2026-09-29 17:49:21,99,144.4,144.4,11,8,False,0.0
2026-09-29 17:49:22,99,144.4,144.4,11,12,False,0.0
2026-09-29 17:49:23,99,144.4,144.4,11,7,False,0.0
2026-09-29 17:49:25,99,144.4,144.4,11,77,False,0.0
2026-09-29 17:49:26,99,144.4,144.4,11,22,False,0.0
2026-09-29 17:49:27,99,144.4,144.4,11,9,False,0.0
2026-09-29 17:49:28,99,144.4,144.4,11,10,False,0.0
2026-09-29 17:49:30,99,144.4,144.4,11,19,False,0.0
2026-09-29 17:49:31,99,144.4,144.4,11,85,False,0.0
2026-09-29 17:49:32,99,144.4,144.4,11,114,False,0.0
2026-09-29 17:49:34,99,144.4,144.4,11,7,False,0.0
2026-09-29 17:49:35,99,144.4,144.4,11,33,False,0.0
2026-09-29 17:49:36,99,144.4,144.4,11,8,False,0.0
2026-09-29 17:49:37,99,144.4,144.4,11,6,False,0.0
2026-09-29 17:49:38,99,144.4,144.4,11,11,False,0.0
2026-09-29 17:49:40,99,144.4,144.4,11,22,False,0.0
2026-09-29 17:49:41,99,144.4,144.4,11,7,False,0.0
2026-09-29 17:49:42,99,144.4,144.4,11,20,False,0.0
2026-09-29 17:49:43,99,144.4,144.4,11,48,False,0.0
2026-09-29 17:49:45,99,144.4,144.4,11,33,False,0.0
2026-09-29 17:49:46,99,144.4,144.4,11,165,False,0.0
2026-09-29 17:49:47,99,144.4,144.4,11,15,False,0.0
2026-09-29 17:49:48,99,144.4,144.4,11,14,False,0.0
2026-09-29 17:49:50,99,144.4,144.4,11,6,False,0.0
2026-09-29 17:49:51,99,144.4,144.4,11,29,False,0.0
2026-09-29 17:49:52,99,144.4,144.4,11,71,False,0.0
2026-09-29 17:49:54,99,144.4,144.4,11,14,False,0.0
2026-09-29 17:49:55,99,144.4,144.4,11,313,False,0.0
2026-09-29 17:49:56,99,144.4,144.4,11,69,False,0.0
2026-09-29 17:49:58,99,144.4,144.4,11,14,False,0.0
2026-09-29 17:49:59,99,144.4,144.4,11,12,False,0.0
2026-09-29 17:50:00,99,144.4,144.4,11,8,False,0.0
2026-09-29 17:50:01,99,144.4,144.4,11,12,False,0.0
2026-09-29 17:50:02,99,144.4,144.4,11,13,False,0.0
2026-09-29 17:50:04,99,144.4,144.4,11,11,False,0.0
2026-09-29 17:50:05,99,144.4,144.4,11,39,False,0.0
2026-09-29 17:50:06,99,144.4,144.4,11,19,False,0.0
2026-09-29 17:50:07,99,144.4,144.4,11,8,False,0.0
2026-09-29 17:50:09,99,144.4,144.4,11,8,False,0.0
2026-09-29 17:50:10,99,144.4,144.4,11,252,False,0.0
2026-09-29 17:50:11,99,144.4,144.4,11,8,False,0.0
2026-09-29 17:50:12,99,144.4,144.4,11,9,False,0.0
2026-09-29 17:50:14,99,144.4,144.4,11,7,False,0.0
2026-09-29 17:50:15,99,144.4,144.4,11,99,False,0.0
2026-09-29 17:50:16,99,144.4,144.4,11,11,False,0.0
2026-09-29 17:50:17,99,144.4,144.4,11,11,False,0.0
2026-09-29 17:50:19,99,144.4,144.4,11,11,False,0.0
2026-09-29 17:50:20,99,144.4,144.4,11,82,False,0.0
2026-09-29 17:50:21,99,144.4,144.4,11,7,False,0.0
2026-09-29 17:50:22,99,144.4,144.4,11,8,False,0.0
2026-09-29 17:50:23,99,144.4,144.4,11,32,False,0.0
2026-09-29 17:50:25,99,144.4,144.4,11,8,False,0.0
2026-09-29 17:50:26,99,144.4,144.4,11,115,False,0.0
2026-09-29 17:50:27,99,144.4,144.4,11,8,False,0.0
2026-09-29 17:50:28,99,144.4,144.4,11,11,False,0.0
2026-09-29 17:50:30,99,144.4,144.4,11,115,False,0.0
2026-09-29 17:50:31,99,144.4,144.4,11,75,False,0.0
2026-09-29 17:50:32,99,144.4,144.4,11,168,False,0.0
2026-09-29 17:50:34,99,144.4,144.4,11,10,False,0.0
2026-09-29 17:50:35,99,144.4,144.4,11,53,False,0.0
2026-09-29 17:50:36,99,144.4,144.4,11,15,False,0.0
2026-09-29 17:50:37,99,144.4,144.4,11,8,False,0.0
2026-09-29 17:50:38,99,144.4,144.4,11,25,False,0.0
2026-09-29 17:50:40,99,144.4,144.4,11,7,False,0.0
2026-09-29 17:50:41,99,144.4,144.4,11,188,False,0.0
2026-09-29 17:50:42,99,144.4,144.4,11,11,False,0.0
2026-09-29 17:50:43,99,144.4,144.4,11,9,False,0.0
2026-09-29 17:50:45,99,144.4,144.4,11,39,False,0.0
2026-09-29 17:50:46,99,144.4,144.4,11,8,False,0.0
2026-09-29 17:50:47,99,144.4,144.4,11,11,False,0.0
2026-09-29 17:50:48,99,144.4,144.4,11,13,False,0.0
2026-09-29 17:50:50,99,144.4,144.4,11,9,False,0.0
2026-09-29 17:50:51,99,144.4,144.4,11,9,False,0.0
2026-09-29 17:50:52,99,144.4,144.4,11,24,False,0.0
2026-09-29 17:50:53,99,144.4,144.4,11,10,False,0.0
2026-09-29 17:50:54,99,144.4,144.4,11,16,False,0.0
2026-09-29 17:50:56,99,144.4,144.4,11,10,False,0.0
2026-09-29 17:50:57,99,144.4,144.4,11,13,False,0.0
2026-09-29 17:50:58,99,144.4,144.4,11,16,False,0.0
2026-09-29 17:50:59,99,144.4,144.4,11,14,False,0.0
2026-09-29 17:51:01,99,144.4,144.4,11,6,False,0.0
2026-09-29 17:51:02,99,144.4,144.4,11,12,False,0.0
2026-09-29 17:51:03,99,144.4,144.4,11,7,False,0.0
2026-09-29 17:51:04,99,144.4,144.4,11,10,False,0.0
2026-09-29 17:51:06,99,144.4,144.4,11,159,False,0.0
2026-09-29 17:51:07,99,144.4,144.4,11,12,False,0.0
2026-09-29 17:51:08,99,144.4,144.4,11,118,False,0.0
2026-09-29 17:51:09,99,144.4,144.4,11,92,False,0.0
2026-09-29 17:51:11,99,144.4,144.4,11,9,False,0.0
2026-09-29 17:51:12,99,144.4,144.4,11,57,False,0.0
2026-09-29 17:51:13,99,144.4,144.4,11,39,False,0.0
2026-09-29 17:51:14,99,144.4,144.4,11,73,False,0.0
2026-09-29 17:51:16,99,144.4,144.4,11,157,False,0.0
2026-09-29 17:51:17,99,144.4,144.4,11,9,False,0.0
2026-09-29 17:51:18,99,144.4,144.4,11,15,False,0.0
2026-09-29 17:51:19,99,144.4,144.4,11,9,False,0.0
2026-09-29 17:51:20,99,144.4,144.4,11,16,False,0.0
2026-09-29 17:51:22,99,144.4,144.4,11,34,False,0.0
2026-09-29 17:51:23,99,144.4,144.4,11,8,False,0.0
2026-09-29 17:51:24,99,144.4,144.4,11,30,False,0.0
2026-09-29 17:51:26,99,144.4,144.4,11,,True,10.0
2026-09-29 17:51:28,99,144.4,144.4,11,,True,20.0
2026-09-29 17:51:30,99,144.4,144.4,11,,True,30.0
2026-09-29 17:51:31,99,144.4,144.4,11,86,False,30.0
2026-09-29 17:51:32,99,144.4,117.0,11,8,False,30.0
2026-09-29 17:51:33,99,144.4,117.0,11,9,False,30.0
2026-09-29 17:51:34,99,144.4,117.0,11,15,False,30.0
2026-09-29 17:51:36,99,144.4,144.4,11,10,False,30.0
2026-09-29 17:51:37,99,144.4,144.4,11,111,False,30.0
2026-09-29 17:51:38,99,144.4,144.4,11,5,False,30.0
2026-09-29 17:51:39,88,144.4,130.0,11,5,False,20.0
2026-09-29 17:51:40,88,144.4,130.0,11,6,False,10.0
2026-09-29 17:51:42,88,144.4,130.0,11,143,False,0.0
2026-09-29 17:51:43,88,144.4,144.4,11,57,False,0.0
2026-09-29 17:51:44,88,144.4,144.4,11,52,False,0.0
2026-09-29 17:51:45,88,144.4,144.4,11,98,False,0.0
2026-09-29 17:51:46,88,144.4,144.4,11,142,False,0.0
2026-09-29 17:51:48,85,144.4,104.0,11,17,False,0.0
2026-09-29 17:51:49,85,144.4,104.0,11,23,False,0.0
2026-09-29 17:51:50,85,144.4,104.0,11,55,False,0.0
2026-09-29 17:51:51,85,144.4,104.0,11,34,False,0.0
2026-09-29 17:51:52,85,144.4,78.0,11,33,False,0.0
2026-09-29 17:51:54,85,144.4,78.0,11,21,False,0.0
2026-09-29 17:51:55,85,144.4,78.0,11,109,False,0.0
2026-09-29 17:51:56,85,144.4,78.0,11,36,False,0.0
2026-09-29 17:51:58,78,144.4,78.0,11,,True,10.0
2026-09-29 17:52:00,60,144.4,52.0,11,,True,20.0
2026-09-29 17:52:02,57,144.4,52.0,11,,True,30.0
2026-09-29 17:52:04,60,144.4,52.0,11,,True,40.0
2026-09-29 17:52:05,60,144.4,52.0,11,65,False,40.0
2026-09-29 17:52:06,60,144.4,52.0,11,86,False,40.0
2026-09-29 17:52:08,60,144.4,52.0,11,403,False,40.0
2026-09-29 17:52:09,60,144.4,52.0,11,36,False,40.0
2026-09-29 17:52:11,60,144.4,52.0,11,,True,50.0
2026-09-29 17:52:12,65,144.4,26.0,11,16,False,50.0
2026-09-29 17:52:13,65,144.4,26.0,11,56,False,40.0
2026-09-29 17:52:15,67,144.4,65.0,11,,True,40.0
2026-09-29 17:52:17,67,144.4,65.0,11,,True,40.0
2026-09-29 17:52:19,67,144.4,65.0,11,709,False,30.0
2026-09-29 17:52:20,67,144.4,65.0,11,495,False,30.0
2026-09-29 17:52:22,67,144.4,65.0,11,,True,40.0
2026-09-29 17:52:24,65,144.4,58.5,11,788,False,40.0
2026-09-29 17:52:26,65,144.4,58.5,11,414,False,40.0
2026-09-29 17:52:27,65,144.4,58.5,11,35,False,30.0
2026-09-29 17:52:28,65,144.4,104.0,11,104,False,30.0
2026-09-29 17:52:30,65,144.4,104.0,11,311,False,30.0
2026-09-29 17:52:31,65,144.4,104.0,11,,True,30.0
2026-09-29 17:52:33,70,144.4,52.0,11,438,False,20.0
2026-09-29 17:52:34,70,144.4,52.0,11,405,False,20.0
2026-09-29 17:52:36,70,144.4,78.0,11,291,False,20.0
2026-09-29 17:52:37,70,144.4,78.0,11,180,False,10.0
2026-09-29 17:52:38,70,144.4,104.0,11,106,False,10.0
2026-09-29 17:52:40,70,144.4,104.0,11,14,False,10.0
2026-09-29 17:52:41,70,144.4,104.0,11,73,False,10.0
2026-09-29 17:52:42,70,144.4,104.0,11,119,False,10.0
2026-09-29 17:52:44,65,144.4,58.5,11,,True,20.0
2026-09-29 17:52:46,65,144.4,58.5,11,,True,20.0
2026-09-29 17:52:48,65,144.4,58.5,11,,True,30.0
2026-09-29 17:52:50,65,144.4,58.5,11,,True,40.0
2026-09-29 17:52:51,65,144.4,52.0,11,94,False,40.0
2026-09-29 17:52:52,67,144.4,65.0,11,76,False,40.0
2026-09-29 17:52:54,67,144.4,65.0,11,87,False,40.0
2026-09-29 17:52:55,67,144.4,65.0,11,18,False,40.0
2026-09-29 17:52:56,67,144.4,65.0,11,7,False,40.0
2026-09-29 17:52:57,67,144.4,65.0,11,55,False,40.0
2026-09-29 17:52:58,67,144.4,104.0,11,119,False,30.0
2026-09-29 17:53:00,67,144.4,104.0,11,159,False,20.0
2026-09-29 17:53:01,67,144.4,104.0,11,183,False,10.0
2026-09-29 17:53:02,67,144.4,104.0,11,106,False,0.0
2026-09-29 17:53:03,70,144.4,78.0,11,140,False,0.0
2026-09-29 17:53:05,70,144.4,78.0,11,286,False,0.0
2026-09-29 17:53:07,70,144.4,78.0,11,745,False,0.0
2026-09-29 17:53:09,70,144.4,78.0,11,,True,10.0
2026-09-29 17:53:10,70,144.4,78.0,11,144,False,10.0
2026-09-29 17:53:12,70,144.4,78.0,11,,True,20.0
2026-09-29 17:53:14,70,144.4,78.0,11,,True,30.0
2026-09-29 17:53:16,65,144.4,52.0,11,,True,40.0
2026-09-29 17:53:18,65,144.4,52.0,11,,True,50.0
2026-09-29 17:53:20,65,144.4,78.0,11,,True,60.0
2026-09-29 17:53:22,62,144.4,58.5,11,,True,70.0
2026-09-29 17:53:24,62,144.4,58.5,11,,True,80.0
2026-09-29 17:53:26,62,144.4,58.5,11,,True,90.0
2026-09-29 17:53:28,60,144.4,26.0,11,,True,90.0
2026-09-29 17:53:30,57,144.4,39.0,11,,True,100.0
2026-09-29 17:53:32,57,144.4,58.5,11,,True,100.0
2026-09-29 17:53:34,60,144.4,78.0,11,,True,100.0
2026-09-29 17:53:36,60,144.4,78.0,11,,True,100.0
2026-09-29 17:53:38,60,144.4,78.0,11,,True,100.0
2026-09-29 17:53:40,60,144.4,78.0,11,,True,100.0
2026-09-29 17:53:42,60,144.4,52.0,11,,True,100.0
2026-09-29 17:53:43,62,144.4,78.0,11,93,False,90.0
2026-09-29 17:53:44,62,144.4,78.0,11,105,False,80.0
2026-09-29 17:53:45,62,144.4,78.0,11,42,False,70.0
2026-09-29 17:53:46,62,144.4,78.0,11,7,False,60.0
2026-09-29 17:53:48,62,43.3,78.0,11,15,False,50.0
2026-09-29 17:53:49,62,43.3,78.0,11,10,False,40.0
2026-09-29 17:53:50,62,43.3,78.0,11,18,False,30.0
2026-09-29 17:53:51,62,43.3,78.0,11,24,False,20.0
2026-09-29 17:53:52,62,43.3,78.0,11,7,False,10.0
2026-09-29 17:53:53,62,43.3,78.0,11,103,False,0.0
2026-09-29 17:53:54,62,43.3,78.0,11,17,False,0.0
2026-09-29 17:53:56,62,43.3,78.0,11,28,False,0.0
2026-09-29 17:53:57,62,43.3,78.0,11,28,False,0.0
2026-09-29 17:53:58,62,43.3,78.0,11,12,False,0.0
2026-09-29 17:53:59,62,43.3,78.0,11,31,False,0.0
2026-09-29 17:54:00,62,43.3,78.0,11,9,False,0.0
2026-09-29 17:54:01,65,43.3,104.0,11,30,False,0.0
2026-09-29 17:54:02,65,43.3,104.0,11,16,False,0.0
2026-09-29 17:54:04,65,43.3,104.0,11,12,False,0.0
2026-09-29 17:54:05,65,43.3,104.0,11,99,False,0.0
2026-09-29 17:54:06,65,43.3,104.0,11,10,False,0.0
2026-09-29 17:54:07,65,43.3,104.0,11,11,False,0.0
2026-09-29 17:54:08,65,43.3,52.0,11,13,False,0.0
2026-09-29 17:54:09,65,43.3,52.0,11,52,False,0.0
2026-09-29 17:54:10,65,43.3,52.0,11,8,False,0.0
2026-09-29 17:54:12,65,43.3,52.0,11,13,False,0.0
2026-09-29 17:54:13,65,54.0,65.0,11,12,False,0.0
2026-09-29 17:54:14,65,54.0,65.0,11,17,False,0.0
2026-09-29 17:54:15,65,54.0,65.0,11,126,False,0.0
2026-09-29 17:54:16,65,54.0,65.0,11,21,False,0.0
2026-09-29 17:54:17,65,54.0,58.5,11,17,False,0.0
2026-09-29 17:54:18,65,54.0,58.5,11,9,False,0.0
2026-09-29 17:54:20,65,54.0,58.5,11,46,False,0.0
2026-09-29 17:54:21,60,54.0,78.0,11,10,False,0.0
2026-09-29 17:54:22,60,54.0,78.0,11,12,False,0.0
2026-09-29 17:54:23,60,54.0,78.0,11,10,False,0.0
2026-09-29 17:54:24,60,54.0,78.0,11,29,False,0.0
2026-09-29 17:54:25,62,36.0,52.0,11,72,False,0.0
2026-09-29 17:54:27,62,36.0,52.0,11,126,False,0.0
2026-09-29 17:54:28,60,36.0,78.0,11,106,False,0.0
2026-09-29 17:54:29,60,36.0,78.0,11,93,False,0.0
2026-09-29 17:54:30,60,36.0,78.0,11,15,False,0.0
2026-09-29 17:54:31,60,36.0,78.0,11,9,False,0.0
2026-09-29 17:54:32,60,24.0,78.0,11,26,False,0.0
2026-09-29 17:54:34,60,24.0,78.0,11,17,False,0.0
2026-09-29 17:54:35,60,24.0,78.0,11,10,False,0.0
2026-09-29 17:54:36,60,24.0,78.0,11,10,False,0.0
2026-09-29 17:54:37,65,36.0,104.0,11,12,False,0.0
2026-09-29 17:54:38,65,36.0,104.0,11,15,False,0.0
2026-09-29 17:54:39,65,36.0,104.0,11,18,False,0.0
2026-09-29 17:54:40,65,36.0,104.0,11,18,False,0.0
2026-09-29 17:54:42,65,36.0,104.0,11,13,False,0.0
2026-09-29 17:54:43,65,36.0,104.0,11,14,False,0.0
2026-09-29 17:54:44,62,36.0,65.0,11,50,False,0.0
2026-09-29 17:54:45,46,36.0,65.0,11,14,False,0.0
2026-09-29 17:54:46,46,36.0,65.0,11,18,False,0.0
2026-09-29 17:54:47,60,36.0,65.0,11,19,False,0.0
2026-09-29 17:54:48,60,36.0,65.0,11,7,False,0.0
2026-09-29 17:54:50,60,36.0,52.0,11,21,False,0.0
2026-09-29 17:54:51,60,36.0,104.0,11,93,False,0.0
2026-09-29 17:54:52,60,36.0,104.0,11,19,False,0.0
2026-09-29 17:54:53,60,36.0,104.0,11,27,False,0.0
2026-09-29 17:54:54,60,36.0,104.0,11,51,False,0.0
2026-09-29 17:54:55,60,36.0,52.0,11,14,False,0.0
2026-09-29 17:54:57,60,36.0,52.0,11,10,False,0.0
2026-09-29 17:54:58,60,36.0,78.0,11,7,False,0.0
2026-09-29 17:54:59,60,36.0,78.0,11,7,False,0.0
2026-09-29 17:55:00,57,36.0,104.0,11,37,False,0.0
2026-09-29 17:55:01,57,36.0,104.0,11,19,False,0.0
2026-09-29 17:55:03,50,36.0,78.0,11,164,False,0.0
2026-09-29 17:55:04,50,36.0,78.0,11,50,False,0.0
2026-09-29 17:55:05,50,36.0,78.0,11,47,False,0.0
2026-09-29 17:55:06,50,36.0,78.0,11,24,False,0.0
2026-09-29 17:55:07,60,36.0,78.0,11,11,False,0.0
2026-09-29 17:55:08,60,36.0,78.0,11,31,False,0.0
2026-09-29 17:55:09,60,36.0,78.0,11,43,False,0.0
2026-09-29 17:55:11,60,36.0,78.0,11,8,False,0.0
2026-09-29 17:55:12,60,36.0,78.0,11,10,False,0.0
2026-09-29 17:55:13,60,36.0,52.0,11,56,False,0.0
2026-09-29 17:55:14,60,36.0,52.0,11,27,False,0.0
2026-09-29 17:55:15,60,36.0,52.0,11,31,False,0.0
2026-09-29 17:55:16,60,36.0,52.0,11,10,False,0.0
2026-09-29 17:55:18,70,7.2,78.0,11,248,False,0.0
2026-09-29 17:55:19,70,7.2,78.0,11,38,False,0.0
2026-09-29 17:55:20,70,7.2,78.0,11,7,False,0.0
2026-09-29 17:55:21,70,7.2,78.0,11,14,False,0.0
2026-09-29 17:55:22,70,14.4,117.0,11,10,False,0.0
2026-09-29 17:55:24,70,14.4,117.0,11,21,False,0.0
2026-09-29 17:55:25,70,14.4,117.0,11,66,False,0.0
2026-09-29 17:55:26,70,14.4,117.0,11,52,False,0.0
2026-09-29 17:55:27,70,14.4,117.0,11,10,False,0.0
2026-09-29 17:55:28,78,14.4,72.2,11,17,False,0.0
2026-09-29 17:55:29,78,14.4,72.2,11,32,False,0.0
2026-09-29 17:55:31,78,14.4,72.2,11,135,False,0.0
2026-09-29 17:55:32,78,14.4,72.2,11,31,False,0.0
2026-09-29 17:55:33,78,14.4,78.0,11,137,False,0.0
2026-09-29 17:55:34,78,14.4,78.0,11,22,False,0.0
2026-09-29 17:55:35,78,14.4,78.0,11,61,False,0.0
2026-09-29 17:55:37,78,14.4,78.0,11,17,False,0.0
2026-09-29 17:55:38,78,14.4,78.0,11,29,False,0.0
2026-09-29 17:55:39,70,14.4,104.0,11,40,False,0.0
2026-09-29 17:55:40,70,14.4,104.0,11,60,False,0.0
2026-09-29 17:55:41,70,14.4,104.0,11,7,False,0.0
2026-09-29 17:55:42,70,14.4,104.0,11,14,False,0.0
2026-09-29 17:55:43,70,14.4,104.0,11,8,False,0.0
2026-09-29 17:55:45,70,14.4,104.0,11,46,False,0.0
2026-09-29 17:55:46,70,14.4,104.0,11,8,False,0.0
2026-09-29 17:55:47,70,14.4,104.0,11,8,False,0.0
2026-09-29 17:55:48,70,57.8,117.0,11,13,False,0.0
2026-09-29 17:55:49,70,57.8,117.0,11,17,False,0.0
2026-09-29 17:55:50,70,57.8,117.0,11,50,False,0.0
2026-09-29 17:55:52,70,57.8,117.0,11,9,False,0.0
2026-09-29 17:55:53,80,57.8,117.0,11,6,False,0.0
2026-09-29 17:55:54,80,57.8,78.0,11,5,False,0.0
2026-09-29 17:55:55,80,57.8,78.0,11,14,False,0.0
2026-09-29 17:55:56,80,57.8,78.0,11,22,False,0.0
2026-09-29 17:55:57,80,57.8,78.0,11,29,False,0.0
2026-09-29 17:55:58,70,57.8,78.0,11,12,False,0.0
2026-09-29 17:56:00,62,57.8,52.0,11,50,False,0.0
2026-09-29 17:56:01,62,57.8,52.0,11,14,False,0.0
2026-09-29 17:56:02,57,57.8,52.0,11,59,False,0.0
2026-09-29 17:56:03,57,57.8,52.0,11,10,False,0.0
2026-09-29 17:56:04,57,57.8,52.0,11,8,False,0.0
2026-09-29 17:56:05,57,57.8,52.0,11,18,False,0.0
2026-09-29 17:56:07,67,43.3,104.0,11,25,False,0.0
2026-09-29 17:56:08,67,43.3,104.0,11,53,False,0.0
2026-09-29 17:56:09,67,43.3,104.0,11,22,False,0.0
2026-09-29 17:56:10,67,43.3,104.0,11,9,False,0.0
2026-09-29 17:56:11,67,43.3,104.0,11,11,False,0.0
2026-09-29 17:56:12,75,43.3,78.0,11,10,False,0.0
2026-09-29 17:56:13,75,43.3,78.0,11,14,False,0.0
2026-09-29 17:56:15,75,57.8,78.0,11,8,False,0.0
2026-09-29 17:56:16,75,57.8,78.0,11,17,False,0.0
2026-09-29 17:56:17,75,57.8,78.0,11,13,False,0.0
2026-09-29 17:56:18,75,57.8,104.0,11,12,False,0.0
2026-09-29 17:56:19,75,57.8,104.0,11,7,False,0.0
2026-09-29 17:56:20,75,57.8,104.0,11,15,False,0.0
2026-09-29 17:56:22,75,57.8,104.0,11,158,False,0.0
2026-09-29 17:56:23,80,57.8,104.0,11,40,False,0.0
2026-09-29 17:56:24,80,57.8,104.0,11,15,False,0.0
2026-09-29 17:56:25,80,57.8,104.0,11,9,False,0.0
2026-09-29 17:56:26,78,57.8,117.0,11,23,False,0.0
2026-09-29 17:56:27,78,57.8,117.0,11,24,False,0.0
2026-09-29 17:56:29,78,57.8,117.0,11,44,False,0.0
2026-09-29 17:56:30,78,57.8,117.0,11,8,False,0.0
2026-09-29 17:56:31,78,57.8,117.0,11,15,False,0.0
2026-09-29 17:56:32,78,57.8,78.0,11,5,False,0.0
2026-09-29 17:56:33,78,57.8,78.0,11,105,False,0.0
2026-09-29 17:56:34,82,57.8,104.0,11,13,False,0.0
2026-09-29 17:56:36,82,57.8,104.0,11,6,False,0.0
2026-09-29 17:56:37,65,57.8,104.0,11,15,False,0.0
2026-09-29 17:56:38,65,57.8,104.0,11,8,False,0.0
2026-09-29 17:56:39,65,57.8,104.0,11,7,False,0.0
2026-09-29 17:56:40,65,57.8,104.0,11,12,False,0.0
2026-09-29 17:56:41,62,57.8,78.0,11,9,False,0.0
2026-09-29 17:56:42,62,72.2,78.0,11,10,False,0.0
2026-09-29 17:56:44,53,43.3,58.5,11,154,False,0.0
2026-09-29 17:56:45,53,43.3,58.5,11,107,False,0.0
2026-09-29 17:56:46,53,65.0,78.0,11,54,False,0.0
2026-09-29 17:56:47,53,65.0,78.0,11,10,False,0.0
2026-09-29 17:56:48,53,65.0,78.0,11,198,False,0.0
2026-09-29 17:56:50,53,65.0,78.0,11,20,False,0.0
2026-09-29 17:56:51,60,65.0,52.0,11,16,False,0.0
2026-09-29 17:56:52,60,65.0,52.0,11,34,False,0.0
2026-09-29 17:56:53,60,65.0,65.0,11,26,False,0.0
2026-09-29 17:56:54,60,65.0,65.0,11,13,False,0.0
2026-09-29 17:56:55,60,65.0,78.0,11,40,False,0.0
2026-09-29 17:56:56,60,65.0,78.0,11,32,False,0.0
2026-09-29 17:56:58,60,65.0,78.0,11,13,False,0.0
2026-09-29 17:56:59,60,65.0,78.0,11,185,False,0.0
2026-09-29 17:57:00,60,65.0,78.0,11,52,False,0.0
2026-09-29 17:57:01,60,65.0,78.0,11,170,False,0.0
2026-09-29 17:57:03,60,65.0,78.0,11,40,False,0.0
2026-09-29 17:57:04,60,65.0,78.0,11,10,False,0.0
2026-09-29 17:57:05,60,65.0,78.0,11,10,False,0.0
2026-09-29 17:57:06,60,65.0,78.0,11,16,False,0.0
2026-09-29 17:57:07,60,65.0,78.0,11,14,False,0.0
2026-09-29 17:57:08,60,65.0,78.0,11,26,False,0.0
2026-09-29 17:57:09,60,65.0,78.0,11,19,False,0.0
2026-09-29 17:57:11,60,65.0,78.0,11,13,False,0.0
2026-09-29 17:57:12,60,65.0,78.0,11,17,False,0.0
2026-09-29 17:57:13,60,65.0,78.0,11,9,False,0.0
2026-09-29 17:57:14,60,65.0,78.0,11,13,False,0.0
2026-09-29 17:57:15,60,65.0,78.0,11,40,False,0.0
2026-09-29 17:57:16,60,65.0,78.0,11,19,False,0.0
2026-09-29 17:57:17,60,65.0,78.0,11,53,False,0.0
2026-09-29 17:57:19,60,65.0,78.0,11,12,False,0.0
2026-09-29 17:57:20,60,65.0,78.0,11,11,False,0.0
2026-09-29 17:57:21,60,65.0,78.0,11,54,False,0.0
2026-09-29 17:57:22,60,65.0,78.0,11,49,False,0.0
2026-09-29 17:57:23,60,65.0,78.0,11,18,False,0.0
2026-09-29 17:57:24,60,65.0,78.0,11,103,False,0.0
2026-09-29 17:57:26,60,65.0,78.0,11,79,False,0.0
2026-09-29 17:57:27,60,65.0,78.0,11,189,False,0.0
2026-09-29 17:57:28,60,65.0,78.0,11,256,False,0.0
2026-09-29 17:57:30,62,54.0,78.0,11,73,False,0.0
2026-09-29 17:57:31,62,54.0,78.0,11,53,False,0.0
2026-09-29 17:57:32,62,54.0,78.0,11,6,False,0.0
2026-09-29 17:57:33,62,54.0,78.0,11,31,False,0.0
2026-09-29 17:57:34,62,54.0,78.0,11,21,False,0.0
2026-09-29 17:57:35,62,54.0,78.0,11,89,False,0.0
2026-09-29 17:57:36,62,54.0,78.0,11,12,False,0.0
2026-09-29 17:57:38,62,54.0,78.0,11,18,False,0.0
2026-09-29 17:57:39,62,54.0,78.0,11,98,False,0.0
2026-09-29 17:57:40,80,54.0,104.0,11,10,False,0.0
2026-09-29 17:57:41,80,54.0,78.0,11,70,False,0.0
2026-09-29 17:57:42,80,54.0,78.0,11,91,False,0.0
2026-09-29 17:57:43,80,54.0,78.0,11,8,False,0.0
2026-09-29 17:57:45,80,54.0,78.0,11,19,False,0.0
2026-09-29 17:57:46,80,54.0,78.0,11,13,False,0.0
2026-09-29 17:57:47,80,54.0,78.0,11,7,False,0.0
2026-09-29 17:57:48,80,54.0,117.0,11,10,False,0.0
2026-09-29 17:57:49,80,54.0,117.0,11,12,False,0.0
2026-09-29 17:57:50,80,54.0,117.0,11,16,False,0.0
2026-09-29 17:57:51,80,54.0,117.0,11,54,False,0.0
2026-09-29 17:57:53,80,54.0,117.0,11,69,False,0.0
2026-09-29 17:57:54,80,54.0,117.0,11,151,False,0.0
2026-09-29 17:57:55,80,54.0,130.0,11,15,False,0.0
2026-09-29 17:57:56,80,54.0,130.0,11,7,False,0.0
2026-09-29 17:57:57,75,54.0,130.0,11,10,False,0.0
2026-09-29 17:57:58,75,54.0,130.0,11,14,False,0.0
2026-09-29 17:58:00,75,65.0,130.0,11,17,False,0.0
2026-09-29 17:58:01,75,65.0,130.0,11,12,False,0.0
2026-09-29 17:58:02,60,65.0,72.2,11,6,False,0.0
2026-09-29 17:58:03,60,65.0,72.2,11,17,False,0.0
2026-09-29 17:58:04,60,65.0,72.2,11,78,False,0.0
2026-09-29 17:58:05,60,65.0,72.2,11,63,False,0.0
2026-09-29 17:58:06,65,65.0,78.0,11,6,False,0.0
2026-09-29 17:58:08,65,65.0,78.0,11,13,False,0.0
2026-09-29 17:58:09,65,65.0,78.0,11,9,False,0.0
2026-09-29 17:58:10,65,65.0,104.0,11,17,False,0.0
2026-09-29 17:58:11,65,65.0,104.0,11,19,False,0.0
2026-09-29 17:58:12,65,65.0,104.0,11,7,False,0.0
2026-09-29 17:58:13,65,65.0,104.0,11,8,False,0.0
2026-09-29 17:58:14,65,65.0,104.0,11,172,False,0.0
2026-09-29 17:58:16,65,65.0,104.0,11,10,False,0.0
2026-09-29 17:58:17,65,65.0,52.0,11,13,False,0.0
2026-09-29 17:58:18,65,65.0,52.0,11,20,False,0.0
2026-09-29 17:58:19,65,65.0,52.0,11,11,False,0.0
2026-09-29 17:58:20,65,65.0,52.0,11,24,False,0.0
2026-09-29 17:58:21,65,65.0,65.0,11,18,False,0.0
2026-09-29 17:58:22,65,65.0,65.0,11,14,False,0.0
2026-09-29 17:58:24,65,65.0,65.0,11,14,False,0.0
2026-09-29 17:58:25,65,65.0,65.0,11,19,False,0.0
2026-09-29 17:58:26,65,65.0,65.0,11,7,False,0.0
2026-09-29 17:58:27,65,58.5,58.5,11,20,False,0.0
2026-09-29 17:58:28,65,58.5,58.5,11,12,False,0.0
2026-09-29 17:58:29,65,58.5,78.0,11,9,False,0.0
2026-09-29 17:58:30,65,58.5,78.0,11,10,False,0.0
2026-09-29 17:58:31,78,58.5,104.0,11,21,False,0.0
2026-09-29 17:58:33,78,58.5,104.0,11,7,False,0.0
2026-09-29 17:58:34,78,58.5,104.0,11,9,False,0.0
2026-09-29 17:58:35,78,58.5,104.0,11,11,False,0.0
2026-09-29 17:58:36,78,58.5,78.0,11,129,False,0.0
2026-09-29 17:58:37,78,58.5,78.0,11,71,False,0.0
2026-09-29 17:58:39,78,58.5,78.0,11,7,False,0.0
2026-09-29 17:58:40,72,58.5,104.0,11,18,False,0.0
2026-09-29 17:58:41,72,58.5,104.0,11,9,False,0.0
2026-09-29 17:58:42,72,58.5,104.0,11,9,False,0.0
2026-09-29 17:58:43,72,58.5,104.0,11,13,False,0.0
2026-09-29 17:58:44,72,58.5,104.0,11,78,False,0.0
2026-09-29 17:58:45,72,58.5,78.0,11,7,False,0.0
2026-09-29 17:58:47,72,58.5,78.0,11,8,False,0.0
2026-09-29 17:58:48,67,58.5,117.0,11,120,False,0.0
2026-09-29 17:58:49,67,58.5,117.0,11,117,False,0.0
2026-09-29 17:58:50,67,58.5,117.0,11,13,False,0.0
2026-09-29 17:58:51,67,104.0,117.0,11,15,False,0.0
2026-09-29 17:58:52,67,104.0,104.0,11,8,False,0.0
2026-09-29 17:58:53,67,104.0,104.0,11,15,False,0.0
2026-09-29 17:58:55,67,104.0,104.0,11,7,False,0.0
2026-09-29 17:58:56,67,104.0,104.0,11,10,False,0.0
2026-09-29 17:58:57,67,104.0,104.0,11,55,False,0.0
2026-09-29 17:58:58,75,104.0,78.0,11,162,False,0.0
2026-09-29 17:58:59,75,104.0,78.0,11,9,False,0.0
2026-09-29 17:59:01,75,104.0,78.0,11,14,False,0.0
2026-09-29 17:59:02,75,104.0,78.0,11,10,False,0.0
2026-09-29 17:59:03,75,104.0,78.0,11,118,False,0.0
2026-09-29 17:59:04,67,104.0,104.0,11,127,False,0.0
2026-09-29 17:59:05,67,104.0,104.0,11,9,False,0.0
2026-09-29 17:59:07,67,104.0,104.0,11,10,False,0.0
2026-09-29 17:59:08,67,104.0,104.0,11,77,False,0.0
2026-09-29 17:59:09,67,104.0,104.0,11,12,False,0.0
2026-09-29 17:59:10,67,104.0,104.0,11,13,False,0.0
2026-09-29 17:59:11,67,104.0,104.0,11,12,False,0.0
2026-09-29 17:59:13,72,104.0,78.0,11,44,False,0.0
2026-09-29 17:59:14,72,104.0,78.0,11,7,False,0.0
2026-09-29 17:59:15,72,104.0,78.0,11,62,False,0.0
2026-09-29 17:59:16,80,104.0,78.0,11,74,False,0.0
2026-09-29 17:59:17,80,104.0,78.0,11,70,False,0.0
2026-09-29 17:59:18,80,104.0,78.0,11,15,False,0.0
2026-09-29 17:59:20,80,104.0,78.0,11,31,False,0.0
2026-09-29 17:59:21,80,39.0,78.0,11,17,False,0.0
2026-09-29 17:59:22,80,39.0,78.0,11,9,False,0.0
2026-09-29 17:59:23,72,39.0,78.0,11,12,False,0.0
2026-09-29 17:59:24,72,39.0,78.0,11,8,False,0.0
2026-09-29 17:59:25,72,39.0,78.0,11,49,False,0.0
2026-09-29 17:59:26,72,39.0,78.0,11,23,False,0.0
2026-09-29 17:59:28,72,39.0,78.0,11,85,False,0.0
2026-09-29 17:59:29,70,39.0,104.0,11,11,False,0.0
2026-09-29 17:59:30,70,39.0,104.0,11,16,False,0.0
2026-09-29 17:59:31,70,39.0,104.0,11,42,False,0.0
2026-09-29 17:59:32,70,39.0,78.0,11,6,False,0.0
2026-09-29 17:59:33,70,39.0,78.0,11,9,False,0.0
2026-09-29 17:59:35,70,39.0,78.0,11,11,False,0.0
2026-09-29 17:59:36,70,39.0,78.0,11,8,False,0.0
2026-09-29 17:59:37,67,39.0,104.0,11,59,False,0.0
2026-09-29 17:59:38,67,39.0,104.0,11,8,False,0.0
2026-09-29 17:59:39,67,39.0,104.0,11,60,False,0.0
2026-09-29 17:59:40,67,39.0,104.0,11,25,False,0.0
2026-09-29 17:59:42,67,39.0,104.0,11,8,False,0.0
2026-09-29 17:59:43,67,39.0,78.0,11,9,False,0.0
2026-09-29 17:59:44,67,39.0,78.0,11,15,False,0.0
2026-09-29 17:59:45,67,39.0,78.0,11,14,False,0.0
2026-09-29 17:59:46,67,39.0,78.0,11,7,False,0.0
2026-09-29 17:59:47,70,39.0,104.0,11,9,False,0.0
2026-09-29 17:59:48,70,39.0,104.0,11,15,False,0.0
2026-09-29 17:59:50,70,39.0,78.0,11,57,False,0.0
2026-09-29 17:59:51,70,39.0,78.0,11,9,False,0.0
2026-09-29 17:59:52,70,39.0,78.0,11,49,False,0.0
2026-09-29 17:59:53,70,39.0,78.0,11,15,False,0.0
2026-09-29 17:59:54,70,39.0,78.0,11,7,False,0.0
2026-09-29 17:59:55,70,39.0,78.0,11,13,False,0.0
2026-09-29 17:59:57,67,39.0,104.0,11,14,False,0.0
2026-09-29 17:59:58,67,39.0,104.0,11,,True,10.0
2026-09-29 18:00:00,67,39.0,104.0,11,,True,20.0
2026-09-29 18:00:02,70,39.0,58.5,11,718,False,20.0
2026-09-29 18:00:03,70,39.0,58.5,11,23,False,20.0
2026-09-29 18:00:04,70,39.0,58.5,11,8,False,20.0
2026-09-29 18:00:06,70,57.8,78.0,11,18,False,20.0
2026-09-29 18:00:07,70,57.8,78.0,11,11,False,20.0
2026-09-29 18:00:08,80,57.8,78.0,11,9,False,20.0
2026-09-29 18:00:09,80,57.8,104.0,11,6,False,20.0
2026-09-29 18:00:10,80,57.8,104.0,11,10,False,20.0
2026-09-29 18:00:11,80,57.8,104.0,11,37,False,10.0
2026-09-29 18:00:13,81,57.8,130.0,11,154,False,0.0
2026-09-29 18:00:14,81,57.8,130.0,11,5,False,0.0
2026-09-29 18:00:15,81,57.8,130.0,11,5,False,0.0
2026-09-29 18:00:16,81,57.8,130.0,11,10,False,0.0
2026-09-29 18:00:17,81,144.4,144.4,11,5,False,0.0
2026-09-29 18:00:18,81,144.4,144.4,11,56,False,0.0
2026-09-29 18:00:19,81,144.4,144.4,11,12,False,0.0
2026-09-29 18:00:21,81,144.4,144.4,11,8,False,0.0
2026-09-29 18:00:22,81,144.4,144.4,11,8,False,0.0
2026-09-29 18:00:23,81,144.4,144.4,11,7,False,0.0
2026-09-29 18:00:24,81,144.4,144.4,11,9,False,0.0
2026-09-29 18:00:25,81,144.4,144.4,11,94,False,0.0
2026-09-29 18:00:27,81,144.4,144.4,11,232,False,0.0
2026-09-29 18:00:28,81,144.4,144.4,11,98,False,0.0
2026-09-29 18:00:29,81,144.4,144.4,11,58,False,0.0
2026-09-29 18:00:30,81,144.4,144.4,11,5,False,0.0
2026-09-29 18:00:31,81,144.4,144.4,11,25,False,0.0
2026-09-29 18:00:32,81,144.4,144.4,11,16,False,0.0
2026-09-29 18:00:34,81,144.4,144.4,11,6,False,0.0
2026-09-29 18:00:35,81,144.4,144.4,11,49,False,0.0
2026-09-29 18:00:36,86,144.4,117.0,11,26,False,0.0
2026-09-29 18:00:37,86,144.4,117.0,11,16,False,0.0
2026-09-29 18:00:38,86,144.4,117.0,11,16,False,0.0
2026-09-29 18:00:39,86,144.4,117.0,11,20,False,0.0
2026-09-29 18:00:41,86,144.4,144.4,11,120,False,0.0
2026-09-29 18:00:42,86,144.4,144.4,11,9,False,0.0
2026-09-29 18:00:43,86,144.4,144.4,11,108,False,0.0
2026-09-29 18:00:44,86,144.4,144.4,11,5,False,0.0
2026-09-29 18:00:45,86,144.4,144.4,11,15,False,0.0
2026-09-29 18:00:47,86,144.4,144.4,11,,True,10.0
2026-09-29 18:00:49,86,144.4,144.4,11,,True,20.0
2026-09-29 18:00:51,86,144.4,144.4,11,481,False,20.0
2026-09-29 18:00:52,86,144.4,144.4,11,7,False,20.0
2026-09-29 18:00:53,86,144.4,144.4,11,40,False,20.0
2026-09-29 18:00:54,86,144.4,144.4,11,18,False,20.0
2026-09-29 18:00:56,86,144.4,144.4,11,148,False,20.0
2026-09-29 18:00:57,86,144.4,144.4,11,180,False,20.0
2026-09-29 18:00:58,86,144.4,144.4,11,185,False,20.0
2026-09-29 18:01:00,86,144.4,144.4,11,81,False,20.0
2026-09-29 18:01:01,86,144.4,144.4,11,116,False,10.0
2026-09-29 18:01:02,87,39.0,144.4,11,140,False,0.0
2026-09-29 18:01:03,87,39.0,144.4,11,34,False,0.0
2026-09-29 18:01:04,87,39.0,144.4,11,14,False,0.0
2026-09-29 18:01:06,87,39.0,144.4,11,8,False,0.0
2026-09-29 18:01:07,87,39.0,144.4,11,7,False,0.0
2026-09-29 18:01:08,87,39.0,144.4,11,11,False,0.0
2026-09-29 18:01:09,87,39.0,144.4,11,21,False,0.0
2026-09-29 18:01:10,87,39.0,144.4,11,7,False,0.0
2026-09-29 18:01:11,87,39.0,144.4,11,7,False,0.0
2026-09-29 18:01:12,87,39.0,144.4,11,5,False,0.0
2026-09-29 18:01:14,87,39.0,144.4,11,7,False,0.0
2026-09-29 18:01:15,87,39.0,144.4,11,63,False,0.0
2026-09-29 18:01:16,87,39.0,144.4,11,140,False,0.0
2026-09-29 18:01:17,87,39.0,144.4,11,4,False,0.0
2026-09-29 18:01:18,87,39.0,144.4,11,9,False,0.0
2026-09-29 18:01:19,87,39.0,144.4,11,6,False,0.0
2026-09-29 18:01:21,87,39.0,144.4,11,6,False,0.0
2026-09-29 18:01:22,88,144.4,144.4,11,11,False,0.0
2026-09-29 18:01:23,88,144.4,144.4,11,7,False,0.0
2026-09-29 18:01:24,88,144.4,144.4,11,13,False,0.0
2026-09-29 18:01:25,88,144.4,144.4,11,5,False,0.0
2026-09-29 18:01:26,88,144.4,144.4,11,5,False,0.0
2026-09-29 18:01:28,88,144.4,144.4,11,108,False,0.0
2026-09-29 18:01:29,88,144.4,144.4,11,13,False,0.0
2026-09-29 18:01:30,88,144.4,144.4,11,4,False,0.0
2026-09-29 18:01:31,88,144.4,144.4,11,12,False,0.0
2026-09-29 18:01:32,88,144.4,144.4,11,7,False,0.0
2026-09-29 18:01:33,88,144.4,144.4,11,5,False,0.0
2026-09-29 18:01:34,88,144.4,144.4,11,8,False,0.0
2026-09-29 18:01:35,88,144.4,144.4,11,7,False,0.0
2026-09-29 18:01:37,88,144.4,144.4,11,6,False,0.0
2026-09-29 18:01:38,88,144.4,144.4,11,145,False,0.0
2026-09-29 18:01:39,88,144.4,144.4,11,5,False,0.0
2026-09-29 18:01:40,88,144.4,144.4,11,4,False,0.0
2026-09-29 18:01:41,88,144.4,144.4,11,46,False,0.0
2026-09-29 18:01:42,88,144.4,144.4,11,6,False,0.0
2026-09-29 18:01:44,88,144.4,144.4,11,6,False,0.0
2026-09-29 18:01:45,88,144.4,144.4,11,5,False,0.0
2026-09-29 18:01:47,88,144.4,144.4,11,,True,10.0
2026-09-29 18:01:49,88,144.4,144.4,11,,True,20.0
2026-09-29 18:01:51,88,144.4,144.4,11,786,False,20.0
2026-09-29 18:01:52,88,144.4,144.4,11,7,False,20.0
2026-09-29 18:01:53,88,144.4,144.4,11,6,False,20.0
2026-09-29 18:01:54,88,144.4,144.4,11,8,False,20.0
2026-09-29 18:01:55,88,144.4,144.4,11,116,False,20.0
2026-09-29 18:01:56,88,144.4,144.4,11,11,False,20.0
2026-09-29 18:01:58,88,144.4,144.4,11,23,False,20.0
2026-09-29 18:01:59,88,144.4,144.4,11,6,False,20.0
2026-09-29 18:02:00,88,144.4,144.4,11,9,False,10.0
2026-09-29 18:02:01,88,144.4,144.4,11,6,False,0.0
2026-09-29 18:02:02,88,144.4,144.4,11,13,False,0.0
2026-09-29 18:02:03,88,144.4,144.4,11,6,False,0.0
2026-09-29 18:02:04,88,144.4,144.4,11,8,False,0.0
2026-09-29 18:02:05,88,144.4,144.4,11,4,False,0.0
2026-09-29 18:02:07,88,144.4,144.4,11,5,False,0.0
2026-09-29 18:02:08,88,144.4,144.4,11,8,False,0.0
2026-09-29 18:02:09,88,144.4,144.4,11,5,False,0.0
2026-09-29 18:02:10,88,144.4,144.4,11,37,False,0.0
2026-09-29 18:02:11,88,144.4,144.4,11,98,False,0.0
2026-09-29 18:02:12,88,144.4,144.4,11,109,False,0.0
2026-09-29 18:02:14,88,144.4,144.4,11,6,False,0.0
2026-09-29 18:02:15,88,144.4,144.4,11,4,False,0.0
2026-09-29 18:02:16,88,144.4,144.4,11,8,False,0.0
2026-09-29 18:02:17,88,144.4,144.4,11,16,False,0.0
2026-09-29 18:02:18,88,144.4,144.4,11,5,False,0.0
2026-09-29 18:02:19,88,144.4,144.4,11,5,False,0.0
2026-09-29 18:02:20,88,144.4,144.4,11,7,False,0.0
2026-09-29 18:02:21,88,144.4,144.4,11,4,False,0.0
2026-09-29 18:02:22,88,144.4,144.4,11,6,False,0.0
2026-09-29 18:02:24,88,144.4,144.4,11,14,False,0.0
2026-09-29 18:02:25,88,144.4,144.4,11,5,False,0.0
2026-09-29 18:02:26,88,144.4,144.4,11,6,False,0.0
2026-09-29 18:02:27,88,144.4,144.4,11,13,False,0.0
2026-09-29 18:02:28,89,144.4,78.0,11,44,False,0.0
2026-09-29 18:02:29,89,144.4,78.0,11,52,False,0.0
2026-09-29 18:02:30,89,144.4,78.0,11,6,False,0.0
2026-09-29 18:02:32,89,144.4,78.0,11,123,False,0.0
2026-09-29 18:02:33,89,144.4,78.0,11,9,False,0.0
2026-09-29 18:02:34,89,144.4,78.0,11,15,False,0.0
2026-09-29 18:02:35,89,144.4,78.0,11,12,False,0.0
2026-09-29 18:02:36,89,144.4,78.0,11,34,False,0.0
2026-09-29 18:02:37,89,144.4,78.0,11,5,False,0.0
2026-09-29 18:02:39,89,144.4,78.0,11,6,False,0.0
2026-09-29 18:02:40,89,144.4,78.0,11,8,False,0.0
2026-09-29 18:02:41,89,144.4,78.0,11,13,False,0.0
2026-09-29 18:02:42,89,144.4,78.0,11,10,False,0.0
2026-09-29 18:02:43,83,144.4,117.0,11,8,False,0.0
2026-09-29 18:02:44,83,144.4,117.0,11,13,False,0.0
2026-09-29 18:02:45,83,144.4,117.0,11,6,False,0.0
2026-09-29 18:02:46,83,144.4,117.0,11,7,False,0.0
2026-09-29 18:02:48,83,130.0,144.4,11,5,False,0.0
2026-09-29 18:02:49,83,130.0,144.4,11,5,False,0.0
2026-09-29 18:02:50,83,130.0,144.4,11,,True,10.0
2026-09-29 18:02:52,83,130.0,144.4,11,,True,20.0
2026-09-29 18:02:53,87,144.4,144.4,11,29,False,20.0
2026-09-29 18:02:55,87,144.4,130.0,11,87,False,20.0
2026-09-29 18:02:56,87,144.4,130.0,11,4,False,20.0
2026-09-29 18:02:57,87,144.4,144.4,11,9,False,20.0
2026-09-29 18:02:58,87,144.4,144.4,11,9,False,20.0
2026-09-29 18:02:59,87,144.4,144.4,11,8,False,20.0
2026-09-29 18:03:00,87,144.4,144.4,11,4,False,20.0
2026-09-29 18:03:01,87,144.4,144.4,11,8,False,20.0
2026-09-29 18:03:03,87,144.4,144.4,11,57,False,10.0
2026-09-29 18:03:04,87,144.4,144.4,11,,True,10.0
2026-09-29 18:03:06,87,144.4,144.4,11,,True,20.0
2026-09-29 18:03:08,87,144.4,144.4,11,226,False,20.0
2026-09-29 18:03:09,87,144.4,144.4,11,79,False,20.0
2026-09-29 18:03:10,87,144.4,144.4,11,100,False,20.0
2026-09-29 18:03:11,87,144.4,144.4,11,28,False,20.0
2026-09-29 18:03:12,87,144.4,144.4,11,5,False,20.0
2026-09-29 18:03:14,87,144.4,144.4,11,12,False,20.0
2026-09-29 18:03:15,87,144.4,144.4,11,8,False,20.0
2026-09-29 18:03:16,87,144.4,144.4,11,5,False,20.0
2026-09-29 18:03:17,87,144.4,144.4,11,7,False,10.0
2026-09-29 18:03:18,87,144.4,144.4,11,12,False,0.0
2026-09-29 18:03:19,87,144.4,144.4,11,65,False,0.0
2026-09-29 18:03:20,87,144.4,117.0,11,11,False,0.0
2026-09-29 18:03:22,87,144.4,130.0,11,129,False,0.0
2026-09-29 18:03:23,87,144.4,130.0,11,7,False,0.0
2026-09-29 18:03:24,87,144.4,130.0,11,10,False,0.0
2026-09-29 18:03:25,87,144.4,130.0,11,145,False,0.0
2026-09-29 18:03:26,87,130.0,130.0,11,11,False,0.0
2026-09-29 18:03:28,86,130.0,144.4,11,6,False,0.0
2026-09-29 18:03:29,86,130.0,144.4,11,80,False,0.0
2026-09-29 18:03:30,86,130.0,144.4,11,6,False,0.0
2026-09-29 18:03:31,86,130.0,144.4,11,7,False,0.0
2026-09-29 18:03:32,86,130.0,144.4,11,11,False,0.0
2026-09-29 18:03:33,86,130.0,144.4,11,8,False,0.0
2026-09-29 18:03:34,86,130.0,144.4,11,16,False,0.0
2026-09-29 18:03:36,86,130.0,144.4,11,28,False,0.0
2026-09-29 18:03:37,86,130.0,144.4,11,6,False,0.0
2026-09-29 18:03:38,86,130.0,144.4,11,5,False,0.0
2026-09-29 18:03:39,86,130.0,144.4,11,5,False,0.0
2026-09-29 18:03:40,86,130.0,144.4,11,63,False,0.0
2026-09-29 18:03:41,86,130.0,144.4,11,5,False,0.0
2026-09-29 18:03:42,86,130.0,144.4,11,17,False,0.0
2026-09-29 18:03:44,86,130.0,144.4,11,18,False,0.0
2026-09-29 18:03:45,86,130.0,144.4,11,24,False,0.0
2026-09-29 18:03:46,86,130.0,144.4,11,10,False,0.0
2026-09-29 18:03:47,86,52.0,144.4,11,8,False,0.0
2026-09-29 18:03:48,86,52.0,144.4,11,32,False,0.0
2026-09-29 18:03:49,86,52.0,144.4,11,7,False,0.0
2026-09-29 18:03:50,86,52.0,144.4,11,5,False,0.0
2026-09-29 18:03:52,86,130.0,144.4,11,47,False,0.0
2026-09-29 18:03:53,86,130.0,144.4,11,4,False,0.0
2026-09-29 18:03:54,86,130.0,144.4,11,10,False,0.0
2026-09-29 18:03:55,86,130.0,144.4,11,5,False,0.0
2026-09-29 18:03:56,86,130.0,144.4,11,4,False,0.0
2026-09-29 18:03:57,86,130.0,144.4,11,6,False,0.0
2026-09-29 18:03:58,86,130.0,144.4,11,9,False,0.0
2026-09-29 18:03:59,86,130.0,144.4,11,8,False,0.0
2026-09-29 18:04:01,86,130.0,144.4,11,6,False,0.0
2026-09-29 18:04:02,86,130.0,144.4,11,4,False,0.0
2026-09-29 18:04:03,86,130.0,144.4,11,9,False,0.0
2026-09-29 18:04:04,86,130.0,144.4,11,11,False,0.0
2026-09-29 18:04:05,86,130.0,144.4,11,32,False,0.0
2026-09-29 18:04:06,86,130.0,144.4,11,20,False,0.0
2026-09-29 18:04:08,85,144.4,144.4,11,,True,10.0
2026-09-29 18:04:10,85,144.4,144.4,11,,True,20.0
2026-09-29 18:04:11,85,144.4,144.4,11,37,False,20.0
2026-09-29 18:04:13,85,144.4,144.4,11,119,False,20.0
2026-09-29 18:04:14,85,144.4,144.4,11,76,False,20.0
2026-09-29 18:04:15,85,144.4,144.4,11,13,False,20.0
2026-09-29 18:04:16,85,144.4,144.4,11,15,False,20.0
2026-09-29 18:04:17,85,144.4,144.4,11,36,False,20.0
2026-09-29 18:04:18,85,144.4,144.4,11,14,False,20.0
2026-09-29 18:04:20,85,144.4,144.4,11,7,False,20.0
2026-09-29 18:04:21,85,144.4,144.4,11,121,False,10.0
2026-09-29 18:04:22,85,144.4,144.4,11,20,False,0.0
2026-09-29 18:04:23,85,144.4,144.4,11,80,False,0.0
2026-09-29 18:04:24,85,144.4,144.4,11,10,False,0.0
2026-09-29 18:04:26,85,144.4,144.4,11,77,False,0.0
2026-09-29 18:04:27,85,144.4,144.4,11,109,False,0.0
2026-09-29 18:04:28,85,144.4,144.4,11,15,False,0.0
2026-09-29 18:04:29,85,144.4,144.4,11,78,False,0.0
2026-09-29 18:04:30,85,144.4,144.4,11,58,False,0.0
2026-09-29 18:04:32,85,144.4,144.4,11,6,False,0.0
2026-09-29 18:04:33,85,144.4,144.4,11,21,False,0.0
2026-09-29 18:04:34,85,144.4,144.4,11,5,False,0.0
2026-09-29 18:04:35,85,144.4,144.4,11,8,False,0.0
2026-09-29 18:04:36,85,144.4,144.4,11,5,False,0.0
2026-09-29 18:04:37,85,144.4,144.4,11,89,False,0.0
2026-09-29 18:04:38,85,144.4,144.4,11,5,False,0.0
2026-09-29 18:04:40,85,144.4,144.4,11,67,False,0.0
2026-09-29 18:04:41,85,144.4,144.4,11,182,False,0.0
2026-09-29 18:04:42,85,144.4,144.4,11,81,False,0.0
2026-09-29 18:04:43,85,144.4,144.4,11,10,False,0.0
2026-09-29 18:04:44,85,144.4,144.4,11,7,False,0.0
2026-09-29 18:04:46,85,144.4,144.4,11,9,False,0.0
2026-09-29 18:04:47,85,144.4,144.4,11,6,False,0.0
2026-09-29 18:04:48,85,144.4,144.4,11,18,False,0.0
2026-09-29 18:04:49,85,144.4,144.4,11,6,False,0.0
2026-09-29 18:04:50,85,144.4,144.4,11,127,False,0.0
2026-09-29 18:04:51,85,144.4,144.4,11,16,False,0.0
2026-09-29 18:04:53,85,144.4,144.4,11,28,False,0.0
2026-09-29 18:04:54,85,144.4,144.4,11,146,False,0.0
2026-09-29 18:04:55,85,144.4,144.4,11,198,False,0.0
2026-09-29 18:04:56,85,144.4,144.4,11,10,False,0.0
2026-09-29 18:04:58,85,144.4,144.4,11,21,False,0.0
2026-09-29 18:04:59,85,144.4,144.4,11,89,False,0.0
2026-09-29 18:05:00,85,144.4,144.4,11,11,False,0.0
2026-09-29 18:05:01,85,144.4,144.4,11,7,False,0.0
2026-09-29 18:05:02,85,144.4,144.4,11,30,False,0.0
2026-09-29 18:05:03,85,144.4,144.4,11,35,False,0.0
2026-09-29 18:05:05,85,144.4,144.4,11,173,False,0.0
2026-09-29 18:05:06,85,144.4,144.4,11,167,False,0.0
2026-09-29 18:05:07,86,144.4,58.5,11,16,False,0.0
2026-09-29 18:05:08,86,144.4,58.5,11,17,False,0.0
2026-09-29 18:05:09,86,144.4,78.0,11,12,False,0.0
2026-09-29 18:05:10,86,144.4,78.0,11,28,False,0.0
2026-09-29 18:05:12,60,144.4,78.0,11,52,False,0.0
2026-09-29 18:05:13,60,144.4,78.0,11,225,False,0.0
2026-09-29 18:05:14,60,144.4,65.0,11,116,False,0.0
2026-09-29 18:05:16,60,144.4,78.0,11,157,False,0.0
2026-09-29 18:05:17,60,144.4,78.0,11,156,False,0.0
2026-09-29 18:05:18,60,144.4,117.0,11,105,False,0.0
2026-09-29 18:05:19,60,144.4,117.0,11,245,False,0.0
2026-09-29 18:05:21,65,144.4,78.0,11,29,False,0.0
2026-09-29 18:05:22,65,144.4,78.0,11,19,False,0.0
2026-09-29 18:05:23,65,144.4,78.0,11,11,False,0.0
2026-09-29 18:05:24,65,144.4,78.0,11,11,False,0.0
2026-09-29 18:05:25,65,144.4,78.0,11,13,False,0.0
2026-09-29 18:05:26,65,144.4,78.0,11,46,False,0.0
2026-09-29 18:05:28,65,144.4,78.0,11,21,False,0.0
2026-09-29 18:05:29,65,144.4,78.0,11,6,False,0.0
2026-09-29 18:05:30,65,144.4,78.0,11,110,False,0.0
2026-09-29 18:05:31,65,144.4,78.0,11,188,False,0.0
2026-09-29 18:05:33,80,144.4,130.0,11,,True,10.0
2026-09-29 18:05:35,80,144.4,144.4,11,,True,20.0
2026-09-29 18:05:37,80,144.4,144.4,11,,True,30.0
2026-09-29 18:05:39,80,144.4,144.4,11,,True,40.0
2026-09-29 18:05:41,80,144.4,144.4,11,,True,50.0
2026-09-29 18:05:43,80,144.4,144.4,11,,True,60.0
2026-09-29 18:05:45,80,144.4,144.4,11,,True,70.0
2026-09-29 18:05:47,80,144.4,144.4,11,,True,80.0
2026-09-29 18:05:49,85,144.4,58.5,11,,True,90.0
2026-09-29 18:05:51,85,144.4,58.5,11,,True,100.0
2026-09-29 18:05:53,62,144.4,39.0,11,,True,100.0
2026-09-29 18:05:55,60,144.4,52.0,11,,True,100.0
2026-09-29 18:05:57,57,144.4,78.0,11,,True,100.0
2026-09-29 18:05:59,57,144.4,58.5,11,,True,100.0
2026-09-29 18:06:01,57,144.4,78.0,11,,True,100.0
2026-09-29 18:06:03,57,144.4,78.0,11,,True,100.0
2026-09-29 18:06:05,46,144.4,52.0,11,,True,100.0
2026-09-29 18:06:07,46,144.4,52.0,11,,True,100.0
2026-09-29 18:06:09,38,144.4,52.0,11,,True,100.0
2026-09-29 18:06:11,38,19.5,26.0,11,,True,100.0
2026-09-29 18:06:13,33,19.5,39.0,11,,True,100.0
2026-09-29 18:06:15,33,19.5,39.0,11,,True,100.0
2026-09-29 18:06:17,33,19.5,39.0,11,,True,100.0
2026-09-29 18:06:19,33,19.5,39.0,11,,True,100.0
2026-09-29 18:06:21,33,19.5,39.0,11,,True,100.0
2026-09-29 18:06:23,33,19.5,39.0,11,,True,100.0
2026-09-29 18:06:25,31,1.0,6.5,11,,True,100.0
2026-09-29 18:06:27,31,2.0,6.5,11,,True,100.0
2026-09-29 18:06:29,15,2.0,6.5,11,,True,100.0
2026-09-29 18:06:31,,,,,,True,100.0
2026-09-29 18:06:32,80,520.0,520.0,48,,True,100.0
2026-09-29 18:06:34,80,520.0,520.0,48,,True,100.0
2026-09-29 18:06:36,80,520.0,520.0,48,,True,100.0
2026-09-29 18:06:38,78,520.0,520.0,48,,True,100.0
2026-09-29 18:06:40,78,520.0,520.0,48,,True,100.0
2026-09-29 18:06:42,78,520.0,520.0,48,,True,100.0
2026-09-29 18:06:44,80,390.0,175.5,48,,True,100.0
2026-09-29 18:06:46,80,390.0,175.5,48,,True,100.0
2026-09-29 18:06:48,80,390.0,351.0,48,,True,100.0
2026-09-29 18:06:50,80,390.0,351.0,48,,True,100.0
2026-09-29 18:06:52,80,390.0,351.0,48,,True,100.0
2026-09-29 18:06:54,80,390.0,526.5,48,,True,100.0
2026-09-29 18:06:56,80,390.0,526.5,48,,True,100.0
2026-09-29 18:06:58,80,390.0,390.0,48,,True,100.0
2026-09-29 18:07:00,80,390.0,390.0,48,,True,100.0
2026-09-29 18:07:02,80,390.0,390.0,48,,True,100.0
2026-09-29 18:07:04,80,390.0,390.0,48,,True,100.0
2026-09-29 18:07:06,80,390.0,390.0,48,,True,100.0
2026-09-29 18:07:08,80,390.0,390.0,48,,True,100.0
2026-09-29 18:07:10,80,390.0,390.0,48,,True,100.0
2026-09-29 18:07:12,80,390.0,390.0,48,,True,100.0
2026-09-29 18:07:14,80,390.0,390.0,48,,True,100.0
2026-09-29 18:07:16,80,390.0,390.0,48,,True,100.0
2026-09-29 18:07:18,80,390.0,390.0,48,,True,100.0
2026-09-29 18:07:20,80,390.0,390.0,48,,True,100.0
2026-09-29 18:07:22,80,390.0,390.0,48,,True,100.0
2026-09-29 18:07:24,80,390.0,390.0,48,,True,100.0
2026-09-29 18:07:26,80,390.0,390.0,48,,True,100.0
2026-09-29 18:07:28,80,390.0,390.0,48,,True,100.0
2026-09-29 18:07:30,80,390.0,390.0,48,,True,100.0
2026-09-29 18:07:32,80,390.0,390.0,48,,True,100.0
2026-09-29 18:07:34,80,390.0,585.0,48,,True,100.0
2026-09-29 18:07:36,80,390.0,585.0,48,,True,100.0
2026-09-29 18:07:38,80,390.0,390.0,48,,True,100.0
2026-09-29 18:07:40,80,390.0,390.0,48,,True,100.0
2026-09-29 18:07:42,80,390.0,390.0,48,,True,100.0
2026-09-29 18:07:44,80,390.0,390.0,48,,True,100.0
2026-09-29 18:07:46,80,390.0,390.0,48,,True,100.0
2026-09-29 18:07:48,80,390.0,390.0,48,,True,100.0
2026-09-29 18:07:50,80,390.0,390.0,48,,True,100.0
2026-09-29 18:07:52,80,390.0,390.0,48,,True,100.0
2026-09-29 18:07:54,80,390.0,390.0,48,,True,100.0
2026-09-29 18:07:56,80,390.0,390.0,48,,True,100.0
2026-09-29 18:07:58,80,390.0,390.0,48,,True,100.0
2026-09-29 18:08:00,80,390.0,390.0,48,,True,100.0
2026-09-29 18:08:02,80,390.0,390.0,48,,True,100.0
2026-09-29 18:08:04,80,390.0,390.0,48,,True,100.0
2026-09-29 18:08:06,80,390.0,390.0,48,,True,100.0
2026-09-29 18:08:08,80,390.0,390.0,48,,True,100.0
2026-09-29 18:08:10,80,390.0,390.0,48,,True,100.0
2026-09-29 18:08:12,80,390.0,390.0,48,,True,100.0
2026-09-29 18:08:14,80,390.0,390.0,48,,True,100.0
2026-09-29 18:08:16,80,390.0,390.0,48,,True,100.0
2026-09-29 18:08:18,80,390.0,390.0,48,,True,100.0
2026-09-29 18:08:20,80,390.0,390.0,48,,True,100.0
2026-09-29 18:08:22,80,390.0,390.0,48,,True,100.0
2026-09-29 18:08:24,80,390.0,390.0,48,,True,100.0
2026-09-29 18:08:26,80,390.0,390.0,48,,True,100.0
2026-09-29 18:08:28,81,325.0,390.0,48,,True,100.0
2026-09-29 18:08:30,81,390.0,390.0,48,,True,100.0
2026-09-29 18:08:32,81,390.0,390.0,48,,True,100.0
2026-09-29 18:08:34,81,390.0,390.0,48,,True,100.0
2026-09-29 18:08:36,81,390.0,390.0,48,,True,100.0
2026-09-29 18:08:38,81,390.0,390.0,48,,True,100.0
2026-09-29 18:08:40,81,390.0,390.0,48,,True,100.0
2026-09-29 18:08:42,81,390.0,390.0,48,,True,100.0
2026-09-29 18:08:44,81,390.0,390.0,48,,True,100.0
2026-09-29 18:08:46,81,390.0,390.0,48,,True,100.0
2026-09-29 18:08:48,81,390.0,390.0,48,,True,100.0
2026-09-29 18:08:50,81,390.0,390.0,48,,True,100.0
2026-09-29 18:08:52,81,433.3,390.0,48,,True,100.0
2026-09-29 18:08:54,81,433.3,390.0,48,,True,100.0
2026-09-29 18:08:56,81,433.3,390.0,48,,True,100.0
2026-09-29 18:08:58,81,433.3,390.0,48,,True,100.0
2026-09-29 18:09:00,81,433.3,390.0,48,,True,100.0
2026-09-29 18:09:02,81,390.0,390.0,48,,True,100.0
2026-09-29 18:09:04,81,390.0,390.0,48,,True,100.0
2026-09-29 18:09:06,81,433.3,390.0,48,,True,100.0
2026-09-29 18:09:08,81,433.3,390.0,48,,True,100.0
2026-09-29 18:09:10,81,433.3,390.0,48,,True,100.0
2026-09-29 18:09:12,81,433.3,390.0,48,,True,100.0
2026-09-29 18:09:14,81,433.3,390.0,48,,True,100.0
2026-09-29 18:09:16,81,433.3,390.0,48,,True,100.0
2026-09-29 18:09:18,81,433.3,390.0,48,,True,100.0
2026-09-29 18:09:20,81,433.3,390.0,48,,True,100.0
2026-09-29 18:09:22,81,433.3,390.0,48,,True,100.0
2026-09-29 18:09:24,81,433.3,390.0,48,,True,100.0
2026-09-29 18:09:26,81,433.3,390.0,48,,True,100.0
2026-09-29 18:09:28,81,390.0,390.0,48,,True,100.0
2026-09-29 18:09:30,81,390.0,390.0,48,,True,100.0
2026-09-29 18:09:32,81,390.0,390.0,48,,True,100.0
2026-09-29 18:09:34,81,390.0,390.0,48,,True,100.0
2026-09-29 18:09:36,81,390.0,390.0,48,,True,100.0
2026-09-29 18:09:38,81,390.0,390.0,48,,True,100.0
2026-09-29 18:09:40,81,390.0,390.0,48,,True,100.0
2026-09-29 18:09:42,81,390.0,390.0,48,,True,100.0
2026-09-29 18:09:44,81,520.0,390.0,48,,True,100.0
2026-09-29 18:09:46,81,520.0,390.0,48,,True,100.0
2026-09-29 18:09:48,81,520.0,390.0,48,,True,100.0
2026-09-29 18:09:50,81,520.0,390.0,48,,True,100.0
2026-09-29 18:09:52,81,520.0,390.0,48,,True,100.0
2026-09-29 18:09:54,81,520.0,390.0,48,,True,100.0
2026-09-29 18:09:56,81,520.0,390.0,48,,True,100.0
2026-09-29 18:09:58,81,520.0,390.0,48,,True,100.0
2026-09-29 18:10:00,81,520.0,390.0,48,,True,100.0
2026-09-29 18:10:02,81,520.0,390.0,48,,True,100.0
2026-09-29 18:10:04,81,585.0,390.0,48,,True,100.0
2026-09-29 18:10:06,81,585.0,390.0,48,,True,100.0
2026-09-29 18:10:08,81,585.0,390.0,48,,True,100.0
2026-09-29 18:10:10,81,585.0,390.0,48,,True,100.0
2026-09-29 18:10:12,81,585.0,390.0,48,,True,100.0
2026-09-29 18:10:14,81,585.0,390.0,48,,True,100.0
2026-09-29 18:10:16,81,585.0,390.0,48,,True,100.0
2026-09-29 18:10:18,81,585.0,390.0,48,,True,100.0
2026-09-29 18:10:20,81,585.0,390.0,48,,True,100.0
2026-09-29 18:10:22,81,585.0,390.0,48,,True,100.0
2026-09-29 18:10:24,81,585.0,390.0,48,,True,100.0
2026-09-29 18:10:26,81,585.0,390.0,48,,True,100.0
2026-09-29 18:10:28,81,390.0,390.0,48,,True,100.0
2026-09-29 18:10:30,81,390.0,390.0,48,,True,100.0
2026-09-29 18:10:32,81,390.0,390.0,48,,True,100.0
2026-09-29 18:10:34,81,390.0,390.0,48,,True,100.0
2026-09-29 18:10:36,81,390.0,351.0,48,,True,100.0
2026-09-29 18:10:38,81,390.0,351.0,48,,True,100.0
2026-09-29 18:10:40,81,390.0,351.0,48,,True,100.0
2026-09-29 18:10:42,81,26.0,390.0,48,,True,100.0
2026-09-29 18:10:44,81,26.0,390.0,48,,True,100.0
2026-09-29 18:10:46,81,26.0,390.0,48,,True,100.0
2026-09-29 18:10:48,81,26.0,351.0,48,,True,100.0
2026-09-29 18:10:50,81,26.0,351.0,48,,True,100.0
2026-09-29 18:10:52,81,325.0,351.0,48,,True,100.0
2026-09-29 18:10:54,81,325.0,351.0,48,,True,100.0
2026-09-29 18:10:56,81,325.0,351.0,48,,True,100.0
2026-09-29 18:10:58,80,325.0,390.0,48,,True,100.0
2026-09-29 18:11:00,80,325.0,390.0,48,,True,100.0
2026-09-29 18:11:02,80,26.0,390.0,48,,True,100.0
2026-09-29 18:11:04,80,26.0,390.0,48,,True,100.0
2026-09-29 18:11:06,80,26.0,390.0,48,,True,100.0
2026-09-29 18:11:08,80,26.0,390.0,48,,True,100.0
2026-09-29 18:11:10,80,26.0,390.0,48,,True,100.0
2026-09-29 18:11:12,80,26.0,390.0,48,,True,100.0
2026-09-29 18:11:14,81,26.0,351.0,48,,True,100.0
2026-09-29 18:11:16,81,26.0,351.0,48,,True,100.0
2026-09-29 18:11:18,81,585.0,390.0,48,,True,100.0
2026-09-29 18:11:20,81,585.0,390.0,48,,True,100.0
2026-09-29 18:11:22,81,585.0,390.0,48,,True,100.0
2026-09-29 18:11:24,81,585.0,390.0,48,,True,100.0
2026-09-29 18:11:26,41,585.0,351.0,48,,True,100.0
2026-09-29 18:11:28,92,144.4,144.4,6,,True,100.0
2026-09-29 18:11:30,92,144.4,144.4,6,,True,100.0
2026-09-29 18:11:32,92,144.4,144.4,6,,True,100.0
2026-09-29 18:11:34,92,52.0,52.0,6,,True,100.0
2026-09-29 18:11:36,92,52.0,52.0,6,,True,100.0
2026-09-29 18:11:38,92,52.0,52.0,6,,True,100.0
2026-09-29 18:11:40,92,52.0,52.0,6,,True,100.0
2026-09-29 18:11:42,92,78.0,52.0,6,,True,100.0
2026-09-29 18:11:44,92,78.0,52.0,6,,True,100.0
2026-09-29 18:11:46,92,78.0,52.0,6,,True,100.0
2026-09-29 18:11:48,92,117.0,48.0,6,,True,100.0
2026-09-29 18:11:50,92,117.0,48.0,6,,True,100.0
2026-09-29 18:11:52,92,117.0,104.0,6,,True,100.0
2026-09-29 18:11:54,92,117.0,104.0,6,,True,100.0
2026-09-29 18:11:56,92,117.0,104.0,6,,True,100.0
2026-09-29 18:11:58,93,130.0,104.0,6,,True,100.0
2026-09-29 18:12:00,93,130.0,104.0,6,,True,100.0
2026-09-29 18:12:02,93,130.0,104.0,6,,True,100.0
2026-09-29 18:12:04,93,130.0,144.4,6,,True,100.0
2026-09-29 18:12:06,93,130.0,144.4,6,,True,100.0
2026-09-29 18:12:08,93,130.0,104.0,6,,True,100.0
2026-09-29 18:12:10,93,130.0,104.0,6,,True,100.0
2026-09-29 18:12:12,93,130.0,104.0,6,,True,100.0
2026-09-29 18:12:14,93,130.0,52.0,6,,True,100.0
2026-09-29 18:12:16,93,130.0,52.0,6,,True,100.0
2026-09-29 18:12:18,93,130.0,104.0,6,,True,100.0
2026-09-29 18:12:20,93,130.0,104.0,6,,True,100.0
2026-09-29 18:12:22,93,130.0,104.0,6,,True,100.0
2026-09-29 18:12:24,93,130.0,104.0,6,,True,100.0
2026-09-29 18:12:26,93,130.0,104.0,6,,True,100.0
2026-09-29 18:12:28,93,65.0,104.0,6,,True,100.0
2026-09-29 18:12:30,93,65.0,104.0,6,,True,100.0
2026-09-29 18:12:32,93,65.0,104.0,6,,True,100.0
2026-09-29 18:12:34,93,65.0,52.0,6,,True,100.0
2026-09-29 18:12:36,93,65.0,52.0,6,,True,100.0
2026-09-29 18:12:38,93,65.0,52.0,6,,True,100.0
2026-09-29 18:12:40,93,65.0,52.0,6,,True,100.0
2026-09-29 18:12:42,93,65.0,52.0,6,,True,100.0
2026-09-29 18:12:44,92,65.0,39.0,6,,True,100.0
2026-09-29 18:12:46,92,65.0,39.0,6,,True,100.0
2026-09-29 18:12:48,92,65.0,39.0,6,,True,100.0
2026-09-29 18:12:50,92,65.0,39.0,6,,True,100.0
2026-09-29 18:12:52,92,65.0,39.0,6,,True,100.0
2026-09-29 18:12:54,92,65.0,52.0,6,,True,100.0
2026-09-29 18:12:56,92,65.0,52.0,6,,True,100.0
2026-09-29 18:12:58,92,65.0,52.0,6,,True,100.0
2026-09-29 18:13:00,92,65.0,52.0,6,,True,100.0
2026-09-29 18:13:02,92,65.0,52.0,6,,True,100.0
2026-09-29 18:13:04,92,65.0,52.0,6,,True,100.0
2026-09-29 18:13:06,92,65.0,78.0,6,,True,100.0
2026-09-29 18:13:08,92,65.0,78.0,6,,True,100.0
2026-09-29 18:13:10,92,65.0,78.0,6,,True,100.0
2026-09-29 18:13:12,92,65.0,78.0,6,,True,100.0
2026-09-29 18:13:14,92,65.0,78.0,6,,True,100.0
2026-09-29 18:13:16,92,65.0,78.0,6,,True,100.0
2026-09-29 18:13:18,92,65.0,78.0,6,,True,100.0
2026-09-29 18:13:20,92,65.0,78.0,6,,True,100.0
2026-09-29 18:13:22,92,65.0,78.0,6,,True,100.0
2026-09-29 18:13:24,92,65.0,78.0,6,,True,100.0
2026-09-29 18:13:26,92,65.0,78.0,6,,True,100.0
2026-09-29 18:13:28,83,650.0,650.0,48,,True,100.0
2026-09-29 18:13:30,83,650.0,650.0,48,,True,100.0
2026-09-29 18:13:32,83,650.0,650.0,48,,True,100.0
2026-09-29 18:13:34,83,780.0,780.0,48,,True,100.0
2026-09-29 18:13:36,83,780.0,780.0,48,,True,100.0
2026-09-29 18:13:38,83,26.0,351.0,48,,True,100.0
2026-09-29 18:13:40,83,26.0,351.0,48,,True,100.0
2026-09-29 18:13:42,83,26.0,585.0,48,,True,100.0
2026-09-29 18:13:44,83,26.0,585.0,48,,True,100.0
2026-09-29 18:13:46,83,26.0,585.0,48,,True,100.0
2026-09-29 18:13:48,82,26.0,175.5,48,,True,100.0
2026-09-29 18:13:50,82,26.0,175.5,48,,True,100.0
2026-09-29 18:13:52,82,26.0,175.5,48,,True,100.0
2026-09-29 18:13:54,82,433.3,351.0,48,,True,100.0
2026-09-29 18:13:56,82,433.3,351.0,48,,True,100.0
2026-09-29 18:13:58,82,433.3,351.0,48,,True,100.0
2026-09-29 18:14:00,82,433.3,351.0,48,,True,100.0
2026-09-29 18:14:02,82,433.3,351.0,48,,True,100.0
2026-09-29 18:14:04,82,433.3,175.5,48,,True,100.0
2026-09-29 18:14:06,82,433.3,175.5,48,,True,100.0
2026-09-29 18:14:08,82,433.3,351.0,48,,True,100.0
2026-09-29 18:14:10,82,433.3,351.0,48,,True,100.0
2026-09-29 18:14:12,82,433.3,351.0,48,,True,100.0
2026-09-29 18:14:14,82,433.3,351.0,48,,True,100.0
2026-09-29 18:14:16,82,433.3,351.0,48,,True,100.0
2026-09-29 18:14:18,82,433.3,351.0,48,,True,100.0
2026-09-29 18:14:20,82,433.3,351.0,48,,True,100.0
2026-09-29 18:14:22,82,433.3,351.0,48,,True,100.0
2026-09-29 18:14:24,82,433.3,351.0,48,,True,100.0
2026-09-29 18:14:26,82,433.3,351.0,48,,True,100.0
2026-09-29 18:14:28,82,433.3,351.0,48,,True,100.0
2026-09-29 18:14:30,82,433.3,351.0,48,,True,100.0
2026-09-29 18:14:32,82,433.3,351.0,48,,True,100.0
2026-09-29 18:14:34,82,433.3,351.0,48,,True,100.0
2026-09-29 18:14:36,82,433.3,351.0,48,,True,100.0
2026-09-29 18:14:38,82,433.3,526.5,48,,True,100.0
2026-09-29 18:14:40,82,433.3,526.5,48,,True,100.0
2026-09-29 18:14:42,82,433.3,526.5,48,,True,100.0
2026-09-29 18:14:44,82,433.3,526.5,48,,True,100.0
2026-09-29 18:14:46,82,433.3,526.5,48,,True,100.0
2026-09-29 18:14:48,82,433.3,526.5,48,,True,100.0
2026-09-29 18:14:50,82,433.3,526.5,48,,True,100.0
2026-09-29 18:14:52,82,433.3,526.5,48,,True,100.0
2026-09-29 18:14:54,82,433.3,526.5,48,,True,100.0
2026-09-29 18:14:56,82,433.3,526.5,48,,True,100.0
2026-09-29 18:14:58,82,433.3,526.5,48,,True,100.0
2026-09-29 18:15:00,82,433.3,526.5,48,,True,100.0
2026-09-29 18:15:02,82,433.3,526.5,48,,True,100.0
2026-09-29 18:15:04,81,433.3,351.0,48,,True,100.0
2026-09-29 18:15:06,81,433.3,351.0,48,,True,100.0
2026-09-29 18:15:08,81,433.3,526.5,48,,True,100.0
2026-09-29 18:15:10,81,433.3,526.5,48,,True,100.0
2026-09-29 18:15:12,81,433.3,526.5,48,,True,100.0
2026-09-29 18:15:14,81,433.3,351.0,48,,True,100.0
2026-09-29 18:15:16,81,26.0,351.0,48,,True,100.0
2026-09-29 18:15:18,81,26.0,526.5,48,,True,100.0
2026-09-29 18:15:20,81,26.0,526.5,48,,True,100.0
2026-09-29 18:15:22,81,26.0,526.5,48,,True,100.0
2026-09-29 18:15:24,81,26.0,526.5,48,,True,100.0
2026-09-29 18:15:26,81,26.0,526.5,48,,True,100.0
2026-09-29 18:15:28,81,26.0,526.5,48,,True,100.0
2026-09-29 18:15:30,81,26.0,526.5,48,,True,100.0
2026-09-29 18:15:32,81,26.0,526.5,48,,True,100.0
2026-09-29 18:15:34,81,26.0,526.5,48,,True,100.0
2026-09-29 18:15:36,82,234.0,526.5,48,,True,100.0
2026-09-29 18:15:38,82,234.0,526.5,48,,True,100.0
2026-09-29 18:15:40,82,234.0,526.5,48,,True,100.0
2026-09-29 18:15:42,82,234.0,526.5,48,,True,100.0
2026-09-29 18:15:44,82,234.0,468.0,48,,True,100.0
2026-09-29 18:15:46,82,520.0,585.0,48,,True,100.0
2026-09-29 18:15:48,82,520.0,585.0,48,,True,100.0
2026-09-29 18:15:50,82,520.0,585.0,48,,True,100.0
2026-09-29 18:15:52,82,520.0,585.0,48,,True,100.0
2026-09-29 18:15:54,82,520.0,585.0,48,,True,100.0
2026-09-29 18:15:56,82,520.0,585.0,48,,True,100.0
2026-09-29 18:15:58,82,650.0,585.0,48,,True,100.0
2026-09-29 18:16:00,82,650.0,585.0,48,,True,100.0
2026-09-29 18:16:02,82,650.0,585.0,48,,True,100.0
2026-09-29 18:16:04,82,650.0,585.0,48,,True,100.0
2026-09-29 18:16:06,82,650.0,585.0,48,,True,100.0
2026-09-29 18:16:08,82,520.0,468.0,48,,True,100.0
2026-09-29 18:16:10,82,520.0,468.0,48,,True,100.0
2026-09-29 18:16:12,82,585.0,468.0,48,,True,100.0
2026-09-29 18:16:14,82,585.0,468.0,48,,True,100.0
2026-09-29 18:16:16,82,585.0,585.0,48,,True,100.0
2026-09-29 18:16:18,82,585.0,585.0,48,,True,100.0
2026-09-29 18:16:20,82,585.0,585.0,48,,True,100.0
2026-09-29 18:16:22,82,585.0,526.5,48,,True,100.0
2026-09-29 18:16:24,82,585.0,526.5,48,,True,100.0
2026-09-29 18:16:26,82,585.0,526.5,48,,True,100.0
2026-09-29 18:16:28,82,585.0,526.5,48,,True,100.0
2026-09-29 18:16:30,82,585.0,526.5,48,,True,100.0
2026-09-29 18:16:32,82,585.0,526.5,48,,True,100.0
2026-09-29 18:16:34,82,520.0,526.5,48,,True,100.0
2026-09-29 18:16:36,82,520.0,526.5,48,,True,100.0
2026-09-29 18:16:38,82,520.0,585.0,48,,True,100.0
2026-09-29 18:16:40,82,520.0,585.0,48,,True,100.0
2026-09-29 18:16:42,82,520.0,526.5,48,,True,100.0
2026-09-29 18:16:44,82,520.0,526.5,48,,True,100.0
2026-09-29 18:16:46,82,520.0,526.5,48,,True,100.0
2026-09-29 18:16:48,82,520.0,526.5,48,,True,100.0
2026-09-29 18:16:50,82,520.0,526.5,48,,True,100.0
2026-09-29 18:16:52,82,520.0,526.5,48,,True,100.0
2026-09-29 18:16:54,82,650.0,585.0,48,,True,100.0
2026-09-29 18:16:56,82,650.0,585.0,48,,True,100.0
2026-09-29 18:16:58,82,650.0,585.0,48,,True,100.0
2026-09-29 18:17:00,82,650.0,585.0,48,,True,100.0
2026-09-29 18:17:02,82,650.0,585.0,48,,True,100.0
2026-09-29 18:17:04,82,650.0,585.0,48,,True,100.0
2026-09-29 18:17:06,82,650.0,585.0,48,,True,100.0
2026-09-29 18:17:08,82,650.0,585.0,48,,True,100.0
2026-09-29 18:17:10,82,650.0,585.0,48,,True,100.0
2026-09-29 18:17:12,82,650.0,585.0,48,,True,100.0
2026-09-29 18:17:14,82,650.0,585.0,48,,True,100.0
2026-09-29 18:17:16,82,650.0,585.0,48,,True,100.0
2026-09-29 18:17:18,83,650.0,526.5,48,,True,100.0
2026-09-29 18:17:20,83,650.0,526.5,48,,True,100.0
2026-09-29 18:17:22,83,650.0,526.5,48,,True,100.0
2026-09-29 18:17:24,83,650.0,585.0,48,,True,100.0
2026-09-29 18:17:26,83,650.0,585.0,48,,True,100.0
2026-09-29 18:17:28,82,433.3,585.0,48,,True,100.0
2026-09-29 18:17:30,82,433.3,585.0,48,,True,100.0
2026-09-29 18:17:32,82,433.3,585.0,48,,True,100.0
2026-09-29 18:17:34,82,433.3,585.0,48,,True,100.0
2026-09-29 18:17:36,82,433.3,585.0,48,,True,100.0
2026-09-29 18:17:38,82,433.3,585.0,48,,True,100.0
2026-09-29 18:17:40,82,433.3,585.0,48,,True,100.0
2026-09-29 18:17:42,82,433.3,585.0,48,,True,100.0
2026-09-29 18:17:44,82,433.3,585.0,48,,True,100.0
2026-09-29 18:17:46,82,433.3,585.0,48,,True,100.0
2026-09-29 18:17:48,82,433.3,585.0,48,,True,100.0
2026-09-29 18:17:50,82,433.3,585.0,48,,True,100.0
2026-09-29 18:17:52,82,433.3,585.0,48,,True,100.0
2026-09-29 18:17:54,82,433.3,585.0,48,,True,100.0
2026-09-29 18:17:56,82,433.3,585.0,48,,True,100.0
2026-09-29 18:17:58,82,433.3,526.5,48,,True,100.0
2026-09-29 18:18:00,82,433.3,526.5,48,,True,100.0
2026-09-29 18:18:02,82,433.3,526.5,48,,True,100.0
2026-09-29 18:18:04,82,433.3,780.0,48,,True,100.0
2026-09-29 18:18:06,82,433.3,780.0,48,,True,100.0
2026-09-29 18:18:08,82,433.3,780.0,48,,True,100.0
2026-09-29 18:18:10,82,433.3,585.0,48,,True,100.0
2026-09-29 18:18:12,82,433.3,585.0,48,,True,100.0
2026-09-29 18:18:14,82,433.3,585.0,48,,True,100.0
2026-09-29 18:18:16,82,433.3,585.0,48,,True,100.0
2026-09-29 18:18:18,82,433.3,585.0,48,,True,100.0
2026-09-29 18:18:20,82,433.3,585.0,48,,True,100.0
2026-09-29 18:18:22,82,433.3,585.0,48,,True,100.0
2026-09-29 18:18:24,83,433.3,780.0,48,,True,100.0
2026-09-29 18:18:26,83,433.3,780.0,48,,True,100.0
2026-09-29 18:18:28,83,433.3,585.0,48,,True,100.0
2026-09-29 18:18:30,83,433.3,585.0,48,,True,100.0
2026-09-29 18:18:32,83,433.3,585.0,48,,True,100.0
2026-09-29 18:18:34,83,433.3,585.0,48,,True,100.0
2026-09-29 18:18:36,83,433.3,585.0,48,,True,100.0
2026-09-29 18:18:38,83,433.3,585.0,48,,True,100.0
2026-09-29 18:18:40,83,433.3,585.0,48,,True,100.0
2026-09-29 18:18:42,83,433.3,585.0,48,,True,100.0
2026-09-29 18:18:44,83,433.3,650.0,48,,True,100.0
2026-09-29 18:18:46,83,433.3,650.0,48,,True,100.0
2026-09-29 18:18:48,83,433.3,650.0,48,,True,100.0
2026-09-29 18:18:50,83,433.3,650.0,48,,True,100.0
2026-09-29 18:18:52,83,433.3,650.0,48,,True,100.0
2026-09-29 18:18:54,82,433.3,585.0,48,,True,100.0
2026-09-29 18:18:56,82,433.3,585.0,48,,True,100.0
2026-09-29 18:18:58,82,433.3,585.0,48,,True,100.0
2026-09-29 18:19:00,82,433.3,650.0,48,,True,100.0
2026-09-29 18:19:02,82,433.3,650.0,48,,True,100.0
2026-09-29 18:19:04,82,433.3,650.0,48,,True,100.0
2026-09-29 18:19:06,82,433.3,650.0,48,,True,100.0
2026-09-29 18:19:08,82,433.3,650.0,48,,True,100.0
2026-09-29 18:19:10,82,433.3,650.0,48,,True,100.0
2026-09-29 18:19:12,82,433.3,650.0,48,,True,100.0
2026-09-29 18:19:14,82,433.3,650.0,48,,True,100.0
2026-09-29 18:19:16,82,433.3,650.0,48,,True,100.0
2026-09-29 18:19:18,82,433.3,650.0,48,,True,100.0
2026-09-29 18:19:20,82,433.3,650.0,48,,True,100.0
2026-09-29 18:19:22,82,433.3,650.0,48,,True,100.0
2026-09-29 18:19:24,82,433.3,650.0,48,,True,100.0
2026-09-29 18:19:26,82,433.3,650.0,48,,True,100.0
2026-09-29 18:19:28,82,433.3,650.0,48,,True,100.0
2026-09-29 18:19:30,82,433.3,650.0,48,,True,100.0
2026-09-29 18:19:32,82,433.3,650.0,48,,True,100.0
2026-09-29 18:19:34,82,433.3,650.0,48,,True,100.0
2026-09-29 18:19:36,82,433.3,650.0,48,,True,100.0
2026-09-29 18:19:38,82,433.3,650.0,48,,True,100.0
2026-09-29 18:19:40,82,433.3,650.0,48,,True,100.0
2026-09-29 18:19:42,82,433.3,650.0,48,,True,100.0
2026-09-29 18:19:44,82,433.3,650.0,48,,True,100.0
2026-09-29 18:19:46,82,433.3,650.0,48,,True,100.0
2026-09-29 18:19:48,82,433.3,650.0,48,,True,100.0
2026-09-29 18:19:50,82,433.3,650.0,48,,True,100.0
2026-09-29 18:19:52,82,433.3,650.0,48,,True,100.0
2026-09-29 18:19:54,82,433.3,650.0,48,,True,100.0
2026-09-29 18:19:56,82,433.3,650.0,48,,True,100.0
2026-09-29 18:19:58,82,26.0,585.0,48,,True,100.0
2026-09-29 18:20:00,82,26.0,585.0,48,,True,100.0
2026-09-29 18:20:02,82,26.0,585.0,48,,True,100.0
2026-09-29 18:20:04,82,26.0,585.0,48,,True,100.0
2026-09-29 18:20:06,82,26.0,585.0,48,,True,100.0
2026-09-29 18:20:08,82,26.0,585.0,48,,True,100.0
2026-09-29 18:20:10,82,26.0,585.0,48,,True,100.0
2026-09-29 18:20:12,82,26.0,585.0,48,,True,100.0
2026-09-29 18:20:14,82,26.0,585.0,48,,True,100.0
2026-09-29 18:20:16,82,26.0,585.0,48,,True,100.0
2026-09-29 18:20:18,82,26.0,780.0,48,,True,100.0
2026-09-29 18:20:20,82,26.0,780.0,48,,True,100.0
2026-09-29 18:20:22,82,26.0,780.0,48,,True,100.0
2026-09-29 18:20:24,82,26.0,650.0,48,,True,100.0
2026-09-29 18:20:26,82,26.0,650.0,48,,True,100.0
2026-09-29 18:20:28,82,26.0,650.0,48,,True,100.0
2026-09-29 18:20:30,82,26.0,650.0,48,,True,100.0
2026-09-29 18:20:32,81,26.0,585.0,48,,True,100.0
2026-09-29 18:20:34,81,26.0,585.0,48,,True,100.0
2026-09-29 18:20:36,81,26.0,585.0,48,,True,100.0
2026-09-29 18:20:38,81,650.0,650.0,48,,True,100.0
2026-09-29 18:20:40,81,650.0,650.0,48,,True,100.0
2026-09-29 18:20:42,81,650.0,650.0,48,,True,100.0
2026-09-29 18:20:44,81,650.0,650.0,48,,True,100.0
2026-09-29 18:20:46,81,650.0,650.0,48,,True,100.0
2026-09-29 18:20:48,81,650.0,650.0,48,,True,100.0
2026-09-29 18:20:50,81,650.0,650.0,48,,True,100.0
2026-09-29 18:20:52,81,650.0,650.0,48,,True,100.0
2026-09-29 18:20:54,81,650.0,650.0,48,,True,100.0
2026-09-29 18:20:56,81,650.0,650.0,48,,True,100.0
2026-09-29 18:20:58,81,650.0,650.0,48,,True,100.0
2026-09-29 18:21:00,81,650.0,650.0,48,,True,100.0
2026-09-29 18:21:02,81,650.0,650.0,48,,True,100.0
2026-09-29 18:21:04,81,650.0,650.0,48,,True,100.0
2026-09-29 18:21:06,81,650.0,650.0,48,,True,100.0
2026-09-29 18:21:08,82,650.0,585.0,48,,True,100.0
2026-09-29 18:21:10,82,650.0,585.0,48,,True,100.0
2026-09-29 18:21:12,82,650.0,585.0,48,,True,100.0
2026-09-29 18:21:14,82,650.0,520.0,48,,True,100.0
2026-09-29 18:21:16,82,650.0,520.0,48,,True,100.0
2026-09-29 18:21:18,82,650.0,520.0,48,,True,100.0
2026-09-29 18:21:20,82,650.0,520.0,48,,True,100.0
2026-09-29 18:21:22,82,650.0,520.0,48,,True,100.0
2026-09-29 18:21:24,82,650.0,585.0,48,,True,100.0
2026-09-29 18:21:26,82,650.0,585.0,48,,True,100.0
2026-09-29 18:21:28,82,650.0,390.0,48,,True,100.0
2026-09-29 18:21:30,82,650.0,390.0,48,,True,100.0
2026-09-29 18:21:32,82,650.0,390.0,48,,True,100.0
2026-09-29 18:21:34,82,650.0,390.0,48,,True,100.0
2026-09-29 18:21:36,82,650.0,390.0,48,,True,100.0
2026-09-29 18:21:38,82,650.0,585.0,48,,True,100.0
2026-09-29 18:21:40,82,650.0,585.0,48,,True,100.0
2026-09-29 18:21:42,82,650.0,585.0,48,,True,100.0
2026-09-29 18:21:44,82,650.0,390.0,48,,True,100.0
2026-09-29 18:21:46,82,650.0,390.0,48,,True,100.0
2026-09-29 18:21:48,82,650.0,351.0,48,,True,100.0
2026-09-29 18:21:50,82,650.0,351.0,48,,True,100.0
2026-09-29 18:21:52,82,650.0,351.0,48,,True,100.0
2026-09-29 18:21:54,82,650.0,585.0,48,,True,100.0
2026-09-29 18:21:56,82,650.0,585.0,48,,True,100.0
2026-09-29 18:21:58,82,650.0,585.0,48,,True,100.0
2026-09-29 18:22:00,82,650.0,585.0,48,,True,100.0
2026-09-29 18:22:02,82,650.0,585.0,48,,True,100.0
2026-09-29 18:22:04,82,650.0,351.0,48,,True,100.0
2026-09-29 18:22:06,82,650.0,351.0,48,,True,100.0
2026-09-29 18:22:08,82,650.0,351.0,48,,True,100.0
2026-09-29 18:22:10,82,650.0,351.0,48,,True,100.0
2026-09-29 18:22:12,82,650.0,351.0,48,,True,100.0
2026-09-29 18:22:14,82,650.0,351.0,48,,True,100.0
2026-09-29 18:22:16,82,650.0,351.0,48,,True,100.0
2026-09-29 18:22:18,82,650.0,585.0,48,,True,100.0
2026-09-29 18:22:20,82,650.0,585.0,48,,True,100.0
2026-09-29 18:22:22,82,650.0,585.0,48,,True,100.0
2026-09-29 18:22:24,82,650.0,351.0,48,,True,100.0
2026-09-29 18:22:26,82,650.0,585.0,48,,True,100.0
2026-09-29 18:22:28,82,650.0,585.0,48,,True,100.0
2026-09-29 18:22:30,82,650.0,351.0,48,,True,100.0
2026-09-29 18:22:32,82,650.0,351.0,48,,True,100.0
2026-09-29 18:22:34,82,650.0,351.0,48,,True,100.0
2026-09-29 18:22:36,82,650.0,351.0,48,,True,100.0
2026-09-29 18:22:38,82,650.0,351.0,48,,True,100.0
2026-09-29 18:22:40,82,650.0,585.0,48,,True,100.0
2026-09-29 18:22:42,82,650.0,585.0,48,,True,100.0
2026-09-29 18:22:44,82,585.0,585.0,48,,True,100.0
2026-09-29 18:22:46,82,585.0,585.0,48,,True,100.0
2026-09-29 18:22:48,82,585.0,585.0,48,,True,100.0
2026-09-29 18:22:50,82,585.0,585.0,48,,True,100.0
2026-09-29 18:22:52,82,585.0,351.0,48,,True,100.0
2026-09-29 18:22:54,82,585.0,351.0,48,,True,100.0
2026-09-29 18:22:56,82,585.0,585.0,48,,True,100.0
2026-09-29 18:22:58,82,585.0,585.0,48,,True,100.0
2026-09-29 18:23:00,82,585.0,585.0,48,,True,100.0
2026-09-29 18:23:02,82,585.0,585.0,48,,True,100.0
2026-09-29 18:23:04,82,585.0,351.0,48,,True,100.0
2026-09-29 18:23:06,82,585.0,585.0,48,,True,100.0
2026-09-29 18:23:08,82,585.0,351.0,48,,True,100.0
2026-09-29 18:23:10,82,585.0,351.0,48,,True,100.0
2026-09-29 18:23:12,82,585.0,351.0,48,,True,100.0
2026-09-29 18:23:14,82,585.0,351.0,48,,True,100.0
2026-09-29 18:23:16,82,585.0,585.0,48,,True,100.0
2026-09-29 18:23:18,82,585.0,585.0,48,,True,100.0
2026-09-29 18:23:20,82,585.0,585.0,48,,True,100.0
2026-09-29 18:23:22,82,585.0,585.0,48,,True,100.0
2026-09-29 18:23:24,82,585.0,585.0,48,,True,100.0
2026-09-29 18:23:26,82,585.0,585.0,48,,True,100.0
2026-09-29 18:23:28,82,650.0,585.0,48,,True,100.0
2026-09-29 18:23:30,82,650.0,585.0,48,,True,100.0
2026-09-29 18:23:32,82,650.0,585.0,48,,True,100.0
2026-09-29 18:23:34,82,650.0,585.0,48,,True,100.0
2026-09-29 18:23:36,82,650.0,585.0,48,,True,100.0
2026-09-29 18:23:38,82,650.0,585.0,48,,True,100.0
2026-09-29 18:23:40,82,650.0,585.0,48,,True,100.0
2026-09-29 18:23:42,82,650.0,351.0,48,,True,100.0
2026-09-29 18:23:44,82,650.0,351.0,48,,True,100.0
2026-09-29 18:23:46,82,650.0,351.0,48,,True,100.0
2026-09-29 18:23:48,82,650.0,585.0,48,,True,100.0
2026-09-29 18:23:50,82,650.0,585.0,48,,True,100.0
2026-09-29 18:23:52,82,650.0,585.0,48,,True,100.0
2026-09-29 18:23:54,82,650.0,585.0,48,,True,100.0
2026-09-29 18:23:56,82,650.0,585.0,48,,True,100.0
2026-09-29 18:23:58,82,650.0,585.0,48,,True,100.0
2026-09-29 18:24:00,82,650.0,585.0,48,,True,100.0
2026-09-29 18:24:02,82,650.0,351.0,48,,True,100.0
2026-09-29 18:24:04,82,650.0,351.0,48,,True,100.0
2026-09-29 18:24:06,82,650.0,351.0,48,,True,100.0
2026-09-29 18:24:08,82,650.0,351.0,48,,True,100.0
2026-09-29 18:24:10,82,650.0,351.0,48,,True,100.0
2026-09-29 18:24:12,82,650.0,351.0,48,,True,100.0
2026-09-29 18:24:14,82,650.0,585.0,48,,True,100.0
2026-09-29 18:24:16,82,650.0,585.0,48,,True,100.0
2026-09-29 18:24:18,82,650.0,351.0,48,,True,100.0
2026-09-29 18:24:20,82,650.0,351.0,48,,True,100.0
2026-09-29 18:24:22,82,650.0,351.0,48,,True,100.0
2026-09-29 18:24:24,81,650.0,585.0,48,,True,100.0
2026-09-29 18:24:26,81,650.0,585.0,48,,True,100.0
2026-09-29 18:24:28,81,650.0,351.0,48,,True,100.0
2026-09-29 18:24:30,81,650.0,351.0,48,,True,100.0
2026-09-29 18:24:32,81,650.0,351.0,48,,True,100.0
2026-09-29 18:24:34,81,650.0,351.0,48,,True,100.0
2026-09-29 18:24:36,81,650.0,351.0,48,,True,100.0
2026-09-29 18:24:38,81,234.0,585.0,48,,True,100.0
2026-09-29 18:24:40,81,234.0,585.0,48,,True,100.0
2026-09-29 18:24:42,81,234.0,585.0,48,,True,100.0
2026-09-29 18:24:44,81,234.0,585.0,48,,True,100.0
2026-09-29 18:24:46,81,234.0,585.0,48,,True,100.0
2026-09-29 18:24:48,82,650.0,526.5,48,,True,100.0
2026-09-29 18:24:50,82,650.0,526.5,48,,True,100.0
2026-09-29 18:24:52,82,650.0,526.5,48,,True,100.0
2026-09-29 18:24:54,82,650.0,526.5,48,,True,100.0
2026-09-29 18:24:56,82,650.0,526.5,48,,True,100.0
2026-09-29 18:24:58,81,650.0,585.0,48,,True,100.0
2026-09-29 18:25:00,81,650.0,585.0,48,,True,100.0
2026-09-29 18:25:02,81,650.0,585.0,48,,True,100.0
2026-09-29 18:25:04,81,26.0,702.0,48,,True,100.0
2026-09-29 18:25:06,81,26.0,702.0,48,,True,100.0
2026-09-29 18:25:08,81,26.0,702.0,48,,True,100.0
2026-09-29 18:25:10,81,26.0,702.0,48,,True,100.0
2026-09-29 18:25:12,81,26.0,585.0,48,,True,100.0
2026-09-29 18:25:14,81,26.0,585.0,48,,True,100.0
2026-09-29 18:25:16,81,26.0,585.0,48,,True,100.0
2026-09-29 18:25:18,81,26.0,585.0,48,,True,100.0
2026-09-29 18:25:20,81,26.0,585.0,48,,True,100.0
2026-09-29 18:25:22,81,26.0,585.0,48,,True,100.0
2026-09-29 18:25:24,81,26.0,585.0,48,,True,100.0
2026-09-29 18:25:26,81,26.0,585.0,48,,True,100.0
2026-09-29 18:25:28,81,526.5,526.5,48,,True,100.0
2026-09-29 18:25:30,81,526.5,526.5,48,,True,100.0
2026-09-29 18:25:32,81,526.5,526.5,48,,True,100.0
2026-09-29 18:25:34,81,585.0,526.5,48,,True,100.0
2026-09-29 18:25:36,81,585.0,526.5,48,,True,100.0
2026-09-29 18:25:38,81,585.0,520.0,48,,True,100.0
2026-09-29 18:25:40,81,585.0,520.0,48,,True,100.0
2026-09-29 18:25:42,81,585.0,520.0,48,,True,100.0
2026-09-29 18:25:44,82,585.0,585.0,48,,True,100.0
2026-09-29 18:25:46,82,585.0,585.0,48,,True,100.0
2026-09-29 18:25:48,82,585.0,585.0,48,,True,100.0
2026-09-29 18:25:50,82,585.0,585.0,48,,True,100.0
2026-09-29 18:25:52,82,585.0,585.0,48,,True,100.0
2026-09-29 18:25:54,82,585.0,585.0,48,,True,100.0
2026-09-29 18:25:56,82,585.0,585.0,48,,True,100.0
2026-09-29 18:25:58,82,585.0,585.0,48,,True,100.0
2026-09-29 18:26:00,82,585.0,585.0,48,,True,100.0
2026-09-29 18:26:01,96,144.4,144.4,11,36,False,90.0
2026-09-29 18:26:03,99,144.4,144.4,11,143,False,80.0
2026-09-29 18:26:04,99,144.4,144.4,11,337,False,70.0
2026-09-29 18:26:05,99,144.4,144.4,11,188,False,60.0
2026-09-29 18:26:07,99,144.4,144.4,11,66,False,50.0
2026-09-29 18:26:10,99,144.4,144.4,11,7,False,40.0
2026-09-29 18:26:11,99,144.4,144.4,11,78,False,30.0
2026-09-29 18:26:13,99,144.4,144.4,11,48,False,20.0
2026-09-29 18:26:14,99,144.4,144.4,11,13,False,10.0
2026-09-29 18:26:15,99,144.4,144.4,11,15,False,0.0
2026-09-29 18:26:16,99,144.4,144.4,11,98,False,0.0
2026-09-29 18:26:17,99,144.4,144.4,11,13,False,0.0
2026-09-29 18:26:18,99,144.4,144.4,11,113,False,0.0
2026-09-29 18:26:20,99,144.4,144.4,11,108,False,0.0
2026-09-29 18:26:21,99,144.4,144.4,11,22,False,0.0
2026-09-29 18:26:22,99,144.4,144.4,11,83,False,0.0
2026-09-29 18:26:23,99,144.4,144.4,11,109,False,0.0
2026-09-29 18:26:24,99,144.4,144.4,11,68,False,0.0
2026-09-29 18:26:26,99,144.4,144.4,11,85,False,0.0
2026-09-29 18:26:27,99,144.4,144.4,11,130,False,0.0
2026-09-29 18:26:28,99,144.4,144.4,11,128,False,0.0
2026-09-29 18:26:29,99,144.4,144.4,11,89,False,0.0
2026-09-29 18:26:31,99,144.4,144.4,11,157,False,0.0
2026-09-29 18:26:32,99,144.4,144.4,11,137,False,0.0
2026-09-29 18:26:33,99,144.4,144.4,11,39,False,0.0
2026-09-29 18:26:34,99,144.4,144.4,11,13,False,0.0
2026-09-29 18:26:35,99,144.4,144.4,11,44,False,0.0
2026-09-29 18:26:36,99,144.4,144.4,11,7,False,0.0
2026-09-29 18:26:37,99,144.4,144.4,11,7,False,0.0
2026-09-29 18:26:38,99,144.4,144.4,11,8,False,0.0
2026-09-29 18:26:40,99,144.4,144.4,11,146,False,0.0
2026-09-29 18:26:41,99,144.4,144.4,11,41,False,0.0
2026-09-29 18:26:42,99,144.4,144.4,11,14,False,0.0
2026-09-29 18:26:43,99,144.4,144.4,11,107,False,0.0
2026-09-29 18:26:44,99,144.4,144.4,11,15,False,0.0
2026-09-29 18:26:46,99,144.4,144.4,11,8,False,0.0
2026-09-29 18:26:47,99,144.4,144.4,11,7,False,0.0
2026-09-29 18:26:48,99,144.4,144.4,11,12,False,0.0
2026-09-29 18:26:49,99,144.4,144.4,11,9,False,0.0
2026-09-29 18:26:50,99,144.4,144.4,11,104,False,0.0
2026-09-29 18:26:51,99,144.4,144.4,11,10,False,0.0
2026-09-29 18:26:52,99,144.4,144.4,11,110,False,0.0
2026-09-29 18:26:54,99,144.4,144.4,11,9,False,0.0
2026-09-29 18:26:55,99,144.4,144.4,11,5,False,0.0
2026-09-29 18:26:56,99,144.4,144.4,11,9,False,0.0
2026-09-29 18:26:57,99,144.4,144.4,11,9,False,0.0
2026-09-29 18:26:58,99,144.4,144.4,11,75,False,0.0
2026-09-29 18:26:59,99,144.4,144.4,11,5,False,0.0
2026-09-29 18:27:01,99,144.4,144.4,11,22,False,0.0
2026-09-29 18:27:02,99,144.4,144.4,11,9,False,0.0
2026-09-29 18:27:03,99,144.4,144.4,11,7,False,0.0
2026-09-29 18:27:04,99,144.4,144.4,11,124,False,0.0
2026-09-29 18:27:05,99,144.4,144.4,11,118,False,0.0
2026-09-29 18:27:06,99,144.4,144.4,11,10,False,0.0
2026-09-29 18:27:08,99,144.4,144.4,11,8,False,0.0
2026-09-29 18:27:09,99,144.4,144.4,11,45,False,0.0
2026-09-29 18:27:10,99,144.4,144.4,11,88,False,0.0
2026-09-29 18:27:11,99,144.4,144.4,11,120,False,0.0
2026-09-29 18:27:12,99,144.4,144.4,11,9,False,0.0
2026-09-29 18:27:14,99,144.4,144.4,11,14,False,0.0
2026-09-29 18:27:15,99,144.4,144.4,11,7,False,0.0
2026-09-29 18:27:16,99,144.4,144.4,11,12,False,0.0
2026-09-29 18:27:17,99,144.4,144.4,11,9,False,0.0
2026-09-29 18:27:18,99,144.4,144.4,11,164,False,0.0
2026-09-29 18:27:19,99,144.4,144.4,11,190,False,0.0
2026-09-29 18:27:21,99,144.4,144.4,11,6,False,0.0
2026-09-29 18:27:22,99,144.4,144.4,11,12,False,0.0
2026-09-29 18:27:23,99,144.4,144.4,11,18,False,0.0
2026-09-29 18:27:24,99,144.4,144.4,11,8,False,0.0
2026-09-29 18:27:25,99,144.4,144.4,11,7,False,0.0
2026-09-29 18:27:26,99,144.4,144.4,11,141,False,0.0
2026-09-29 18:27:28,99,144.4,144.4,11,115,False,0.0
2026-09-29 18:27:29,99,144.4,144.4,11,10,False,0.0
2026-09-29 18:27:30,99,144.4,144.4,11,57,False,0.0
2026-09-29 18:27:31,99,144.4,144.4,11,17,False,0.0
2026-09-29 18:27:32,99,144.4,144.4,11,78,False,0.0
2026-09-29 18:27:33,99,144.4,144.4,11,107,False,0.0
2026-09-29 18:27:34,99,144.4,144.4,11,8,False,0.0
2026-09-29 18:27:36,99,144.4,144.4,11,102,False,0.0
2026-09-29 18:27:37,99,144.4,144.4,11,7,False,0.0
2026-09-29 18:27:38,99,144.4,144.4,11,9,False,0.0
2026-09-29 18:27:39,99,144.4,144.4,11,42,False,0.0
2026-09-29 18:27:40,99,144.4,144.4,11,39,False,0.0
2026-09-29 18:27:41,99,144.4,144.4,11,125,False,0.0
2026-09-29 18:27:43,99,144.4,144.4,11,8,False,0.0
2026-09-29 18:27:44,99,144.4,144.4,11,81,False,0.0
2026-09-29 18:27:45,99,144.4,144.4,11,193,False,0.0
2026-09-29 18:27:46,99,144.4,144.4,11,237,False,0.0
2026-09-29 18:27:48,99,144.4,144.4,11,135,False,0.0
2026-09-29 18:27:49,99,144.4,144.4,11,18,False,0.0
2026-09-29 18:27:50,99,144.4,144.4,11,238,False,0.0
2026-09-29 18:27:51,99,144.4,144.4,11,55,False,0.0
2026-09-29 18:27:53,99,144.4,144.4,11,86,False,0.0
2026-09-29 18:27:54,99,144.4,144.4,11,9,False,0.0
2026-09-29 18:27:55,99,144.4,144.4,11,7,False,0.0
2026-09-29 18:27:56,99,144.4,144.4,11,114,False,0.0
2026-09-29 18:27:57,99,144.4,144.4,11,10,False,0.0
2026-09-29 18:27:58,99,144.4,144.4,11,108,False,0.0
2026-09-29 18:28:00,99,144.4,144.4,11,109,False,0.0
2026-09-29 18:28:01,99,144.4,144.4,11,13,False,0.0
2026-09-29 18:28:02,99,144.4,144.4,11,9,False,0.0
2026-09-29 18:28:03,99,144.4,144.4,11,8,False,0.0
2026-09-29 18:28:04,99,144.4,144.4,11,29,False,0.0
2026-09-29 18:28:06,99,144.4,144.4,11,,True,10.0
2026-09-29 18:28:07,99,144.4,144.4,11,64,False,10.0
2026-09-29 18:28:09,99,144.4,144.4,11,7,False,10.0
2026-09-29 18:28:10,99,144.4,144.4,11,17,False,10.0
2026-09-29 18:28:11,99,144.4,144.4,11,6,False,10.0
2026-09-29 18:28:12,99,144.4,144.4,11,9,False,10.0
2026-09-29 18:28:13,99,144.4,144.4,11,201,False,10.0
2026-09-29 18:28:14,99,144.4,144.4,11,12,False,10.0
2026-09-29 18:28:16,99,144.4,144.4,11,64,False,10.0
2026-09-29 18:28:17,99,144.4,144.4,11,88,False,10.0
2026-09-29 18:28:18,99,144.4,144.4,11,11,False,0.0
2026-09-29 18:28:19,99,144.4,144.4,11,12,False,0.0
2026-09-29 18:28:20,99,144.4,144.4,11,48,False,0.0
2026-09-29 18:28:21,99,144.4,144.4,11,6,False,0.0
2026-09-29 18:28:22,99,144.4,144.4,11,9,False,0.0
2026-09-29 18:28:24,99,144.4,144.4,11,51,False,0.0
2026-09-29 18:28:25,99,144.4,144.4,11,7,False,0.0
2026-09-29 18:28:26,99,144.4,144.4,11,6,False,0.0
2026-09-29 18:28:27,99,144.4,144.4,11,129,False,0.0
2026-09-29 18:28:28,99,144.4,144.4,11,7,False,0.0
2026-09-29 18:28:29,99,144.4,144.4,11,62,False,0.0
2026-09-29 18:28:31,99,144.4,144.4,11,7,False,0.0
2026-09-29 18:28:32,99,144.4,144.4,11,40,False,0.0
2026-09-29 18:28:33,99,144.4,144.4,11,32,False,0.0
2026-09-29 18:28:34,99,144.4,144.4,11,9,False,0.0
2026-09-29 18:28:35,99,144.4,144.4,11,11,False,0.0
2026-09-29 18:28:36,99,144.4,144.4,11,8,False,0.0
2026-09-29 18:28:37,99,144.4,144.4,11,91,False,0.0
2026-09-29 18:28:39,99,144.4,144.4,11,48,False,0.0
2026-09-29 18:28:40,99,144.4,144.4,11,94,False,0.0
2026-09-29 18:28:41,99,144.4,144.4,11,8,False,0.0
2026-09-29 18:28:42,99,144.4,144.4,11,127,False,0.0
2026-09-29 18:28:43,99,144.4,144.4,11,8,False,0.0
2026-09-29 18:28:45,99,144.4,144.4,11,42,False,0.0
2026-09-29 18:28:46,99,144.4,144.4,11,120,False,0.0
2026-09-29 18:28:47,99,144.4,144.4,11,7,False,0.0
2026-09-29 18:28:48,99,144.4,144.4,11,121,False,0.0
2026-09-29 18:28:49,99,144.4,144.4,11,146,False,0.0
2026-09-29 18:28:50,99,144.4,144.4,11,16,False,0.0
2026-09-29 18:28:52,99,144.4,144.4,11,12,False,0.0
2026-09-29 18:28:53,99,144.4,144.4,11,106,False,0.0
2026-09-29 18:28:54,99,144.4,144.4,11,104,False,0.0
2026-09-29 18:28:55,99,144.4,144.4,11,9,False,0.0
2026-09-29 18:28:56,99,144.4,144.4,11,104,False,0.0
2026-09-29 18:28:57,99,144.4,144.4,11,9,False,0.0
2026-09-29 18:28:59,99,144.4,144.4,11,7,False,0.0
2026-09-29 18:29:00,99,144.4,144.4,11,14,False,0.0
2026-09-29 18:29:01,99,144.4,144.4,11,106,False,0.0
2026-09-29 18:29:02,99,144.4,144.4,11,37,False,0.0
2026-09-29 18:29:03,99,144.4,144.4,11,62,False,0.0
2026-09-29 18:29:04,99,144.4,144.4,11,39,False,0.0
2026-09-29 18:29:05,99,144.4,144.4,11,53,False,0.0
2026-09-29 18:29:07,99,144.4,144.4,11,8,False,0.0
2026-09-29 18:29:08,99,144.4,144.4,11,10,False,0.0
2026-09-29 18:29:09,99,144.4,144.4,11,10,False,0.0
2026-09-29 18:29:10,99,144.4,144.4,11,6,False,0.0
2026-09-29 18:29:11,99,144.4,144.4,11,9,False,0.0
2026-09-29 18:29:12,99,144.4,144.4,11,105,False,0.0
2026-09-29 18:29:13,99,144.4,144.4,11,10,False,0.0
2026-09-29 18:29:15,99,144.4,144.4,11,60,False,0.0
2026-09-29 18:29:16,99,144.4,144.4,11,176,False,0.0
2026-09-29 18:29:17,99,144.4,144.4,11,34,False,0.0
2026-09-29 18:29:18,99,144.4,144.4,11,16,False,0.0
2026-09-29 18:29:19,99,144.4,144.4,11,90,False,0.0
2026-09-29 18:29:20,99,144.4,144.4,11,28,False,0.0
2026-09-29 18:29:22,99,144.4,144.4,11,22,False,0.0
2026-09-29 18:29:23,99,144.4,144.4,11,8,False,0.0
2026-09-29 18:29:24,99,144.4,144.4,11,10,False,0.0
2026-09-29 18:29:25,99,144.4,144.4,11,11,False,0.0
2026-09-29 18:29:26,99,144.4,144.4,11,7,False,0.0
2026-09-29 18:29:27,99,144.4,144.4,11,8,False,0.0
2026-09-29 18:29:28,99,144.4,144.4,11,68,False,0.0
2026-09-29 18:29:30,99,144.4,144.4,11,119,False,0.0
2026-09-29 18:29:31,99,144.4,144.4,11,11,False,0.0
2026-09-29 18:29:32,99,144.4,144.4,11,14,False,0.0
2026-09-29 18:29:33,99,144.4,144.4,11,13,False,0.0
2026-09-29 18:29:34,99,144.4,144.4,11,11,False,0.0
2026-09-29 18:29:35,99,144.4,144.4,11,9,False,0.0
2026-09-29 18:29:36,99,144.4,144.4,11,72,False,0.0
2026-09-29 18:29:38,99,144.4,144.4,11,120,False,0.0
2026-09-29 18:29:39,99,144.4,144.4,11,126,False,0.0
2026-09-29 18:29:40,99,144.4,144.4,11,9,False,0.0
2026-09-29 18:29:41,99,144.4,144.4,11,11,False,0.0
2026-09-29 18:29:42,99,144.4,144.4,11,127,False,0.0
2026-09-29 18:29:44,99,144.4,144.4,11,122,False,0.0
2026-09-29 18:29:45,99,144.4,144.4,11,12,False,0.0
2026-09-29 18:29:46,99,144.4,144.4,11,45,False,0.0
2026-09-29 18:29:47,99,144.4,144.4,11,5,False,0.0
2026-09-29 18:29:48,99,144.4,144.4,11,7,False,0.0
2026-09-29 18:29:49,99,144.4,144.4,11,20,False,0.0
2026-09-29 18:29:50,99,144.4,144.4,11,125,False,0.0
2026-09-29 18:29:52,99,144.4,144.4,11,44,False,0.0
2026-09-29 18:29:53,99,144.4,144.4,11,13,False,0.0
2026-09-29 18:29:54,99,144.4,144.4,11,116,False,0.0
2026-09-29 18:29:55,99,144.4,144.4,11,8,False,0.0
2026-09-29 18:29:56,99,144.4,144.4,11,8,False,0.0
2026-09-29 18:29:57,99,144.4,144.4,11,7,False,0.0
2026-09-29 18:29:58,99,144.4,144.4,11,73,False,0.0
2026-09-29 18:30:00,99,144.4,144.4,11,124,False,0.0
2026-09-29 18:30:01,99,144.4,144.4,11,113,False,0.0
2026-09-29 18:30:02,99,144.4,144.4,11,40,False,0.0
2026-09-29 18:30:03,99,144.4,144.4,11,9,False,0.0
2026-09-29 18:30:04,99,144.4,144.4,11,196,False,0.0
2026-09-29 18:30:06,99,144.4,144.4,11,169,False,0.0
2026-09-29 18:30:07,99,144.4,144.4,11,261,False,0.0
2026-09-29 18:30:08,99,144.4,144.4,11,8,False,0.0
2026-09-29 18:30:09,99,144.4,144.4,11,9,False,0.0
2026-09-29 18:30:10,99,144.4,144.4,11,123,False,0.0
2026-09-29 18:30:12,99,144.4,144.4,11,118,False,0.0
2026-09-29 18:30:13,99,144.4,144.4,11,9,False,0.0
2026-09-29 18:30:14,99,144.4,144.4,11,12,False,0.0
2026-09-29 18:30:15,99,144.4,144.4,11,8,False,0.0
2026-09-29 18:30:16,99,144.4,144.4,11,6,False,0.0
2026-09-29 18:30:17,99,144.4,144.4,11,6,False,0.0
2026-09-29 18:30:18,99,144.4,144.4,11,181,False,0.0
2026-09-29 18:30:20,99,144.4,144.4,11,61,False,0.0
2026-09-29 18:30:21,99,144.4,144.4,11,127,False,0.0
2026-09-29 18:30:22,99,144.4,144.4,11,11,False,0.0
2026-09-29 18:30:23,99,144.4,144.4,11,8,False,0.0
2026-09-29 18:30:24,99,144.4,144.4,11,45,False,0.0
2026-09-29 18:30:25,99,144.4,144.4,11,15,False,0.0
2026-09-29 18:30:27,99,144.4,144.4,11,322,False,0.0
2026-09-29 18:30:28,99,144.4,144.4,11,12,False,0.0
2026-09-29 18:30:29,99,144.4,144.4,11,9,False,0.0
2026-09-29 18:30:30,99,144.4,144.4,11,14,False,0.0
2026-09-29 18:30:31,99,144.4,144.4,11,12,False,0.0
2026-09-29 18:30:32,99,144.4,144.4,11,11,False,0.0
2026-09-29 18:30:34,99,144.4,144.4,11,41,False,0.0
2026-09-29 18:30:35,99,144.4,144.4,11,116,False,0.0
2026-09-29 18:30:36,99,144.4,144.4,11,10,False,0.0
2026-09-29 18:30:37,99,144.4,144.4,11,12,False,0.0
2026-09-29 18:30:38,99,144.4,144.4,11,13,False,0.0
2026-09-29 18:30:39,99,144.4,144.4,11,12,False,0.0
2026-09-29 18:30:41,99,144.4,144.4,11,96,False,0.0
2026-09-29 18:30:42,99,144.4,144.4,11,10,False,0.0
2026-09-29 18:30:43,99,144.4,144.4,11,17,False,0.0
2026-09-29 18:30:44,99,144.4,144.4,11,38,False,0.0
2026-09-29 18:30:45,99,144.4,144.4,11,9,False,0.0
2026-09-29 18:30:46,99,144.4,144.4,11,82,False,0.0
2026-09-29 18:30:47,99,144.4,144.4,11,7,False,0.0
2026-09-29 18:30:49,99,144.4,144.4,11,24,False,0.0
2026-09-29 18:30:50,99,144.4,144.4,11,15,False,0.0
2026-09-29 18:30:51,99,144.4,144.4,11,7,False,0.0
2026-09-29 18:30:52,99,144.4,144.4,11,8,False,0.0
2026-09-29 18:30:53,99,144.4,144.4,11,7,False,0.0
2026-09-29 18:30:54,99,144.4,144.4,11,47,False,0.0
2026-09-29 18:30:56,99,144.4,144.4,11,108,False,0.0
2026-09-29 18:30:57,99,144.4,144.4,11,138,False,0.0
2026-09-29 18:30:58,99,144.4,144.4,11,10,False,0.0
2026-09-29 18:30:59,99,144.4,144.4,11,7,False,0.0
2026-09-29 18:31:00,99,144.4,144.4,11,8,False,0.0
2026-09-29 18:31:01,99,144.4,144.4,11,11,False,0.0
2026-09-29 18:31:03,99,144.4,144.4,11,74,False,0.0
2026-09-29 18:31:04,99,144.4,144.4,11,118,False,0.0
2026-09-29 18:31:05,99,144.4,144.4,11,8,False,0.0
2026-09-29 18:31:06,99,144.4,144.4,11,19,False,0.0
2026-09-29 18:31:07,99,144.4,144.4,11,46,False,0.0
2026-09-29 18:31:09,99,144.4,144.4,11,106,False,0.0
2026-09-29 18:31:10,99,144.4,144.4,11,120,False,0.0
2026-09-29 18:31:11,99,144.4,144.4,11,35,False,0.0
2026-09-29 18:31:12,99,144.4,144.4,11,21,False,0.0
2026-09-29 18:31:13,99,144.4,144.4,11,58,False,0.0
2026-09-29 18:31:14,99,144.4,144.4,11,91,False,0.0
2026-09-29 18:31:16,99,144.4,144.4,11,12,False,0.0
2026-09-29 18:31:17,99,144.4,144.4,11,101,False,0.0
2026-09-29 18:31:18,99,144.4,144.4,11,35,False,0.0
2026-09-29 18:31:19,99,144.4,144.4,11,17,False,0.0
2026-09-29 18:31:20,99,144.4,144.4,11,7,False,0.0
2026-09-29 18:31:21,99,144.4,144.4,11,13,False,0.0
2026-09-29 18:31:22,99,144.4,144.4,11,7,False,0.0
2026-09-29 18:31:24,99,144.4,144.4,11,8,False,0.0
2026-09-29 18:31:25,99,144.4,144.4,11,109,False,0.0
2026-09-29 18:31:26,99,144.4,144.4,11,8,False,0.0
2026-09-29 18:31:27,99,144.4,144.4,11,10,False,0.0
2026-09-29 18:31:28,99,144.4,144.4,11,103,False,0.0
2026-09-29 18:31:29,99,144.4,144.4,11,115,False,0.0
2026-09-29 18:31:31,99,144.4,144.4,11,13,False,0.0
2026-09-29 18:31:32,99,144.4,144.4,11,7,False,0.0
2026-09-29 18:31:33,99,144.4,144.4,11,17,False,0.0
2026-09-29 18:31:34,99,144.4,144.4,11,21,False,0.0
2026-09-29 18:31:35,99,144.4,144.4,11,21,False,0.0
2026-09-29 18:31:37,99,144.4,144.4,11,196,False,0.0
2026-09-29 18:31:38,99,144.4,144.4,11,82,False,0.0
2026-09-29 18:31:39,99,144.4,144.4,11,9,False,0.0
2026-09-29 18:31:40,99,144.4,144.4,11,70,False,0.0
2026-09-29 18:31:41,99,144.4,144.4,11,85,False,0.0
2026-09-29 18:31:43,99,144.4,144.4,11,8,False,0.0
2026-09-29 18:31:44,99,144.4,144.4,11,11,False,0.0
2026-09-29 18:31:45,99,144.4,144.4,11,87,False,0.0
2026-09-29 18:31:46,99,144.4,144.4,11,11,False,0.0
2026-09-29 18:31:47,99,144.4,144.4,11,7,False,0.0
2026-09-29 18:31:48,99,144.4,144.4,11,8,False,0.0
2026-09-29 18:31:50,99,144.4,144.4,11,15,False,0.0
2026-09-29 18:31:51,99,144.4,144.4,11,10,False,0.0
2026-09-29 18:31:52,99,144.4,144.4,11,57,False,0.0
2026-09-29 18:31:53,99,144.4,144.4,11,10,False,0.0
2026-09-29 18:31:54,99,144.4,144.4,11,7,False,0.0
2026-09-29 18:31:55,99,144.4,144.4,11,8,False,0.0
2026-09-29 18:31:57,99,144.4,144.4,11,30,False,0.0
2026-09-29 18:31:58,99,144.4,144.4,11,44,False,0.0
2026-09-29 18:31:59,99,144.4,144.4,11,106,False,0.0
2026-09-29 18:32:00,99,144.4,144.4,11,28,False,0.0
2026-09-29 18:32:01,99,144.4,144.4,11,8,False,0.0
2026-09-29 18:32:02,99,144.4,144.4,11,22,False,0.0
2026-09-29 18:32:04,99,144.4,144.4,11,147,False,0.0
2026-09-29 18:32:05,99,144.4,144.4,11,6,False,0.0
2026-09-29 18:32:06,99,144.4,144.4,11,10,False,0.0
2026-09-29 18:32:07,99,144.4,144.4,11,6,False,0.0
2026-09-29 18:32:08,99,144.4,144.4,11,6,False,0.0
2026-09-29 18:32:09,99,144.4,144.4,11,9,False,0.0
2026-09-29 18:32:11,99,144.4,144.4,11,104,False,0.0
2026-09-29 18:32:12,99,144.4,144.4,11,12,False,0.0
2026-09-29 18:32:13,99,144.4,144.4,11,13,False,0.0
2026-09-29 18:32:14,99,144.4,144.4,11,12,False,0.0
2026-09-29 18:32:15,99,144.4,144.4,11,7,False,0.0
2026-09-29 18:32:16,99,144.4,144.4,11,9,False,0.0
2026-09-29 18:32:17,99,144.4,144.4,11,52,False,0.0
2026-09-29 18:32:19,99,144.4,144.4,11,268,False,0.0
2026-09-29 18:32:20,99,144.4,144.4,11,12,False,0.0
2026-09-29 18:32:21,99,144.4,144.4,11,9,False,0.0
2026-09-29 18:32:22,99,144.4,144.4,11,10,False,0.0
2026-09-29 18:32:23,99,144.4,144.4,11,12,False,0.0
2026-09-29 18:32:25,99,144.4,144.4,11,40,False,0.0
2026-09-29 18:32:26,99,144.4,144.4,11,11,False,0.0
2026-09-29 18:32:27,99,144.4,144.4,11,6,False,0.0
2026-09-29 18:32:28,99,144.4,144.4,11,8,False,0.0
2026-09-29 18:32:29,99,144.4,144.4,11,11,False,0.0
2026-09-29 18:32:30,99,144.4,144.4,11,64,False,0.0
2026-09-29 18:32:32,99,144.4,144.4,11,85,False,0.0
2026-09-29 18:32:33,99,144.4,144.4,11,14,False,0.0
2026-09-29 18:32:34,99,144.4,144.4,11,12,False,0.0
2026-09-29 18:32:35,99,144.4,144.4,11,14,False,0.0
2026-09-29 18:32:36,99,144.4,144.4,11,8,False,0.0
2026-09-29 18:32:37,99,144.4,144.4,11,7,False,0.0
2026-09-29 18:32:39,99,144.4,144.4,11,99,False,0.0
2026-09-29 18:32:40,99,144.4,144.4,11,119,False,0.0
2026-09-29 18:32:41,99,144.4,144.4,11,15,False,0.0
2026-09-29 18:32:42,99,144.4,144.4,11,19,False,0.0
2026-09-29 18:32:43,99,144.4,144.4,11,6,False,0.0
2026-09-29 18:32:45,99,144.4,144.4,11,157,False,0.0
2026-09-29 18:32:46,99,144.4,144.4,11,53,False,0.0
2026-09-29 18:32:47,99,144.4,144.4,11,7,False,0.0
2026-09-29 18:32:48,99,144.4,144.4,11,6,False,0.0
2026-09-29 18:32:49,99,144.4,144.4,11,5,False,0.0
2026-09-29 18:32:51,99,144.4,144.4,11,110,False,0.0
2026-09-29 18:32:52,99,144.4,144.4,11,93,False,0.0
2026-09-29 18:32:53,99,144.4,144.4,11,35,False,0.0
2026-09-29 18:32:54,99,144.4,144.4,11,13,False,0.0
2026-09-29 18:32:55,99,144.4,144.4,11,8,False,0.0
2026-09-29 18:32:56,99,144.4,144.4,11,8,False,0.0
2026-09-29 18:32:57,99,144.4,144.4,11,8,False,0.0
2026-09-29 18:32:59,99,144.4,144.4,11,145,False,0.0
2026-09-29 18:33:00,99,144.4,144.4,11,70,False,0.0
2026-09-29 18:33:01,99,144.4,144.4,11,106,False,0.0
2026-09-29 18:33:02,99,144.4,144.4,11,51,False,0.0
2026-09-29 18:33:03,99,144.4,144.4,11,29,False,0.0
2026-09-29 18:33:05,99,144.4,144.4,11,122,False,0.0
2026-09-29 18:33:06,99,144.4,144.4,11,61,False,0.0
2026-09-29 18:33:07,99,144.4,144.4,11,18,False,0.0
2026-09-29 18:33:08,99,144.4,144.4,11,9,False,0.0
2026-09-29 18:33:09,99,144.4,144.4,11,12,False,0.0
2026-09-29 18:33:11,99,144.4,144.4,11,40,False,0.0
2026-09-29 18:33:12,99,144.4,144.4,11,82,False,0.0
2026-09-29 18:33:13,99,144.4,144.4,11,86,False,0.0
2026-09-29 18:33:14,99,144.4,144.4,11,9,False,0.0
2026-09-29 18:33:15,99,144.4,144.4,11,9,False,0.0
2026-09-29 18:33:17,99,144.4,144.4,11,124,False,0.0
2026-09-29 18:33:18,99,144.4,144.4,11,35,False,0.0
2026-09-29 18:33:19,99,144.4,144.4,11,119,False,0.0
2026-09-29 18:33:20,99,144.4,144.4,11,14,False,0.0
2026-09-29 18:33:21,99,144.4,144.4,11,21,False,0.0
2026-09-29 18:33:23,99,144.4,144.4,11,117,False,0.0
2026-09-29 18:33:24,99,144.4,144.4,11,225,False,0.0
2026-09-29 18:33:25,99,144.4,144.4,11,30,False,0.0
2026-09-29 18:33:26,99,144.4,144.4,11,133,False,0.0
2026-09-29 18:33:28,99,144.4,144.4,11,37,False,0.0
2026-09-29 18:33:29,99,144.4,144.4,11,257,False,0.0
2026-09-29 18:33:30,99,144.4,144.4,11,11,False,0.0
2026-09-29 18:33:31,99,144.4,144.4,11,7,False,0.0
2026-09-29 18:33:32,99,144.4,144.4,11,6,False,0.0
2026-09-29 18:33:33,99,144.4,144.4,11,23,False,0.0
2026-09-29 18:33:35,99,144.4,144.4,11,7,False,0.0
2026-09-29 18:33:36,99,144.4,144.4,11,30,False,0.0
2026-09-29 18:33:37,99,144.4,144.4,11,46,False,0.0
2026-09-29 18:33:38,99,144.4,144.4,11,12,False,0.0
2026-09-29 18:33:39,99,144.4,144.4,11,102,False,0.0
2026-09-29 18:33:41,99,144.4,144.4,11,17,False,0.0
2026-09-29 18:33:42,99,144.4,144.4,11,113,False,0.0
2026-09-29 18:33:43,99,144.4,144.4,11,187,False,0.0
2026-09-29 18:33:44,99,144.4,144.4,11,165,False,0.0
2026-09-29 18:33:45,99,144.4,144.4,11,20,False,0.0
2026-09-29 18:33:47,99,144.4,144.4,11,40,False,0.0
2026-09-29 18:33:48,99,144.4,144.4,11,98,False,0.0
2026-09-29 18:33:49,99,144.4,144.4,11,118,False,0.0
2026-09-29 18:33:50,99,144.4,144.4,11,6,False,0.0
2026-09-29 18:33:51,99,144.4,144.4,11,15,False,0.0
2026-09-29 18:33:52,99,144.4,144.4,11,6,False,0.0
2026-09-29 18:33:54,99,144.4,144.4,11,8,False,0.0
2026-09-29 18:33:55,99,144.4,144.4,11,120,False,0.0
2026-09-29 18:33:56,99,144.4,144.4,11,8,False,0.0
2026-09-29 18:33:57,99,144.4,144.4,11,8,False,0.0
2026-09-29 18:33:58,99,144.4,144.4,11,24,False,0.0
2026-09-29 18:33:59,99,144.4,144.4,11,8,False,0.0
2026-09-29 18:34:00,99,144.4,144.4,11,51,False,0.0
2026-09-29 18:34:02,99,144.4,144.4,11,11,False,0.0
2026-09-29 18:34:03,99,144.4,144.4,11,8,False,0.0
2026-09-29 18:34:04,99,144.4,144.4,11,118,False,0.0
2026-09-29 18:34:05,99,144.4,144.4,11,171,False,0.0
2026-09-29 18:34:06,99,144.4,144.4,11,10,False,0.0
2026-09-29 18:34:07,99,144.4,144.4,11,69,False,0.0
2026-09-29 18:34:09,99,144.4,144.4,11,11,False,0.0
2026-09-29 18:34:10,99,144.4,144.4,11,100,False,0.0
2026-09-29 18:34:11,99,144.4,144.4,11,120,False,0.0
2026-09-29 18:34:12,99,144.4,144.4,11,11,False,0.0
2026-09-29 18:34:13,99,144.4,144.4,11,8,False,0.0
2026-09-29 18:34:15,99,144.4,144.4,11,7,False,0.0
2026-09-29 18:34:16,99,144.4,144.4,11,17,False,0.0
2026-09-29 18:34:17,99,144.4,144.4,11,9,False,0.0
2026-09-29 18:34:18,99,144.4,144.4,11,14,False,0.0
2026-09-29 18:34:19,99,144.4,144.4,11,70,False,0.0
2026-09-29 18:34:20,99,144.4,144.4,11,94,False,0.0
2026-09-29 18:34:21,99,144.4,144.4,11,6,False,0.0
2026-09-29 18:34:23,99,144.4,144.4,11,10,False,0.0
2026-09-29 18:34:24,99,144.4,144.4,11,8,False,0.0
2026-09-29 18:34:25,99,144.4,144.4,11,116,False,0.0
2026-09-29 18:34:26,99,144.4,144.4,11,125,False,0.0
2026-09-29 18:34:27,99,144.4,144.4,11,8,False,0.0
2026-09-29 18:34:28,99,144.4,144.4,11,7,False,0.0
2026-09-29 18:34:30,99,144.4,144.4,11,8,False,0.0
2026-09-29 18:34:31,99,144.4,144.4,11,98,False,0.0
2026-09-29 18:34:32,99,144.4,144.4,11,130,False,0.0
2026-09-29 18:34:33,99,144.4,144.4,11,101,False,0.0
2026-09-29 18:34:35,99,144.4,144.4,11,196,False,0.0
2026-09-29 18:34:36,99,144.4,144.4,11,60,False,0.0
2026-09-29 18:34:37,99,144.4,144.4,11,170,False,0.0
2026-09-29 18:34:38,99,144.4,144.4,11,28,False,0.0
2026-09-29 18:34:39,99,144.4,144.4,11,19,False,0.0
2026-09-29 18:34:41,99,144.4,144.4,11,219,False,0.0
2026-09-29 18:34:42,99,144.4,144.4,11,12,False,0.0
2026-09-29 18:34:43,99,144.4,144.4,11,235,False,0.0
2026-09-29 18:34:44,99,144.4,144.4,11,6,False,0.0
2026-09-29 18:34:46,99,144.4,144.4,11,6,False,0.0
2026-09-29 18:34:47,99,144.4,144.4,11,9,False,0.0
2026-09-29 18:34:48,99,144.4,144.4,11,36,False,0.0
2026-09-29 18:34:49,99,144.4,144.4,11,133,False,0.0
2026-09-29 18:34:50,99,144.4,144.4,11,7,False,0.0
2026-09-29 18:34:51,99,144.4,144.4,11,11,False,0.0
2026-09-29 18:34:53,99,144.4,144.4,11,10,False,0.0
2026-09-29 18:34:54,99,144.4,144.4,11,8,False,0.0
2026-09-29 18:34:55,99,144.4,144.4,11,7,False,0.0
2026-09-29 18:34:56,99,144.4,144.4,11,76,False,0.0
2026-09-29 18:34:57,99,144.4,144.4,11,37,False,0.0
2026-09-29 18:34:59,99,144.4,144.4,11,95,False,0.0
2026-09-29 18:35:00,99,144.4,144.4,11,149,False,0.0
2026-09-29 18:35:01,99,144.4,144.4,11,93,False,0.0
2026-09-29 18:35:02,99,144.4,144.4,11,14,False,0.0
2026-09-29 18:35:03,99,144.4,144.4,11,8,False,0.0
2026-09-29 18:35:05,99,144.4,144.4,11,32,False,0.0
2026-09-29 18:35:06,99,144.4,144.4,11,35,False,0.0
2026-09-29 18:35:07,99,144.4,144.4,11,35,False,0.0
2026-09-29 18:35:08,99,144.4,144.4,11,22,False,0.0
2026-09-29 18:35:09,99,144.4,144.4,11,47,False,0.0
2026-09-29 18:35:10,99,144.4,144.4,11,15,False,0.0
2026-09-29 18:35:12,99,144.4,144.4,11,146,False,0.0
2026-09-29 18:35:13,99,144.4,144.4,11,9,False,0.0
2026-09-29 18:35:14,99,144.4,144.4,11,9,False,0.0
2026-09-29 18:35:15,99,144.4,144.4,11,87,False,0.0
2026-09-29 18:35:17,99,144.4,144.4,11,99,False,0.0
2026-09-29 18:35:18,99,144.4,144.4,11,173,False,0.0
2026-09-29 18:35:19,99,144.4,144.4,11,125,False,0.0
2026-09-29 18:35:20,99,144.4,144.4,11,39,False,0.0
2026-09-29 18:35:21,99,144.4,144.4,11,11,False,0.0
2026-09-29 18:35:23,99,144.4,144.4,11,11,False,0.0
2026-09-29 18:35:24,99,144.4,144.4,11,11,False,0.0
2026-09-29 18:35:25,99,144.4,144.4,11,53,False,0.0
2026-09-29 18:35:26,99,144.4,144.4,11,87,False,0.0
2026-09-29 18:35:27,99,144.4,144.4,11,32,False,0.0
2026-09-29 18:35:28,99,144.4,144.4,11,47,False,0.0
2026-09-29 18:35:30,99,144.4,144.4,11,17,False,0.0
2026-09-29 18:35:31,99,144.4,144.4,11,10,False,0.0
2026-09-29 18:35:32,99,144.4,144.4,11,59,False,0.0
2026-09-29 18:35:33,99,144.4,144.4,11,14,False,0.0
2026-09-29 18:35:34,99,144.4,144.4,11,13,False,0.0
2026-09-29 18:35:35,99,144.4,144.4,11,6,False,0.0
2026-09-29 18:35:37,99,144.4,144.4,11,20,False,0.0
2026-09-29 18:35:38,99,144.4,144.4,11,80,False,0.0
2026-09-29 18:35:39,99,144.4,144.4,11,24,False,0.0
2026-09-29 18:35:40,99,144.4,144.4,11,105,False,0.0
2026-09-29 18:35:41,99,144.4,144.4,11,11,False,0.0
2026-09-29 18:35:42,99,144.4,144.4,11,9,False,0.0
2026-09-29 18:35:44,99,144.4,144.4,11,9,False,0.0
2026-09-29 18:35:45,99,144.4,144.4,11,11,False,0.0
2026-09-29 18:35:46,99,144.4,144.4,11,14,False,0.0
2026-09-29 18:35:47,99,144.4,144.4,11,13,False,0.0
2026-09-29 18:35:48,99,144.4,144.4,11,71,False,0.0
2026-09-29 18:35:49,99,144.4,144.4,11,10,False,0.0
2026-09-29 18:35:51,99,144.4,144.4,11,30,False,0.0
2026-09-29 18:35:52,99,144.4,144.4,11,8,False,0.0
2026-09-29 18:35:53,99,144.4,144.4,11,139,False,0.0
2026-09-29 18:35:54,99,144.4,144.4,11,7,False,0.0
2026-09-29 18:35:55,99,144.4,144.4,11,15,False,0.0
2026-09-29 18:35:56,99,144.4,144.4,11,9,False,0.0
2026-09-29 18:35:58,99,144.4,144.4,11,9,False,0.0
2026-09-29 18:35:59,99,144.4,144.4,11,65,False,0.0
2026-09-29 18:36:00,99,144.4,144.4,11,200,False,0.0
2026-09-29 18:36:01,99,144.4,144.4,11,10,False,0.0
2026-09-29 18:36:02,99,144.4,144.4,11,17,False,0.0
2026-09-29 18:36:04,99,144.4,144.4,11,11,False,0.0
2026-09-29 18:36:05,99,144.4,144.4,11,15,False,0.0
2026-09-29 18:36:06,99,144.4,144.4,11,14,False,0.0
2026-09-29 18:36:07,99,144.4,144.4,11,35,False,0.0
2026-09-29 18:36:08,99,144.4,144.4,11,90,False,0.0
2026-09-29 18:36:09,99,144.4,144.4,11,8,False,0.0
2026-09-29 18:36:11,99,144.4,144.4,11,9,False,0.0
2026-09-29 18:36:12,99,144.4,144.4,11,7,False,0.0
2026-09-29 18:36:13,99,144.4,144.4,11,150,False,0.0
2026-09-29 18:36:14,99,144.4,144.4,11,19,False,0.0
2026-09-29 18:36:15,99,144.4,144.4,11,11,False,0.0
2026-09-29 18:36:16,99,144.4,144.4,11,20,False,0.0
2026-09-29 18:36:18,99,144.4,144.4,11,12,False,0.0
2026-09-29 18:36:19,99,144.4,144.4,11,227,False,0.0
2026-09-29 18:36:20,99,144.4,144.4,11,109,False,0.0
2026-09-29 18:36:21,99,144.4,144.4,11,12,False,0.0
2026-09-29 18:36:22,99,144.4,144.4,11,13,False,0.0
2026-09-29 18:36:23,99,144.4,144.4,11,12,False,0.0
2026-09-29 18:36:25,99,144.4,144.4,11,12,False,0.0
2026-09-29 18:36:26,99,144.4,144.4,11,9,False,0.0
2026-09-29 18:36:27,99,144.4,144.4,11,147,False,0.0
2026-09-29 18:36:28,99,144.4,144.4,11,11,False,0.0
2026-09-29 18:36:30,99,144.4,144.4,11,103,False,0.0
2026-09-29 18:36:31,99,144.4,144.4,11,5,False,0.0
2026-09-29 18:36:32,99,144.4,144.4,11,15,False,0.0
2026-09-29 18:36:33,99,144.4,144.4,11,108,False,0.0
2026-09-29 18:36:34,99,144.4,144.4,11,45,False,0.0
2026-09-29 18:36:35,99,144.4,144.4,11,21,False,0.0
2026-09-29 18:36:37,99,144.4,144.4,11,9,False,0.0
2026-09-29 18:36:38,99,144.4,144.4,11,17,False,0.0
2026-09-29 18:36:39,99,144.4,144.4,11,114,False,0.0
2026-09-29 18:36:40,99,144.4,144.4,11,116,False,0.0
2026-09-29 18:36:41,99,144.4,144.4,11,54,False,0.0
2026-09-29 18:36:42,99,144.4,144.4,11,36,False,0.0
2026-09-29 18:36:44,99,144.4,144.4,11,52,False,0.0
2026-09-29 18:36:45,99,144.4,144.4,11,206,False,0.0
2026-09-29 18:36:46,99,144.4,144.4,11,10,False,0.0
2026-09-29 18:36:47,99,144.4,144.4,11,14,False,0.0
2026-09-29 18:36:48,99,144.4,144.4,11,15,False,0.0
2026-09-29 18:36:50,99,144.4,144.4,11,8,False,0.0
2026-09-29 18:36:51,99,144.4,144.4,11,7,False,0.0
2026-09-29 18:36:52,99,144.4,144.4,11,10,False,0.0
2026-09-29 18:36:53,99,144.4,144.4,11,11,False,0.0
2026-09-29 18:36:54,99,144.4,144.4,11,8,False,0.0
2026-09-29 18:36:55,99,144.4,144.4,11,69,False,0.0
2026-09-29 18:36:57,99,144.4,144.4,11,107,False,0.0
2026-09-29 18:36:58,99,144.4,144.4,11,7,False,0.0
2026-09-29 18:36:59,99,144.4,144.4,11,39,False,0.0
2026-09-29 18:37:00,99,144.4,144.4,11,8,False,0.0
2026-09-29 18:37:01,99,144.4,144.4,11,5,False,0.0
2026-09-29 18:37:03,99,144.4,144.4,11,12,False,0.0
2026-09-29 18:37:04,99,144.4,144.4,11,53,False,0.0
2026-09-29 18:37:05,99,144.4,144.4,11,22,False,0.0
2026-09-29 18:37:06,99,144.4,144.4,11,12,False,0.0
2026-09-29 18:37:07,99,144.4,144.4,11,16,False,0.0
2026-09-29 18:37:09,99,144.4,144.4,11,9,False,0.0
2026-09-29 18:37:10,99,144.4,144.4,11,12,False,0.0
2026-09-29 18:37:11,99,144.4,144.4,11,64,False,0.0
2026-09-29 18:37:12,99,144.4,144.4,11,13,False,0.0
2026-09-29 18:37:13,99,144.4,144.4,11,13,False,0.0
2026-09-29 18:37:14,99,144.4,144.4,11,10,False,0.0
2026-09-29 18:37:16,99,144.4,144.4,11,74,False,0.0
2026-09-29 18:37:17,99,144.4,144.4,11,70,False,0.0
2026-09-29 18:37:18,99,144.4,144.4,11,85,False,0.0
2026-09-29 18:37:19,99,144.4,144.4,11,71,False,0.0
2026-09-29 18:37:21,99,144.4,144.4,11,11,False,0.0
2026-09-29 18:37:22,99,144.4,144.4,11,9,False,0.0
2026-09-29 18:37:23,99,144.4,144.4,11,32,False,0.0
2026-09-29 18:37:24,99,144.4,144.4,11,25,False,0.0
2026-09-29 18:37:25,99,144.4,144.4,11,11,False,0.0
2026-09-29 18:37:27,99,144.4,144.4,11,16,False,0.0
2026-09-29 18:37:28,99,144.4,144.4,11,9,False,0.0
2026-09-29 18:37:29,99,144.4,144.4,11,10,False,0.0
2026-09-29 18:37:30,99,144.4,144.4,11,6,False,0.0
2026-09-29 18:37:31,99,144.4,144.4,11,21,False,0.0
2026-09-29 18:37:33,99,144.4,144.4,11,19,False,0.0
2026-09-29 18:37:34,99,144.4,144.4,11,24,False,0.0
2026-09-29 18:37:35,99,144.4,144.4,11,122,False,0.0
2026-09-29 18:37:36,99,144.4,144.4,11,7,False,0.0
2026-09-29 18:37:38,99,144.4,144.4,11,31,False,0.0
2026-09-29 18:37:39,99,144.4,144.4,11,104,False,0.0
2026-09-29 18:37:40,99,144.4,144.4,11,26,False,0.0
2026-09-29 18:37:41,99,144.4,144.4,11,8,False,0.0
2026-09-29 18:37:43,99,144.4,144.4,11,361,False,0.0
2026-09-29 18:37:44,99,144.4,144.4,11,90,False,0.0
2026-09-29 18:37:45,99,144.4,144.4,11,9,False,0.0
2026-09-29 18:37:46,99,144.4,144.4,11,18,False,0.0
2026-09-29 18:37:48,99,144.4,144.4,11,66,False,0.0
2026-09-29 18:37:49,99,144.4,144.4,11,8,False,0.0
2026-09-29 18:37:50,99,144.4,144.4,11,134,False,0.0
2026-09-29 18:37:51,99,144.4,144.4,11,12,False,0.0
2026-09-29 18:37:53,99,144.4,144.4,11,51,False,0.0
2026-09-29 18:37:54,99,144.4,144.4,11,5,False,0.0
2026-09-29 18:37:55,99,144.4,144.4,11,10,False,0.0
2026-09-29 18:37:56,99,144.4,144.4,11,29,False,0.0
2026-09-29 18:37:58,99,144.4,144.4,11,41,False,0.0
2026-09-29 18:37:59,99,144.4,144.4,11,14,False,0.0
2026-09-29 18:38:00,99,144.4,144.4,11,10,False,0.0
2026-09-29 18:38:01,99,144.4,144.4,11,15,False,0.0
2026-09-29 18:38:02,99,144.4,144.4,11,17,False,0.0
2026-09-29 18:38:03,99,144.4,144.4,11,46,False,0.0
2026-09-29 18:38:04,99,144.4,144.4,11,9,False,0.0
2026-09-29 18:38:06,99,144.4,144.4,11,14,False,0.0
2026-09-29 18:38:07,99,144.4,144.4,11,26,False,0.0
2026-09-29 18:38:08,99,144.4,144.4,11,40,False,0.0
2026-09-29 18:38:09,99,144.4,144.4,11,11,False,0.0
2026-09-29 18:38:11,99,144.4,144.4,11,128,False,0.0
2026-09-29 18:38:12,99,144.4,144.4,11,61,False,0.0
2026-09-29 18:38:13,99,144.4,144.4,11,68,False,0.0
2026-09-29 18:38:15,99,144.4,144.4,11,251,False,0.0
2026-09-29 18:38:16,99,144.4,144.4,11,10,False,0.0
2026-09-29 18:38:17,99,144.4,144.4,11,167,False,0.0
2026-09-29 18:38:19,99,144.4,144.4,11,235,False,0.0
2026-09-29 18:38:20,99,144.4,144.4,11,65,False,0.0
2026-09-29 18:38:22,99,144.4,144.4,11,100,False,0.0
2026-09-29 18:38:23,99,144.4,144.4,11,10,False,0.0
2026-09-29 18:38:24,99,144.4,144.4,11,10,False,0.0
2026-09-29 18:38:25,99,144.4,144.4,11,35,False,0.0
2026-09-29 18:38:26,99,144.4,144.4,11,21,False,0.0
2026-09-29 18:38:28,99,144.4,144.4,11,10,False,0.0
2026-09-29 18:38:29,99,144.4,144.4,11,8,False,0.0
2026-09-29 18:38:30,99,144.4,144.4,11,17,False,0.0
2026-09-29 18:38:31,99,144.4,144.4,11,227,False,0.0
2026-09-29 18:38:33,99,144.4,144.4,11,14,False,0.0
2026-09-29 18:38:34,99,144.4,144.4,11,21,False,0.0
2026-09-29 18:38:35,99,144.4,144.4,11,117,False,0.0
2026-09-29 18:38:37,99,144.4,144.4,11,71,False,0.0
2026-09-29 18:38:38,99,144.4,144.4,11,9,False,0.0
2026-09-29 18:38:39,99,144.4,144.4,11,10,False,0.0
2026-09-29 18:38:40,99,144.4,144.4,11,40,False,0.0
2026-09-29 18:38:41,99,144.4,144.4,11,96,False,0.0
2026-09-29 18:38:43,99,144.4,144.4,11,29,False,0.0
2026-09-29 18:38:44,99,144.4,144.4,11,18,False,0.0
2026-09-29 18:38:45,99,144.4,144.4,11,12,False,0.0
2026-09-29 18:38:47,99,144.4,144.4,11,254,False,0.0
2026-09-29 18:38:48,99,144.4,144.4,11,86,False,0.0
2026-09-29 18:38:49,99,144.4,144.4,11,21,False,0.0
2026-09-29 18:38:50,99,144.4,144.4,11,17,False,0.0
2026-09-29 18:38:52,99,144.4,144.4,11,22,False,0.0
2026-09-29 18:38:53,99,144.4,144.4,11,32,False,0.0
2026-09-29 18:38:54,99,144.4,144.4,11,99,False,0.0
2026-09-29 18:38:55,99,144.4,144.4,11,7,False,0.0
2026-09-29 18:38:57,99,144.4,144.4,11,45,False,0.0
2026-09-29 18:38:58,99,144.4,144.4,11,67,False,0.0
2026-09-29 18:38:59,99,144.4,144.4,11,13,False,0.0
2026-09-29 18:39:00,99,144.4,144.4,11,45,False,0.0
2026-09-29 18:39:01,99,144.4,144.4,11,19,False,0.0
2026-09-29 18:39:03,99,144.4,144.4,11,60,False,0.0
2026-09-29 18:39:04,99,144.4,144.4,11,23,False,0.0
2026-09-29 18:39:05,99,144.4,144.4,11,56,False,0.0
2026-09-29 18:39:06,99,144.4,144.4,11,18,False,0.0
2026-09-29 18:39:08,99,144.4,144.4,11,35,False,0.0
2026-09-29 18:39:09,99,144.4,144.4,11,24,False,0.0
2026-09-29 18:39:10,99,144.4,144.4,11,6,False,0.0
2026-09-29 18:39:11,99,144.4,144.4,11,8,False,0.0
2026-09-29 18:39:12,99,144.4,144.4,11,14,False,0.0
2026-09-29 18:39:14,99,144.4,144.4,11,7,False,0.0
2026-09-29 18:39:15,99,144.4,144.4,11,12,False,0.0
2026-09-29 18:39:16,99,144.4,144.4,11,13,False,0.0
2026-09-29 18:39:17,99,144.4,144.4,11,213,False,0.0
2026-09-29 18:39:18,99,144.4,144.4,11,11,False,0.0
2026-09-29 18:39:20,99,144.4,144.4,11,7,False,0.0
2026-09-29 18:39:21,99,144.4,144.4,11,80,False,0.0
2026-09-29 18:39:22,99,144.4,144.4,11,17,False,0.0
2026-09-29 18:39:23,99,144.4,144.4,11,21,False,0.0
2026-09-29 18:39:25,99,144.4,144.4,11,132,False,0.0
2026-09-29 18:39:26,99,144.4,144.4,11,52,False,0.0
2026-09-29 18:39:27,99,144.4,144.4,11,14,False,0.0
2026-09-29 18:39:29,99,144.4,144.4,11,113,False,0.0
2026-09-29 18:39:30,99,144.4,144.4,11,20,False,0.0
2026-09-29 18:39:31,96,144.4,130.0,11,56,False,0.0
2026-09-29 18:39:32,96,144.4,144.4,11,87,False,0.0
2026-09-29 18:39:34,96,144.4,144.4,11,66,False,0.0
2026-09-29 18:39:35,96,144.4,144.4,11,125,False,0.0
2026-09-29 18:39:36,96,144.4,144.4,11,143,False,0.0
2026-09-29 18:39:37,96,144.4,144.4,11,97,False,0.0
2026-09-29 18:39:39,96,144.4,144.4,11,14,False,0.0
2026-09-29 18:39:40,96,144.4,144.4,11,103,False,0.0
2026-09-29 18:39:41,96,144.4,144.4,11,60,False,0.0
2026-09-29 18:39:42,96,144.4,144.4,11,25,False,0.0
2026-09-29 18:39:44,96,144.4,144.4,11,30,False,0.0
2026-09-29 18:39:45,96,144.4,144.4,11,9,False,0.0
2026-09-29 18:39:46,96,144.4,144.4,11,157,False,0.0
2026-09-29 18:39:47,96,144.4,144.4,11,33,False,0.0
2026-09-29 18:39:49,96,144.4,144.4,11,10,False,0.0
2026-09-29 18:39:50,96,144.4,144.4,11,9,False,0.0
2026-09-29 18:39:51,96,144.4,144.4,11,34,False,0.0
2026-09-29 18:39:52,96,144.4,144.4,11,29,False,0.0
2026-09-29 18:39:53,96,144.4,144.4,11,9,False,0.0
2026-09-29 18:39:55,96,144.4,144.4,11,11,False,0.0
2026-09-29 18:39:56,96,144.4,144.4,11,69,False,0.0
2026-09-29 18:39:57,96,144.4,144.4,11,138,False,0.0
2026-09-29 18:39:58,96,144.4,144.4,11,13,False,0.0
2026-09-29 18:39:59,96,144.4,144.4,11,15,False,0.0
2026-09-29 18:40:01,96,144.4,144.4,11,13,False,0.0
2026-09-29 18:40:02,96,144.4,144.4,11,7,False,0.0
2026-09-29 18:40:03,96,144.4,144.4,11,27,False,0.0
2026-09-29 18:40:04,96,144.4,144.4,11,219,False,0.0
2026-09-29 18:40:06,96,144.4,144.4,11,21,False,0.0
2026-09-29 18:40:07,96,144.4,144.4,11,108,False,0.0
2026-09-29 18:40:08,96,144.4,144.4,11,20,False,0.0
2026-09-29 18:40:10,96,144.4,144.4,11,238,False,0.0
2026-09-29 18:40:11,96,144.4,144.4,11,73,False,0.0
2026-09-29 18:40:12,96,144.4,144.4,11,12,False,0.0
2026-09-29 18:40:13,96,144.4,144.4,11,125,False,0.0
2026-09-29 18:40:15,96,144.4,144.4,11,161,False,0.0
2026-09-29 18:40:16,96,144.4,144.4,11,152,False,0.0
2026-09-29 18:40:17,96,144.4,144.4,11,83,False,0.0
2026-09-29 18:40:19,96,144.4,144.4,11,119,False,0.0
2026-09-29 18:40:20,96,144.4,144.4,11,21,False,0.0
2026-09-29 18:40:21,96,144.4,144.4,11,186,False,0.0
2026-09-29 18:40:22,96,144.4,144.4,11,14,False,0.0
2026-09-29 18:40:24,96,144.4,144.4,11,160,False,0.0
2026-09-29 18:40:25,96,144.4,144.4,11,8,False,0.0
2026-09-29 18:40:26,96,144.4,144.4,11,8,False,0.0
2026-09-29 18:40:27,96,144.4,144.4,11,132,False,0.0
2026-09-29 18:40:29,96,144.4,144.4,11,123,False,0.0
2026-09-29 18:40:30,96,144.4,144.4,11,137,False,0.0
2026-09-29 18:40:31,96,144.4,144.4,11,10,False,0.0
2026-09-29 18:40:32,96,144.4,144.4,11,78,False,0.0
2026-09-29 18:40:34,96,144.4,144.4,11,119,False,0.0
2026-09-29 18:40:35,96,144.4,144.4,11,14,False,0.0
2026-09-29 18:40:36,96,144.4,144.4,11,155,False,0.0
2026-09-29 18:40:38,96,144.4,144.4,11,93,False,0.0
2026-09-29 18:40:39,96,144.4,144.4,11,139,False,0.0
2026-09-29 18:40:40,96,144.4,144.4,11,133,False,0.0
2026-09-29 18:40:42,96,144.4,144.4,11,89,False,0.0
2026-09-29 18:40:43,96,144.4,144.4,11,17,False,0.0
2026-09-29 18:40:44,96,144.4,144.4,11,103,False,0.0
2026-09-29 18:40:45,96,144.4,144.4,11,64,False,0.0
2026-09-29 18:40:47,96,144.4,144.4,11,164,False,0.0
2026-09-29 18:40:48,96,144.4,144.4,11,52,False,0.0
2026-09-29 18:40:49,96,144.4,144.4,11,10,False,0.0
2026-09-29 18:40:50,96,144.4,144.4,11,21,False,0.0
2026-09-29 18:40:51,96,144.4,144.4,11,7,False,0.0
2026-09-29 18:40:53,96,144.4,144.4,11,37,False,0.0
2026-09-29 18:40:54,96,144.4,144.4,11,8,False,0.0
2026-09-29 18:40:55,96,144.4,144.4,11,40,False,0.0
2026-09-29 18:40:56,96,144.4,144.4,11,15,False,0.0
2026-09-29 18:40:57,96,144.4,144.4,11,12,False,0.0
2026-09-29 18:40:58,96,144.4,144.4,11,26,False,0.0
2026-09-29 18:41:00,96,144.4,144.4,11,8,False,0.0
2026-09-29 18:41:01,96,144.4,144.4,11,48,False,0.0
2026-09-29 18:41:02,96,144.4,144.4,11,11,False,0.0
2026-09-29 18:41:04,96,144.4,144.4,11,8,False,0.0
2026-09-29 18:41:05,96,144.4,144.4,11,84,False,0.0
2026-09-29 18:41:06,96,144.4,144.4,11,22,False,0.0
2026-09-29 18:41:08,96,144.4,144.4,11,9,False,0.0
2026-09-29 18:41:09,96,144.4,144.4,11,11,False,0.0
2026-09-29 18:41:10,96,144.4,144.4,11,22,False,0.0
2026-09-29 18:41:11,96,144.4,144.4,11,38,False,0.0
2026-09-29 18:41:12,96,144.4,144.4,11,10,False,0.0
2026-09-29 18:41:13,96,144.4,144.4,11,11,False,0.0
2026-09-29 18:41:15,96,144.4,144.4,11,30,False,0.0
2026-09-29 18:41:16,96,144.4,144.4,11,23,False,0.0
2026-09-29 18:41:17,96,144.4,144.4,11,26,False,0.0
2026-09-29 18:41:18,96,144.4,144.4,11,21,False,0.0
2026-09-29 18:41:19,96,144.4,144.4,11,18,False,0.0
2026-09-29 18:41:21,90,144.4,130.0,11,89,False,0.0
2026-09-29 18:41:22,90,144.4,130.0,11,79,False,0.0
2026-09-29 18:41:23,90,144.4,144.4,11,7,False,0.0
2026-09-29 18:41:24,89,144.4,117.0,11,20,False,0.0
2026-09-29 18:41:26,89,144.4,117.0,11,11,False,0.0
2026-09-29 18:41:27,89,144.4,117.0,11,10,False,0.0
2026-09-29 18:41:28,89,144.4,144.4,11,37,False,0.0
2026-09-29 18:41:29,89,144.4,144.4,11,28,False,0.0
2026-09-29 18:41:30,89,144.4,144.4,11,15,False,0.0
2026-09-29 18:41:32,89,144.4,144.4,11,23,False,0.0
2026-09-29 18:41:33,89,144.4,144.4,11,86,False,0.0
2026-09-29 18:41:34,89,144.4,144.4,11,15,False,0.0
2026-09-29 18:41:35,89,144.4,144.4,11,106,False,0.0
2026-09-29 18:41:37,89,144.4,144.4,11,23,False,0.0
2026-09-29 18:41:38,91,144.4,117.0,11,43,False,0.0
2026-09-29 18:41:39,91,144.4,117.0,11,144,False,0.0
2026-09-29 18:41:40,91,144.4,117.0,11,128,False,0.0
2026-09-29 18:41:42,91,144.4,117.0,11,129,False,0.0
2026-09-29 18:41:43,91,144.4,117.0,11,16,False,0.0
2026-09-29 18:41:44,91,144.4,117.0,11,26,False,0.0
2026-09-29 18:41:45,87,144.4,144.4,11,44,False,0.0
2026-09-29 18:41:47,87,144.4,144.4,11,177,False,0.0
2026-09-29 18:41:48,87,144.4,144.4,11,8,False,0.0
2026-09-29 18:41:49,87,144.4,144.4,11,25,False,0.0
2026-09-29 18:41:51,87,144.4,144.4,11,15,False,0.0
2026-09-29 18:41:52,87,144.4,144.4,11,139,False,0.0
2026-09-29 18:41:53,87,144.4,144.4,11,8,False,0.0
2026-09-29 18:41:54,87,144.4,144.4,11,7,False,0.0
2026-09-29 18:41:56,87,144.4,144.4,11,16,False,0.0
2026-09-29 18:41:57,87,144.4,144.4,11,142,False,0.0
2026-09-29 18:41:58,87,144.4,144.4,11,18,False,0.0
2026-09-29 18:42:00,87,144.4,144.4,11,79,False,0.0
2026-09-29 18:42:01,87,144.4,144.4,11,14,False,0.0
2026-09-29 18:42:02,87,144.4,144.4,11,39,False,0.0
2026-09-29 18:42:03,87,144.4,144.4,11,9,False,0.0
2026-09-29 18:42:05,87,144.4,144.4,11,72,False,0.0
2026-09-29 18:42:06,87,144.4,144.4,11,27,False,0.0
2026-09-29 18:42:07,87,144.4,144.4,11,182,False,0.0
2026-09-29 18:42:09,87,144.4,144.4,11,160,False,0.0
2026-09-29 18:42:10,87,144.4,144.4,11,56,False,0.0
2026-09-29 18:42:11,88,144.4,117.0,11,272,False,0.0
2026-09-29 18:42:13,88,144.4,117.0,11,75,False,0.0
2026-09-29 18:42:14,88,144.4,117.0,11,95,False,0.0
2026-09-29 18:42:15,88,144.4,117.0,11,14,False,0.0
2026-09-29 18:42:16,89,144.4,104.0,11,12,False,0.0
2026-09-29 18:42:18,89,144.4,117.0,11,47,False,0.0
2026-09-29 18:42:19,89,144.4,117.0,11,188,False,0.0
2026-09-29 18:42:20,89,144.4,117.0,11,18,False,0.0
2026-09-29 18:42:21,89,144.4,144.4,11,32,False,0.0
2026-09-29 18:42:23,89,144.4,144.4,11,112,False,0.0
2026-09-29 18:42:24,89,144.4,144.4,11,263,False,0.0
2026-09-29 18:42:25,89,144.4,144.4,11,67,False,0.0
2026-09-29 18:42:26,89,144.4,144.4,11,35,False,0.0
2026-09-29 18:42:27,89,144.4,144.4,11,11,False,0.0
2026-09-29 18:42:29,89,144.4,144.4,11,437,False,0.0
2026-09-29 18:42:30,89,144.4,144.4,11,84,False,0.0
2026-09-29 18:42:32,89,130.0,130.0,11,142,False,0.0
2026-09-29 18:42:33,89,144.4,144.4,11,8,False,0.0
2026-09-29 18:42:34,89,144.4,144.4,11,74,False,0.0
2026-09-29 18:42:35,89,144.4,144.4,11,42,False,0.0
2026-09-29 18:42:37,89,144.4,144.4,11,36,False,0.0
2026-09-29 18:42:38,89,144.4,144.4,11,14,False,0.0
2026-09-29 18:42:39,89,144.4,144.4,11,127,False,0.0
2026-09-29 18:42:40,89,144.4,144.4,11,22,False,0.0
2026-09-29 18:42:42,89,144.4,144.4,11,51,False,0.0
2026-09-29 18:42:43,89,144.4,144.4,11,79,False,0.0
2026-09-29 18:42:44,89,144.4,144.4,11,6,False,0.0
2026-09-29 18:42:45,89,144.4,144.4,11,10,False,0.0
2026-09-29 18:42:47,89,144.4,144.4,11,23,False,0.0
2026-09-29 18:42:48,89,144.4,144.4,11,50,False,0.0
2026-09-29 18:42:49,89,144.4,144.4,11,55,False,0.0
2026-09-29 18:42:50,89,144.4,144.4,11,146,False,0.0
2026-09-29 18:42:52,89,144.4,144.4,11,12,False,0.0
2026-09-29 18:42:53,89,144.4,144.4,11,26,False,0.0
2026-09-29 18:42:54,89,144.4,144.4,11,15,False,0.0
2026-09-29 18:42:55,89,144.4,144.4,11,97,False,0.0
2026-09-29 18:42:57,89,144.4,144.4,11,15,False,0.0
2026-09-29 18:42:58,89,144.4,144.4,11,9,False,0.0
2026-09-29 18:42:59,89,144.4,144.4,11,8,False,0.0
2026-09-29 18:43:00,89,144.4,144.4,11,7,False,0.0
2026-09-29 18:43:01,89,144.4,144.4,11,7,False,0.0
2026-09-29 18:43:02,89,144.4,144.4,11,9,False,0.0
2026-09-29 18:43:04,89,144.4,144.4,11,14,False,0.0
2026-09-29 18:43:05,89,144.4,144.4,11,21,False,0.0
2026-09-29 18:43:06,89,144.4,144.4,11,8,False,0.0
2026-09-29 18:43:07,89,144.4,144.4,11,22,False,0.0
2026-09-29 18:43:08,89,144.4,144.4,11,16,False,0.0
2026-09-29 18:43:09,89,144.4,144.4,11,44,False,0.0
2026-09-29 18:43:11,89,144.4,144.4,11,167,False,0.0
2026-09-29 18:43:12,89,144.4,144.4,11,14,False,0.0
2026-09-29 18:43:13,89,144.4,144.4,11,30,False,0.0
2026-09-29 18:43:14,89,144.4,144.4,11,14,False,0.0
2026-09-29 18:43:16,89,144.4,144.4,11,40,False,0.0
2026-09-29 18:43:17,89,144.4,144.4,11,10,False,0.0
2026-09-29 18:43:18,89,144.4,144.4,11,16,False,0.0
2026-09-29 18:43:19,89,144.4,144.4,11,50,False,0.0
2026-09-29 18:43:20,89,144.4,144.4,11,16,False,0.0
2026-09-29 18:43:22,89,144.4,144.4,11,10,False,0.0
2026-09-29 18:43:23,89,144.4,144.4,11,91,False,0.0
2026-09-29 18:43:24,89,144.4,144.4,11,8,False,0.0
2026-09-29 18:43:25,89,144.4,144.4,11,125,False,0.0
2026-09-29 18:43:27,89,144.4,144.4,11,22,False,0.0
2026-09-29 18:43:28,89,144.4,144.4,11,13,False,0.0
2026-09-29 18:43:30,89,144.4,144.4,11,493,False,0.0
2026-09-29 18:43:31,89,144.4,144.4,11,23,False,0.0
2026-09-29 18:43:32,89,144.4,144.4,11,56,False,0.0
2026-09-29 18:43:34,89,144.4,144.4,11,372,False,0.0
2026-09-29 18:43:35,89,144.4,144.4,11,532,False,0.0
2026-09-29 18:43:37,89,144.4,144.4,11,152,False,0.0
2026-09-29 18:43:38,89,144.4,144.4,11,11,False,0.0
2026-09-29 18:43:39,89,144.4,144.4,11,203,False,0.0
2026-09-29 18:43:41,89,144.4,144.4,11,159,False,0.0
2026-09-29 18:43:42,89,144.4,144.4,11,164,False,0.0
2026-09-29 18:43:43,89,144.4,144.4,11,55,False,0.0
2026-09-29 18:43:44,89,144.4,144.4,11,15,False,0.0
2026-09-29 18:43:46,89,144.4,144.4,11,197,False,0.0
2026-09-29 18:43:47,89,144.4,144.4,11,83,False,0.0
2026-09-29 18:43:48,89,144.4,144.4,11,95,False,0.0
2026-09-29 18:43:50,89,144.4,144.4,11,95,False,0.0
2026-09-29 18:43:51,89,144.4,144.4,11,43,False,0.0
2026-09-29 18:43:52,89,144.4,144.4,11,54,False,0.0
2026-09-29 18:43:54,89,144.4,144.4,11,259,False,0.0
2026-09-29 18:43:55,89,144.4,144.4,11,7,False,0.0
2026-09-29 18:43:56,89,144.4,144.4,11,17,False,0.0
2026-09-29 18:43:57,89,144.4,144.4,11,15,False,0.0
2026-09-29 18:43:59,89,144.4,144.4,11,139,False,0.0
2026-09-29 18:44:00,89,144.4,144.4,11,16,False,0.0
2026-09-29 18:44:01,89,144.4,144.4,11,11,False,0.0
2026-09-29 18:44:02,89,144.4,144.4,11,10,False,0.0
2026-09-29 18:44:04,89,144.4,144.4,11,87,False,0.0
2026-09-29 18:44:05,89,144.4,144.4,11,13,False,0.0
2026-09-29 18:44:06,89,144.4,144.4,11,27,False,0.0
2026-09-29 18:44:07,89,144.4,144.4,11,15,False,0.0
2026-09-29 18:44:09,89,144.4,144.4,11,25,False,0.0
2026-09-29 18:44:10,89,144.4,144.4,11,154,False,0.0
2026-09-29 18:44:11,89,144.4,144.4,11,23,False,0.0
2026-09-29 18:44:12,89,144.4,144.4,11,74,False,0.0
2026-09-29 18:44:14,89,144.4,144.4,11,70,False,0.0
2026-09-29 18:44:15,89,144.4,144.4,11,115,False,0.0
2026-09-29 18:44:16,89,144.4,144.4,11,27,False,0.0
2026-09-29 18:44:17,89,144.4,144.4,11,111,False,0.0
2026-09-29 18:44:19,89,144.4,144.4,11,28,False,0.0
2026-09-29 18:44:20,89,144.4,144.4,11,24,False,0.0
2026-09-29 18:44:21,89,144.4,144.4,11,12,False,0.0
2026-09-29 18:44:22,89,144.4,144.4,11,10,False,0.0
2026-09-29 18:44:24,89,144.4,144.4,11,41,False,0.0
2026-09-29 18:44:25,89,144.4,144.4,11,88,False,0.0
2026-09-29 18:44:26,89,144.4,144.4,11,54,False,0.0
2026-09-29 18:44:27,89,144.4,144.4,11,19,False,0.0
2026-09-29 18:44:29,89,144.4,144.4,11,7,False,0.0
2026-09-29 18:44:30,89,144.4,144.4,11,12,False,0.0
2026-09-29 18:44:31,89,144.4,144.4,11,16,False,0.0
2026-09-29 18:44:32,89,144.4,144.4,11,20,False,0.0
2026-09-29 18:44:33,89,144.4,144.4,11,216,False,0.0
2026-09-29 18:44:35,89,144.4,144.4,11,15,False,0.0
2026-09-29 18:44:36,89,144.4,144.4,11,30,False,0.0
2026-09-29 18:44:37,89,144.4,144.4,11,8,False,0.0
2026-09-29 18:44:38,89,144.4,144.4,11,45,False,0.0
2026-09-29 18:44:40,89,144.4,144.4,11,215,False,0.0
2026-09-29 18:44:41,89,144.4,144.4,11,17,False,0.0
2026-09-29 18:44:42,89,144.4,144.4,11,16,False,0.0
2026-09-29 18:44:44,89,144.4,130.0,11,229,False,0.0
2026-09-29 18:44:45,89,144.4,144.4,11,37,False,0.0
2026-09-29 18:44:46,89,144.4,144.4,11,9,False,0.0
2026-09-29 18:44:47,89,144.4,144.4,11,14,False,0.0
2026-09-29 18:44:48,89,144.4,144.4,11,21,False,0.0
2026-09-29 18:44:50,89,144.4,144.4,11,221,False,0.0
2026-09-29 18:44:51,89,144.4,144.4,11,142,False,0.0
2026-09-29 18:44:52,89,144.4,144.4,11,8,False,0.0
2026-09-29 18:44:53,89,144.4,144.4,11,63,False,0.0
2026-09-29 18:44:54,89,144.4,144.4,11,13,False,0.0
2026-09-29 18:44:56,89,144.4,144.4,11,20,False,0.0
2026-09-29 18:44:57,90,130.0,144.4,11,9,False,0.0
2026-09-29 18:44:58,90,130.0,144.4,11,9,False,0.0
2026-09-29 18:44:59,90,130.0,144.4,11,126,False,0.0
2026-09-29 18:45:00,90,130.0,144.4,11,19,False,0.0
2026-09-29 18:45:02,90,130.0,144.4,11,119,False,0.0
2026-09-29 18:45:03,90,130.0,144.4,11,8,False,0.0
2026-09-29 18:45:04,90,130.0,144.4,11,22,False,0.0
2026-09-29 18:45:05,90,130.0,144.4,11,78,False,0.0
2026-09-29 18:45:06,90,130.0,144.4,11,16,False,0.0
2026-09-29 18:45:08,89,78.0,144.4,11,254,False,0.0
2026-09-29 18:45:09,89,78.0,144.4,11,18,False,0.0
2026-09-29 18:45:10,89,78.0,144.4,11,23,False,0.0
2026-09-29 18:45:12,89,78.0,144.4,11,65,False,0.0
2026-09-29 18:45:13,89,78.0,144.4,11,34,False,0.0
2026-09-29 18:45:14,89,78.0,144.4,11,143,False,0.0
2026-09-29 18:45:15,85,130.0,144.4,11,174,False,0.0
2026-09-29 18:45:17,85,130.0,144.4,11,118,False,0.0
2026-09-29 18:45:18,85,130.0,144.4,11,35,False,0.0
2026-09-29 18:45:19,85,130.0,144.4,11,10,False,0.0
2026-09-29 18:45:20,85,130.0,144.4,11,17,False,0.0
2026-09-29 18:45:21,85,130.0,144.4,11,30,False,0.0
2026-09-29 18:45:23,85,130.0,144.4,11,34,False,0.0
2026-09-29 18:45:24,85,130.0,144.4,11,62,False,0.0
2026-09-29 18:45:25,85,130.0,144.4,11,10,False,0.0
2026-09-29 18:45:26,90,144.4,144.4,11,42,False,0.0
2026-09-29 18:45:27,90,144.4,144.4,11,10,False,0.0
2026-09-29 18:45:29,90,144.4,144.4,11,10,False,0.0
2026-09-29 18:45:30,90,144.4,144.4,11,67,False,0.0
2026-09-29 18:45:31,90,144.4,144.4,11,16,False,0.0
2026-09-29 18:45:32,90,144.4,144.4,11,10,False,0.0
2026-09-29 18:45:34,90,144.4,144.4,11,128,False,0.0
2026-09-29 18:45:35,90,144.4,144.4,11,20,False,0.0
2026-09-29 18:45:36,90,144.4,144.4,11,48,False,0.0
2026-09-29 18:45:37,90,144.4,144.4,11,45,False,0.0
2026-09-29 18:45:38,90,144.4,144.4,11,9,False,0.0
2026-09-29 18:45:40,90,144.4,144.4,11,98,False,0.0
2026-09-29 18:45:41,90,144.4,144.4,11,171,False,0.0
2026-09-29 18:45:42,90,144.4,117.0,11,64,False,0.0
2026-09-29 18:45:44,90,144.4,117.0,11,53,False,0.0
2026-09-29 18:45:45,90,144.4,117.0,11,8,False,0.0
2026-09-29 18:45:46,90,144.4,117.0,11,32,False,0.0
2026-09-29 18:45:47,90,144.4,144.4,11,27,False,0.0
2026-09-29 18:45:49,90,144.4,144.4,11,161,False,0.0
2026-09-29 18:45:50,90,144.4,144.4,11,49,False,0.0
2026-09-29 18:45:51,90,144.4,144.4,11,69,False,0.0
2026-09-29 18:45:53,90,144.4,144.4,11,33,False,0.0
2026-09-29 18:45:54,90,144.4,144.4,11,9,False,0.0
2026-09-29 18:45:55,90,144.4,144.4,11,23,False,0.0
2026-09-29 18:45:56,90,144.4,144.4,11,8,False,0.0
2026-09-29 18:45:57,90,144.4,144.4,11,65,False,0.0
2026-09-29 18:45:59,90,144.4,144.4,11,10,False,0.0
2026-09-29 18:46:00,90,144.4,144.4,11,68,False,0.0
2026-09-29 18:46:01,90,144.4,144.4,11,37,False,0.0
2026-09-29 18:46:02,90,144.4,144.4,11,10,False,0.0
2026-09-29 18:46:04,90,144.4,144.4,11,142,False,0.0
2026-09-29 18:46:05,90,144.4,144.4,11,59,False,0.0
2026-09-29 18:46:06,90,144.4,144.4,11,17,False,0.0
2026-09-29 18:46:07,90,144.4,144.4,11,124,False,0.0
2026-09-29 18:46:08,90,144.4,144.4,11,16,False,0.0
2026-09-29 18:46:10,90,144.4,144.4,11,13,False,0.0
2026-09-29 18:46:11,90,144.4,144.4,11,41,False,0.0
2026-09-29 18:46:12,90,144.4,144.4,11,9,False,0.0
2026-09-29 18:46:14,90,144.4,144.4,11,202,False,0.0
2026-09-29 18:46:15,90,144.4,144.4,11,14,False,0.0
2026-09-29 18:46:16,90,144.4,144.4,11,129,False,0.0
2026-09-29 18:46:18,90,144.4,144.4,11,384,False,0.0
2026-09-29 18:46:19,90,144.4,144.4,11,11,False,0.0
2026-09-29 18:46:20,90,144.4,144.4,11,24,False,0.0
2026-09-29 18:46:22,90,144.4,144.4,11,24,False,0.0
2026-09-29 18:46:23,90,144.4,144.4,11,26,False,0.0
2026-09-29 18:46:24,90,144.4,144.4,11,18,False,0.0
2026-09-29 18:46:25,90,144.4,144.4,11,42,False,0.0
2026-09-29 18:46:27,90,144.4,144.4,11,12,False,0.0
2026-09-29 18:46:28,90,144.4,144.4,11,164,False,0.0
2026-09-29 18:46:30,90,144.4,144.4,11,18,False,0.0
2026-09-29 18:46:32,90,144.4,144.4,11,103,False,0.0
2026-09-29 18:46:33,90,144.4,144.4,11,13,False,0.0
2026-09-29 18:46:34,90,144.4,144.4,11,8,False,0.0
2026-09-29 18:46:35,90,144.4,144.4,11,11,False,0.0
2026-09-29 18:46:36,90,144.4,144.4,11,21,False,0.0
2026-09-29 18:46:38,90,144.4,144.4,11,89,False,0.0
2026-09-29 18:46:39,90,144.4,144.4,11,8,False,0.0
2026-09-29 18:46:40,90,144.4,144.4,11,108,False,0.0
2026-09-29 18:46:41,90,144.4,144.4,11,8,False,0.0
2026-09-29 18:46:43,90,144.4,144.4,11,9,False,0.0
2026-09-29 18:46:44,90,144.4,144.4,11,10,False,0.0
2026-09-29 18:46:45,90,144.4,144.4,11,21,False,0.0
2026-09-29 18:46:47,90,144.4,144.4,11,8,False,0.0
2026-09-29 18:46:48,90,144.4,144.4,11,12,False,0.0
2026-09-29 18:46:49,90,144.4,144.4,11,8,False,0.0
2026-09-29 18:46:51,90,144.4,144.4,11,16,False,0.0
2026-09-29 18:46:52,90,144.4,144.4,11,11,False,0.0
2026-09-29 18:46:53,90,144.4,144.4,11,90,False,0.0
2026-09-29 18:46:54,90,144.4,144.4,11,7,False,0.0
2026-09-29 18:46:56,90,144.4,144.4,11,26,False,0.0
2026-09-29 18:46:57,90,144.4,144.4,11,79,False,0.0
2026-09-29 18:46:58,90,144.4,144.4,11,11,False,0.0
2026-09-29 18:46:59,90,144.4,144.4,11,21,False,0.0
2026-09-29 18:47:00,90,144.4,144.4,11,53,False,0.0
2026-09-29 18:47:02,90,144.4,144.4,11,81,False,0.0
2026-09-29 18:47:03,89,144.4,130.0,11,25,False,0.0
2026-09-29 18:47:05,89,144.4,144.4,11,24,False,0.0
2026-09-29 18:47:06,89,144.4,144.4,11,11,False,0.0
2026-09-29 18:47:07,89,144.4,144.4,11,13,False,0.0
2026-09-29 18:47:08,89,144.4,144.4,11,8,False,0.0
2026-09-29 18:47:09,89,144.4,144.4,11,8,False,0.0
2026-09-29 18:47:10,89,144.4,144.4,11,63,False,0.0
2026-09-29 18:47:12,89,144.4,144.4,11,403,False,0.0
2026-09-29 18:47:13,89,144.4,144.4,11,24,False,0.0
2026-09-29 18:47:14,89,144.4,144.4,11,10,False,0.0
2026-09-29 18:47:16,89,144.4,144.4,11,187,False,0.0
2026-09-29 18:47:17,89,144.4,144.4,11,12,False,0.0
2026-09-29 18:47:18,89,144.4,144.4,11,20,False,0.0
2026-09-29 18:47:20,89,144.4,144.4,11,21,False,0.0
2026-09-29 18:47:21,89,144.4,144.4,11,96,False,0.0
2026-09-29 18:47:22,89,144.4,144.4,11,15,False,0.0
2026-09-29 18:47:23,89,144.4,144.4,11,12,False,0.0
2026-09-29 18:47:25,89,144.4,144.4,11,62,False,0.0
2026-09-29 18:47:26,89,144.4,144.4,11,14,False,0.0
2026-09-29 18:47:27,89,144.4,144.4,11,41,False,0.0
2026-09-29 18:47:28,89,144.4,144.4,11,17,False,0.0
2026-09-29 18:47:29,89,144.4,144.4,11,13,False,0.0
2026-09-29 18:47:31,89,144.4,144.4,11,27,False,0.0
2026-09-29 18:47:32,89,144.4,144.4,11,7,False,0.0
2026-09-29 18:47:33,89,144.4,144.4,11,80,False,0.0
2026-09-29 18:47:34,89,144.4,144.4,11,9,False,0.0
2026-09-29 18:47:35,89,144.4,144.4,11,110,False,0.0
2026-09-29 18:47:37,89,144.4,144.4,11,7,False,0.0
2026-09-29 18:47:38,89,144.4,144.4,11,23,False,0.0
2026-09-29 18:47:39,89,144.4,144.4,11,28,False,0.0
2026-09-29 18:47:40,89,144.4,144.4,11,16,False,0.0
2026-09-29 18:47:41,89,144.4,144.4,11,22,False,0.0
2026-09-29 18:47:43,89,144.4,144.4,11,10,False,0.0
2026-09-29 18:47:44,89,144.4,144.4,11,58,False,0.0
2026-09-29 18:47:45,89,144.4,144.4,11,11,False,0.0
2026-09-29 18:47:46,89,144.4,144.4,11,15,False,0.0
2026-09-29 18:47:47,89,144.4,144.4,11,25,False,0.0
2026-09-29 18:47:49,89,144.4,144.4,11,10,False,0.0
2026-09-29 18:47:50,89,144.4,144.4,11,89,False,0.0
2026-09-29 18:47:51,89,144.4,144.4,11,160,False,0.0
2026-09-29 18:47:52,89,144.4,144.4,11,28,False,0.0
2026-09-29 18:47:54,89,144.4,144.4,11,125,False,0.0
2026-09-29 18:47:55,89,144.4,144.4,11,10,False,0.0
2026-09-29 18:47:56,89,144.4,144.4,11,100,False,0.0
2026-09-29 18:47:57,89,144.4,144.4,11,19,False,0.0
2026-09-29 18:47:59,89,144.4,144.4,11,130,False,0.0
2026-09-29 18:48:00,89,144.4,144.4,11,320,False,0.0
2026-09-29 18:48:01,89,144.4,144.4,11,10,False,0.0
2026-09-29 18:48:02,89,144.4,144.4,11,7,False,0.0
2026-09-29 18:48:03,89,144.4,144.4,11,23,False,0.0
2026-09-29 18:48:05,89,144.4,144.4,11,14,False,0.0
2026-09-29 18:48:06,89,144.4,144.4,11,35,False,0.0
2026-09-29 18:48:07,89,144.4,144.4,11,22,False,0.0
2026-09-29 18:48:08,89,144.4,144.4,11,11,False,0.0
2026-09-29 18:48:10,89,144.4,144.4,11,189,False,0.0
2026-09-29 18:48:11,89,144.4,144.4,11,8,False,0.0
2026-09-29 18:48:12,89,144.4,144.4,11,7,False,0.0
2026-09-29 18:48:13,89,144.4,144.4,11,13,False,0.0
2026-09-29 18:48:15,89,144.4,144.4,11,15,False,0.0
2026-09-29 18:48:16,89,144.4,144.4,11,124,False,0.0
2026-09-29 18:48:17,89,144.4,144.4,11,38,False,0.0
2026-09-29 18:48:18,89,144.4,144.4,11,17,False,0.0
2026-09-29 18:48:20,89,144.4,144.4,11,47,False,0.0
2026-09-29 18:48:21,89,144.4,144.4,11,9,False,0.0
2026-09-29 18:48:22,89,144.4,144.4,11,104,False,0.0
2026-09-29 18:48:23,89,144.4,144.4,11,8,False,0.0
2026-09-29 18:48:25,89,144.4,144.4,11,12,False,0.0
2026-09-29 18:48:26,89,144.4,144.4,11,11,False,0.0
2026-09-29 18:48:27,89,144.4,144.4,11,111,False,0.0
2026-09-29 18:48:28,89,144.4,144.4,11,8,False,0.0
2026-09-29 18:48:30,89,144.4,144.4,11,10,False,0.0
2026-09-29 18:48:31,89,144.4,144.4,11,20,False,0.0
2026-09-29 18:48:32,89,144.4,144.4,11,59,False,0.0
2026-09-29 18:48:33,89,144.4,144.4,11,6,False,0.0
2026-09-29 18:48:35,89,144.4,144.4,11,150,False,0.0
2026-09-29 18:48:36,89,144.4,144.4,11,140,False,0.0
2026-09-29 18:48:37,89,144.4,144.4,11,165,False,0.0
2026-09-29 18:48:38,89,144.4,144.4,11,14,False,0.0
2026-09-29 18:48:40,89,144.4,144.4,11,275,False,0.0
2026-09-29 18:48:41,89,144.4,144.4,11,56,False,0.0
2026-09-29 18:48:42,89,144.4,144.4,11,8,False,0.0
2026-09-29 18:48:43,89,144.4,144.4,11,11,False,0.0
2026-09-29 18:48:45,89,144.4,144.4,11,111,False,0.0
2026-09-29 18:48:46,89,144.4,144.4,11,181,False,0.0
2026-09-29 18:48:47,89,144.4,144.4,11,25,False,0.0
2026-09-29 18:48:48,89,144.4,144.4,11,14,False,0.0
2026-09-29 18:48:50,89,144.4,144.4,11,263,False,0.0
2026-09-29 18:48:51,89,144.4,144.4,11,8,False,0.0
2026-09-29 18:48:52,89,144.4,144.4,11,38,False,0.0
2026-09-29 18:48:53,89,144.4,144.4,11,18,False,0.0
2026-09-29 18:48:55,89,144.4,144.4,11,9,False,0.0
2026-09-29 18:48:56,89,144.4,144.4,11,104,False,0.0
2026-09-29 18:48:57,89,144.4,144.4,11,31,False,0.0
2026-09-29 18:48:58,89,144.4,144.4,11,11,False,0.0
2026-09-29 18:48:59,89,144.4,144.4,11,12,False,0.0
2026-09-29 18:49:01,89,144.4,144.4,11,10,False,0.0
2026-09-29 18:49:02,89,144.4,144.4,11,32,False,0.0
2026-09-29 18:49:03,89,144.4,144.4,11,16,False,0.0
2026-09-29 18:49:04,89,144.4,144.4,11,22,False,0.0
2026-09-29 18:49:05,89,144.4,144.4,11,18,False,0.0
2026-09-29 18:49:07,89,144.4,144.4,11,34,False,0.0
2026-09-29 18:49:08,89,144.4,144.4,11,16,False,0.0
2026-09-29 18:49:09,89,144.4,144.4,11,14,False,0.0
2026-09-29 18:49:10,89,144.4,144.4,11,71,False,0.0
2026-09-29 18:49:12,89,144.4,144.4,11,56,False,0.0
2026-09-29 18:49:13,89,144.4,144.4,11,54,False,0.0
2026-09-29 18:49:14,89,144.4,144.4,11,357,False,0.0
2026-09-29 18:49:16,89,144.4,144.4,11,147,False,0.0
2026-09-29 18:49:17,89,144.4,144.4,11,15,False,0.0
2026-09-29 18:49:18,89,144.4,144.4,11,117,False,0.0
2026-09-29 18:49:19,89,144.4,144.4,11,15,False,0.0
2026-09-29 18:49:21,89,144.4,144.4,11,13,False,0.0
2026-09-29 18:49:22,89,144.4,144.4,11,320,False,0.0
2026-09-29 18:49:23,89,144.4,144.4,11,100,False,0.0
2026-09-29 18:49:24,89,144.4,144.4,11,62,False,0.0
2026-09-29 18:49:26,89,144.4,144.4,11,13,False,0.0
2026-09-29 18:49:27,89,144.4,144.4,11,14,False,0.0
2026-09-29 18:49:28,89,144.4,144.4,11,13,False,0.0
2026-09-29 18:49:29,89,144.4,144.4,11,23,False,0.0
2026-09-29 18:49:30,89,144.4,144.4,11,16,False,0.0
2026-09-29 18:49:32,89,144.4,144.4,11,51,False,0.0
2026-09-29 18:49:33,89,144.4,144.4,11,39,False,0.0
2026-09-29 18:49:34,89,144.4,144.4,11,11,False,0.0
2026-09-29 18:49:35,89,144.4,144.4,11,10,False,0.0
2026-09-29 18:49:37,89,144.4,144.4,11,200,False,0.0
2026-09-29 18:49:38,89,144.4,144.4,11,9,False,0.0
2026-09-29 18:49:39,89,144.4,144.4,11,53,False,0.0
2026-09-29 18:49:40,89,144.4,144.4,11,20,False,0.0
2026-09-29 18:49:41,89,144.4,144.4,11,19,False,0.0
2026-09-29 18:49:43,89,144.4,144.4,11,83,False,0.0
2026-09-29 18:49:44,89,144.4,144.4,11,12,False,0.0
2026-09-29 18:49:45,89,144.4,144.4,11,12,False,0.0
2026-09-29 18:49:46,89,144.4,144.4,11,16,False,0.0
2026-09-29 18:49:48,89,144.4,144.4,11,16,False,0.0
2026-09-29 18:49:49,89,144.4,144.4,11,349,False,0.0
2026-09-29 18:49:50,89,144.4,144.4,11,36,False,0.0
2026-09-29 18:49:52,89,144.4,144.4,11,17,False,0.0
2026-09-29 18:49:53,89,144.4,144.4,11,64,False,0.0
2026-09-29 18:49:54,89,144.4,144.4,11,34,False,0.0
2026-09-29 18:49:55,89,144.4,144.4,11,11,False,0.0
2026-09-29 18:49:57,89,144.4,144.4,11,16,False,0.0
2026-09-29 18:49:58,89,144.4,144.4,11,71,False,0.0
2026-09-29 18:49:59,89,144.4,144.4,11,121,False,0.0
2026-09-29 18:50:00,89,144.4,144.4,11,6,False,0.0
2026-09-29 18:50:01,89,144.4,144.4,11,7,False,0.0
2026-09-29 18:50:03,89,144.4,144.4,11,93,False,0.0
2026-09-29 18:50:04,89,144.4,144.4,11,278,False,0.0
2026-09-29 18:50:05,89,144.4,144.4,11,90,False,0.0
2026-09-29 18:50:07,89,144.4,144.4,11,17,False,0.0
2026-09-29 18:50:08,89,144.4,144.4,11,47,False,0.0
2026-09-29 18:50:09,89,144.4,144.4,11,174,False,0.0
2026-09-29 18:50:10,89,144.4,144.4,11,9,False,0.0
2026-09-29 18:50:12,89,144.4,144.4,11,222,False,0.0
2026-09-29 18:50:13,89,144.4,144.4,11,18,False,0.0
2026-09-29 18:50:14,88,144.4,130.0,11,156,False,0.0
2026-09-29 18:50:16,88,144.4,130.0,11,32,False,0.0
2026-09-29 18:50:17,88,144.4,144.4,11,109,False,0.0
2026-09-29 18:50:18,88,144.4,144.4,11,167,False,0.0
2026-09-29 18:50:20,88,144.4,144.4,11,30,False,0.0
2026-09-29 18:50:21,88,144.4,144.4,11,73,False,0.0
2026-09-29 18:50:22,88,144.4,144.4,11,110,False,0.0
2026-09-29 18:50:23,88,144.4,144.4,11,182,False,0.0
2026-09-29 18:50:25,88,144.4,144.4,11,28,False,0.0
2026-09-29 18:50:26,88,144.4,144.4,11,121,False,0.0
2026-09-29 18:50:27,90,144.4,130.0,11,222,False,0.0
2026-09-29 18:50:29,90,144.4,130.0,11,12,False,0.0
2026-09-29 18:50:30,90,144.4,130.0,11,11,False,0.0
2026-09-29 18:50:31,90,144.4,130.0,11,57,False,0.0
2026-09-29 18:50:32,90,144.4,144.4,11,52,False,0.0
2026-09-29 18:50:33,90,144.4,144.4,11,26,False,0.0
2026-09-29 18:50:35,90,144.4,144.4,11,15,False,0.0
2026-09-29 18:50:36,90,144.4,144.4,11,18,False,0.0
2026-09-29 18:50:37,90,144.4,144.4,11,56,False,0.0
2026-09-29 18:50:38,90,144.4,144.4,11,42,False,0.0
2026-09-29 18:50:39,90,144.4,144.4,11,8,False,0.0
2026-09-29 18:50:41,90,144.4,144.4,11,114,False,0.0
2026-09-29 18:50:42,91,130.0,144.4,11,14,False,0.0
2026-09-29 18:50:43,91,130.0,144.4,11,18,False,0.0
2026-09-29 18:50:44,91,130.0,144.4,11,111,False,0.0
2026-09-29 18:50:46,91,117.0,144.4,11,25,False,0.0
2026-09-29 18:50:47,91,117.0,144.4,11,64,False,0.0
2026-09-29 18:50:48,91,117.0,144.4,11,91,False,0.0
2026-09-29 18:50:49,91,117.0,144.4,11,14,False,0.0
2026-09-29 18:50:51,91,117.0,144.4,11,29,False,0.0
2026-09-29 18:50:52,91,117.0,144.4,11,14,False,0.0
2026-09-29 18:50:53,89,130.0,144.4,11,22,False,0.0
2026-09-29 18:50:54,89,130.0,144.4,11,18,False,0.0
2026-09-29 18:50:56,89,130.0,144.4,11,13,False,0.0
2026-09-29 18:50:57,89,130.0,144.4,11,10,False,0.0
2026-09-29 18:50:58,89,130.0,144.4,11,20,False,0.0
2026-09-29 18:51:00,89,130.0,144.4,11,16,False,0.0
2026-09-29 18:51:01,89,130.0,144.4,11,12,False,0.0
2026-09-29 18:51:02,89,130.0,144.4,11,126,False,0.0
2026-09-29 18:51:03,89,130.0,144.4,11,9,False,0.0
2026-09-29 18:51:05,89,130.0,144.4,11,53,False,0.0
2026-09-29 18:51:06,89,130.0,144.4,11,38,False,0.0
2026-09-29 18:51:07,89,130.0,144.4,11,55,False,0.0
2026-09-29 18:51:08,89,130.0,144.4,11,8,False,0.0
2026-09-29 18:51:09,89,130.0,144.4,11,122,False,0.0
2026-09-29 18:51:11,89,130.0,144.4,11,347,False,0.0
2026-09-29 18:51:12,89,130.0,144.4,11,253,False,0.0
2026-09-29 18:51:14,88,43.3,144.4,11,7,False,0.0
2026-09-29 18:51:15,88,72.2,144.4,11,219,False,0.0
2026-09-29 18:51:17,88,72.2,144.4,11,,True,10.0
2026-09-29 18:51:18,88,72.2,144.4,11,19,False,10.0
2026-09-29 18:51:19,88,72.2,144.4,11,112,False,10.0
2026-09-29 18:51:21,88,72.2,144.4,11,10,False,10.0
2026-09-29 18:51:22,88,72.2,144.4,11,12,False,10.0
2026-09-29 18:51:23,88,72.2,144.4,11,7,False,10.0
2026-09-29 18:51:24,88,144.4,144.4,11,20,False,10.0
2026-09-29 18:51:25,88,144.4,144.4,11,7,False,10.0
2026-09-29 18:51:27,88,144.4,144.4,11,324,False,10.0
2026-09-29 18:51:28,88,144.4,144.4,11,44,False,10.0
2026-09-29 18:51:29,88,144.4,144.4,11,24,False,0.0
2026-09-29 18:51:30,88,144.4,144.4,11,14,False,0.0
2026-09-29 18:51:32,88,144.4,144.4,11,16,False,0.0
2026-09-29 18:51:33,88,144.4,144.4,11,34,False,0.0
2026-09-29 18:51:34,88,144.4,144.4,11,9,False,0.0
2026-09-29 18:51:35,88,144.4,144.4,11,19,False,0.0
2026-09-29 18:51:37,88,144.4,144.4,11,216,False,0.0
2026-09-29 18:51:38,88,144.4,144.4,11,11,False,0.0
2026-09-29 18:51:39,88,144.4,144.4,11,95,False,0.0
2026-09-29 18:51:41,88,144.4,144.4,11,91,False,0.0
2026-09-29 18:51:42,88,144.4,144.4,11,74,False,0.0
2026-09-29 18:51:43,88,144.4,144.4,11,26,False,0.0
2026-09-29 18:51:44,88,144.4,144.4,11,80,False,0.0
2026-09-29 18:51:46,88,144.4,144.4,11,7,False,0.0
2026-09-29 18:51:47,88,144.4,144.4,11,33,False,0.0
2026-09-29 18:51:48,88,144.4,144.4,11,106,False,0.0
2026-09-29 18:51:50,88,144.4,144.4,11,6,False,0.0
2026-09-29 18:51:51,88,144.4,144.4,11,10,False,0.0
2026-09-29 18:51:52,88,144.4,144.4,11,239,False,0.0
2026-09-29 18:51:53,88,144.4,144.4,11,68,False,0.0
2026-09-29 18:51:55,88,144.4,144.4,11,22,False,0.0
2026-09-29 18:51:56,88,144.4,144.4,11,33,False,0.0
2026-09-29 18:51:57,88,144.4,144.4,11,13,False,0.0
2026-09-29 18:51:58,90,144.4,117.0,11,19,False,0.0
2026-09-29 18:51:59,90,144.4,117.0,11,110,False,0.0
2026-09-29 18:52:01,90,144.4,144.4,11,46,False,0.0
2026-09-29 18:52:02,90,144.4,144.4,11,11,False,0.0
2026-09-29 18:52:03,90,144.4,144.4,11,45,False,0.0
2026-09-29 18:52:04,90,144.4,144.4,11,23,False,0.0
2026-09-29 18:52:06,90,144.4,144.4,11,20,False,0.0
2026-09-29 18:52:07,90,144.4,144.4,11,212,False,0.0
2026-09-29 18:52:08,90,144.4,144.4,11,9,False,0.0
2026-09-29 18:52:09,90,144.4,144.4,11,179,False,0.0
2026-09-29 18:52:11,90,144.4,144.4,11,8,False,0.0
2026-09-29 18:52:12,90,144.4,144.4,11,66,False,0.0
2026-09-29 18:52:13,90,144.4,144.4,11,15,False,0.0
2026-09-29 18:52:14,90,144.4,144.4,11,55,False,0.0
2026-09-29 18:52:15,90,144.4,144.4,11,102,False,0.0
2026-09-29 18:52:17,90,144.4,144.4,11,22,False,0.0
2026-09-29 18:52:18,90,144.4,144.4,11,41,False,0.0
2026-09-29 18:52:19,90,144.4,144.4,11,9,False,0.0
2026-09-29 18:52:20,90,144.4,144.4,11,26,False,0.0
2026-09-29 18:52:21,90,144.4,144.4,11,275,False,0.0
2026-09-29 18:52:23,90,144.4,144.4,11,22,False,0.0
2026-09-29 18:52:24,90,144.4,144.4,11,366,False,0.0
2026-09-29 18:52:26,90,144.4,144.4,11,304,False,0.0
2026-09-29 18:52:27,90,144.4,144.4,11,62,False,0.0
2026-09-29 18:52:28,89,144.4,130.0,11,71,False,0.0
2026-09-29 18:52:29,89,144.4,130.0,11,24,False,0.0
2026-09-29 18:52:30,89,144.4,144.4,11,6,False,0.0
2026-09-29 18:52:32,89,144.4,144.4,11,24,False,0.0
2026-09-29 18:52:33,89,144.4,144.4,11,51,False,0.0
2026-09-29 18:52:34,89,144.4,144.4,11,209,False,0.0
2026-09-29 18:52:36,89,144.4,144.4,11,62,False,0.0
2026-09-29 18:52:37,89,144.4,144.4,11,86,False,0.0
2026-09-29 18:52:38,89,144.4,144.4,11,16,False,0.0
2026-09-29 18:52:39,89,144.4,144.4,11,14,False,0.0
2026-09-29 18:52:41,89,144.4,144.4,11,40,False,0.0
2026-09-29 18:52:42,91,144.4,104.0,11,126,False,0.0
2026-09-29 18:52:43,91,144.4,104.0,11,30,False,0.0
2026-09-29 18:52:44,91,144.4,104.0,11,43,False,0.0
2026-09-29 18:52:46,91,144.4,104.0,11,11,False,0.0
2026-09-29 18:52:47,91,144.4,104.0,11,102,False,0.0
2026-09-29 18:52:48,91,144.4,130.0,11,227,False,0.0
2026-09-29 18:52:50,91,144.4,130.0,11,17,False,0.0
2026-09-29 18:52:51,91,144.4,130.0,11,18,False,0.0
2026-09-29 18:52:52,91,144.4,130.0,11,64,False,0.0
2026-09-29 18:52:53,92,144.4,117.0,11,20,False,0.0
2026-09-29 18:52:54,92,144.4,117.0,11,13,False,0.0
2026-09-29 18:52:56,92,144.4,117.0,11,6,False,0.0
2026-09-29 18:52:57,92,144.4,117.0,11,52,False,0.0
2026-09-29 18:52:58,89,144.4,144.4,11,93,False,0.0
2026-09-29 18:53:00,89,144.4,144.4,11,378,False,0.0
2026-09-29 18:53:01,89,144.4,144.4,11,127,False,0.0
2026-09-29 18:53:03,89,144.4,144.4,11,,True,10.0
2026-09-29 18:53:05,89,144.4,144.4,11,7,False,10.0
2026-09-29 18:53:06,89,144.4,144.4,11,19,False,10.0
2026-09-29 18:53:07,89,144.4,144.4,11,9,False,10.0
2026-09-29 18:53:08,89,144.4,144.4,11,58,False,10.0
2026-09-29 18:53:09,89,144.4,144.4,11,12,False,10.0
2026-09-29 18:53:11,89,144.4,144.4,11,21,False,10.0
2026-09-29 18:53:12,89,144.4,144.4,11,20,False,10.0
2026-09-29 18:53:13,89,144.4,144.4,11,54,False,10.0
2026-09-29 18:53:14,89,144.4,144.4,11,188,False,10.0
2026-09-29 18:53:16,89,144.4,144.4,11,13,False,0.0
2026-09-29 18:53:17,89,144.4,144.4,11,8,False,0.0
2026-09-29 18:53:18,89,144.4,144.4,11,221,False,0.0
2026-09-29 18:53:19,89,144.4,144.4,11,14,False,0.0
2026-09-29 18:53:21,89,144.4,144.4,11,6,False,0.0
2026-09-29 18:53:22,89,144.4,144.4,11,28,False,0.0
2026-09-29 18:53:23,89,144.4,144.4,11,81,False,0.0
2026-09-29 18:53:24,89,144.4,144.4,11,56,False,0.0
2026-09-29 18:53:25,89,144.4,144.4,11,8,False,0.0
2026-09-29 18:53:27,89,144.4,144.4,11,77,False,0.0
2026-09-29 18:53:28,92,144.4,130.0,11,177,False,0.0
2026-09-29 18:53:29,92,144.4,130.0,11,117,False,0.0
2026-09-29 18:53:31,92,144.4,130.0,11,96,False,0.0
2026-09-29 18:53:32,92,144.4,130.0,11,33,False,0.0
2026-09-29 18:53:33,91,144.4,144.4,11,16,False,0.0
2026-09-29 18:53:34,91,144.4,144.4,11,17,False,0.0
2026-09-29 18:53:36,91,144.4,144.4,11,122,False,0.0
2026-09-29 18:53:37,91,144.4,144.4,11,104,False,0.0
2026-09-29 18:53:38,91,72.2,144.4,11,126,False,0.0
2026-09-29 18:53:39,91,72.2,144.4,11,156,False,0.0
2026-09-29 18:53:41,91,72.2,144.4,11,96,False,0.0
2026-09-29 18:53:42,91,72.2,144.4,11,167,False,0.0
2026-09-29 18:53:43,89,72.2,130.0,11,60,False,0.0
2026-09-29 18:53:45,89,72.2,130.0,11,72,False,0.0
2026-09-29 18:53:46,89,72.2,130.0,11,76,False,0.0
2026-09-29 18:53:47,89,72.2,144.4,11,22,False,0.0
2026-09-29 18:53:48,89,72.2,144.4,11,20,False,0.0
2026-09-29 18:53:50,89,72.2,144.4,11,12,False,0.0
2026-09-29 18:53:51,89,72.2,144.4,11,102,False,0.0
2026-09-29 18:53:52,89,72.2,144.4,11,9,False,0.0
2026-09-29 18:53:53,89,72.2,144.4,11,9,False,0.0
2026-09-29 18:53:54,89,72.2,144.4,11,9,False,0.0
2026-09-29 18:53:56,89,72.2,144.4,11,19,False,0.0
2026-09-29 18:53:57,89,72.2,144.4,11,7,False,0.0
2026-09-29 18:53:58,89,72.2,144.4,11,68,False,0.0
2026-09-29 18:53:59,89,72.2,144.4,11,44,False,0.0
2026-09-29 18:54:01,89,72.2,144.4,11,8,False,0.0
2026-09-29 18:54:02,89,72.2,144.4,11,46,False,0.0
2026-09-29 18:54:03,89,72.2,144.4,11,10,False,0.0
2026-09-29 18:54:04,89,72.2,144.4,11,7,False,0.0
2026-09-29 18:54:05,89,72.2,144.4,11,10,False,0.0
2026-09-29 18:54:07,89,72.2,144.4,11,47,False,0.0
2026-09-29 18:54:08,89,72.2,144.4,11,22,False,0.0
2026-09-29 18:54:09,89,72.2,144.4,11,12,False,0.0
2026-09-29 18:54:10,89,72.2,144.4,11,42,False,0.0
2026-09-29 18:54:12,89,72.2,144.4,11,15,False,0.0
2026-09-29 18:54:13,89,72.2,144.4,11,12,False,0.0
2026-09-29 18:54:14,89,72.2,144.4,11,12,False,0.0
2026-09-29 18:54:15,89,72.2,144.4,11,9,False,0.0
2026-09-29 18:54:17,89,72.2,144.4,11,9,False,0.0
2026-09-29 18:54:18,89,72.2,144.4,11,86,False,0.0
2026-09-29 18:54:19,89,72.2,144.4,11,92,False,0.0
2026-09-29 18:54:21,89,72.2,144.4,11,189,False,0.0
2026-09-29 18:54:22,89,72.2,144.4,11,7,False,0.0
2026-09-29 18:54:23,89,72.2,144.4,11,123,False,0.0
2026-09-29 18:54:24,89,72.2,144.4,11,18,False,0.0
2026-09-29 18:54:25,89,72.2,144.4,11,17,False,0.0
2026-09-29 18:54:27,89,72.2,144.4,11,114,False,0.0
2026-09-29 18:54:28,89,72.2,144.4,11,187,False,0.0
2026-09-29 18:54:30,89,72.2,144.4,11,321,False,0.0
2026-09-29 18:54:31,89,72.2,144.4,11,135,False,0.0
2026-09-29 18:54:32,89,72.2,144.4,11,46,False,0.0
2026-09-29 18:54:34,89,72.2,144.4,11,12,False,0.0
2026-09-29 18:54:35,89,72.2,144.4,11,71,False,0.0
2026-09-29 18:54:36,89,72.2,144.4,11,83,False,0.0
2026-09-29 18:54:37,89,72.2,144.4,11,8,False,0.0
2026-09-29 18:54:39,89,72.2,144.4,11,32,False,0.0
2026-09-29 18:54:40,89,72.2,144.4,11,14,False,0.0
2026-09-29 18:54:41,88,72.2,117.0,11,185,False,0.0
2026-09-29 18:54:42,88,72.2,117.0,11,133,False,0.0
2026-09-29 18:54:44,88,72.2,117.0,11,31,False,0.0
2026-09-29 18:54:45,88,72.2,117.0,11,75,False,0.0
2026-09-29 18:54:46,88,72.2,117.0,11,19,False,0.0
2026-09-29 18:54:48,88,72.2,130.0,11,8,False,0.0
2026-09-29 18:54:49,88,72.2,130.0,11,16,False,0.0
2026-09-29 18:54:50,88,72.2,144.4,11,100,False,0.0
2026-09-29 18:54:52,88,72.2,144.4,11,10,False,0.0
2026-09-29 18:54:53,88,72.2,144.4,11,124,False,0.0
2026-09-29 18:54:54,88,72.2,144.4,11,10,False,0.0
2026-09-29 18:54:56,88,72.2,144.4,11,10,False,0.0
2026-09-29 18:54:57,88,72.2,144.4,11,15,False,0.0
2026-09-29 18:54:58,88,72.2,144.4,11,34,False,0.0
2026-09-29 18:54:59,88,72.2,144.4,11,15,False,0.0
2026-09-29 18:55:00,90,72.2,117.0,11,18,False,0.0
2026-09-29 18:55:02,90,72.2,117.0,11,19,False,0.0
2026-09-29 18:55:03,90,72.2,144.4,11,12,False,0.0
2026-09-29 18:55:04,90,72.2,144.4,11,55,False,0.0
2026-09-29 18:55:05,90,72.2,144.4,11,79,False,0.0
2026-09-29 18:55:07,90,72.2,144.4,11,67,False,0.0
2026-09-29 18:55:08,90,72.2,144.4,11,70,False,0.0
2026-09-29 18:55:09,90,72.2,144.4,11,9,False,0.0
2026-09-29 18:55:10,90,72.2,144.4,11,130,False,0.0
2026-09-29 18:55:12,90,72.2,144.4,11,18,False,0.0
2026-09-29 18:55:13,91,144.4,144.4,11,142,False,0.0
2026-09-29 18:55:14,91,144.4,144.4,11,128,False,0.0
2026-09-29 18:55:16,91,144.4,144.4,11,70,False,0.0
2026-09-29 18:55:17,91,144.4,144.4,11,83,False,0.0
2026-09-29 18:55:18,91,144.4,144.4,11,180,False,0.0
2026-09-29 18:55:20,91,144.4,144.4,11,,True,10.0
2026-09-29 18:55:21,91,144.4,144.4,11,223,False,10.0
2026-09-29 18:55:23,91,144.4,144.4,11,19,False,10.0
2026-09-29 18:55:24,91,144.4,144.4,11,9,False,10.0
2026-09-29 18:55:25,91,144.4,144.4,11,54,False,10.0
2026-09-29 18:55:27,91,144.4,144.4,11,12,False,10.0
2026-09-29 18:55:28,91,144.4,144.4,11,18,False,10.0
2026-09-29 18:55:29,91,144.4,144.4,11,181,False,10.0
2026-09-29 18:55:31,91,144.4,144.4,11,73,False,10.0
2026-09-29 18:55:32,91,144.4,144.4,11,201,False,10.0
2026-09-29 18:55:33,91,144.4,144.4,11,71,False,0.0
2026-09-29 18:55:35,91,144.4,144.4,11,103,False,0.0
2026-09-29 18:55:36,91,144.4,144.4,11,104,False,0.0
2026-09-29 18:55:37,91,144.4,144.4,11,9,False,0.0
2026-09-29 18:55:39,91,144.4,144.4,11,15,False,0.0
2026-09-29 18:55:40,91,144.4,144.4,11,19,False,0.0
2026-09-29 18:55:41,91,144.4,144.4,11,84,False,0.0
2026-09-29 18:55:42,91,144.4,144.4,11,142,False,0.0
2026-09-29 18:55:43,91,144.4,144.4,11,15,False,0.0
2026-09-29 18:55:45,91,144.4,144.4,11,12,False,0.0
2026-09-29 18:55:46,91,144.4,144.4,11,13,False,0.0
2026-09-29 18:55:47,91,144.4,144.4,11,94,False,0.0
2026-09-29 18:55:49,91,144.4,144.4,11,90,False,0.0
2026-09-29 18:55:50,91,144.4,144.4,11,135,False,0.0
2026-09-29 18:55:51,91,144.4,144.4,11,17,False,0.0
2026-09-29 18:55:53,91,144.4,144.4,11,142,False,0.0
2026-09-29 18:55:54,91,144.4,144.4,11,26,False,0.0
2026-09-29 18:55:55,91,144.4,144.4,11,62,False,0.0
2026-09-29 18:55:57,91,144.4,144.4,11,16,False,0.0
2026-09-29 18:55:58,91,144.4,144.4,11,11,False,0.0
2026-09-29 18:55:59,91,144.4,144.4,11,98,False,0.0
2026-09-29 18:56:00,91,144.4,144.4,11,11,False,0.0
2026-09-29 18:56:02,91,144.4,144.4,11,138,False,0.0
2026-09-29 18:56:03,91,144.4,144.4,11,21,False,0.0
2026-09-29 18:56:04,91,144.4,144.4,11,22,False,0.0
2026-09-29 18:56:05,91,144.4,144.4,11,40,False,0.0
2026-09-29 18:56:07,91,144.4,144.4,11,92,False,0.0
2026-09-29 18:56:08,91,144.4,144.4,11,13,False,0.0
2026-09-29 18:56:09,91,144.4,144.4,11,22,False,0.0
2026-09-29 18:56:11,91,144.4,144.4,11,100,False,0.0
2026-09-29 18:56:12,91,144.4,144.4,11,110,False,0.0
2026-09-29 18:56:13,91,144.4,144.4,11,15,False,0.0
2026-09-29 18:56:14,91,144.4,144.4,11,78,False,0.0
2026-09-29 18:56:16,91,144.4,144.4,11,140,False,0.0
2026-09-29 18:56:17,91,144.4,144.4,11,139,False,0.0
2026-09-29 18:56:18,91,144.4,144.4,11,40,False,0.0
2026-09-29 18:56:19,91,144.4,144.4,11,85,False,0.0
2026-09-29 18:56:21,91,144.4,144.4,11,98,False,0.0
2026-09-29 18:56:22,91,144.4,144.4,11,27,False,0.0
2026-09-29 18:56:23,91,144.4,144.4,11,29,False,0.0
2026-09-29 18:56:24,91,144.4,144.4,11,11,False,0.0
2026-09-29 18:56:25,91,144.4,144.4,11,13,False,0.0
2026-09-29 18:56:27,91,144.4,144.4,11,77,False,0.0
2026-09-29 18:56:28,91,144.4,144.4,11,13,False,0.0
2026-09-29 18:56:29,91,144.4,144.4,11,12,False,0.0
2026-09-29 18:56:30,91,144.4,144.4,11,42,False,0.0
2026-09-29 18:56:31,91,144.4,144.4,11,9,False,0.0
2026-09-29 18:56:33,91,144.4,144.4,11,24,False,0.0
2026-09-29 18:56:34,91,144.4,144.4,11,12,False,0.0
2026-09-29 18:56:35,91,144.4,144.4,11,19,False,0.0
2026-09-29 18:56:36,91,144.4,144.4,11,31,False,0.0
2026-09-29 18:56:37,91,144.4,144.4,11,24,False,0.0
2026-09-29 18:56:39,91,144.4,144.4,11,68,False,0.0
2026-09-29 18:56:40,91,144.4,144.4,11,14,False,0.0
2026-09-29 18:56:41,91,144.4,144.4,11,10,False,0.0
2026-09-29 18:56:42,91,144.4,144.4,11,26,False,0.0
2026-09-29 18:56:43,91,144.4,144.4,11,48,False,0.0
2026-09-29 18:56:44,91,144.4,144.4,11,9,False,0.0
2026-09-29 18:56:46,91,144.4,144.4,11,9,False,0.0
2026-09-29 18:56:47,91,144.4,144.4,11,68,False,0.0
2026-09-29 18:56:48,91,144.4,144.4,11,19,False,0.0
2026-09-29 18:56:49,91,144.4,144.4,11,6,False,0.0
2026-09-29 18:56:50,91,144.4,144.4,11,15,False,0.0
2026-09-29 18:56:52,91,144.4,144.4,11,11,False,0.0
2026-09-29 18:56:53,91,144.4,144.4,11,9,False,0.0
2026-09-29 18:56:54,91,144.4,144.4,11,11,False,0.0
2026-09-29 18:56:55,91,144.4,144.4,11,161,False,0.0
2026-09-29 18:56:56,91,144.4,144.4,11,28,False,0.0
2026-09-29 18:56:58,91,144.4,144.4,11,13,False,0.0
2026-09-29 18:56:59,91,144.4,144.4,11,47,False,0.0
2026-09-29 18:57:00,91,144.4,144.4,11,77,False,0.0
2026-09-29 18:57:01,91,144.4,144.4,11,89,False,0.0
2026-09-29 18:57:03,91,144.4,144.4,11,10,False,0.0
2026-09-29 18:57:04,91,144.4,144.4,11,27,False,0.0
2026-09-29 18:57:05,91,144.4,144.4,11,15,False,0.0
2026-09-29 18:57:06,91,144.4,144.4,11,14,False,0.0
2026-09-29 18:57:07,91,144.4,144.4,11,69,False,0.0
2026-09-29 18:57:09,91,144.4,144.4,11,8,False,0.0
2026-09-29 18:57:10,91,144.4,144.4,11,9,False,0.0
2026-09-29 18:57:11,91,144.4,144.4,11,43,False,0.0
2026-09-29 18:57:12,91,144.4,144.4,11,14,False,0.0
2026-09-29 18:57:13,91,144.4,144.4,11,28,False,0.0
2026-09-29 18:57:15,91,144.4,144.4,11,72,False,0.0
2026-09-29 18:57:16,91,144.4,144.4,11,12,False,0.0
2026-09-29 18:57:17,91,144.4,144.4,11,21,False,0.0
2026-09-29 18:57:24,91,144.4,144.4,11,11,False,0.0
2026-09-29 18:57:25,91,144.4,144.4,11,7,False,0.0
2026-09-29 18:57:26,91,144.4,144.4,11,34,False,0.0
2026-09-29 18:57:27,91,144.4,130.0,11,103,False,0.0
2026-09-29 18:57:29,91,144.4,130.0,11,88,False,0.0
2026-09-29 18:57:30,91,144.4,130.0,11,110,False,0.0
2026-09-29 18:57:31,91,144.4,144.4,11,11,False,0.0
2026-09-29 18:57:32,91,144.4,144.4,11,38,False,0.0
2026-09-29 18:57:33,91,144.4,144.4,11,80,False,0.0
2026-09-29 18:57:35,91,144.4,144.4,11,12,False,0.0
2026-09-29 18:57:36,91,144.4,144.4,11,14,False,0.0
2026-09-29 18:57:37,91,144.4,144.4,11,192,False,0.0
2026-09-29 18:57:38,91,144.4,144.4,11,57,False,0.0
2026-09-29 18:57:40,91,144.4,144.4,11,10,False,0.0
2026-09-29 18:57:41,91,144.4,144.4,11,19,False,0.0
2026-09-29 18:57:42,91,144.4,144.4,11,8,False,0.0
2026-09-29 18:57:43,91,144.4,144.4,11,67,False,0.0
2026-09-29 18:57:45,91,144.4,144.4,11,119,False,0.0
2026-09-29 18:57:46,91,144.4,144.4,11,54,False,0.0
2026-09-29 18:57:47,91,144.4,144.4,11,19,False,0.0
2026-09-29 18:57:48,91,144.4,144.4,11,38,False,0.0
2026-09-29 18:57:49,91,144.4,144.4,11,23,False,0.0
2026-09-29 18:57:51,91,144.4,144.4,11,22,False,0.0
2026-09-29 18:57:53,91,144.4,144.4,11,,True,10.0
2026-09-29 18:57:55,91,144.4,144.4,11,,True,20.0
2026-09-29 18:57:57,91,144.4,144.4,11,604,False,20.0
2026-09-29 18:57:58,91,144.4,144.4,11,20,False,20.0
2026-09-29 18:57:59,92,144.4,104.0,11,32,False,20.0
2026-09-29 18:58:00,92,144.4,104.0,11,27,False,20.0
2026-09-29 18:58:01,92,144.4,104.0,11,66,False,20.0
2026-09-29 18:58:03,92,144.4,104.0,11,37,False,20.0
2026-09-29 18:58:04,92,144.4,104.0,11,29,False,20.0
2026-09-29 18:58:05,92,144.4,104.0,11,68,False,20.0
2026-09-29 18:58:06,92,144.4,104.0,11,54,False,10.0
2026-09-29 18:58:07,75,144.4,52.0,11,50,False,0.0
2026-09-29 18:58:09,75,144.4,52.0,11,7,False,0.0
2026-09-29 18:58:10,75,144.4,104.0,11,24,False,0.0
2026-09-29 18:58:11,75,144.4,104.0,11,20,False,0.0
2026-09-29 18:58:12,75,144.4,104.0,11,17,False,0.0
2026-09-29 18:58:13,75,144.4,104.0,11,15,False,0.0
2026-09-29 18:58:15,80,144.4,117.0,11,19,False,0.0
2026-09-29 18:58:16,80,144.4,117.0,11,110,False,0.0
2026-09-29 18:58:17,80,144.4,117.0,11,180,False,0.0
2026-09-29 18:58:18,80,144.4,117.0,11,9,False,0.0
2026-09-29 18:58:20,80,144.4,130.0,11,11,False,0.0
2026-09-29 18:58:21,86,144.4,144.4,11,9,False,0.0
2026-09-29 18:58:22,86,144.4,144.4,11,10,False,0.0
2026-09-29 18:58:23,86,144.4,144.4,11,38,False,0.0
2026-09-29 18:58:25,86,144.4,144.4,11,,True,10.0
2026-09-29 18:58:27,86,144.4,144.4,11,48,False,10.0
2026-09-29 18:58:28,86,144.4,144.4,11,7,False,10.0
2026-09-29 18:58:29,86,144.4,144.4,11,10,False,10.0
2026-09-29 18:58:30,86,144.4,144.4,11,54,False,10.0
2026-09-29 18:58:31,86,144.4,144.4,11,95,False,10.0
2026-09-29 18:58:33,86,144.4,144.4,11,101,False,10.0
2026-09-29 18:58:34,86,144.4,144.4,11,10,False,10.0
2026-09-29 18:58:35,86,144.4,144.4,11,8,False,10.0
2026-09-29 18:58:36,86,144.4,144.4,11,15,False,10.0
2026-09-29 18:58:38,86,144.4,144.4,11,85,False,0.0
2026-09-29 18:58:39,86,144.4,144.4,11,43,False,0.0
2026-09-29 18:58:40,86,144.4,144.4,11,9,False,0.0
2026-09-29 18:58:41,86,144.4,144.4,11,7,False,0.0
2026-09-29 18:58:43,86,144.4,144.4,11,9,False,0.0
2026-09-29 18:58:44,86,144.4,144.4,11,7,False,0.0
2026-09-29 18:58:45,86,144.4,144.4,11,10,False,0.0
2026-09-29 18:58:46,86,144.4,144.4,11,79,False,0.0
2026-09-29 18:58:48,86,144.4,144.4,11,8,False,0.0
2026-09-29 18:58:49,86,144.4,144.4,11,7,False,0.0
2026-09-29 18:58:50,86,144.4,144.4,11,12,False,0.0
2026-09-29 18:58:51,86,144.4,144.4,11,11,False,0.0
2026-09-29 18:58:53,86,144.4,144.4,11,24,False,0.0
2026-09-29 18:58:54,86,144.4,144.4,11,10,False,0.0
2026-09-29 18:58:55,86,144.4,144.4,11,113,False,0.0
2026-09-29 18:58:56,86,144.4,144.4,11,86,False,0.0
2026-09-29 18:58:58,86,144.4,144.4,11,16,False,0.0
2026-09-29 18:58:59,86,144.4,144.4,11,157,False,0.0
2026-09-29 18:59:00,86,144.4,144.4,11,81,False,0.0
2026-09-29 18:59:01,86,144.4,144.4,11,12,False,0.0
2026-09-29 18:59:02,86,144.4,144.4,11,9,False,0.0
2026-09-29 18:59:04,86,144.4,144.4,11,21,False,0.0
2026-09-29 18:59:05,86,144.4,144.4,11,12,False,0.0
2026-09-29 18:59:06,86,144.4,144.4,11,15,False,0.0
2026-09-29 18:59:07,86,144.4,144.4,11,24,False,0.0
2026-09-29 18:59:08,86,144.4,144.4,11,34,False,0.0
2026-09-29 18:59:09,86,144.4,144.4,11,16,False,0.0
2026-09-29 18:59:11,86,144.4,144.4,11,16,False,0.0
2026-09-29 18:59:12,86,144.4,144.4,11,45,False,0.0
2026-09-29 18:59:13,86,144.4,144.4,11,86,False,0.0
2026-09-29 18:59:14,86,144.4,144.4,11,13,False,0.0
2026-09-29 18:59:16,86,144.4,144.4,11,167,False,0.0
2026-09-29 18:59:17,86,144.4,144.4,11,130,False,0.0
2026-09-29 18:59:18,86,144.4,144.4,11,14,False,0.0
2026-09-29 18:59:19,86,144.4,144.4,11,49,False,0.0
2026-09-29 18:59:21,86,144.4,144.4,11,162,False,0.0
2026-09-29 18:59:22,86,144.4,144.4,11,22,False,0.0
2026-09-29 18:59:23,86,144.4,144.4,11,11,False,0.0
2026-09-29 18:59:24,86,144.4,144.4,11,82,False,0.0
2026-09-29 18:59:26,86,144.4,144.4,11,134,False,0.0
2026-09-29 18:59:27,86,144.4,144.4,11,97,False,0.0
2026-09-29 18:59:28,86,144.4,144.4,11,55,False,0.0
2026-09-29 18:59:30,86,144.4,144.4,11,40,False,0.0
2026-09-29 18:59:31,86,144.4,144.4,11,184,False,0.0
2026-09-29 18:59:32,86,144.4,144.4,11,15,False,0.0
2026-09-29 18:59:34,86,144.4,144.4,11,42,False,0.0
2026-09-29 18:59:35,86,144.4,144.4,11,25,False,0.0
2026-09-29 18:59:36,86,144.4,144.4,11,66,False,0.0
2026-09-29 18:59:37,86,144.4,144.4,11,44,False,0.0
2026-09-29 18:59:38,86,144.4,144.4,11,14,False,0.0
2026-09-29 18:59:39,86,144.4,144.4,11,27,False,0.0
2026-09-29 18:59:41,86,144.4,144.4,11,9,False,0.0
2026-09-29 18:59:42,86,144.4,144.4,11,16,False,0.0
2026-09-29 18:59:43,86,144.4,144.4,11,130,False,0.0
2026-09-29 18:59:44,86,144.4,144.4,11,31,False,0.0
2026-09-29 18:59:45,86,144.4,144.4,11,17,False,0.0
2026-09-29 18:59:46,86,144.4,144.4,11,12,False,0.0
2026-09-29 18:59:48,86,144.4,144.4,11,133,False,0.0
2026-09-29 18:59:49,86,144.4,144.4,11,372,False,0.0
2026-09-29 18:59:51,86,144.4,144.4,11,73,False,0.0
2026-09-29 18:59:52,86,144.4,144.4,11,114,False,0.0
2026-09-29 18:59:53,86,144.4,144.4,11,15,False,0.0
2026-09-29 18:59:54,86,144.4,144.4,11,16,False,0.0
2026-09-29 18:59:55,86,144.4,144.4,11,32,False,0.0
2026-09-29 18:59:57,86,144.4,144.4,11,12,False,0.0
2026-09-29 18:59:58,86,144.4,144.4,11,32,False,0.0
2026-09-29 18:59:59,86,144.4,144.4,11,12,False,0.0
2026-09-29 19:00:00,86,144.4,144.4,11,10,False,0.0
2026-09-29 19:00:02,86,144.4,144.4,11,14,False,0.0
2026-09-29 19:00:03,86,144.4,144.4,11,62,False,0.0
2026-09-29 19:00:04,86,144.4,144.4,11,88,False,0.0
2026-09-29 19:00:05,86,144.4,144.4,11,12,False,0.0
2026-09-29 19:00:07,86,144.4,144.4,11,247,False,0.0
2026-09-29 19:00:08,86,144.4,144.4,11,19,False,0.0
2026-09-29 19:00:09,86,144.4,144.4,11,9,False,0.0
2026-09-29 19:00:11,86,144.4,144.4,11,124,False,0.0
2026-09-29 19:00:12,86,144.4,144.4,11,22,False,0.0
2026-09-29 19:00:13,86,144.4,144.4,11,13,False,0.0
2026-09-29 19:00:14,86,144.4,144.4,11,21,False,0.0
2026-09-29 19:00:16,86,144.4,144.4,11,11,False,0.0
2026-09-29 19:00:17,86,144.4,144.4,11,105,False,0.0
2026-09-29 19:00:18,86,144.4,144.4,11,11,False,0.0
2026-09-29 19:00:19,86,144.4,144.4,11,70,False,0.0
2026-09-29 19:00:21,86,144.4,144.4,11,17,False,0.0
2026-09-29 19:00:22,86,144.4,144.4,11,44,False,0.0
2026-09-29 19:00:23,86,144.4,144.4,11,18,False,0.0
2026-09-29 19:00:24,86,144.4,144.4,11,14,False,0.0
2026-09-29 19:00:26,86,144.4,144.4,11,154,False,0.0
2026-09-29 19:00:27,86,144.4,144.4,11,79,False,0.0
2026-09-29 19:00:28,86,144.4,144.4,11,41,False,0.0
2026-09-29 19:00:30,86,144.4,144.4,11,85,False,0.0
2026-09-29 19:00:31,86,144.4,144.4,11,185,False,0.0
2026-09-29 19:00:32,86,144.4,144.4,11,7,False,0.0
2026-09-29 19:00:34,86,144.4,144.4,11,17,False,0.0
2026-09-29 19:00:35,86,144.4,144.4,11,12,False,0.0
2026-09-29 19:00:36,86,144.4,144.4,11,136,False,0.0
2026-09-29 19:00:38,91,144.4,130.0,11,39,False,0.0
2026-09-29 19:00:39,91,144.4,130.0,11,12,False,0.0
2026-09-29 19:00:40,91,144.4,130.0,11,13,False,0.0
2026-09-29 19:00:41,91,144.4,130.0,11,40,False,0.0
2026-09-29 19:00:43,91,144.4,130.0,11,188,False,0.0
2026-09-29 19:00:44,91,144.4,130.0,11,11,False,0.0
2026-09-29 19:00:45,80,144.4,144.4,11,193,False,0.0
2026-09-29 19:00:47,80,144.4,144.4,11,8,False,0.0
2026-09-29 19:00:48,80,144.4,144.4,11,12,False,0.0
2026-09-29 19:00:49,80,144.4,144.4,11,225,False,0.0
2026-09-29 19:00:50,80,144.4,144.4,11,52,False,0.0
2026-09-29 19:00:52,80,144.4,144.4,11,42,False,0.0
2026-09-29 19:00:53,84,144.4,117.0,11,21,False,0.0
2026-09-29 19:00:54,84,144.4,117.0,11,176,False,0.0
2026-09-29 19:00:55,84,144.4,117.0,11,112,False,0.0
2026-09-29 19:00:57,84,144.4,130.0,11,21,False,0.0
2026-09-29 19:00:58,84,144.4,130.0,11,54,False,0.0
2026-09-29 19:00:59,84,144.4,130.0,11,10,False,0.0
2026-09-29 19:01:00,84,144.4,130.0,11,9,False,0.0
2026-09-29 19:01:01,88,144.4,144.4,11,12,False,0.0
2026-09-29 19:01:03,88,144.4,144.4,11,17,False,0.0
2026-09-29 19:01:04,88,144.4,144.4,11,20,False,0.0
2026-09-29 19:01:05,88,144.4,144.4,11,12,False,0.0
2026-09-29 19:01:06,88,144.4,144.4,11,13,False,0.0
2026-09-29 19:01:07,88,144.4,144.4,11,16,False,0.0
2026-09-29 19:01:09,88,144.4,144.4,11,15,False,0.0
2026-09-29 19:01:10,88,144.4,144.4,11,22,False,0.0
2026-09-29 19:01:11,88,144.4,144.4,11,17,False,0.0
2026-09-29 19:01:12,88,144.4,144.4,11,24,False,0.0
2026-09-29 19:01:13,88,144.4,144.4,11,109,False,0.0
2026-09-29 19:01:15,88,144.4,144.4,11,43,False,0.0
2026-09-29 19:01:16,88,144.4,144.4,11,132,False,0.0
2026-09-29 19:01:17,88,144.4,144.4,11,60,False,0.0
2026-09-29 19:01:18,88,144.4,144.4,11,175,False,0.0
2026-09-29 19:01:20,88,144.4,144.4,11,338,False,0.0
2026-09-29 19:01:21,88,144.4,144.4,11,78,False,0.0
2026-09-29 19:01:22,88,144.4,144.4,11,70,False,0.0
2026-09-29 19:01:24,88,144.4,144.4,11,96,False,0.0
2026-09-29 19:01:25,88,144.4,144.4,11,187,False,0.0
2026-09-29 19:01:26,88,144.4,144.4,11,53,False,0.0
2026-09-29 19:01:27,88,144.4,144.4,11,11,False,0.0
2026-09-29 19:01:29,88,144.4,144.4,11,140,False,0.0
2026-09-29 19:01:30,88,144.4,144.4,11,27,False,0.0
2026-09-29 19:01:31,88,144.4,144.4,11,19,False,0.0
2026-09-29 19:01:32,88,144.4,144.4,11,8,False,0.0
2026-09-29 19:01:33,88,144.4,144.4,11,11,False,0.0
2026-09-29 19:01:35,88,144.4,144.4,11,23,False,0.0
2026-09-29 19:01:36,88,144.4,144.4,11,103,False,0.0
2026-09-29 19:01:38,88,144.4,144.4,11,9,False,0.0
2026-09-29 19:01:39,88,144.4,144.4,11,72,False,0.0
2026-09-29 19:01:40,88,144.4,144.4,11,40,False,0.0
2026-09-29 19:01:42,88,144.4,144.4,11,10,False,0.0
2026-09-29 19:01:43,88,144.4,144.4,11,158,False,0.0
2026-09-29 19:01:44,88,144.4,144.4,11,71,False,0.0
2026-09-29 19:01:46,88,144.4,144.4,11,7,False,0.0
2026-09-29 19:01:47,88,144.4,144.4,11,17,False,0.0
2026-09-29 19:01:48,88,144.4,144.4,11,193,False,0.0
2026-09-29 19:01:50,88,144.4,144.4,11,10,False,0.0
2026-09-29 19:01:51,88,144.4,144.4,11,63,False,0.0
2026-09-29 19:01:52,88,144.4,144.4,11,18,False,0.0
2026-09-29 19:01:54,88,144.4,144.4,11,19,False,0.0
2026-09-29 19:01:55,88,144.4,144.4,11,84,False,0.0
2026-09-29 19:01:56,88,144.4,144.4,11,24,False,0.0
2026-09-29 19:01:58,88,144.4,144.4,11,55,False,0.0
2026-09-29 19:01:59,88,144.4,144.4,11,87,False,0.0
2026-09-29 19:02:00,88,144.4,144.4,11,21,False,0.0
2026-09-29 19:02:02,88,144.4,144.4,11,16,False,0.0
2026-09-29 19:02:03,88,144.4,144.4,11,134,False,0.0
2026-09-29 19:02:04,88,144.4,144.4,11,52,False,0.0
2026-09-29 19:02:06,88,144.4,144.4,11,187,False,0.0
2026-09-29 19:02:07,88,144.4,144.4,11,121,False,0.0
2026-09-29 19:02:08,88,144.4,144.4,11,9,False,0.0
2026-09-29 19:02:10,88,144.4,144.4,11,124,False,0.0
2026-09-29 19:02:11,88,144.4,144.4,11,20,False,0.0
2026-09-29 19:02:12,88,144.4,144.4,11,8,False,0.0
2026-09-29 19:02:14,88,144.4,144.4,11,156,False,0.0
2026-09-29 19:02:15,88,144.4,144.4,11,49,False,0.0
2026-09-29 19:02:16,88,144.4,144.4,11,105,False,0.0
2026-09-29 19:02:18,88,144.4,144.4,11,158,False,0.0
2026-09-29 19:02:19,88,144.4,144.4,11,30,False,0.0
2026-09-29 19:02:20,88,144.4,144.4,11,89,False,0.0
2026-09-29 19:02:21,95,144.4,117.0,11,124,False,0.0
2026-09-29 19:02:23,95,144.4,117.0,11,15,False,0.0
2026-09-29 19:02:24,95,144.4,144.4,11,11,False,0.0
2026-09-29 19:02:25,95,144.4,144.4,11,101,False,0.0
2026-09-29 19:02:26,95,144.4,144.4,11,26,False,0.0
2026-09-29 19:02:28,95,144.4,144.4,11,8,False,0.0
2026-09-29 19:02:29,95,144.4,144.4,11,22,False,0.0
2026-09-29 19:02:30,95,144.4,144.4,11,93,False,0.0
2026-09-29 19:02:31,95,144.4,144.4,11,146,False,0.0
2026-09-29 19:02:33,92,144.4,117.0,11,62,False,0.0
2026-09-29 19:02:34,92,144.4,117.0,11,137,False,0.0
2026-09-29 19:02:35,92,144.4,130.0,11,162,False,0.0
2026-09-29 19:02:37,92,144.4,130.0,11,262,False,0.0
2026-09-29 19:02:38,92,144.4,130.0,11,46,False,0.0
2026-09-29 19:02:39,92,144.4,130.0,11,351,False,0.0
2026-09-29 19:02:41,81,144.4,58.5,11,161,False,0.0
2026-09-29 19:02:42,65,144.4,58.5,11,19,False,0.0
2026-09-29 19:02:43,65,144.4,58.5,11,102,False,0.0
2026-09-29 19:02:44,65,144.4,65.0,11,167,False,0.0
2026-09-29 19:02:46,65,144.4,65.0,11,157,False,0.0
2026-09-29 19:02:47,65,144.4,65.0,11,10,False,0.0
2026-09-29 19:02:48,72,144.4,78.0,11,17,False,0.0
2026-09-29 19:02:50,72,144.4,78.0,11,191,False,0.0
2026-09-29 19:02:51,72,144.4,78.0,11,25,False,0.0
2026-09-29 19:02:52,72,144.4,78.0,11,160,False,0.0
2026-09-29 19:02:54,72,144.4,78.0,11,113,False,0.0
2026-09-29 19:02:55,72,144.4,78.0,11,21,False,0.0
2026-09-29 19:02:56,72,144.4,78.0,11,17,False,0.0
2026-09-29 19:02:57,72,144.4,78.0,11,33,False,0.0
2026-09-29 19:02:58,75,144.4,104.0,11,112,False,0.0
2026-09-29 19:03:00,75,144.4,104.0,11,140,False,0.0
2026-09-29 19:03:01,75,144.4,104.0,11,141,False,0.0
2026-09-29 19:03:02,75,144.4,104.0,11,61,False,0.0
2026-09-29 19:03:03,75,144.4,104.0,11,29,False,0.0
2026-09-29 19:03:05,70,144.4,58.5,11,,True,10.0
2026-09-29 19:03:07,62,144.4,78.0,11,,True,20.0
2026-09-29 19:03:09,62,144.4,78.0,11,,True,30.0
2026-09-29 19:03:11,60,144.4,52.0,11,,True,40.0
2026-09-29 19:03:13,62,144.4,78.0,11,152,False,40.0
2026-09-29 19:03:15,62,144.4,78.0,11,,True,50.0
2026-09-29 19:03:16,62,144.4,78.0,11,288,False,50.0
2026-09-29 19:03:18,62,144.4,78.0,11,61,False,50.0
2026-09-29 19:03:19,62,144.4,78.0,11,363,False,50.0
2026-09-29 19:03:20,62,144.4,78.0,11,18,False,50.0
2026-09-29 19:03:22,62,144.4,78.0,11,364,False,40.0
2026-09-29 19:03:24,62,144.4,78.0,11,,True,40.0
2026-09-29 19:03:26,62,144.4,78.0,11,658,False,30.0
2026-09-29 19:03:28,65,144.4,52.0,11,152,False,20.0
2026-09-29 19:03:29,65,144.4,78.0,11,112,False,20.0
2026-09-29 19:03:30,65,144.4,78.0,11,94,False,10.0
2026-09-29 19:03:32,65,144.4,78.0,11,97,False,10.0
2026-09-29 19:03:33,75,144.4,104.0,11,32,False,10.0
2026-09-29 19:03:34,75,144.4,104.0,11,136,False,10.0
2026-09-29 19:03:35,83,144.4,117.0,11,32,False,10.0
2026-09-29 19:03:37,83,144.4,117.0,11,81,False,10.0
2026-09-29 19:03:38,83,144.4,144.4,11,86,False,0.0
2026-09-29 19:03:39,83,144.4,144.4,11,162,False,0.0
2026-09-29 19:03:41,83,144.4,144.4,11,26,False,0.0
2026-09-29 19:03:42,83,144.4,144.4,11,11,False,0.0
2026-09-29 19:03:43,83,144.4,144.4,11,77,False,0.0
2026-09-29 19:03:45,83,144.4,144.4,11,14,False,0.0
2026-09-29 19:03:46,83,144.4,144.4,11,77,False,0.0
2026-09-29 19:03:47,83,144.4,144.4,11,17,False,0.0
2026-09-29 19:03:48,83,144.4,144.4,11,78,False,0.0
2026-09-29 19:03:50,83,144.4,144.4,11,21,False,0.0
2026-09-29 19:03:51,83,144.4,144.4,11,9,False,0.0
2026-09-29 19:03:52,83,144.4,144.4,11,88,False,0.0
2026-09-29 19:03:53,83,144.4,144.4,11,22,False,0.0
2026-09-29 19:03:55,83,144.4,144.4,11,10,False,0.0
2026-09-29 19:03:56,83,144.4,144.4,11,136,False,0.0
2026-09-29 19:03:57,83,144.4,144.4,11,10,False,0.0
2026-09-29 19:03:59,83,144.4,144.4,11,17,False,0.0
2026-09-29 19:04:00,83,144.4,144.4,11,9,False,0.0
2026-09-29 19:04:01,83,144.4,144.4,11,14,False,0.0
2026-09-29 19:04:02,83,144.4,144.4,11,143,False,0.0
2026-09-29 19:04:04,83,144.4,144.4,11,94,False,0.0
2026-09-29 19:04:05,83,144.4,144.4,11,33,False,0.0
2026-09-29 19:04:06,83,144.4,144.4,11,11,False,0.0
2026-09-29 19:04:07,83,144.4,144.4,11,187,False,0.0
2026-09-29 19:04:09,83,144.4,144.4,11,9,False,0.0
2026-09-29 19:04:10,83,144.4,144.4,11,131,False,0.0
2026-09-29 19:04:11,83,144.4,144.4,11,7,False,0.0
2026-09-29 19:04:13,83,144.4,144.4,11,78,False,0.0
2026-09-29 19:04:14,83,144.4,144.4,11,10,False,0.0
2026-09-29 19:04:15,83,144.4,144.4,11,64,False,0.0
2026-09-29 19:04:16,83,144.4,144.4,11,163,False,0.0
2026-09-29 19:04:18,83,144.4,144.4,11,8,False,0.0
2026-09-29 19:04:19,83,144.4,144.4,11,103,False,0.0
2026-09-29 19:04:20,83,144.4,144.4,11,85,False,0.0
2026-09-29 19:04:22,83,144.4,144.4,11,139,False,0.0
2026-09-29 19:04:23,83,144.4,144.4,11,9,False,0.0
2026-09-29 19:04:24,83,144.4,144.4,11,186,False,0.0
2026-09-29 19:04:25,83,144.4,144.4,11,7,False,0.0
2026-09-29 19:04:27,83,144.4,144.4,11,12,False,0.0
2026-09-29 19:04:28,83,144.4,144.4,11,11,False,0.0
2026-09-29 19:04:29,83,144.4,144.4,11,8,False,0.0
2026-09-29 19:04:30,83,144.4,144.4,11,10,False,0.0
2026-09-29 19:04:31,83,144.4,144.4,11,112,False,0.0
2026-09-29 19:04:33,83,144.4,144.4,11,22,False,0.0
2026-09-29 19:04:34,83,144.4,144.4,11,9,False,0.0
2026-09-29 19:04:35,83,144.4,144.4,11,46,False,0.0
2026-09-29 19:04:36,83,144.4,144.4,11,23,False,0.0
2026-09-29 19:04:37,83,144.4,144.4,11,37,False,0.0
2026-09-29 19:04:39,83,144.4,144.4,11,100,False,0.0
2026-09-29 19:04:40,83,144.4,144.4,11,55,False,0.0
2026-09-29 19:04:41,83,144.4,144.4,11,16,False,0.0
2026-09-29 19:04:42,83,144.4,144.4,11,36,False,0.0
2026-09-29 19:04:43,83,144.4,144.4,11,9,False,0.0
2026-09-29 19:04:45,83,144.4,144.4,11,8,False,0.0
2026-09-29 19:04:46,83,144.4,144.4,11,16,False,0.0
2026-09-29 19:04:47,83,144.4,144.4,11,20,False,0.0
2026-09-29 19:04:48,83,144.4,144.4,11,50,False,0.0
2026-09-29 19:04:49,83,144.4,144.4,11,8,False,0.0
2026-09-29 19:04:51,83,144.4,144.4,11,84,False,0.0
2026-09-29 19:04:52,83,144.4,144.4,11,9,False,0.0
2026-09-29 19:04:53,83,144.4,144.4,11,59,False,0.0
2026-09-29 19:04:54,83,144.4,144.4,11,90,False,0.0
2026-09-29 19:04:56,83,144.4,144.4,11,31,False,0.0
2026-09-29 19:04:57,83,144.4,144.4,11,26,False,0.0
2026-09-29 19:04:58,83,144.4,144.4,11,9,False,0.0
2026-09-29 19:04:59,83,144.4,144.4,11,129,False,0.0
2026-09-29 19:05:01,83,144.4,144.4,11,83,False,0.0
2026-09-29 19:05:02,83,144.4,144.4,11,12,False,0.0
2026-09-29 19:05:03,83,144.4,144.4,11,135,False,0.0
2026-09-29 19:05:04,83,144.4,144.4,11,106,False,0.0
2026-09-29 19:05:06,83,144.4,144.4,11,54,False,0.0
2026-09-29 19:05:07,83,144.4,144.4,11,12,False,0.0
2026-09-29 19:05:08,83,144.4,144.4,11,170,False,0.0
2026-09-29 19:05:10,83,144.4,144.4,11,211,False,0.0
2026-09-29 19:05:11,83,144.4,144.4,11,27,False,0.0
2026-09-29 19:05:12,83,144.4,144.4,11,22,False,0.0
2026-09-29 19:05:13,83,144.4,144.4,11,131,False,0.0
2026-09-29 19:05:15,83,144.4,144.4,11,157,False,0.0
2026-09-29 19:05:16,83,144.4,144.4,11,85,False,0.0
2026-09-29 19:05:17,83,144.4,144.4,11,142,False,0.0
2026-09-29 19:05:19,83,144.4,144.4,11,25,False,0.0
2026-09-29 19:05:20,83,144.4,144.4,11,97,False,0.0
2026-09-29 19:05:21,83,144.4,144.4,11,28,False,0.0
2026-09-29 19:05:22,83,144.4,144.4,11,169,False,0.0
2026-09-29 19:05:24,83,144.4,144.4,11,122,False,0.0
2026-09-29 19:05:25,83,144.4,144.4,11,28,False,0.0
2026-09-29 19:05:26,83,144.4,144.4,11,55,False,0.0
2026-09-29 19:05:27,83,144.4,144.4,11,90,False,0.0
2026-09-29 19:05:29,83,144.4,144.4,11,110,False,0.0
2026-09-29 19:05:30,83,144.4,144.4,11,231,False,0.0
2026-09-29 19:05:31,83,144.4,144.4,11,75,False,0.0
2026-09-29 19:05:33,92,144.4,130.0,11,22,False,0.0
2026-09-29 19:05:34,92,144.4,130.0,11,38,False,0.0
2026-09-29 19:05:35,92,144.4,130.0,11,242,False,0.0
2026-09-29 19:05:36,92,144.4,130.0,11,24,False,0.0
2026-09-29 19:05:38,92,144.4,144.4,11,113,False,0.0
2026-09-29 19:05:39,92,144.4,144.4,11,90,False,0.0
2026-09-29 19:05:40,92,144.4,144.4,11,36,False,0.0
2026-09-29 19:05:41,92,144.4,144.4,11,13,False,0.0
2026-09-29 19:05:43,92,144.4,144.4,11,19,False,0.0
2026-09-29 19:05:44,92,144.4,144.4,11,11,False,0.0
2026-09-29 19:05:45,92,144.4,144.4,11,21,False,0.0
2026-09-29 19:05:46,92,144.4,144.4,11,11,False,0.0
2026-09-29 19:05:48,92,144.4,144.4,11,6,False,0.0
2026-09-29 19:05:49,92,144.4,144.4,11,90,False,0.0
2026-09-29 19:05:50,92,144.4,144.4,11,11,False,0.0
2026-09-29 19:05:51,92,144.4,144.4,11,39,False,0.0
2026-09-29 19:05:52,92,144.4,144.4,11,13,False,0.0
2026-09-29 19:05:54,92,144.4,144.4,11,13,False,0.0
2026-09-29 19:05:55,92,144.4,144.4,11,113,False,0.0
2026-09-29 19:05:56,92,144.4,144.4,11,22,False,0.0
2026-09-29 19:05:57,92,144.4,144.4,11,65,False,0.0
2026-09-29 19:05:59,92,144.4,144.4,11,29,False,0.0
2026-09-29 19:06:00,92,144.4,144.4,11,34,False,0.0
2026-09-29 19:06:01,92,144.4,144.4,11,30,False,0.0
2026-09-29 19:06:02,92,144.4,144.4,11,54,False,0.0
2026-09-29 19:06:03,92,144.4,144.4,11,55,False,0.0
2026-09-29 19:06:05,92,144.4,144.4,11,314,False,0.0
2026-09-29 19:06:06,92,144.4,144.4,11,29,False,0.0
2026-09-29 19:06:07,92,144.4,144.4,11,13,False,0.0
2026-09-29 19:06:09,92,144.4,144.4,11,36,False,0.0
2026-09-29 19:06:10,92,144.4,144.4,11,232,False,0.0
2026-09-29 19:06:11,92,144.4,144.4,11,59,False,0.0
2026-09-29 19:06:13,92,144.4,144.4,11,13,False,0.0
2026-09-29 19:06:14,92,144.4,144.4,11,76,False,0.0
2026-09-29 19:06:15,92,144.4,144.4,11,27,False,0.0
2026-09-29 19:06:16,92,144.4,144.4,11,129,False,0.0
2026-09-29 19:06:18,92,144.4,144.4,11,34,False,0.0
2026-09-29 19:06:19,92,144.4,144.4,11,22,False,0.0
2026-09-29 19:06:20,92,144.4,144.4,11,59,False,0.0
2026-09-29 19:06:21,92,144.4,144.4,11,109,False,0.0
2026-09-29 19:06:23,92,144.4,144.4,11,293,False,0.0
2026-09-29 19:06:24,92,144.4,144.4,11,138,False,0.0
2026-09-29 19:06:25,92,144.4,144.4,11,23,False,0.0
2026-09-29 19:06:27,92,144.4,144.4,11,17,False,0.0
2026-09-29 19:06:28,92,144.4,144.4,11,12,False,0.0
2026-09-29 19:06:29,92,144.4,144.4,11,97,False,0.0
2026-09-29 19:06:30,92,144.4,144.4,11,49,False,0.0
2026-09-29 19:06:32,92,144.4,144.4,11,97,False,0.0
2026-09-29 19:06:33,92,144.4,144.4,11,183,False,0.0
2026-09-29 19:06:34,92,144.4,144.4,11,12,False,0.0
2026-09-29 19:06:36,92,144.4,144.4,11,36,False,0.0
2026-09-29 19:06:37,92,144.4,144.4,11,6,False,0.0
2026-09-29 19:06:38,92,144.4,144.4,11,41,False,0.0
2026-09-29 19:06:39,92,144.4,144.4,11,17,False,0.0
2026-09-29 19:06:40,92,144.4,144.4,11,12,False,0.0
2026-09-29 19:06:42,92,144.4,144.4,11,48,False,0.0
2026-09-29 19:06:43,92,144.4,144.4,11,183,False,0.0
2026-09-29 19:06:44,92,144.4,144.4,11,106,False,0.0
2026-09-29 19:06:46,92,144.4,144.4,11,117,False,0.0
2026-09-29 19:06:47,92,144.4,144.4,11,24,False,0.0
2026-09-29 19:06:48,92,144.4,144.4,11,8,False,0.0
2026-09-29 19:06:49,92,144.4,144.4,11,41,False,0.0
2026-09-29 19:06:50,92,144.4,144.4,11,44,False,0.0
2026-09-29 19:06:51,92,144.4,144.4,11,37,False,0.0
2026-09-29 19:06:53,92,144.4,144.4,11,13,False,0.0
2026-09-29 19:06:54,92,144.4,144.4,11,16,False,0.0
2026-09-29 19:06:55,92,144.4,144.4,11,57,False,0.0
2026-09-29 19:06:57,92,144.4,144.4,11,41,False,0.0
2026-09-29 19:06:58,92,144.4,144.4,11,11,False,0.0
2026-09-29 19:06:59,92,144.4,144.4,11,27,False,0.0
2026-09-29 19:07:01,92,144.4,144.4,11,13,False,0.0
2026-09-29 19:07:02,92,144.4,144.4,11,20,False,0.0
2026-09-29 19:07:04,92,144.4,144.4,11,25,False,0.0
2026-09-29 19:07:05,92,144.4,144.4,11,104,False,0.0
2026-09-29 19:07:06,92,144.4,144.4,11,32,False,0.0
2026-09-29 19:07:07,92,144.4,144.4,11,10,False,0.0
2026-09-29 19:07:08,92,144.4,144.4,11,117,False,0.0
2026-09-29 19:07:10,92,144.4,144.4,11,144,False,0.0
2026-09-29 19:07:11,92,144.4,144.4,11,17,False,0.0
2026-09-29 19:07:12,92,144.4,144.4,11,18,False,0.0
2026-09-29 19:07:14,92,144.4,144.4,11,103,False,0.0
2026-09-29 19:07:15,92,144.4,144.4,11,72,False,0.0
2026-09-29 19:07:16,92,144.4,144.4,11,158,False,0.0
2026-09-29 19:07:18,92,144.4,144.4,11,22,False,0.0
2026-09-29 19:07:19,92,144.4,144.4,11,16,False,0.0
2026-09-29 19:07:20,92,144.4,144.4,11,183,False,0.0
2026-09-29 19:07:21,92,144.4,144.4,11,67,False,0.0
2026-09-29 19:07:23,92,144.4,144.4,11,28,False,0.0
2026-09-29 19:07:24,92,144.4,144.4,11,137,False,0.0
2026-09-29 19:07:25,92,144.4,144.4,11,101,False,0.0
2026-09-29 19:07:26,92,144.4,144.4,11,143,False,0.0
2026-09-29 19:07:28,92,144.4,144.4,11,22,False,0.0
2026-09-29 19:07:29,92,144.4,144.4,11,11,False,0.0
2026-09-29 19:07:30,92,144.4,144.4,11,17,False,0.0
2026-09-29 19:07:32,92,144.4,144.4,11,164,False,0.0
2026-09-29 19:07:33,92,144.4,144.4,11,79,False,0.0
2026-09-29 19:07:34,92,144.4,144.4,11,105,False,0.0
2026-09-29 19:07:35,92,144.4,144.4,11,74,False,0.0
2026-09-29 19:07:37,92,144.4,144.4,11,13,False,0.0
2026-09-29 19:07:38,92,144.4,144.4,11,149,False,0.0
2026-09-29 19:07:39,92,144.4,144.4,11,8,False,0.0
2026-09-29 19:07:40,92,144.4,144.4,11,71,False,0.0
2026-09-29 19:07:42,92,144.4,144.4,11,41,False,0.0
2026-09-29 19:07:43,92,144.4,144.4,11,39,False,0.0
2026-09-29 19:07:44,92,144.4,144.4,11,12,False,0.0
2026-09-29 19:07:45,92,144.4,144.4,11,8,False,0.0
2026-09-29 19:07:46,92,144.4,144.4,11,18,False,0.0
2026-09-29 19:07:47,92,144.4,144.4,11,10,False,0.0
2026-09-29 19:07:49,92,144.4,144.4,11,33,False,0.0
2026-09-29 19:07:50,92,144.4,144.4,11,12,False,0.0
2026-09-29 19:07:51,92,144.4,144.4,11,17,False,0.0
2026-09-29 19:07:52,92,144.4,144.4,11,59,False,0.0
2026-09-29 19:07:54,92,144.4,144.4,11,17,False,0.0
2026-09-29 19:07:55,92,144.4,144.4,11,12,False,0.0
2026-09-29 19:07:56,92,144.4,144.4,11,8,False,0.0
2026-09-29 19:07:57,92,144.4,144.4,11,13,False,0.0
2026-09-29 19:07:59,92,144.4,144.4,11,31,False,0.0
2026-09-29 19:08:00,92,144.4,144.4,11,36,False,0.0
2026-09-29 19:08:01,92,144.4,144.4,11,153,False,0.0
2026-09-29 19:08:02,92,144.4,144.4,11,199,False,0.0
2026-09-29 19:08:04,92,144.4,144.4,11,8,False,0.0
2026-09-29 19:08:05,92,144.4,144.4,11,92,False,0.0
2026-09-29 19:08:06,92,144.4,144.4,11,76,False,0.0
2026-09-29 19:08:07,92,144.4,144.4,11,46,False,0.0
2026-09-29 19:08:09,92,144.4,144.4,11,33,False,0.0
2026-09-29 19:08:10,92,144.4,144.4,11,21,False,0.0
2026-09-29 19:08:11,92,144.4,144.4,11,182,False,0.0
2026-09-29 19:08:13,92,144.4,144.4,11,333,False,0.0
2026-09-29 19:08:14,92,144.4,144.4,11,67,False,0.0
2026-09-29 19:08:15,92,144.4,144.4,11,48,False,0.0
2026-09-29 19:08:17,92,144.4,144.4,11,13,False,0.0
2026-09-29 19:08:18,92,144.4,144.4,11,31,False,0.0
2026-09-29 19:08:19,92,144.4,144.4,11,47,False,0.0
2026-09-29 19:08:20,92,144.4,144.4,11,38,False,0.0
2026-09-29 19:08:22,92,144.4,144.4,11,43,False,0.0
2026-09-29 19:08:23,92,144.4,144.4,11,21,False,0.0
2026-09-29 19:08:24,92,144.4,144.4,11,10,False,0.0
2026-09-29 19:08:25,92,144.4,144.4,11,33,False,0.0
2026-09-29 19:08:27,92,144.4,144.4,11,144,False,0.0
2026-09-29 19:08:28,92,144.4,144.4,11,177,False,0.0
2026-09-29 19:08:29,92,144.4,144.4,11,174,False,0.0
2026-09-29 19:08:31,92,144.4,144.4,11,80,False,0.0
2026-09-29 19:08:32,92,144.4,144.4,11,107,False,0.0
2026-09-29 19:08:33,92,144.4,144.4,11,191,False,0.0
2026-09-29 19:08:34,92,144.4,144.4,11,65,False,0.0
2026-09-29 19:08:36,92,144.4,144.4,11,36,False,0.0
2026-09-29 19:08:37,92,144.4,144.4,11,196,False,0.0
2026-09-29 19:08:38,92,144.4,144.4,11,22,False,0.0
2026-09-29 19:08:40,92,144.4,144.4,11,23,False,0.0
2026-09-29 19:08:41,92,144.4,144.4,11,92,False,0.0
2026-09-29 19:08:42,92,144.4,144.4,11,89,False,0.0
2026-09-29 19:08:43,92,144.4,144.4,11,84,False,0.0
2026-09-29 19:08:45,92,144.4,144.4,11,16,False,0.0
2026-09-29 19:08:46,92,144.4,144.4,11,75,False,0.0
2026-09-29 19:08:47,92,144.4,144.4,11,172,False,0.0
2026-09-29 19:08:48,92,144.4,144.4,11,8,False,0.0
2026-09-29 19:08:50,92,144.4,144.4,11,442,False,0.0
2026-09-29 19:08:51,92,144.4,144.4,11,10,False,0.0
2026-09-29 19:08:52,92,144.4,144.4,11,27,False,0.0
2026-09-29 19:08:54,92,144.4,144.4,11,367,False,0.0
2026-09-29 19:08:55,92,144.4,144.4,11,215,False,0.0
2026-09-29 19:08:57,92,144.4,144.4,11,10,False,0.0
2026-09-29 19:08:58,92,144.4,144.4,11,426,False,0.0
2026-09-29 19:08:59,92,144.4,144.4,11,52,False,0.0
2026-09-29 19:09:01,92,144.4,144.4,11,,True,10.0
2026-09-29 19:09:03,47,144.4,144.4,11,112,False,10.0
2026-09-29 19:09:04,96,144.4,144.4,11,91,False,10.0
2026-09-29 19:09:05,96,144.4,144.4,11,84,False,10.0
2026-09-29 19:09:06,96,144.4,144.4,11,53,False,10.0
2026-09-29 19:09:08,96,144.4,144.4,11,93,False,10.0
2026-09-29 19:09:09,96,144.4,144.4,11,20,False,10.0
2026-09-29 19:09:10,96,144.4,144.4,11,166,False,10.0
2026-09-29 19:09:11,96,144.4,144.4,11,41,False,10.0
2026-09-29 19:09:13,96,144.4,144.4,11,132,False,10.0
2026-09-29 19:09:14,96,144.4,144.4,11,124,False,0.0
2026-09-29 19:09:15,96,144.4,144.4,11,78,False,0.0
2026-09-29 19:09:17,96,144.4,144.4,11,149,False,0.0
2026-09-29 19:09:18,96,144.4,144.4,11,9,False,0.0
2026-09-29 19:09:19,96,144.4,144.4,11,227,False,0.0
2026-09-29 19:09:20,96,144.4,144.4,11,63,False,0.0
2026-09-29 19:09:22,96,144.4,144.4,11,73,False,0.0
2026-09-29 19:09:23,96,144.4,144.4,11,120,False,0.0
2026-09-29 19:09:24,96,144.4,144.4,11,91,False,0.0
2026-09-29 19:09:25,96,144.4,144.4,11,10,False,0.0
2026-09-29 19:09:27,96,144.4,144.4,11,162,False,0.0
2026-09-29 19:09:28,96,144.4,144.4,11,27,False,0.0
2026-09-29 19:09:29,96,144.4,144.4,11,284,False,0.0
2026-09-29 19:09:31,96,144.4,144.4,11,23,False,0.0
2026-09-29 19:09:32,96,144.4,144.4,11,82,False,0.0
2026-09-29 19:09:33,96,144.4,144.4,11,61,False,0.0
2026-09-29 19:09:34,96,144.4,144.4,11,32,False,0.0
2026-09-29 19:09:36,96,144.4,144.4,11,180,False,0.0
2026-09-29 19:09:37,96,144.4,144.4,11,11,False,0.0
2026-09-29 19:09:38,96,144.4,144.4,11,15,False,0.0
2026-09-29 19:09:39,96,144.4,144.4,11,10,False,0.0
2026-09-29 19:09:40,96,144.4,144.4,11,7,False,0.0
2026-09-29 19:09:42,96,144.4,144.4,11,15,False,0.0
2026-09-29 19:09:43,96,144.4,144.4,11,16,False,0.0
2026-09-29 19:09:44,96,144.4,144.4,11,8,False,0.0
2026-09-29 19:09:45,96,144.4,144.4,11,18,False,0.0
2026-09-29 19:09:46,96,144.4,144.4,11,9,False,0.0
2026-09-29 19:09:48,96,144.4,144.4,11,10,False,0.0
2026-09-29 19:09:49,96,144.4,144.4,11,10,False,0.0
2026-09-29 19:09:50,96,144.4,144.4,11,9,False,0.0
2026-09-29 19:09:51,96,144.4,144.4,11,13,False,0.0
2026-09-29 19:09:52,96,144.4,144.4,11,47,False,0.0
2026-09-29 19:09:54,96,144.4,144.4,11,9,False,0.0
2026-09-29 19:09:55,96,144.4,144.4,11,16,False,0.0
2026-09-29 19:09:56,96,144.4,144.4,11,98,False,0.0
2026-09-29 19:09:58,96,144.4,144.4,11,143,False,0.0
2026-09-29 19:09:59,96,144.4,144.4,11,11,False,0.0
2026-09-29 19:10:00,96,144.4,144.4,11,93,False,0.0
2026-09-29 19:10:01,96,144.4,144.4,11,44,False,0.0
2026-09-29 19:10:03,96,144.4,144.4,11,165,False,0.0
2026-09-29 19:10:04,96,144.4,144.4,11,44,False,0.0
2026-09-29 19:10:05,96,144.4,144.4,11,206,False,0.0
2026-09-29 19:10:07,96,144.4,144.4,11,36,False,0.0
2026-09-29 19:10:08,96,144.4,144.4,11,96,False,0.0
2026-09-29 19:10:09,96,144.4,144.4,11,96,False,0.0
2026-09-29 19:10:10,96,144.4,144.4,11,19,False,0.0
2026-09-29 19:10:11,96,144.4,144.4,11,17,False,0.0
2026-09-29 19:10:13,96,144.4,144.4,11,162,False,0.0
2026-09-29 19:10:14,96,144.4,144.4,11,207,False,0.0
2026-09-29 19:10:16,96,144.4,144.4,11,7,False,0.0
2026-09-29 19:10:17,96,144.4,144.4,11,94,False,0.0
2026-09-29 19:10:18,96,144.4,144.4,11,9,False,0.0
2026-09-29 19:10:19,96,144.4,144.4,11,29,False,0.0
2026-09-29 19:10:21,96,144.4,144.4,11,15,False,0.0
2026-09-29 19:10:22,96,144.4,144.4,11,96,False,0.0
2026-09-29 19:10:23,96,144.4,144.4,11,196,False,0.0
2026-09-29 19:10:24,96,144.4,144.4,11,8,False,0.0
2026-09-29 19:10:26,96,144.4,144.4,11,92,False,0.0
2026-09-29 19:10:27,96,144.4,144.4,11,9,False,0.0
2026-09-29 19:10:28,96,144.4,144.4,11,9,False,0.0
2026-09-29 19:10:29,96,144.4,144.4,11,117,False,0.0
2026-09-29 19:10:30,96,144.4,144.4,11,21,False,0.0
2026-09-29 19:10:32,96,144.4,144.4,11,10,False,0.0
2026-09-29 19:10:33,96,144.4,144.4,11,13,False,0.0
2026-09-29 19:10:34,96,144.4,144.4,11,96,False,0.0
2026-09-29 19:10:36,96,144.4,144.4,11,24,False,0.0
2026-09-29 19:10:37,96,144.4,144.4,11,12,False,0.0
2026-09-29 19:10:38,96,144.4,144.4,11,11,False,0.0
2026-09-29 19:10:39,96,144.4,144.4,11,8,False,0.0
2026-09-29 19:10:40,96,144.4,144.4,11,46,False,0.0
2026-09-29 19:10:42,96,144.4,144.4,11,49,False,0.0
2026-09-29 19:10:43,96,144.4,144.4,11,10,False,0.0
2026-09-29 19:10:44,96,144.4,144.4,11,14,False,0.0
2026-09-29 19:10:45,96,144.4,144.4,11,10,False,0.0
2026-09-29 19:10:47,96,144.4,144.4,11,11,False,0.0
2026-09-29 19:10:48,96,144.4,144.4,11,10,False,0.0
2026-09-29 19:10:49,96,144.4,144.4,11,16,False,0.0
2026-09-29 19:10:50,96,144.4,144.4,11,107,False,0.0
2026-09-29 19:10:52,96,144.4,144.4,11,14,False,0.0
2026-09-29 19:10:53,96,144.4,144.4,11,7,False,0.0
2026-09-29 19:10:54,96,144.4,144.4,11,62,False,0.0
2026-09-29 19:10:55,96,144.4,144.4,11,66,False,0.0
2026-09-29 19:10:57,96,144.4,144.4,11,60,False,0.0
2026-09-29 19:10:58,96,144.4,144.4,11,9,False,0.0
2026-09-29 19:10:59,96,144.4,144.4,11,10,False,0.0
2026-09-29 19:11:00,96,144.4,144.4,11,90,False,0.0
2026-09-29 19:11:01,96,144.4,144.4,11,9,False,0.0
2026-09-29 19:11:03,96,144.4,144.4,11,9,False,0.0
2026-09-29 19:11:04,96,144.4,144.4,11,61,False,0.0
2026-09-29 19:11:05,96,144.4,144.4,11,48,False,0.0
2026-09-29 19:11:06,96,144.4,144.4,11,11,False,0.0
2026-09-29 19:11:08,96,144.4,144.4,11,22,False,0.0
2026-09-29 19:11:09,96,144.4,144.4,11,65,False,0.0
2026-09-29 19:11:10,96,144.4,144.4,11,9,False,0.0
2026-09-29 19:11:11,96,144.4,144.4,11,148,False,0.0
2026-09-29 19:11:13,96,144.4,144.4,11,158,False,0.0
2026-09-29 19:11:14,96,144.4,144.4,11,233,False,0.0
2026-09-29 19:11:15,96,144.4,144.4,11,251,False,0.0
2026-09-29 19:11:17,96,144.4,144.4,11,11,False,0.0
2026-09-29 19:11:18,96,144.4,144.4,11,54,False,0.0
2026-09-29 19:11:19,96,144.4,144.4,11,9,False,0.0
2026-09-29 19:11:21,96,144.4,144.4,11,25,False,0.0
2026-09-29 19:11:22,96,144.4,144.4,11,12,False,0.0
2026-09-29 19:11:23,96,144.4,144.4,11,75,False,0.0
2026-09-29 19:11:24,96,144.4,144.4,11,53,False,0.0
2026-09-29 19:11:25,96,144.4,144.4,11,65,False,0.0
2026-09-29 19:11:27,96,144.4,144.4,11,29,False,0.0
2026-09-29 19:11:28,96,144.4,144.4,11,186,False,0.0
2026-09-29 19:11:29,96,144.4,144.4,11,9,False,0.0
2026-09-29 19:11:31,96,144.4,144.4,11,31,False,0.0
2026-09-29 19:11:32,96,144.4,144.4,11,7,False,0.0
2026-09-29 19:11:33,96,144.4,144.4,11,125,False,0.0
2026-09-29 19:11:35,96,144.4,144.4,11,149,False,0.0
2026-09-29 19:11:36,96,144.4,144.4,11,123,False,0.0
2026-09-29 19:11:37,96,144.4,144.4,11,96,False,0.0
2026-09-29 19:11:38,96,144.4,144.4,11,22,False,0.0
2026-09-29 19:11:40,96,144.4,144.4,11,120,False,0.0
2026-09-29 19:11:41,96,144.4,144.4,11,12,False,0.0
2026-09-29 19:11:42,96,144.4,144.4,11,12,False,0.0
2026-09-29 19:11:43,96,144.4,144.4,11,10,False,0.0
2026-09-29 19:11:44,96,144.4,144.4,11,133,False,0.0
2026-09-29 19:11:45,96,144.4,144.4,11,116,False,0.0
2026-09-29 19:11:47,96,144.4,144.4,11,121,False,0.0
2026-09-29 19:11:48,96,144.4,144.4,11,249,False,0.0
2026-09-29 19:11:49,96,144.4,144.4,11,51,False,0.0
2026-09-29 19:11:51,96,144.4,144.4,11,13,False,0.0
2026-09-29 19:11:52,96,144.4,144.4,11,40,False,0.0
2026-09-29 19:11:53,96,144.4,144.4,11,7,False,0.0
2026-09-29 19:11:54,96,144.4,144.4,11,59,False,0.0
2026-09-29 19:11:56,96,144.4,144.4,11,30,False,0.0
2026-09-29 19:11:57,96,144.4,144.4,11,13,False,0.0
2026-09-29 19:11:58,96,144.4,144.4,11,38,False,0.0
2026-09-29 19:11:59,96,144.4,144.4,11,13,False,0.0
2026-09-29 19:12:00,96,144.4,144.4,11,71,False,0.0
2026-09-29 19:12:02,96,144.4,144.4,11,14,False,0.0
2026-09-29 19:12:03,96,144.4,144.4,11,9,False,0.0
2026-09-29 19:12:04,96,144.4,144.4,11,14,False,0.0
2026-09-29 19:12:05,96,144.4,144.4,11,116,False,0.0
2026-09-29 19:12:06,96,144.4,144.4,11,9,False,0.0
2026-09-29 19:12:08,96,144.4,144.4,11,68,False,0.0
2026-09-29 19:12:09,96,144.4,144.4,11,25,False,0.0
2026-09-29 19:12:10,96,144.4,144.4,11,191,False,0.0
2026-09-29 19:12:12,96,144.4,144.4,11,66,False,0.0
2026-09-29 19:12:13,96,144.4,144.4,11,10,False,0.0
2026-09-29 19:12:14,96,144.4,144.4,11,97,False,0.0
2026-09-29 19:12:15,96,144.4,144.4,11,9,False,0.0
2026-09-29 19:12:17,96,144.4,144.4,11,97,False,0.0
2026-09-29 19:12:18,96,144.4,144.4,11,9,False,0.0
2026-09-29 19:12:19,96,144.4,144.4,11,104,False,0.0
2026-09-29 19:12:20,96,144.4,144.4,11,7,False,0.0
2026-09-29 19:12:22,96,144.4,144.4,11,125,False,0.0
2026-09-29 19:12:23,96,144.4,144.4,11,166,False,0.0
2026-09-29 19:12:24,96,144.4,144.4,11,11,False,0.0
2026-09-29 19:12:25,96,144.4,144.4,11,8,False,0.0
2026-09-29 19:12:27,96,144.4,144.4,11,26,False,0.0
2026-09-29 19:12:28,96,144.4,144.4,11,188,False,0.0
2026-09-29 19:12:29,96,144.4,144.4,11,128,False,0.0
2026-09-29 19:12:31,96,144.4,144.4,11,41,False,0.0
2026-09-29 19:12:32,96,144.4,144.4,11,9,False,0.0
2026-09-29 19:12:33,96,144.4,144.4,11,12,False,0.0
2026-09-29 19:12:34,96,144.4,144.4,11,133,False,0.0
2026-09-29 19:12:36,96,144.4,144.4,11,85,False,0.0
2026-09-29 19:12:37,96,144.4,144.4,11,12,False,0.0
2026-09-29 19:12:38,96,144.4,144.4,11,88,False,0.0
2026-09-29 19:12:39,96,144.4,144.4,11,70,False,0.0
2026-09-29 19:12:41,96,144.4,144.4,11,9,False,0.0
2026-09-29 19:12:42,96,144.4,144.4,11,35,False,0.0
2026-09-29 19:12:43,96,144.4,144.4,11,241,False,0.0
2026-09-29 19:12:45,96,144.4,144.4,11,100,False,0.0
2026-09-29 19:12:46,96,144.4,144.4,11,10,False,0.0
2026-09-29 19:12:47,96,144.4,144.4,11,19,False,0.0
2026-09-29 19:12:48,96,144.4,144.4,11,13,False,0.0
2026-09-29 19:12:49,96,144.4,144.4,11,87,False,0.0
2026-09-29 19:12:51,96,144.4,144.4,11,14,False,0.0
2026-09-29 19:12:52,96,144.4,144.4,11,12,False,0.0
2026-09-29 19:12:53,96,144.4,144.4,11,16,False,0.0
2026-09-29 19:12:54,96,144.4,144.4,11,38,False,0.0
2026-09-29 19:12:55,96,144.4,144.4,11,95,False,0.0
2026-09-29 19:12:57,96,144.4,144.4,11,11,False,0.0
2026-09-29 19:12:58,96,144.4,144.4,11,15,False,0.0
2026-09-29 19:12:59,96,144.4,144.4,11,11,False,0.0
2026-09-29 19:13:00,96,144.4,144.4,11,42,False,0.0
2026-09-29 19:13:01,96,144.4,144.4,11,13,False,0.0
2026-09-29 19:13:03,96,144.4,144.4,11,57,False,0.0
2026-09-29 19:13:04,96,144.4,144.4,11,143,False,0.0
2026-09-29 19:13:05,96,144.4,144.4,11,63,False,0.0
2026-09-29 19:13:07,96,144.4,144.4,11,133,False,0.0
2026-09-29 19:13:08,96,144.4,144.4,11,46,False,0.0
2026-09-29 19:13:09,96,144.4,144.4,11,14,False,0.0
2026-09-29 19:13:10,96,144.4,144.4,11,94,False,0.0
2026-09-29 19:13:12,96,144.4,144.4,11,25,False,0.0
2026-09-29 19:13:13,96,144.4,144.4,11,119,False,0.0
2026-09-29 19:13:14,96,144.4,144.4,11,173,False,0.0
2026-09-29 19:13:16,96,144.4,144.4,11,97,False,0.0
2026-09-29 19:13:17,96,144.4,144.4,11,12,False,0.0
2026-09-29 19:13:18,96,144.4,144.4,11,13,False,0.0
2026-09-29 19:13:19,96,144.4,144.4,11,237,False,0.0
2026-09-29 19:13:21,96,144.4,144.4,11,140,False,0.0
2026-09-29 19:13:22,96,144.4,144.4,11,34,False,0.0
2026-09-29 19:13:23,96,144.4,144.4,11,137,False,0.0
2026-09-29 19:13:25,96,144.4,144.4,11,114,False,0.0
2026-09-29 19:13:26,96,144.4,144.4,11,11,False,0.0
2026-09-29 19:13:27,96,144.4,144.4,11,8,False,0.0
2026-09-29 19:13:28,96,144.4,144.4,11,28,False,0.0
2026-09-29 19:13:29,96,144.4,144.4,11,9,False,0.0
2026-09-29 19:13:31,96,144.4,144.4,11,21,False,0.0
2026-09-29 19:13:32,96,144.4,144.4,11,43,False,0.0
2026-09-29 19:13:33,95,144.4,130.0,11,16,False,0.0
2026-09-29 19:13:34,95,144.4,130.0,11,45,False,0.0
2026-09-29 19:13:35,95,144.4,130.0,11,8,False,0.0
2026-09-29 19:13:37,95,144.4,144.4,11,9,False,0.0
2026-09-29 19:13:38,95,144.4,144.4,11,17,False,0.0
2026-09-29 19:13:39,95,144.4,144.4,11,14,False,0.0
2026-09-29 19:13:40,95,144.4,144.4,11,21,False,0.0
2026-09-29 19:13:41,95,144.4,144.4,11,152,False,0.0
2026-09-29 19:13:43,95,144.4,144.4,11,19,False,0.0
2026-09-29 19:13:44,95,144.4,144.4,11,8,False,0.0
2026-09-29 19:13:45,95,144.4,144.4,11,25,False,0.0
2026-09-29 19:13:46,95,144.4,144.4,11,9,False,0.0
2026-09-29 19:13:48,95,144.4,144.4,11,162,False,0.0
2026-09-29 19:13:49,95,144.4,144.4,11,8,False,0.0
2026-09-29 19:13:50,95,144.4,144.4,11,11,False,0.0
2026-09-29 19:13:51,95,144.4,144.4,11,10,False,0.0
2026-09-29 19:13:53,95,144.4,144.4,11,8,False,0.0
2026-09-29 19:13:54,95,144.4,144.4,11,8,False,0.0
2026-09-29 19:13:55,95,144.4,144.4,11,9,False,0.0
2026-09-29 19:13:56,95,144.4,144.4,11,9,False,0.0
2026-09-29 19:13:57,95,144.4,144.4,11,8,False,0.0
2026-09-29 19:13:58,95,144.4,144.4,11,8,False,0.0
2026-09-29 19:14:00,95,144.4,144.4,11,22,False,0.0
2026-09-29 19:14:01,95,144.4,144.4,11,12,False,0.0
2026-09-29 19:14:02,95,144.4,144.4,11,21,False,0.0
2026-09-29 19:14:03,95,144.4,144.4,11,58,False,0.0
2026-09-29 19:14:05,95,144.4,144.4,11,10,False,0.0
2026-09-29 19:14:06,95,144.4,144.4,11,8,False,0.0
2026-09-29 19:14:07,95,144.4,144.4,11,10,False,0.0
2026-09-29 19:14:08,95,144.4,144.4,11,12,False,0.0
2026-09-29 19:14:10,95,144.4,144.4,11,11,False,0.0
2026-09-29 19:14:11,95,144.4,144.4,11,13,False,0.0
2026-09-29 19:14:12,95,144.4,144.4,11,11,False,0.0
2026-09-29 19:14:13,95,144.4,144.4,11,52,False,0.0
2026-09-29 19:14:14,95,144.4,144.4,11,7,False,0.0
2026-09-29 19:14:15,95,144.4,144.4,11,8,False,0.0
2026-09-29 19:14:17,95,144.4,144.4,11,63,False,0.0
2026-09-29 19:14:18,95,144.4,144.4,11,11,False,0.0
2026-09-29 19:14:19,95,144.4,144.4,11,219,False,0.0
2026-09-29 19:14:21,95,144.4,144.4,11,324,False,0.0
2026-09-29 19:14:23,95,144.4,144.4,11,,True,10.0
2026-09-29 19:14:24,95,144.4,144.4,11,15,False,10.0
2026-09-29 19:14:25,95,144.4,144.4,11,8,False,10.0
2026-09-29 19:14:27,95,144.4,144.4,11,71,False,10.0
2026-09-29 19:14:28,92,144.4,104.0,11,15,False,10.0
2026-09-29 19:14:29,92,144.4,104.0,11,15,False,10.0
2026-09-29 19:14:30,92,144.4,104.0,11,11,False,10.0
2026-09-29 19:14:31,92,144.4,144.4,11,31,False,10.0
2026-09-29 19:14:33,92,144.4,144.4,11,41,False,10.0
2026-09-29 19:14:34,92,144.4,144.4,11,15,False,10.0
2026-09-29 19:14:35,92,144.4,144.4,11,16,False,0.0
2026-09-29 19:14:36,92,144.4,144.4,11,73,False,0.0
2026-09-29 19:14:38,92,144.4,144.4,11,118,False,0.0
2026-09-29 19:14:39,92,144.4,144.4,11,13,False,0.0
2026-09-29 19:14:40,92,144.4,144.4,11,183,False,0.0
2026-09-29 19:14:41,92,144.4,144.4,11,147,False,0.0
2026-09-29 19:14:43,92,144.4,144.4,11,36,False,0.0
2026-09-29 19:14:44,92,144.4,144.4,11,12,False,0.0
2026-09-29 19:14:45,92,144.4,144.4,11,39,False,0.0
2026-09-29 19:14:47,92,144.4,144.4,11,117,False,0.0
2026-09-29 19:14:48,92,144.4,144.4,11,7,False,0.0
2026-09-29 19:14:49,92,144.4,144.4,11,9,False,0.0
2026-09-29 19:14:50,92,144.4,144.4,11,89,False,0.0
2026-09-29 19:14:52,92,144.4,144.4,11,72,False,0.0
2026-09-29 19:14:53,92,144.4,144.4,11,20,False,0.0
2026-09-29 19:14:54,92,144.4,144.4,11,48,False,0.0
2026-09-29 19:14:55,92,144.4,144.4,11,82,False,0.0
2026-09-29 19:14:57,92,144.4,144.4,11,72,False,0.0
2026-09-29 19:14:58,92,144.4,144.4,11,118,False,0.0
2026-09-29 19:14:59,92,144.4,144.4,11,203,False,0.0
2026-09-29 19:15:01,92,144.4,144.4,11,49,False,0.0
2026-09-29 19:15:02,92,144.4,144.4,11,92,False,0.0
2026-09-29 19:15:03,92,144.4,144.4,11,23,False,0.0
2026-09-29 19:15:04,92,144.4,144.4,11,34,False,0.0
2026-09-29 19:15:06,92,144.4,144.4,11,166,False,0.0
2026-09-29 19:15:07,92,144.4,144.4,11,41,False,0.0
2026-09-29 19:15:08,92,144.4,144.4,11,15,False,0.0
2026-09-29 19:15:10,92,144.4,144.4,11,246,False,0.0
2026-09-29 19:15:11,92,144.4,144.4,11,33,False,0.0
2026-09-29 19:15:12,92,144.4,144.4,11,203,False,0.0
2026-09-29 19:15:13,92,144.4,144.4,11,51,False,0.0
2026-09-29 19:15:15,92,144.4,144.4,11,9,False,0.0
2026-09-29 19:15:16,92,144.4,144.4,11,27,False,0.0
2026-09-29 19:15:17,92,144.4,144.4,11,7,False,0.0
2026-09-29 19:15:18,92,144.4,144.4,11,85,False,0.0
2026-09-29 19:15:20,92,144.4,144.4,11,73,False,0.0
2026-09-29 19:15:21,92,144.4,144.4,11,8,False,0.0
2026-09-29 19:15:22,92,144.4,144.4,11,10,False,0.0
2026-09-29 19:15:23,92,144.4,144.4,11,51,False,0.0
2026-09-29 19:15:24,92,144.4,144.4,11,28,False,0.0
2026-09-29 19:15:26,92,144.4,144.4,11,12,False,0.0
2026-09-29 19:15:27,92,144.4,144.4,11,14,False,0.0
2026-09-29 19:15:28,92,144.4,144.4,11,26,False,0.0
2026-09-29 19:15:29,92,144.4,144.4,11,17,False,0.0
2026-09-29 19:15:30,92,144.4,144.4,11,11,False,0.0
2026-09-29 19:15:32,92,144.4,144.4,11,8,False,0.0
2026-09-29 19:15:33,92,144.4,144.4,11,14,False,0.0
2026-09-29 19:15:34,92,144.4,144.4,11,11,False,0.0
2026-09-29 19:15:35,92,144.4,144.4,11,52,False,0.0
2026-09-29 19:15:36,92,144.4,144.4,11,36,False,0.0
2026-09-29 19:15:38,92,144.4,144.4,11,211,False,0.0
2026-09-29 19:15:39,92,144.4,144.4,11,9,False,0.0
2026-09-29 19:15:40,92,144.4,144.4,11,25,False,0.0
2026-09-29 19:15:42,92,144.4,144.4,11,179,False,0.0
2026-09-29 19:15:43,92,144.4,144.4,11,15,False,0.0
2026-09-29 19:15:44,92,144.4,144.4,11,16,False,0.0
2026-09-29 19:15:46,92,144.4,144.4,11,,True,10.0
2026-09-29 19:15:48,92,144.4,144.4,11,275,False,10.0
2026-09-29 19:15:49,92,144.4,144.4,11,53,False,10.0
2026-09-29 19:15:50,92,144.4,144.4,11,9,False,10.0
2026-09-29 19:15:52,92,144.4,144.4,11,194,False,10.0
2026-09-29 19:15:53,92,144.4,144.4,11,68,False,10.0
2026-09-29 19:15:54,92,144.4,144.4,11,18,False,10.0
2026-09-29 19:15:55,92,144.4,144.4,11,97,False,10.0
2026-09-29 19:15:57,92,144.4,144.4,11,153,False,10.0
2026-09-29 19:15:58,92,144.4,144.4,11,12,False,10.0
2026-09-29 19:15:59,92,144.4,144.4,11,8,False,0.0
2026-09-29 19:16:00,92,144.4,144.4,11,11,False,0.0
2026-09-29 19:16:02,92,144.4,144.4,11,12,False,0.0
2026-09-29 19:16:03,92,144.4,144.4,11,12,False,0.0
2026-09-29 19:16:04,92,144.4,144.4,11,10,False,0.0
2026-09-29 19:16:05,92,144.4,144.4,11,18,False,0.0
2026-09-29 19:16:06,92,144.4,144.4,11,18,False,0.0
2026-09-29 19:16:07,92,144.4,144.4,11,14,False,0.0
2026-09-29 19:16:09,92,144.4,144.4,11,46,False,0.0
2026-09-29 19:16:10,92,144.4,144.4,11,14,False,0.0
2026-09-29 19:16:11,92,144.4,144.4,11,8,False,0.0
2026-09-29 19:16:12,92,144.4,117.0,11,9,False,0.0
2026-09-29 19:16:14,92,144.4,117.0,11,203,False,0.0
2026-09-29 19:16:15,92,144.4,144.4,11,39,False,0.0
2026-09-29 19:16:16,92,144.4,144.4,11,7,False,0.0
2026-09-29 19:16:18,92,144.4,144.4,11,18,False,0.0
2026-09-29 19:16:19,92,144.4,144.4,11,196,False,0.0
2026-09-29 19:16:20,92,144.4,144.4,11,8,False,0.0
2026-09-29 19:16:21,92,144.4,144.4,11,9,False,0.0
2026-09-29 19:16:23,92,144.4,144.4,11,176,False,0.0
2026-09-29 19:16:24,92,144.4,144.4,11,13,False,0.0
2026-09-29 19:16:25,92,144.4,144.4,11,91,False,0.0
2026-09-29 19:16:26,92,144.4,144.4,11,8,False,0.0
2026-09-29 19:16:28,92,144.4,144.4,11,80,False,0.0
2026-09-29 19:16:29,92,144.4,144.4,11,8,False,0.0
2026-09-29 19:16:30,92,144.4,144.4,11,92,False,0.0
2026-09-29 19:16:32,92,144.4,144.4,11,22,False,0.0
2026-09-29 19:16:33,92,144.4,144.4,11,159,False,0.0
2026-09-29 19:16:34,92,144.4,144.4,11,9,False,0.0
2026-09-29 19:16:35,92,144.4,144.4,11,12,False,0.0
2026-09-29 19:16:36,92,144.4,144.4,11,17,False,0.0
2026-09-29 19:16:38,92,144.4,144.4,11,14,False,0.0
2026-09-29 19:16:39,92,144.4,144.4,11,202,False,0.0
2026-09-29 19:16:40,92,144.4,144.4,11,88,False,0.0
2026-09-29 19:16:42,92,144.4,144.4,11,79,False,0.0
2026-09-29 19:16:43,92,144.4,144.4,11,147,False,0.0
2026-09-29 19:16:44,92,144.4,144.4,11,50,False,0.0
2026-09-29 19:16:45,92,144.4,144.4,11,11,False,0.0
2026-09-29 19:16:47,92,144.4,144.4,11,61,False,0.0
2026-09-29 19:16:48,92,144.4,144.4,11,51,False,0.0
2026-09-29 19:16:49,92,144.4,144.4,11,144,False,0.0
2026-09-29 19:16:51,92,144.4,144.4,11,131,False,0.0
2026-09-29 19:16:52,92,144.4,144.4,11,90,False,0.0
2026-09-29 19:16:53,92,144.4,144.4,11,146,False,0.0
2026-09-29 19:16:55,92,144.4,144.4,11,203,False,0.0
2026-09-29 19:16:56,92,144.4,144.4,11,39,False,0.0
2026-09-29 19:16:57,92,144.4,144.4,11,57,False,0.0
2026-09-29 19:16:58,92,144.4,144.4,11,128,False,0.0
2026-09-29 19:17:00,92,144.4,144.4,11,136,False,0.0
2026-09-29 19:17:01,92,144.4,144.4,11,132,False,0.0
2026-09-29 19:17:02,92,144.4,144.4,11,19,False,0.0
2026-09-29 19:17:03,92,144.4,144.4,11,16,False,0.0
2026-09-29 19:17:05,92,144.4,144.4,11,184,False,0.0
2026-09-29 19:17:06,92,144.4,144.4,11,162,False,0.0
2026-09-29 19:17:07,92,144.4,144.4,11,42,False,0.0
2026-09-29 19:17:09,92,144.4,144.4,11,150,False,0.0
2026-09-29 19:17:10,92,144.4,144.4,11,320,False,0.0
2026-09-29 19:17:11,92,144.4,144.4,11,9,False,0.0
2026-09-29 19:17:13,92,144.4,144.4,11,147,False,0.0
2026-09-29 19:17:14,92,144.4,144.4,11,46,False,0.0
2026-09-29 19:17:15,92,144.4,144.4,11,9,False,0.0
2026-09-29 19:17:16,92,144.4,144.4,11,10,False,0.0
2026-09-29 19:17:17,90,144.4,130.0,11,68,False,0.0
2026-09-29 19:17:19,90,144.4,130.0,11,105,False,0.0
2026-09-29 19:17:20,90,144.4,144.4,11,124,False,0.0
2026-09-29 19:17:21,90,144.4,144.4,11,7,False,0.0
2026-09-29 19:17:22,89,144.4,130.0,11,10,False,0.0
2026-09-29 19:17:24,89,144.4,130.0,11,16,False,0.0
2026-09-29 19:17:25,89,144.4,144.4,11,94,False,0.0
2026-09-29 19:17:26,89,144.4,144.4,11,18,False,0.0
2026-09-29 19:17:27,89,144.4,144.4,11,18,False,0.0
2026-09-29 19:17:28,89,144.4,144.4,11,9,False,0.0
2026-09-29 19:17:30,89,144.4,144.4,11,8,False,0.0
2026-09-29 19:17:31,89,144.4,144.4,11,12,False,0.0
2026-09-29 19:17:32,89,144.4,144.4,11,20,False,0.0
2026-09-29 19:17:33,89,144.4,144.4,11,17,False,0.0
2026-09-29 19:17:35,89,144.4,144.4,11,80,False,0.0
2026-09-29 19:17:36,89,144.4,144.4,11,9,False,0.0
2026-09-29 19:17:37,89,144.4,144.4,11,57,False,0.0
2026-09-29 19:17:38,89,144.4,144.4,11,45,False,0.0
2026-09-29 19:17:39,89,144.4,144.4,11,14,False,0.0
2026-09-29 19:17:41,89,144.4,144.4,11,206,False,0.0
2026-09-29 19:17:42,89,144.4,144.4,11,131,False,0.0
2026-09-29 19:17:43,89,144.4,144.4,11,12,False,0.0
2026-09-29 19:17:44,89,144.4,144.4,11,40,False,0.0
2026-09-29 19:17:46,89,144.4,144.4,11,23,False,0.0
2026-09-29 19:17:47,89,144.4,144.4,11,9,False,0.0
2026-09-29 19:17:49,89,144.4,144.4,11,105,False,0.0
2026-09-29 19:17:50,89,144.4,144.4,11,20,False,0.0
2026-09-29 19:17:51,89,144.4,144.4,11,14,False,0.0
2026-09-29 19:17:53,89,144.4,144.4,11,11,False,0.0
2026-09-29 19:17:54,89,144.4,144.4,11,10,False,0.0
2026-09-29 19:17:55,89,144.4,144.4,11,14,False,0.0
2026-09-29 19:17:56,89,144.4,144.4,11,22,False,0.0
2026-09-29 19:17:58,89,144.4,144.4,11,9,False,0.0
2026-09-29 19:17:59,89,144.4,144.4,11,82,False,0.0
2026-09-29 19:18:00,89,144.4,144.4,11,29,False,0.0
2026-09-29 19:18:01,91,144.4,130.0,11,12,False,0.0
2026-09-29 19:18:03,91,144.4,130.0,11,73,False,0.0
2026-09-29 19:18:04,91,144.4,130.0,11,12,False,0.0
2026-09-29 19:18:05,91,144.4,130.0,11,11,False,0.0
2026-09-29 19:18:07,91,144.4,144.4,11,11,False,0.0
2026-09-29 19:18:08,91,144.4,144.4,11,8,False,0.0
2026-09-29 19:18:09,91,144.4,144.4,11,9,False,0.0
2026-09-29 19:18:10,91,144.4,144.4,11,8,False,0.0
2026-09-29 19:18:11,91,144.4,144.4,11,10,False,0.0
2026-09-29 19:18:13,91,144.4,144.4,11,236,False,0.0
2026-09-29 19:18:14,91,144.4,144.4,11,6,False,0.0
2026-09-29 19:18:15,91,144.4,144.4,11,8,False,0.0
2026-09-29 19:18:17,91,144.4,144.4,11,153,False,0.0
2026-09-29 19:18:18,91,144.4,144.4,11,294,False,0.0
2026-09-29 19:18:19,91,144.4,144.4,11,10,False,0.0
2026-09-29 19:18:21,91,144.4,144.4,11,10,False,0.0
2026-09-29 19:18:22,91,144.4,144.4,11,15,False,0.0
2026-09-29 19:18:23,91,144.4,144.4,11,54,False,0.0
2026-09-29 19:18:24,91,144.4,144.4,11,27,False,0.0
2026-09-29 19:18:25,91,144.4,144.4,11,44,False,0.0
2026-09-29 19:18:27,91,144.4,144.4,11,519,False,0.0
2026-09-29 19:18:28,91,144.4,144.4,11,125,False,0.0
2026-09-29 19:18:30,91,144.4,144.4,11,11,False,0.0
2026-09-29 19:18:31,91,144.4,144.4,11,17,False,0.0
2026-09-29 19:18:32,91,144.4,144.4,11,31,False,0.0
2026-09-29 19:18:33,91,144.4,144.4,11,41,False,0.0
2026-09-29 19:18:34,91,144.4,144.4,11,10,False,0.0
2026-09-29 19:18:36,91,144.4,144.4,11,122,False,0.0
2026-09-29 19:18:37,91,144.4,144.4,11,9,False,0.0
2026-09-29 19:18:38,91,144.4,144.4,11,7,False,0.0
2026-09-29 19:18:39,91,144.4,144.4,11,25,False,0.0
2026-09-29 19:18:41,91,144.4,144.4,11,88,False,0.0
2026-09-29 19:18:42,91,144.4,144.4,11,202,False,0.0
2026-09-29 19:18:43,91,144.4,144.4,11,9,False,0.0
2026-09-29 19:18:45,91,144.4,144.4,11,93,False,0.0
2026-09-29 19:18:46,91,144.4,144.4,11,139,False,0.0
2026-09-29 19:18:47,91,144.4,144.4,11,6,False,0.0
2026-09-29 19:18:48,91,144.4,144.4,11,60,False,0.0
2026-09-29 19:18:50,91,144.4,144.4,11,174,False,0.0
2026-09-29 19:18:51,91,144.4,144.4,11,50,False,0.0
2026-09-29 19:18:52,91,144.4,144.4,11,20,False,0.0
2026-09-29 19:18:54,91,144.4,144.4,11,192,False,0.0
2026-09-29 19:18:55,91,144.4,144.4,11,12,False,0.0
2026-09-29 19:18:56,91,144.4,144.4,11,13,False,0.0
2026-09-29 19:18:57,91,144.4,144.4,11,8,False,0.0
2026-09-29 19:18:59,91,144.4,144.4,11,8,False,0.0
2026-09-29 19:19:00,91,144.4,144.4,11,9,False,0.0
2026-09-29 19:19:01,91,144.4,144.4,11,7,False,0.0
2026-09-29 19:19:03,91,144.4,144.4,11,57,False,0.0
2026-09-29 19:19:04,91,144.4,144.4,11,39,False,0.0
2026-09-29 19:19:05,91,144.4,144.4,11,10,False,0.0
2026-09-29 19:19:06,91,144.4,144.4,11,39,False,0.0
2026-09-29 19:19:07,91,144.4,144.4,11,7,False,0.0
2026-09-29 19:19:09,91,144.4,144.4,11,9,False,0.0
2026-09-29 19:19:10,91,144.4,144.4,11,86,False,0.0
2026-09-29 19:19:11,91,144.4,144.4,11,81,False,0.0
2026-09-29 19:19:12,91,144.4,144.4,11,15,False,0.0
2026-09-29 19:19:13,91,144.4,144.4,11,16,False,0.0
2026-09-29 19:19:15,91,144.4,144.4,11,73,False,0.0
2026-09-29 19:19:16,91,144.4,144.4,11,83,False,0.0
2026-09-29 19:19:17,91,144.4,144.4,11,14,False,0.0
2026-09-29 19:19:18,91,144.4,144.4,11,9,False,0.0
2026-09-29 19:19:19,91,144.4,144.4,11,14,False,0.0
2026-09-29 19:19:21,91,144.4,144.4,11,53,False,0.0
2026-09-29 19:19:22,91,144.4,144.4,11,83,False,0.0
2026-09-29 19:19:23,91,144.4,144.4,11,54,False,0.0
2026-09-29 19:19:24,91,144.4,144.4,11,10,False,0.0
2026-09-29 19:19:26,91,144.4,144.4,11,16,False,0.0
2026-09-29 19:19:27,91,144.4,144.4,11,191,False,0.0
2026-09-29 19:19:28,91,144.4,144.4,11,7,False,0.0
2026-09-29 19:19:30,91,144.4,144.4,11,70,False,0.0
2026-09-29 19:19:31,91,144.4,144.4,11,168,False,0.0
2026-09-29 19:19:32,91,144.4,117.0,11,14,False,0.0
2026-09-29 19:19:34,91,144.4,117.0,11,10,False,0.0
2026-09-29 19:19:35,91,144.4,117.0,11,10,False,0.0
2026-09-29 19:19:36,91,144.4,144.4,11,13,False,0.0
2026-09-29 19:19:38,91,144.4,144.4,11,80,False,0.0
2026-09-29 19:19:39,91,144.4,144.4,11,68,False,0.0
2026-09-29 19:19:40,91,144.4,144.4,11,9,False,0.0
2026-09-29 19:19:41,91,144.4,144.4,11,13,False,0.0
2026-09-29 19:19:42,85,144.4,117.0,11,101,False,0.0
2026-09-29 19:19:43,85,144.4,117.0,11,34,False,0.0
2026-09-29 19:19:45,85,144.4,130.0,11,240,False,0.0
2026-09-29 19:19:46,85,144.4,130.0,11,133,False,0.0
2026-09-29 19:19:47,85,144.4,144.4,11,48,False,0.0
2026-09-29 19:19:49,85,144.4,144.4,11,8,False,0.0
2026-09-29 19:19:50,85,144.4,144.4,11,114,False,0.0
2026-09-29 19:19:51,85,144.4,144.4,11,9,False,0.0
2026-09-29 19:19:52,85,144.4,144.4,11,13,False,0.0
2026-09-29 19:19:54,85,144.4,144.4,11,15,False,0.0
2026-09-29 19:19:55,85,144.4,144.4,11,47,False,0.0
2026-09-29 19:19:56,85,144.4,144.4,11,189,False,0.0
2026-09-29 19:19:58,85,144.4,144.4,11,13,False,0.0
2026-09-29 19:19:59,85,144.4,144.4,11,108,False,0.0
2026-09-29 19:20:00,85,144.4,144.4,11,10,False,0.0
2026-09-29 19:20:01,85,144.4,144.4,11,15,False,0.0
2026-09-29 19:20:03,85,144.4,144.4,11,22,False,0.0
2026-09-29 19:20:04,85,144.4,144.4,11,129,False,0.0
2026-09-29 19:20:05,85,144.4,144.4,11,136,False,0.0
2026-09-29 19:20:06,85,144.4,144.4,11,36,False,0.0
2026-09-29 19:20:08,85,144.4,144.4,11,319,False,0.0
2026-09-29 19:20:09,85,144.4,144.4,11,15,False,0.0
2026-09-29 19:20:10,85,144.4,144.4,11,110,False,0.0
2026-09-29 19:20:12,85,144.4,144.4,11,447,False,0.0
2026-09-29 19:20:13,85,144.4,144.4,11,333,False,0.0
2026-09-29 19:20:15,85,144.4,144.4,11,8,False,0.0
2026-09-29 19:20:16,85,144.4,144.4,11,10,False,0.0
2026-09-29 19:20:17,85,144.4,144.4,11,67,False,0.0
2026-09-29 19:20:18,85,144.4,144.4,11,87,False,0.0
2026-09-29 19:20:19,85,144.4,144.4,11,49,False,0.0
2026-09-29 19:20:21,85,144.4,144.4,11,17,False,0.0
2026-09-29 19:20:22,85,144.4,144.4,11,12,False,0.0
2026-09-29 19:20:23,85,144.4,144.4,11,9,False,0.0
2026-09-29 19:20:24,85,144.4,144.4,11,8,False,0.0
2026-09-29 19:20:25,85,144.4,144.4,11,145,False,0.0
2026-09-29 19:20:26,85,144.4,144.4,11,113,False,0.0
2026-09-29 19:20:28,85,144.4,144.4,11,28,False,0.0
2026-09-29 19:20:29,85,144.4,144.4,11,10,False,0.0
2026-09-29 19:20:30,85,144.4,144.4,11,9,False,0.0
2026-09-29 19:20:31,85,144.4,144.4,11,15,False,0.0
2026-09-29 19:20:33,85,144.4,144.4,11,13,False,0.0
2026-09-29 19:20:34,85,144.4,144.4,11,64,False,0.0
2026-09-29 19:20:35,85,144.4,144.4,11,12,False,0.0
2026-09-29 19:20:36,85,144.4,144.4,11,13,False,0.0
2026-09-29 19:20:37,85,144.4,144.4,11,11,False,0.0
2026-09-29 19:20:39,85,144.4,144.4,11,12,False,0.0
2026-09-29 19:20:40,85,144.4,144.4,11,32,False,0.0
2026-09-29 19:20:41,85,144.4,144.4,11,53,False,0.0
2026-09-29 19:20:42,85,144.4,144.4,11,165,False,0.0
2026-09-29 19:20:44,85,144.4,144.4,11,102,False,0.0
2026-09-29 19:20:45,85,144.4,144.4,11,31,False,0.0
2026-09-29 19:20:46,85,144.4,144.4,11,16,False,0.0
2026-09-29 19:20:47,85,144.4,144.4,11,169,False,0.0
2026-09-29 19:20:49,85,144.4,144.4,11,11,False,0.0
2026-09-29 19:20:50,85,144.4,144.4,11,16,False,0.0
2026-09-29 19:20:51,85,144.4,144.4,11,79,False,0.0
2026-09-29 19:20:52,88,144.4,117.0,11,8,False,0.0
2026-09-29 19:20:54,88,144.4,117.0,11,143,False,0.0
2026-09-29 19:20:55,88,144.4,117.0,11,13,False,0.0
2026-09-29 19:20:56,88,144.4,117.0,11,9,False,0.0
2026-09-29 19:20:57,88,144.4,117.0,11,14,False,0.0
2026-09-29 19:20:58,88,144.4,144.4,11,13,False,0.0
2026-09-29 19:21:00,88,144.4,144.4,11,17,False,0.0
2026-09-29 19:21:01,88,144.4,144.4,11,16,False,0.0
2026-09-29 19:21:02,89,144.4,117.0,11,16,False,0.0
2026-09-29 19:21:03,89,144.4,117.0,11,100,False,0.0
2026-09-29 19:21:05,89,144.4,117.0,11,14,False,0.0
2026-09-29 19:21:06,89,144.4,144.4,11,81,False,0.0
2026-09-29 19:21:07,89,144.4,144.4,11,27,False,0.0
2026-09-29 19:21:08,89,144.4,144.4,11,8,False,0.0
2026-09-29 19:21:10,89,144.4,144.4,11,81,False,0.0
2026-09-29 19:21:11,89,144.4,144.4,11,16,False,0.0
2026-09-29 19:21:12,89,144.4,144.4,11,12,False,0.0
2026-09-29 19:21:13,89,144.4,144.4,11,48,False,0.0
2026-09-29 19:21:15,89,144.4,144.4,11,165,False,0.0
2026-09-29 19:21:16,89,144.4,144.4,11,8,False,0.0
2026-09-29 19:21:17,89,144.4,144.4,11,12,False,0.0
2026-09-29 19:21:18,90,144.4,130.0,11,18,False,0.0
2026-09-29 19:21:20,90,144.4,130.0,11,19,False,0.0
2026-09-29 19:21:21,90,144.4,130.0,11,8,False,0.0
2026-09-29 19:21:22,90,144.4,130.0,11,114,False,0.0
2026-09-29 19:21:23,90,144.4,144.4,11,15,False,0.0
2026-09-29 19:21:25,90,144.4,144.4,11,37,False,0.0
2026-09-29 19:21:26,90,144.4,144.4,11,16,False,0.0
2026-09-29 19:21:27,89,65.0,144.4,11,192,False,0.0
2026-09-29 19:21:28,89,65.0,144.4,11,16,False,0.0
2026-09-29 19:21:30,89,65.0,144.4,11,84,False,0.0
2026-09-29 19:21:31,89,65.0,144.4,11,56,False,0.0
2026-09-29 19:21:32,89,65.0,144.4,11,10,False,0.0
2026-09-29 19:21:33,89,65.0,144.4,11,17,False,0.0
2026-09-29 19:21:34,89,65.0,144.4,11,18,False,0.0
2026-09-29 19:21:36,89,65.0,144.4,11,72,False,0.0
2026-09-29 19:21:37,89,65.0,144.4,11,103,False,0.0
2026-09-29 19:21:39,83,65.0,78.0,11,471,False,0.0
2026-09-29 19:21:40,83,65.0,78.0,11,121,False,0.0
2026-09-29 19:21:41,83,65.0,78.0,11,61,False,0.0
2026-09-29 19:21:42,83,65.0,78.0,11,130,False,0.0
2026-09-29 19:21:44,83,65.0,78.0,11,41,False,0.0
2026-09-29 19:21:45,83,65.0,78.0,11,6,False,0.0
2026-09-29 19:21:46,83,65.0,78.0,11,71,False,0.0
2026-09-29 19:21:48,83,52.0,78.0,11,275,False,0.0
2026-09-29 19:21:49,83,52.0,78.0,11,140,False,0.0
2026-09-29 19:21:50,83,52.0,78.0,11,308,False,0.0
2026-09-29 19:21:52,83,52.0,78.0,11,23,False,0.0
2026-09-29 19:21:53,78,52.0,58.5,11,11,False,0.0
2026-09-29 19:21:54,78,52.0,58.5,11,9,False,0.0
2026-09-29 19:21:55,78,52.0,58.5,11,11,False,0.0
2026-09-29 19:21:57,78,52.0,78.0,11,40,False,0.0
2026-09-29 19:21:58,78,52.0,78.0,11,22,False,0.0
2026-09-29 19:21:59,78,52.0,78.0,11,81,False,0.0
2026-09-29 19:22:00,78,52.0,78.0,11,106,False,0.0
2026-09-29 19:22:02,78,52.0,78.0,11,142,False,0.0
2026-09-29 19:22:03,78,52.0,78.0,11,76,False,0.0
2026-09-29 19:22:04,78,52.0,78.0,11,45,False,0.0
2026-09-29 19:22:05,78,52.0,78.0,11,163,False,0.0
2026-09-29 19:22:07,78,52.0,78.0,11,51,False,0.0
2026-09-29 19:22:08,78,52.0,78.0,11,152,False,0.0
2026-09-29 19:22:10,62,52.0,39.0,11,135,False,0.0
2026-09-29 19:22:11,62,52.0,39.0,11,90,False,0.0
2026-09-29 19:22:12,46,52.0,39.0,11,92,False,0.0
2026-09-29 19:22:14,46,52.0,39.0,11,,True,10.0
2026-09-29 19:22:16,35,52.0,39.0,11,,True,20.0
2026-09-29 19:22:18,35,1.0,26.0,11,,True,30.0
2026-09-29 19:22:20,17,14.4,43.3,11,,True,40.0
2026-09-29 19:22:22,,,,,,True,50.0
2026-09-29 19:22:28,,,,,,True,60.0
2026-09-29 19:22:30,82,650.0,650.0,48,,True,70.0
2026-09-29 19:22:32,82,650.0,650.0,48,,True,80.0
2026-09-29 19:22:34,82,585.0,526.5,48,,True,90.0
2026-09-29 19:22:36,82,585.0,526.5,48,,True,100.0
2026-09-29 19:22:38,82,585.0,526.5,48,,True,100.0
2026-09-29 19:22:40,82,520.0,526.5,48,,True,100.0
2026-09-29 19:22:42,82,520.0,526.5,48,,True,100.0
2026-09-29 19:22:44,82,520.0,526.5,48,,True,100.0
2026-09-29 19:22:46,82,520.0,526.5,48,,True,100.0
2026-09-29 19:22:48,82,520.0,526.5,48,,True,100.0
2026-09-29 19:22:50,81,650.0,526.5,48,,True,100.0
2026-09-29 19:22:52,81,650.0,526.5,48,,True,100.0
2026-09-29 19:22:54,81,650.0,526.5,48,,True,100.0
2026-09-29 19:22:56,81,650.0,526.5,48,,True,100.0
2026-09-29 19:22:58,81,650.0,526.5,48,,True,100.0
2026-09-29 19:23:00,81,650.0,526.5,48,,True,100.0
2026-09-29 19:23:02,81,650.0,526.5,48,,True,100.0
2026-09-29 19:23:04,81,650.0,526.5,48,,True,100.0
2026-09-29 19:23:06,81,650.0,526.5,48,,True,100.0
2026-09-29 19:23:08,81,650.0,526.5,48,,True,100.0
2026-09-29 19:23:10,81,650.0,526.5,48,,True,100.0
2026-09-29 19:23:12,81,650.0,526.5,48,,True,100.0
2026-09-29 19:23:14,81,650.0,526.5,48,,True,100.0
2026-09-29 19:23:16,81,650.0,526.5,48,,True,100.0
2026-09-29 19:23:18,81,650.0,526.5,48,,True,100.0
2026-09-29 19:23:20,81,650.0,526.5,48,,True,100.0
2026-09-29 19:23:22,81,650.0,526.5,48,,True,100.0
2026-09-29 19:23:24,81,650.0,526.5,48,,True,100.0
2026-09-29 19:23:26,81,650.0,585.0,48,,True,100.0
2026-09-29 19:23:28,81,650.0,585.0,48,,True,100.0
2026-09-29 19:23:30,81,585.0,585.0,48,,True,100.0
2026-09-29 19:23:32,81,585.0,585.0,48,,True,100.0
2026-09-29 19:23:34,81,585.0,585.0,48,,True,100.0
2026-09-29 19:23:36,81,585.0,585.0,48,,True,100.0
2026-09-29 19:23:38,81,650.0,526.5,48,,True,100.0
2026-09-29 19:23:40,81,650.0,526.5,48,,True,100.0
2026-09-29 19:23:42,81,650.0,585.0,48,,True,100.0
2026-09-29 19:23:44,81,650.0,585.0,48,,True,100.0
2026-09-29 19:23:46,81,650.0,585.0,48,,True,100.0
2026-09-29 19:23:48,81,650.0,585.0,48,,True,100.0
2026-09-29 19:23:50,81,650.0,585.0,48,,True,100.0
2026-09-29 19:23:52,81,650.0,585.0,48,,True,100.0
2026-09-29 19:23:54,82,650.0,526.5,48,,True,100.0
2026-09-29 19:23:56,82,650.0,526.5,48,,True,100.0
2026-09-29 19:23:58,82,650.0,650.0,48,,True,100.0
2026-09-29 19:24:00,82,650.0,650.0,48,,True,100.0
2026-09-29 19:24:02,82,650.0,585.0,48,,True,100.0
2026-09-29 19:24:04,82,650.0,585.0,48,,True,100.0
2026-09-29 19:24:06,82,650.0,585.0,48,,True,100.0
2026-09-29 19:24:08,82,650.0,585.0,48,,True,100.0
2026-09-29 19:24:10,81,650.0,650.0,48,,True,100.0
2026-09-29 19:24:12,81,650.0,650.0,48,,True,100.0
2026-09-29 19:24:14,81,650.0,585.0,48,,True,100.0
2026-09-29 19:24:16,81,650.0,585.0,48,,True,100.0
2026-09-29 19:24:18,81,650.0,585.0,48,,True,100.0
2026-09-29 19:24:20,82,650.0,650.0,48,,True,100.0
2026-09-29 19:24:22,82,650.0,650.0,48,,True,100.0
2026-09-29 19:24:24,82,650.0,650.0,48,,True,100.0
2026-09-29 19:24:26,82,650.0,650.0,48,,True,100.0
2026-09-29 19:24:28,82,433.3,526.5,48,,True,100.0
2026-09-29 19:24:30,82,433.3,526.5,48,,True,100.0
2026-09-29 19:24:32,82,433.3,526.5,48,,True,100.0
2026-09-29 19:24:34,81,433.3,520.0,48,,True,100.0
2026-09-29 19:24:36,81,433.3,520.0,48,,True,100.0
2026-09-29 19:24:38,81,433.3,520.0,48,,True,100.0
2026-09-29 19:24:40,81,433.3,520.0,48,,True,100.0
2026-09-29 19:24:42,81,433.3,520.0,48,,True,100.0
2026-09-29 19:24:44,81,433.3,520.0,48,,True,100.0
2026-09-29 19:24:46,81,433.3,520.0,48,,True,100.0
2026-09-29 19:24:48,81,433.3,520.0,48,,True,100.0
2026-09-29 19:24:50,81,433.3,520.0,48,,True,100.0
2026-09-29 19:24:52,,,,,,True,100.0
2026-09-29 19:24:54,93,144.4,144.4,11,20,False,90.0
2026-09-29 19:24:55,93,144.4,144.4,11,94,False,80.0
2026-09-29 19:25:01,,,,,21,False,70.0
2026-09-29 19:25:02,91,52.0,144.4,11,9,False,60.0
2026-09-29 19:25:03,91,52.0,144.4,11,62,False,50.0
2026-09-29 19:25:05,91,52.0,144.4,11,84,False,40.0
2026-09-29 19:25:06,91,52.0,144.4,11,52,False,30.0
2026-09-29 19:25:07,91,52.0,144.4,11,26,False,20.0
2026-09-29 19:25:08,91,52.0,144.4,11,21,False,10.0
2026-09-29 19:25:09,91,52.0,144.4,11,76,False,0.0
2026-09-29 19:25:11,91,52.0,144.4,11,39,False,0.0
2026-09-29 19:25:12,91,52.0,144.4,11,35,False,0.0
2026-09-29 19:25:13,91,52.0,144.4,11,101,False,0.0
2026-09-29 19:25:14,91,52.0,144.4,11,183,False,0.0
2026-09-29 19:25:16,91,52.0,144.4,11,66,False,0.0
2026-09-29 19:25:17,91,52.0,144.4,11,16,False,0.0
2026-09-29 19:25:18,91,52.0,144.4,11,218,False,0.0
2026-09-29 19:25:20,91,52.0,144.4,11,53,False,0.0
2026-09-29 19:25:21,91,52.0,144.4,11,15,False,0.0
2026-09-29 19:25:22,91,52.0,144.4,11,211,False,0.0
2026-09-29 19:25:24,91,52.0,144.4,11,441,False,0.0
2026-09-29 19:25:25,91,52.0,144.4,11,15,False,0.0
2026-09-29 19:25:26,91,52.0,144.4,11,16,False,0.0
2026-09-29 19:25:27,91,52.0,144.4,11,123,False,0.0
2026-09-29 19:25:29,91,144.4,144.4,11,87,False,0.0
2026-09-29 19:25:30,91,144.4,144.4,11,6,False,0.0
2026-09-29 19:25:31,91,144.4,144.4,11,134,False,0.0
2026-09-29 19:25:33,91,144.4,144.4,11,,True,10.0
2026-09-29 19:25:34,91,144.4,144.4,11,8,False,10.0
2026-09-29 19:25:36,91,144.4,144.4,11,487,False,10.0
2026-09-29 19:25:38,91,144.4,144.4,11,271,False,10.0
2026-09-29 19:25:39,91,144.4,144.4,11,20,False,10.0
2026-09-29 19:25:41,91,144.4,144.4,11,89,False,10.0
2026-09-29 19:25:42,91,144.4,144.4,11,416,False,10.0
2026-09-29 19:25:44,91,144.4,144.4,11,99,False,10.0
2026-09-29 19:25:46,91,144.4,144.4,11,625,False,10.0
2026-09-29 19:25:47,91,144.4,144.4,11,37,False,10.0
2026-09-29 19:25:48,91,144.4,144.4,11,14,False,0.0
2026-09-29 19:25:49,91,144.4,144.4,11,16,False,0.0
2026-09-29 19:25:51,91,144.4,144.4,11,,True,10.0
2026-09-29 19:25:52,91,144.4,144.4,11,398,False,10.0
2026-09-29 19:25:54,91,144.4,144.4,11,,True,20.0
2026-09-29 19:25:56,91,144.4,144.4,11,,True,30.0
2026-09-29 19:25:57,91,144.4,144.4,11,26,False,30.0
2026-09-29 19:25:59,91,144.4,144.4,11,34,False,30.0
2026-09-29 19:26:00,91,144.4,144.4,11,20,False,30.0
2026-09-29 19:26:01,91,144.4,144.4,11,24,False,30.0
2026-09-29 19:26:02,91,144.4,144.4,11,8,False,30.0
2026-09-29 19:26:03,91,144.4,144.4,11,8,False,30.0
2026-09-29 19:26:05,93,144.4,117.0,11,141,False,20.0
2026-09-29 19:26:06,93,144.4,117.0,11,66,False,20.0
2026-09-29 19:26:07,93,144.4,144.4,11,6,False,10.0
2026-09-29 19:26:08,93,144.4,144.4,11,91,False,0.0
2026-09-29 19:26:10,93,144.4,144.4,11,7,False,0.0
2026-09-29 19:26:11,93,144.4,144.4,11,17,False,0.0
2026-09-29 19:26:12,93,144.4,144.4,11,411,False,0.0
2026-09-29 19:26:13,93,144.4,144.4,11,57,False,0.0
2026-09-29 19:26:14,93,144.4,144.4,11,12,False,0.0
2026-09-29 19:26:16,93,144.4,144.4,11,131,False,0.0
2026-09-29 19:26:17,93,144.4,144.4,11,15,False,0.0
2026-09-29 19:26:18,93,144.4,144.4,11,9,False,0.0
2026-09-29 19:26:19,93,144.4,144.4,11,8,False,0.0
2026-09-29 19:26:20,93,144.4,144.4,11,16,False,0.0
2026-09-29 19:26:21,93,144.4,144.4,11,8,False,0.0
2026-09-29 19:26:23,93,144.4,144.4,11,116,False,0.0
2026-09-29 19:26:24,93,144.4,144.4,11,106,False,0.0
2026-09-29 19:26:25,93,144.4,144.4,11,10,False,0.0
2026-09-29 19:26:26,93,144.4,144.4,11,10,False,0.0
2026-09-29 19:26:28,93,144.4,144.4,11,102,False,0.0
2026-09-29 19:26:29,93,144.4,144.4,11,107,False,0.0
2026-09-29 19:26:30,93,144.4,144.4,11,20,False,0.0
2026-09-29 19:26:31,93,144.4,144.4,11,9,False,0.0
2026-09-29 19:26:32,93,144.4,144.4,11,35,False,0.0
2026-09-29 19:26:34,93,144.4,144.4,11,152,False,0.0
2026-09-29 19:26:35,93,144.4,144.4,11,170,False,0.0
2026-09-29 19:26:36,93,144.4,144.4,11,8,False,0.0
2026-09-29 19:26:38,93,144.4,144.4,11,108,False,0.0
2026-09-29 19:26:39,93,144.4,144.4,11,168,False,0.0
2026-09-29 19:26:40,93,144.4,144.4,11,12,False,0.0
2026-09-29 19:26:42,93,144.4,144.4,11,126,False,0.0
2026-09-29 19:26:43,93,144.4,144.4,11,62,False,0.0
2026-09-29 19:26:44,93,144.4,144.4,11,11,False,0.0
2026-09-29 19:26:46,93,144.4,144.4,11,10,False,0.0
2026-09-29 19:26:47,93,144.4,144.4,11,411,False,0.0
2026-09-29 19:26:49,93,144.4,144.4,11,643,False,0.0
2026-09-29 19:26:50,93,144.4,144.4,11,89,False,0.0
2026-09-29 19:26:52,93,144.4,144.4,11,119,False,0.0
2026-09-29 19:26:53,93,144.4,144.4,11,83,False,0.0
2026-09-29 19:26:54,93,144.4,144.4,11,20,False,0.0
2026-09-29 19:26:55,93,144.4,144.4,11,18,False,0.0
2026-09-29 19:26:57,93,144.4,144.4,11,10,False,0.0
2026-09-29 19:26:58,93,144.4,144.4,11,14,False,0.0
2026-09-29 19:26:59,93,144.4,144.4,11,23,False,0.0
2026-09-29 19:27:00,93,144.4,144.4,11,64,False,0.0
2026-09-29 19:27:02,93,144.4,144.4,11,101,False,0.0
2026-09-29 19:27:03,93,144.4,144.4,11,97,False,0.0
2026-09-29 19:27:05,93,144.4,144.4,11,8,False,0.0
2026-09-29 19:27:06,93,144.4,144.4,11,100,False,0.0
2026-09-29 19:27:07,93,144.4,144.4,11,323,False,0.0
2026-09-29 19:27:09,93,144.4,144.4,11,11,False,0.0
2026-09-29 19:27:10,93,144.4,144.4,11,48,False,0.0
2026-09-29 19:27:11,93,144.4,144.4,11,13,False,0.0
2026-09-29 19:27:12,93,144.4,144.4,11,36,False,0.0
2026-09-29 19:27:14,93,144.4,144.4,11,21,False,0.0
2026-09-29 19:27:15,93,144.4,144.4,11,123,False,0.0
2026-09-29 19:27:16,93,144.4,144.4,11,29,False,0.0
2026-09-29 19:27:17,93,144.4,144.4,11,9,False,0.0
2026-09-29 19:27:19,93,144.4,144.4,11,81,False,0.0
2026-09-29 19:27:20,93,144.4,144.4,11,22,False,0.0
2026-09-29 19:27:21,93,144.4,144.4,11,76,False,0.0
2026-09-29 19:27:23,93,144.4,144.4,11,10,False,0.0
2026-09-29 19:27:24,93,144.4,144.4,11,50,False,0.0
2026-09-29 19:27:26,93,144.4,144.4,11,91,False,0.0
2026-09-29 19:27:27,93,144.4,144.4,11,18,False,0.0
2026-09-29 19:27:28,93,144.4,144.4,11,16,False,0.0
2026-09-29 19:27:30,93,144.4,144.4,11,227,False,0.0
2026-09-29 19:27:31,93,144.4,144.4,11,63,False,0.0
2026-09-29 19:27:32,93,144.4,144.4,11,12,False,0.0
2026-09-29 19:27:34,93,144.4,144.4,11,17,False,0.0
2026-09-29 19:27:35,93,144.4,144.4,11,38,False,0.0
2026-09-29 19:27:36,93,144.4,144.4,11,121,False,0.0
2026-09-29 19:27:37,93,144.4,144.4,11,8,False,0.0
2026-09-29 19:27:38,93,144.4,144.4,11,17,False,0.0
2026-09-29 19:27:40,93,144.4,144.4,11,29,False,0.0
2026-09-29 19:27:41,93,144.4,144.4,11,30,False,0.0
2026-09-29 19:27:42,93,144.4,144.4,11,30,False,0.0
2026-09-29 19:27:43,93,144.4,144.4,11,20,False,0.0
2026-09-29 19:27:45,93,144.4,144.4,11,9,False,0.0
2026-09-29 19:27:46,93,144.4,144.4,11,12,False,0.0
2026-09-29 19:27:47,93,144.4,144.4,11,6,False,0.0
2026-09-29 19:27:48,93,144.4,144.4,11,24,False,0.0
2026-09-29 19:27:49,93,144.4,144.4,11,110,False,0.0
2026-09-29 19:27:51,93,144.4,144.4,11,68,False,0.0
2026-09-29 19:27:52,93,144.4,144.4,11,38,False,0.0
2026-09-29 19:27:53,93,144.4,144.4,11,93,False,0.0
2026-09-29 19:27:55,93,144.4,144.4,11,135,False,0.0
2026-09-29 19:27:56,93,144.4,144.4,11,44,False,0.0
2026-09-29 19:27:57,93,144.4,144.4,11,130,False,0.0
2026-09-29 19:27:58,93,144.4,144.4,11,122,False,0.0
2026-09-29 19:28:00,93,144.4,144.4,11,135,False,0.0
2026-09-29 19:28:01,93,144.4,144.4,11,196,False,0.0
2026-09-29 19:28:02,93,144.4,144.4,11,30,False,0.0
2026-09-29 19:28:03,93,144.4,144.4,11,19,False,0.0
2026-09-29 19:28:05,93,144.4,144.4,11,250,False,0.0
2026-09-29 19:28:06,93,144.4,144.4,11,21,False,0.0
2026-09-29 19:28:07,89,144.4,65.0,11,17,False,0.0
2026-09-29 19:28:08,89,144.4,65.0,11,26,False,0.0
2026-09-29 19:28:10,89,144.4,78.0,11,24,False,0.0
2026-09-29 19:28:11,89,144.4,78.0,11,122,False,0.0
2026-09-29 19:28:12,65,144.4,117.0,11,77,False,0.0
2026-09-29 19:28:14,65,144.4,117.0,11,30,False,0.0
2026-09-29 19:28:15,65,144.4,117.0,11,174,False,0.0
2026-09-29 19:28:16,65,144.4,117.0,11,70,False,0.0
2026-09-29 19:28:17,80,144.4,104.0,11,10,False,0.0
2026-09-29 19:28:19,80,144.4,104.0,11,47,False,0.0
2026-09-29 19:28:20,80,144.4,104.0,11,9,False,0.0
2026-09-29 19:28:21,82,144.4,144.4,11,154,False,0.0
2026-09-29 19:28:22,82,144.4,144.4,11,127,False,0.0
2026-09-29 19:28:24,82,144.4,144.4,11,18,False,0.0
2026-09-29 19:28:25,82,144.4,144.4,11,167,False,0.0
2026-09-29 19:28:27,82,144.4,144.4,11,,True,10.0
2026-09-29 19:28:28,82,144.4,144.4,11,21,False,10.0
2026-09-29 19:28:29,82,144.4,144.4,11,82,False,10.0
2026-09-29 19:28:30,82,144.4,144.4,11,9,False,10.0
2026-09-29 19:28:32,82,144.4,144.4,11,37,False,10.0
2026-09-29 19:28:33,82,144.4,144.4,11,105,False,10.0
2026-09-29 19:28:34,82,144.4,144.4,11,58,False,10.0
2026-09-29 19:28:35,82,144.4,144.4,11,15,False,10.0
2026-09-29 19:28:37,82,144.4,144.4,11,11,False,10.0
2026-09-29 19:28:38,82,144.4,144.4,11,264,False,10.0
2026-09-29 19:28:39,82,144.4,144.4,11,92,False,0.0
2026-09-29 19:28:40,82,144.4,144.4,11,18,False,0.0
2026-09-29 19:28:42,82,144.4,144.4,11,6,False,0.0
2026-09-29 19:28:43,82,144.4,144.4,11,64,False,0.0
2026-09-29 19:28:44,82,144.4,144.4,11,101,False,0.0
2026-09-29 19:28:46,82,144.4,144.4,11,107,False,0.0
2026-09-29 19:28:47,82,144.4,144.4,11,37,False,0.0
2026-09-29 19:28:48,82,144.4,144.4,11,87,False,0.0
2026-09-29 19:28:49,82,144.4,144.4,11,72,False,0.0
2026-09-29 19:28:51,82,144.4,144.4,11,21,False,0.0
2026-09-29 19:28:52,82,144.4,144.4,11,41,False,0.0
2026-09-29 19:28:53,82,144.4,144.4,11,7,False,0.0
2026-09-29 19:28:54,82,144.4,144.4,11,32,False,0.0
2026-09-29 19:28:55,82,144.4,144.4,11,6,False,0.0
2026-09-29 19:28:57,82,144.4,144.4,11,,True,10.0
2026-09-29 19:28:58,82,144.4,144.4,11,29,False,10.0
2026-09-29 19:29:00,82,144.4,144.4,11,,True,20.0
2026-09-29 19:29:01,82,144.4,144.4,11,15,False,20.0
2026-09-29 19:29:03,82,144.4,144.4,11,64,False,20.0
2026-09-29 19:29:04,82,144.4,144.4,11,30,False,20.0
2026-09-29 19:29:05,82,144.4,144.4,11,15,False,20.0
2026-09-29 19:29:06,82,144.4,144.4,11,27,False,20.0
2026-09-29 19:29:07,82,144.4,144.4,11,7,False,20.0
2026-09-29 19:29:09,82,144.4,144.4,11,21,False,20.0
2026-09-29 19:40:24,82,144.4,144.4,11,,True,20.0
2026-09-29 19:40:25,82,144.4,144.4,11,,True,30.0
2026-09-29 20:24:55,,,,,,True,30.0
2026-09-29 20:24:56,,,,,,True,40.0
2026-09-29 20:24:57,,,,,,True,50.0
2026-09-29 20:24:58,,,,,,True,60.0
2026-09-29 20:24:59,,,,,,True,70.0
2026-09-29 20:25:01,,,,,,True,80.0
2026-09-29 20:25:03,83,780.0,780.0,149,,True,90.0
2026-09-29 20:25:07,,,,,,True,100.0
2026-09-29 20:25:10,85,780.0,780.0,149,,True,100.0
2026-09-29 20:25:12,85,780.0,780.0,149,,True,100.0
2026-09-29 20:25:13,87,130.0,130.0,11,,True,100.0
2026-09-29 20:25:16,87,130.0,130.0,11,,True,100.0
2026-09-29 20:25:17,87,130.0,130.0,11,,True,100.0
2026-09-29 20:25:23,,,,,,True,100.0
2026-09-29 20:25:25,86,144.4,144.4,11,,True,100.0
2026-09-29 20:25:27,86,144.4,144.4,11,,True,100.0
2026-09-29 20:25:29,86,144.4,144.4,11,,True,100.0
2026-09-29 20:25:31,86,144.4,144.4,11,,True,100.0
2026-09-29 20:25:33,86,144.4,144.4,11,,True,100.0
2026-09-29 20:25:35,86,144.4,144.4,11,,True,100.0
2026-09-29 20:25:38,90,144.4,130.0,11,,True,100.0
2026-09-29 20:25:40,90,144.4,130.0,11,,True,100.0
2026-09-29 20:25:42,90,144.4,144.4,11,,True,100.0
2026-09-29 20:25:44,90,144.4,144.4,11,,True,100.0
2026-09-29 20:25:46,90,144.4,144.4,11,,True,100.0
2026-09-29 20:25:48,90,144.4,144.4,11,,True,100.0
2026-09-29 20:25:50,90,144.4,144.4,11,,True,100.0
2026-09-29 20:25:52,90,144.4,144.4,11,,True,100.0
2026-09-29 20:25:54,90,144.4,144.4,11,,True,100.0
2026-09-29 20:25:56,90,144.4,144.4,11,,True,100.0
2026-09-29 20:25:58,90,144.4,144.4,11,,True,100.0
2026-09-29 20:26:00,90,144.4,144.4,11,,True,100.0
2026-09-29 20:26:02,90,144.4,144.4,11,,True,100.0
2026-09-29 20:26:04,90,144.4,144.4,11,,True,100.0
2026-09-29 20:26:06,90,144.4,144.4,11,,True,100.0
2026-09-29 20:26:08,90,144.4,144.4,11,,True,100.0
2026-09-29 20:26:10,90,144.4,144.4,11,,True,100.0
2026-09-29 20:26:12,90,144.4,144.4,11,,True,100.0
2026-09-29 20:26:14,90,144.4,144.4,11,,True,100.0
2026-09-29 20:26:16,90,144.4,144.4,11,,True,100.0
2026-09-29 20:26:18,90,144.4,144.4,11,,True,100.0
2026-09-29 20:26:20,90,144.4,144.4,11,,True,100.0
2026-09-29 20:26:22,90,144.4,144.4,11,,True,100.0
2026-09-29 20:26:24,90,144.4,144.4,11,,True,100.0
2026-09-29 20:26:26,90,144.4,144.4,11,,True,100.0
2026-09-29 20:26:28,90,144.4,144.4,11,,True,100.0
2026-09-29 20:26:30,90,144.4,144.4,11,,True,100.0
2026-09-29 20:26:32,90,144.4,144.4,11,,True,100.0
2026-09-29 20:26:34,90,144.4,144.4,11,,True,100.0
2026-09-29 20:26:36,90,144.4,144.4,11,,True,100.0
2026-09-29 20:26:38,90,144.4,144.4,11,,True,100.0
2026-09-29 20:26:39,90,144.4,144.4,11,,True,100.0
2026-09-29 20:26:41,90,144.4,144.4,11,,True,100.0
2026-09-29 20:26:43,90,144.4,144.4,11,,True,100.0
2026-09-29 20:26:45,90,144.4,144.4,11,,True,100.0
2026-09-29 20:26:47,90,144.4,144.4,11,,True,100.0
2026-09-29 20:26:49,90,144.4,144.4,11,,True,100.0
2026-09-29 20:26:51,48,144.4,144.4,11,,True,100.0
2026-09-29 20:26:53,97,144.4,144.4,11,,True,100.0
2026-09-29 20:26:55,97,144.4,144.4,11,,True,100.0
2026-09-29 20:26:57,97,144.4,144.4,11,,True,100.0
2026-09-29 20:26:59,97,144.4,144.4,11,,True,100.0
2026-09-29 20:27:01,97,144.4,144.4,11,,True,100.0
2026-09-29 20:27:03,97,144.4,144.4,11,,True,100.0
2026-09-29 20:27:05,97,144.4,144.4,11,,True,100.0
2026-09-29 20:27:07,97,144.4,144.4,11,,True,100.0
2026-09-29 20:27:09,97,144.4,144.4,11,,True,100.0
2026-09-29 20:27:11,97,144.4,144.4,11,,True,100.0
2026-09-29 20:27:13,97,144.4,144.4,11,,True,100.0
2026-09-29 20:27:15,97,144.4,144.4,11,,True,100.0
2026-09-29 20:27:17,97,144.4,144.4,11,,True,100.0
2026-09-29 20:27:19,97,144.4,144.4,11,,True,100.0
2026-09-29 20:27:21,97,144.4,144.4,11,,True,100.0
2026-09-29 20:27:23,97,144.4,144.4,11,,True,100.0
2026-09-29 20:27:25,97,144.4,144.4,11,,True,100.0
2026-09-29 20:27:27,97,144.4,144.4,11,,True,100.0
2026-09-29 20:27:29,97,144.4,144.4,11,,True,100.0
2026-09-29 20:27:32,97,144.4,144.4,11,,True,100.0
2026-09-29 20:27:34,97,144.4,144.4,11,,True,100.0
2026-09-29 20:27:36,97,144.4,144.4,11,,True,100.0
2026-09-29 20:27:38,97,144.4,144.4,11,,True,100.0
2026-09-29 20:27:40,97,144.4,144.4,11,,True,100.0
2026-09-29 20:27:42,97,144.4,144.4,11,,True,100.0
2026-09-29 20:27:44,97,144.4,144.4,11,,True,100.0
2026-09-29 20:27:46,97,144.4,144.4,11,,True,100.0
2026-09-29 20:27:48,97,144.4,144.4,11,,True,100.0
2026-09-29 20:27:50,97,144.4,144.4,11,,True,100.0
2026-09-29 20:27:52,97,144.4,144.4,11,,True,100.0
2026-09-29 20:27:54,97,144.4,144.4,11,,True,100.0
2026-09-29 20:27:56,97,144.4,144.4,11,,True,100.0
2026-09-29 20:27:58,97,144.4,144.4,11,,True,100.0
2026-09-29 20:28:00,97,144.4,144.4,11,,True,100.0
2026-09-29 20:28:02,97,144.4,144.4,11,,True,100.0
2026-09-29 20:28:04,97,144.4,144.4,11,,True,100.0
2026-09-29 20:28:06,97,144.4,144.4,11,,True,100.0
2026-09-29 20:28:08,97,144.4,144.4,11,,True,100.0
2026-09-29 20:28:10,97,144.4,144.4,11,,True,100.0
2026-09-29 20:28:12,97,144.4,144.4,11,,True,100.0
2026-09-29 20:28:14,97,144.4,144.4,11,,True,100.0
2026-09-29 20:28:16,97,144.4,144.4,11,,True,100.0
2026-09-29 20:28:18,97,144.4,144.4,11,,True,100.0
2026-09-29 20:28:20,97,144.4,144.4,11,,True,100.0
2026-09-29 20:28:22,97,144.4,144.4,11,,True,100.0
2026-09-29 20:28:24,97,144.4,144.4,11,,True,100.0
2026-09-29 20:28:26,97,144.4,144.4,11,,True,100.0
2026-09-29 20:28:28,97,144.4,144.4,11,,True,100.0
2026-09-29 20:28:30,97,144.4,144.4,11,,True,100.0
2026-09-29 20:28:32,97,144.4,144.4,11,,True,100.0
2026-09-29 20:28:34,97,144.4,144.4,11,,True,100.0
2026-09-29 20:28:36,97,144.4,144.4,11,,True,100.0
2026-09-29 20:28:38,97,144.4,144.4,11,,True,100.0
2026-09-29 20:28:40,97,144.4,144.4,11,,True,100.0
2026-09-29 20:28:42,97,144.4,144.4,11,,True,100.0
2026-09-29 20:28:44,97,144.4,144.4,11,,True,100.0
2026-09-29 20:28:46,97,144.4,144.4,11,,True,100.0
2026-09-29 20:28:48,97,144.4,144.4,11,,True,100.0
2026-09-29 20:28:50,97,144.4,144.4,11,,True,100.0
2026-09-29 20:28:52,97,144.4,144.4,11,,True,100.0
2026-09-29 20:28:54,97,144.4,144.4,11,,True,100.0
2026-09-29 20:28:56,97,144.4,144.4,11,,True,100.0
2026-09-29 20:28:58,97,144.4,144.4,11,,True,100.0
2026-09-29 20:29:00,97,144.4,144.4,11,,True,100.0
2026-09-29 20:29:02,97,144.4,144.4,11,,True,100.0
2026-09-29 20:29:04,97,144.4,144.4,11,,True,100.0
2026-09-29 20:29:06,97,144.4,144.4,11,,True,100.0
2026-09-29 20:29:08,97,144.4,144.4,11,,True,100.0
2026-09-29 20:29:10,97,144.4,144.4,11,,True,100.0
2026-09-29 20:29:12,97,144.4,144.4,11,,True,100.0
2026-09-29 20:29:14,97,144.4,144.4,11,,True,100.0
2026-09-29 20:29:16,97,144.4,144.4,11,,True,100.0
2026-09-29 20:29:18,93,144.4,130.0,11,,True,100.0
2026-09-29 20:29:19,93,144.4,130.0,11,,True,100.0
2026-09-29 20:29:21,93,144.4,130.0,11,,True,100.0
2026-09-29 20:29:23,93,144.4,144.4,11,,True,100.0
2026-09-29 20:29:25,93,144.4,144.4,11,,True,100.0
2026-09-29 20:29:27,93,144.4,144.4,11,,True,100.0
2026-09-29 20:29:29,93,144.4,144.4,11,,True,100.0
2026-09-29 20:29:31,93,144.4,144.4,11,,True,100.0
2026-09-29 20:29:33,93,144.4,144.4,11,,True,100.0
2026-09-29 20:29:35,93,144.4,144.4,11,,True,100.0
2026-09-29 20:29:37,93,144.4,144.4,11,,True,100.0
2026-09-29 20:29:39,93,144.4,144.4,11,,True,100.0
2026-09-29 20:29:41,93,144.4,144.4,11,,True,100.0
2026-09-29 20:29:43,93,144.4,144.4,11,,True,100.0
2026-09-29 20:29:45,93,144.4,144.4,11,,True,100.0
2026-09-29 20:29:47,93,144.4,144.4,11,,True,100.0
2026-09-29 20:29:49,93,144.4,144.4,11,,True,100.0
2026-09-29 20:29:51,93,144.4,144.4,11,,True,100.0
2026-09-29 20:29:53,93,144.4,144.4,11,,True,100.0
2026-09-29 20:29:55,93,144.4,144.4,11,,True,100.0
2026-09-29 20:29:57,93,144.4,144.4,11,,True,100.0
2026-09-29 20:29:59,93,144.4,144.4,11,,True,100.0
2026-09-29 20:30:01,93,144.4,144.4,11,,True,100.0
2026-09-29 20:30:03,93,144.4,144.4,11,,True,100.0
2026-09-29 20:30:05,93,144.4,144.4,11,,True,100.0
2026-09-29 20:30:07,93,144.4,144.4,11,,True,100.0
2026-09-29 20:30:09,93,144.4,144.4,11,,True,100.0
2026-09-29 20:30:11,93,144.4,144.4,11,,True,100.0
2026-09-29 20:30:13,93,144.4,144.4,11,,True,100.0
2026-09-29 20:30:15,93,144.4,144.4,11,,True,100.0
2026-09-29 20:30:17,93,144.4,144.4,11,,True,100.0
2026-09-29 20:30:19,93,144.4,144.4,11,,True,100.0
2026-09-29 20:30:21,93,144.4,144.4,11,,True,100.0
2026-09-29 20:30:23,93,144.4,144.4,11,,True,100.0
2026-09-29 20:30:25,93,144.4,144.4,11,,True,100.0
2026-09-29 20:30:27,93,144.4,144.4,11,,True,100.0
2026-09-29 20:30:29,93,144.4,144.4,11,,True,100.0
2026-09-29 20:30:31,93,144.4,144.4,11,,True,100.0
2026-09-29 20:30:33,93,144.4,144.4,11,,True,100.0
2026-09-29 20:30:35,93,144.4,144.4,11,,True,100.0
2026-09-29 20:30:37,93,144.4,144.4,11,,True,100.0
2026-09-29 20:30:39,93,144.4,144.4,11,,True,100.0
2026-09-29 20:30:41,93,144.4,144.4,11,,True,100.0
2026-09-29 20:30:43,93,144.4,144.4,11,,True,100.0
2026-09-29 20:30:45,93,144.4,144.4,11,,True,100.0
2026-09-29 20:30:47,93,144.4,144.4,11,,True,100.0
2026-09-29 20:30:49,93,144.4,144.4,11,,True,100.0
2026-09-29 20:30:51,93,144.4,144.4,11,,True,100.0
2026-09-29 20:30:53,93,144.4,144.4,11,,True,100.0
2026-09-29 20:30:55,93,144.4,144.4,11,,True,100.0
2026-09-29 20:30:57,93,144.4,144.4,11,,True,100.0
2026-09-29 20:30:59,93,144.4,144.4,11,,True,100.0
2026-09-29 20:31:01,95,144.4,130.0,11,,True,100.0
2026-09-29 20:31:03,95,144.4,144.4,11,,True,100.0
2026-09-29 20:31:05,95,144.4,144.4,11,,True,100.0
2026-09-29 20:31:07,95,144.4,144.4,11,,True,100.0
2026-09-29 20:31:09,96,144.4,78.0,11,,True,100.0
2026-09-29 20:31:11,96,144.4,78.0,11,,True,100.0
2026-09-29 20:31:13,96,144.4,144.4,11,,True,100.0
2026-09-29 20:31:15,96,144.4,144.4,11,,True,100.0
2026-09-29 20:31:17,96,144.4,144.4,11,,True,100.0
2026-09-29 20:31:19,96,144.4,117.0,11,,True,100.0
2026-09-29 20:31:20,96,144.4,117.0,11,,True,100.0
2026-09-29 20:31:22,96,144.4,117.0,11,,True,100.0
2026-09-29 20:31:24,96,144.4,117.0,11,,True,100.0
2026-09-29 20:31:26,96,144.4,117.0,11,,True,100.0
2026-09-29 20:31:28,90,144.4,130.0,11,,True,100.0
2026-09-29 20:31:30,90,144.4,130.0,11,,True,100.0
2026-09-29 20:31:32,90,144.4,130.0,11,,True,100.0
2026-09-29 20:31:34,90,144.4,144.4,11,,True,100.0
2026-09-29 20:31:36,90,144.4,144.4,11,,True,100.0
2026-09-29 20:31:38,90,144.4,144.4,11,,True,100.0
2026-09-29 20:31:40,90,144.4,144.4,11,,True,100.0
2026-09-29 20:31:42,90,144.4,144.4,11,,True,100.0
2026-09-29 20:31:44,90,144.4,144.4,11,,True,100.0
2026-09-29 20:31:46,90,144.4,144.4,11,,True,100.0
2026-09-29 20:31:48,90,144.4,144.4,11,,True,100.0
2026-09-29 20:31:50,90,144.4,144.4,11,,True,100.0
2026-09-29 20:31:52,90,144.4,144.4,11,,True,100.0
2026-09-29 20:31:54,90,144.4,144.4,11,,True,100.0
2026-09-29 20:31:56,90,144.4,144.4,11,,True,100.0
2026-09-29 20:31:58,90,144.4,144.4,11,,True,100.0
2026-09-29 20:32:00,90,144.4,144.4,11,,True,100.0
2026-09-29 20:32:02,90,144.4,144.4,11,,True,100.0
2026-09-29 20:32:04,90,144.4,144.4,11,,True,100.0
2026-09-29 20:32:06,90,144.4,144.4,11,,True,100.0
2026-09-29 20:32:08,90,144.4,144.4,11,,True,100.0
2026-09-29 20:32:10,90,144.4,144.4,11,,True,100.0
2026-09-29 20:32:12,90,144.4,144.4,11,,True,100.0
2026-09-29 20:32:14,90,144.4,144.4,11,,True,100.0
2026-09-29 20:32:16,90,144.4,144.4,11,,True,100.0
2026-09-29 20:32:18,90,144.4,144.4,11,,True,100.0
2026-09-29 20:32:20,90,144.4,144.4,11,,True,100.0
2026-09-29 20:32:22,90,144.4,144.4,11,,True,100.0
2026-09-29 20:32:24,90,144.4,144.4,11,,True,100.0
2026-09-29 20:32:26,90,144.4,144.4,11,,True,100.0
2026-09-29 20:32:28,90,144.4,144.4,11,,True,100.0
2026-09-29 20:32:30,90,144.4,144.4,11,,True,100.0
2026-09-29 20:32:32,90,144.4,144.4,11,,True,100.0
2026-09-29 20:32:34,90,144.4,144.4,11,,True,100.0
2026-09-29 20:32:36,90,144.4,144.4,11,,True,100.0
2026-09-29 20:32:38,90,144.4,144.4,11,,True,100.0
2026-09-29 20:32:40,90,144.4,144.4,11,,True,100.0
2026-09-29 20:32:42,90,144.4,144.4,11,,True,100.0
2026-09-29 20:32:44,90,144.4,144.4,11,,True,100.0
2026-09-29 20:32:46,90,144.4,144.4,11,,True,100.0
2026-09-29 20:32:48,90,144.4,144.4,11,,True,100.0
2026-09-29 20:32:50,90,144.4,144.4,11,,True,100.0
2026-09-29 20:32:52,90,144.4,144.4,11,,True,100.0
2026-09-29 20:32:54,90,144.4,144.4,11,,True,100.0
2026-09-29 20:32:56,90,144.4,144.4,11,,True,100.0
2026-09-29 20:32:58,90,144.4,144.4,11,,True,100.0
2026-09-29 20:33:00,90,144.4,144.4,11,,True,100.0
2026-09-29 20:33:02,90,144.4,144.4,11,,True,100.0
2026-09-29 20:33:04,90,144.4,144.4,11,,True,100.0
2026-09-29 20:33:06,90,144.4,144.4,11,,True,100.0
2026-09-29 20:33:08,90,144.4,144.4,11,,True,100.0
2026-09-29 20:33:10,90,144.4,144.4,11,,True,100.0
2026-09-29 20:33:12,90,144.4,144.4,11,,True,100.0
2026-09-29 20:33:14,90,144.4,144.4,11,,True,100.0
2026-09-29 20:33:16,90,144.4,144.4,11,,True,100.0
2026-09-29 20:33:18,90,144.4,144.4,11,,True,100.0
2026-09-29 20:33:20,90,144.4,144.4,11,,True,100.0
2026-09-29 20:33:22,90,144.4,144.4,11,,True,100.0
2026-09-29 20:33:24,90,144.4,144.4,11,,True,100.0
2026-09-29 20:33:26,90,144.4,144.4,11,,True,100.0
2026-09-29 20:33:28,90,144.4,144.4,11,,True,100.0
2026-09-29 20:33:30,90,144.4,144.4,11,,True,100.0
2026-09-29 20:33:32,90,144.4,144.4,11,,True,100.0
2026-09-29 20:33:34,90,144.4,144.4,11,,True,100.0
2026-09-29 20:33:36,90,144.4,144.4,11,,True,100.0
2026-09-29 20:33:38,90,144.4,144.4,11,,True,100.0
2026-09-29 20:33:40,90,144.4,144.4,11,,True,100.0
2026-09-29 20:33:42,90,144.4,144.4,11,,True,100.0
2026-09-29 20:33:44,90,144.4,144.4,11,,True,100.0
2026-09-29 20:33:45,90,144.4,144.4,11,,True,100.0
2026-09-29 20:33:47,90,144.4,144.4,11,,True,100.0
2026-09-29 20:33:49,90,144.4,144.4,11,,True,100.0
2026-09-29 20:33:51,90,144.4,144.4,11,,True,100.0
2026-09-29 20:33:53,90,144.4,144.4,11,,True,100.0
2026-09-29 20:33:55,90,144.4,144.4,11,,True,100.0
2026-09-29 20:33:57,90,144.4,144.4,11,,True,100.0
2026-09-29 20:33:59,90,144.4,144.4,11,,True,100.0
2026-09-29 20:34:01,90,144.4,144.4,11,,True,100.0
2026-09-29 20:34:03,90,144.4,144.4,11,,True,100.0
2026-09-29 20:34:05,90,144.4,144.4,11,,True,100.0
2026-09-29 20:34:07,90,144.4,144.4,11,,True,100.0
2026-09-29 20:34:09,90,144.4,144.4,11,,True,100.0
2026-09-29 20:34:11,90,144.4,144.4,11,,True,100.0
2026-09-29 20:34:13,90,144.4,144.4,11,,True,100.0
2026-09-29 20:34:15,90,144.4,144.4,11,,True,100.0
2026-09-29 20:34:17,90,144.4,144.4,11,,True,100.0
2026-09-29 20:34:19,90,144.4,144.4,11,,True,100.0
2026-09-29 20:34:21,90,144.4,144.4,11,,True,100.0
2026-09-29 20:34:23,90,144.4,144.4,11,,True,100.0
2026-09-29 20:34:25,90,144.4,144.4,11,,True,100.0
2026-09-29 20:34:27,90,144.4,144.4,11,,True,100.0
2026-09-29 20:34:29,90,144.4,144.4,11,,True,100.0
2026-09-29 20:34:31,90,144.4,144.4,11,,True,100.0
2026-09-29 20:34:33,90,144.4,144.4,11,,True,100.0
2026-09-29 20:34:35,90,144.4,144.4,11,,True,100.0
2026-09-29 20:34:37,90,144.4,144.4,11,,True,100.0
2026-09-29 20:34:39,90,144.4,144.4,11,,True,100.0
2026-09-29 20:34:41,90,144.4,144.4,11,,True,100.0
2026-09-29 20:34:43,90,144.4,144.4,11,,True,100.0
2026-09-29 20:34:45,90,144.4,144.4,11,,True,100.0
2026-09-29 20:34:47,90,144.4,144.4,11,,True,100.0
2026-09-29 20:34:49,93,144.4,130.0,11,,True,100.0
2026-09-29 20:34:51,93,144.4,144.4,11,,True,100.0
2026-09-29 20:34:53,93,144.4,144.4,11,,True,100.0
2026-09-29 20:34:55,93,144.4,144.4,11,,True,100.0
2026-09-29 20:34:57,93,144.4,144.4,11,,True,100.0
2026-09-29 20:34:59,93,144.4,144.4,11,,True,100.0
2026-09-29 20:35:01,93,144.4,144.4,11,,True,100.0
2026-09-29 20:35:03,93,144.4,144.4,11,,True,100.0
2026-09-29 20:35:05,93,144.4,144.4,11,,True,100.0
2026-09-29 20:35:07,93,144.4,144.4,11,,True,100.0
2026-09-29 20:35:09,93,144.4,144.4,11,,True,100.0
2026-09-29 20:35:11,93,144.4,144.4,11,,True,100.0
2026-09-29 20:35:13,93,144.4,144.4,11,,True,100.0
2026-09-29 20:35:15,93,144.4,144.4,11,,True,100.0
2026-09-29 20:35:17,93,144.4,144.4,11,,True,100.0
2026-09-29 20:35:19,93,144.4,144.4,11,,True,100.0
2026-09-29 20:35:21,93,144.4,144.4,11,,True,100.0
2026-09-29 20:35:23,93,144.4,144.4,11,,True,100.0
2026-09-29 20:35:25,93,144.4,144.4,11,,True,100.0
2026-09-29 20:35:27,93,144.4,144.4,11,,True,100.0
2026-09-29 20:35:29,93,144.4,144.4,11,,True,100.0
2026-09-29 20:35:31,93,144.4,144.4,11,,True,100.0
2026-09-29 20:35:33,93,144.4,144.4,11,,True,100.0
2026-09-29 20:35:35,93,144.4,144.4,11,,True,100.0
2026-09-29 20:35:37,93,144.4,144.4,11,,True,100.0
2026-09-29 20:35:39,93,144.4,144.4,11,,True,100.0
2026-09-29 20:35:41,92,144.4,117.0,11,,True,100.0
2026-09-29 20:35:43,92,144.4,144.4,11,,True,100.0
2026-09-29 20:35:45,92,144.4,144.4,11,,True,100.0
2026-09-29 20:35:47,92,144.4,144.4,11,,True,100.0
2026-09-29 20:35:49,92,144.4,144.4,11,,True,100.0
2026-09-29 20:35:51,92,144.4,144.4,11,,True,100.0
2026-09-29 20:35:53,92,144.4,144.4,11,,True,100.0
2026-09-29 20:35:55,92,144.4,144.4,11,,True,100.0
2026-09-29 20:35:57,92,144.4,144.4,11,,True,100.0
2026-09-29 20:35:58,92,144.4,144.4,11,,True,100.0
2026-09-29 20:36:00,92,144.4,144.4,11,,True,100.0
2026-09-29 20:36:02,92,144.4,144.4,11,,True,100.0
2026-09-29 20:36:04,92,144.4,144.4,11,,True,100.0
2026-09-29 20:36:06,92,144.4,144.4,11,,True,100.0
2026-09-29 20:36:08,92,144.4,144.4,11,,True,100.0
2026-09-29 20:36:10,92,144.4,144.4,11,,True,100.0
2026-09-29 20:36:12,92,144.4,144.4,11,,True,100.0
2026-09-29 20:36:14,92,144.4,144.4,11,,True,100.0
2026-09-29 20:36:16,92,144.4,144.4,11,,True,100.0
2026-09-29 20:36:18,92,144.4,144.4,11,,True,100.0
2026-09-29 20:36:20,92,144.4,144.4,11,,True,100.0
2026-09-29 20:36:22,92,144.4,144.4,11,,True,100.0
2026-09-29 20:36:24,92,144.4,144.4,11,,True,100.0
2026-09-29 20:36:26,92,144.4,144.4,11,,True,100.0
2026-09-29 20:36:28,92,144.4,144.4,11,,True,100.0
2026-09-29 20:36:30,92,144.4,144.4,11,,True,100.0
2026-09-29 20:36:32,92,144.4,144.4,11,,True,100.0
2026-09-29 20:36:34,92,144.4,144.4,11,,True,100.0
2026-09-29 20:36:36,92,144.4,144.4,11,,True,100.0
2026-09-29 20:36:38,92,144.4,144.4,11,,True,100.0
2026-09-29 20:36:40,92,144.4,144.4,11,,True,100.0
2026-09-29 20:36:42,92,144.4,144.4,11,,True,100.0
2026-09-29 20:36:44,92,144.4,144.4,11,,True,100.0
2026-09-29 20:36:46,92,144.4,144.4,11,,True,100.0
2026-09-29 20:36:47,92,144.4,144.4,11,,True,100.0
2026-09-29 20:36:49,92,144.4,144.4,11,,True,100.0
2026-09-29 20:36:51,92,144.4,144.4,11,,True,100.0
2026-09-29 20:36:53,92,144.4,144.4,11,,True,100.0
2026-09-29 20:36:55,92,144.4,144.4,11,,True,100.0
2026-09-29 20:36:57,92,144.4,144.4,11,,True,100.0
2026-09-29 20:36:59,92,144.4,144.4,11,,True,100.0
2026-09-29 20:37:01,92,144.4,144.4,11,,True,100.0
2026-09-29 20:37:03,92,144.4,144.4,11,,True,100.0
2026-09-29 20:37:05,92,144.4,144.4,11,,True,100.0
2026-09-29 20:37:07,92,144.4,144.4,11,,True,100.0
2026-09-29 20:37:09,92,144.4,144.4,11,,True,100.0
2026-09-29 20:37:11,92,144.4,144.4,11,,True,100.0
2026-09-29 20:37:13,92,144.4,144.4,11,,True,100.0
2026-09-29 20:37:15,92,144.4,144.4,11,,True,100.0
2026-09-29 20:37:17,92,144.4,144.4,11,,True,100.0
2026-09-29 20:37:19,92,144.4,144.4,11,,True,100.0
2026-09-29 20:37:21,92,144.4,144.4,11,,True,100.0
2026-09-29 20:37:23,92,144.4,144.4,11,,True,100.0
2026-09-29 20:37:25,92,144.4,144.4,11,,True,100.0
2026-09-29 20:37:27,92,144.4,144.4,11,,True,100.0
2026-09-29 20:37:29,92,144.4,144.4,11,,True,100.0
2026-09-29 20:37:31,92,144.4,144.4,11,,True,100.0
2026-09-29 20:37:33,92,144.4,144.4,11,,True,100.0
2026-09-29 20:37:35,92,144.4,144.4,11,,True,100.0
2026-09-29 20:37:37,92,144.4,144.4,11,,True,100.0
2026-09-29 20:37:39,92,144.4,144.4,11,,True,100.0
2026-09-29 20:37:41,92,144.4,144.4,11,,True,100.0
2026-09-29 20:37:43,92,144.4,144.4,11,,True,100.0
2026-09-29 20:37:45,92,144.4,144.4,11,,True,100.0
2026-09-29 20:37:47,92,144.4,144.4,11,,True,100.0
2026-09-29 20:37:49,92,144.4,144.4,11,,True,100.0
2026-09-29 20:37:51,92,144.4,144.4,11,,True,100.0
2026-09-29 20:37:53,92,144.4,144.4,11,,True,100.0
2026-09-29 20:37:55,92,144.4,144.4,11,,True,100.0
2026-09-29 20:37:57,92,144.4,144.4,11,,True,100.0
2026-09-29 20:37:59,92,144.4,144.4,11,,True,100.0
2026-09-29 20:38:01,92,144.4,144.4,11,,True,100.0
2026-09-29 20:38:03,92,144.4,144.4,11,,True,100.0
2026-09-29 20:38:05,92,144.4,144.4,11,,True,100.0
2026-09-29 20:38:07,92,144.4,144.4,11,,True,100.0
2026-09-29 20:38:09,92,144.4,144.4,11,,True,100.0
2026-09-29 20:38:11,92,144.4,144.4,11,,True,100.0
2026-09-29 20:38:12,92,144.4,144.4,11,,True,100.0
2026-09-29 20:38:14,92,144.4,144.4,11,,True,100.0
2026-09-29 20:38:16,92,144.4,144.4,11,,True,100.0
2026-09-29 20:38:18,92,144.4,144.4,11,,True,100.0
2026-09-29 20:38:20,92,144.4,144.4,11,,True,100.0
2026-09-29 20:38:22,92,144.4,144.4,11,,True,100.0
2026-09-29 20:38:24,92,144.4,144.4,11,,True,100.0
2026-09-29 20:38:26,92,144.4,144.4,11,,True,100.0
2026-09-29 20:38:28,92,144.4,144.4,11,,True,100.0
2026-09-29 20:38:30,92,144.4,144.4,11,,True,100.0
2026-09-29 20:38:32,92,144.4,144.4,11,,True,100.0
2026-09-29 20:38:34,92,144.4,144.4,11,,True,100.0
2026-09-29 20:38:36,92,144.4,144.4,11,,True,100.0
2026-09-29 20:38:38,92,144.4,144.4,11,,True,100.0
2026-09-29 20:38:40,92,144.4,144.4,11,,True,100.0
2026-09-29 20:38:42,92,144.4,144.4,11,,True,100.0
2026-09-29 20:38:44,92,144.4,144.4,11,,True,100.0
2026-09-29 20:38:46,92,144.4,144.4,11,,True,100.0
2026-09-29 20:38:48,92,144.4,144.4,11,,True,100.0
2026-09-29 20:38:50,92,144.4,144.4,11,,True,100.0
2026-09-29 20:38:52,92,144.4,144.4,11,,True,100.0
2026-09-29 20:38:54,92,144.4,144.4,11,,True,100.0
2026-09-29 20:38:56,92,144.4,144.4,11,,True,100.0
2026-09-29 20:38:58,92,144.4,144.4,11,,True,100.0
2026-09-29 20:39:00,92,144.4,144.4,11,,True,100.0
2026-09-29 20:39:02,92,144.4,144.4,11,,True,100.0
2026-09-29 20:39:04,92,144.4,144.4,11,,True,100.0
2026-09-29 20:39:06,92,144.4,144.4,11,,True,100.0
2026-09-29 20:39:08,92,144.4,144.4,11,,True,100.0
2026-09-29 20:39:10,92,144.4,144.4,11,,True,100.0
2026-09-29 20:39:12,92,144.4,144.4,11,,True,100.0
2026-09-29 20:39:14,92,144.4,144.4,11,,True,100.0
2026-09-29 20:39:16,92,144.4,144.4,11,,True,100.0
2026-09-29 20:39:18,92,144.4,144.4,11,,True,100.0
2026-09-29 20:39:20,92,144.4,144.4,11,,True,100.0
2026-09-29 20:39:22,92,144.4,144.4,11,,True,100.0
2026-09-29 20:39:24,92,144.4,144.4,11,,True,100.0
2026-09-29 20:39:26,92,144.4,144.4,11,,True,100.0
2026-09-29 20:39:28,92,144.4,144.4,11,,True,100.0
2026-09-29 20:39:30,92,144.4,144.4,11,,True,100.0
2026-09-29 20:39:32,92,144.4,144.4,11,,True,100.0
2026-09-29 20:39:34,92,144.4,144.4,11,,True,100.0
2026-09-29 20:39:36,92,144.4,144.4,11,,True,100.0
2026-09-29 20:39:38,92,144.4,144.4,11,,True,100.0
2026-09-29 20:39:40,92,144.4,144.4,11,,True,100.0
2026-09-29 20:39:42,93,144.4,117.0,11,,True,100.0
2026-09-29 20:39:44,93,144.4,117.0,11,,True,100.0
2026-09-29 20:39:46,93,144.4,144.4,11,,True,100.0
2026-09-29 20:39:48,93,144.4,144.4,11,,True,100.0
2026-09-29 20:39:50,93,144.4,144.4,11,,True,100.0
2026-09-29 20:39:52,93,144.4,144.4,11,,True,100.0
2026-09-29 20:39:54,93,144.4,144.4,11,,True,100.0
2026-09-29 20:39:56,93,144.4,144.4,11,,True,100.0
2026-09-29 20:39:58,93,144.4,144.4,11,,True,100.0
2026-09-29 20:40:00,93,144.4,144.4,11,,True,100.0
2026-09-29 20:40:02,93,144.4,144.4,11,,True,100.0
2026-09-29 20:40:04,93,144.4,144.4,11,,True,100.0
2026-09-29 20:40:06,93,144.4,144.4,11,,True,100.0
2026-09-29 20:40:08,93,144.4,144.4,11,,True,100.0
2026-09-29 20:40:10,93,144.4,144.4,11,,True,100.0
2026-09-29 20:40:12,93,144.4,144.4,11,,True,100.0
2026-09-29 20:40:14,93,144.4,144.4,11,,True,100.0
2026-09-29 20:40:16,93,144.4,144.4,11,,True,100.0
2026-09-29 20:40:18,93,144.4,144.4,11,,True,100.0
2026-09-29 20:40:20,93,144.4,144.4,11,,True,100.0
2026-09-29 20:40:22,93,144.4,144.4,11,,True,100.0
2026-09-29 20:40:24,93,144.4,144.4,11,,True,100.0
2026-09-29 20:40:26,93,144.4,144.4,11,,True,100.0
2026-09-29 20:40:28,93,144.4,144.4,11,,True,100.0
2026-09-29 20:40:30,93,144.4,144.4,11,,True,100.0
2026-09-29 20:40:32,93,144.4,144.4,11,,True,100.0
2026-09-29 20:40:34,93,144.4,144.4,11,,True,100.0
2026-09-29 20:40:36,93,144.4,144.4,11,,True,100.0
2026-09-29 20:40:38,93,144.4,144.4,11,,True,100.0
2026-09-29 20:40:40,93,144.4,144.4,11,,True,100.0
2026-09-29 20:40:42,93,144.4,144.4,11,,True,100.0
2026-09-29 20:40:44,93,144.4,144.4,11,,True,100.0
2026-09-29 20:40:46,93,144.4,144.4,11,,True,100.0
2026-09-29 20:40:48,93,144.4,144.4,11,,True,100.0
2026-09-29 20:40:50,93,144.4,144.4,11,,True,100.0
2026-09-29 20:40:52,93,144.4,144.4,11,,True,100.0
2026-09-29 20:40:54,93,144.4,144.4,11,,True,100.0
2026-09-29 20:40:55,93,144.4,144.4,11,,True,100.0
2026-09-29 20:40:57,93,144.4,144.4,11,,True,100.0
2026-09-29 20:40:59,96,144.4,130.0,11,,True,100.0
2026-09-29 20:41:01,96,144.4,144.4,11,,True,100.0
2026-09-29 20:41:03,96,144.4,144.4,11,,True,100.0
2026-09-29 20:41:05,96,144.4,144.4,11,,True,100.0
2026-09-29 20:41:07,96,144.4,144.4,11,,True,100.0
2026-09-29 20:41:09,96,144.4,144.4,11,,True,100.0
2026-09-29 20:41:11,96,144.4,144.4,11,,True,100.0
2026-09-29 20:41:13,96,144.4,144.4,11,,True,100.0
2026-09-29 20:41:15,96,144.4,144.4,11,,True,100.0
2026-09-29 20:41:17,96,144.4,144.4,11,,True,100.0
2026-09-29 20:41:19,96,144.4,144.4,11,,True,100.0
2026-09-29 20:41:21,96,144.4,144.4,11,,True,100.0
2026-09-29 20:41:23,96,144.4,144.4,11,,True,100.0
2026-09-29 20:41:25,96,144.4,144.4,11,,True,100.0
2026-09-29 20:41:27,96,144.4,144.4,11,,True,100.0
2026-09-29 20:41:29,96,144.4,144.4,11,,True,100.0
2026-09-29 20:41:31,96,144.4,144.4,11,,True,100.0
2026-09-29 20:41:33,96,144.4,144.4,11,,True,100.0
2026-09-29 20:41:35,96,144.4,144.4,11,,True,100.0
2026-09-29 20:41:37,96,144.4,144.4,11,,True,100.0
2026-09-29 20:41:39,96,144.4,144.4,11,,True,100.0
2026-09-29 20:41:41,96,144.4,144.4,11,,True,100.0
2026-09-29 20:41:43,96,144.4,144.4,11,,True,100.0
2026-09-29 20:41:45,96,144.4,144.4,11,,True,100.0
2026-09-29 20:41:47,96,144.4,144.4,11,,True,100.0
2026-09-29 20:41:49,96,144.4,144.4,11,,True,100.0
2026-09-29 20:41:51,96,144.4,144.4,11,,True,100.0
2026-09-29 20:41:53,96,144.4,144.4,11,,True,100.0
2026-09-29 20:41:55,96,144.4,144.4,11,,True,100.0
2026-09-29 20:41:57,96,144.4,144.4,11,,True,100.0
2026-09-29 20:41:59,96,144.4,144.4,11,,True,100.0
2026-09-29 20:42:01,96,144.4,144.4,11,,True,100.0
2026-09-29 20:42:03,96,144.4,144.4,11,,True,100.0
2026-09-29 20:42:05,96,144.4,144.4,11,,True,100.0
2026-09-29 20:42:07,96,144.4,144.4,11,,True,100.0
2026-09-29 20:42:09,96,144.4,144.4,11,,True,100.0
2026-09-29 20:42:11,96,144.4,144.4,11,,True,100.0
2026-09-29 20:42:13,96,144.4,144.4,11,,True,100.0
2026-09-29 20:42:15,96,144.4,144.4,11,,True,100.0
2026-09-29 20:42:17,96,144.4,144.4,11,,True,100.0
2026-09-29 20:42:19,96,144.4,144.4,11,,True,100.0
2026-09-29 20:42:21,96,144.4,144.4,11,,True,100.0
2026-09-29 20:42:23,96,144.4,144.4,11,,True,100.0
2026-09-29 20:42:25,96,144.4,144.4,11,,True,100.0
2026-09-29 20:42:27,96,144.4,144.4,11,,True,100.0
2026-09-29 20:42:29,96,144.4,144.4,11,,True,100.0
2026-09-29 20:42:31,96,144.4,144.4,11,,True,100.0
2026-09-29 20:42:33,96,144.4,144.4,11,,True,100.0
2026-09-29 20:42:35,96,144.4,144.4,11,,True,100.0
2026-09-29 20:42:37,96,144.4,144.4,11,,True,100.0
2026-09-29 20:42:39,96,144.4,144.4,11,,True,100.0
2026-09-29 20:42:41,96,144.4,144.4,11,,True,100.0
2026-09-29 20:42:43,96,144.4,144.4,11,,True,100.0
2026-09-29 20:42:45,96,144.4,144.4,11,,True,100.0
2026-09-29 20:42:47,96,144.4,144.4,11,,True,100.0
2026-09-29 20:42:49,96,144.4,144.4,11,,True,100.0
2026-09-29 20:42:51,96,144.4,144.4,11,,True,100.0
2026-09-29 20:42:53,98,72.2,144.4,11,,True,100.0
2026-09-29 20:42:55,97,72.2,144.4,11,,True,100.0
2026-09-29 20:42:57,97,72.2,144.4,11,,True,100.0
2026-09-29 20:42:59,97,72.2,144.4,11,,True,100.0
2026-09-29 20:43:01,97,72.2,144.4,11,,True,100.0
2026-09-29 20:43:03,97,72.2,144.4,11,,True,100.0
2026-09-29 20:43:05,97,72.2,144.4,11,,True,100.0
2026-09-29 20:43:07,97,72.2,144.4,11,,True,100.0
2026-09-29 20:43:09,97,72.2,144.4,11,,True,100.0
2026-09-29 20:43:11,97,72.2,144.4,11,,True,100.0
2026-09-29 20:43:13,97,72.2,144.4,11,,True,100.0
2026-09-29 20:43:15,97,72.2,144.4,11,,True,100.0
2026-09-29 20:43:17,97,72.2,144.4,11,,True,100.0
2026-09-29 20:43:19,97,72.2,144.4,11,,True,100.0
2026-09-29 20:43:21,97,72.2,144.4,11,,True,100.0
2026-09-29 20:43:23,97,72.2,144.4,11,,True,100.0
2026-09-29 20:43:25,97,72.2,144.4,11,,True,100.0
2026-09-29 20:43:26,97,72.2,144.4,11,,True,100.0
2026-09-29 20:43:28,97,72.2,144.4,11,,True,100.0
2026-09-29 20:43:30,97,72.2,144.4,11,,True,100.0
2026-09-29 20:43:32,97,72.2,144.4,11,,True,100.0
2026-09-29 20:43:34,97,72.2,144.4,11,,True,100.0
2026-09-29 20:43:36,97,72.2,144.4,11,,True,100.0
2026-09-29 20:43:38,97,72.2,144.4,11,,True,100.0
2026-09-29 20:43:40,97,72.2,144.4,11,,True,100.0
2026-09-29 20:43:42,97,72.2,144.4,11,,True,100.0
2026-09-29 20:43:44,97,72.2,144.4,11,,True,100.0
2026-09-29 20:43:46,97,72.2,144.4,11,,True,100.0
2026-09-29 20:43:48,97,72.2,144.4,11,,True,100.0
2026-09-29 20:43:50,97,72.2,144.4,11,,True,100.0
2026-09-29 20:43:52,97,72.2,144.4,11,,True,100.0
2026-09-29 20:43:54,97,72.2,144.4,11,,True,100.0
2026-09-29 20:43:56,97,72.2,144.4,11,,True,100.0
2026-09-29 20:43:58,97,72.2,144.4,11,,True,100.0
2026-09-29 20:44:00,97,72.2,144.4,11,,True,100.0
2026-09-29 20:44:02,97,72.2,144.4,11,,True,100.0
2026-09-29 20:44:04,97,72.2,144.4,11,,True,100.0
2026-09-29 20:44:06,97,72.2,144.4,11,,True,100.0
2026-09-29 20:44:08,97,72.2,144.4,11,,True,100.0
2026-09-29 20:44:10,97,72.2,144.4,11,,True,100.0
2026-09-29 20:44:12,97,72.2,144.4,11,,True,100.0
2026-09-29 20:44:14,97,72.2,144.4,11,,True,100.0
2026-09-29 20:44:16,97,72.2,144.4,11,,True,100.0
2026-09-29 20:44:18,97,72.2,144.4,11,,True,100.0
2026-09-29 20:44:20,97,72.2,144.4,11,,True,100.0
2026-09-29 20:44:22,97,72.2,144.4,11,,True,100.0
2026-09-29 20:44:24,97,72.2,144.4,11,,True,100.0
2026-09-29 20:44:26,97,72.2,144.4,11,,True,100.0
2026-09-29 20:44:28,95,144.4,144.4,11,,True,100.0
2026-09-29 20:44:30,95,144.4,144.4,11,,True,100.0
2026-09-29 20:44:32,95,144.4,144.4,11,,True,100.0
2026-09-29 20:44:34,95,144.4,144.4,11,,True,100.0
2026-09-29 20:44:36,95,144.4,144.4,11,,True,100.0
2026-09-29 20:44:38,95,144.4,144.4,11,,True,100.0
2026-09-29 20:44:40,95,144.4,144.4,11,,True,100.0
2026-09-29 20:44:42,95,144.4,144.4,11,,True,100.0
2026-09-29 20:44:44,95,144.4,144.4,11,,True,100.0
2026-09-29 20:44:46,95,144.4,144.4,11,,True,100.0
2026-09-29 20:44:48,95,144.4,144.4,11,,True,100.0
2026-09-29 20:44:50,95,144.4,144.4,11,,True,100.0
2026-09-29 20:44:52,95,144.4,144.4,11,,True,100.0
2026-09-29 20:44:54,95,144.4,144.4,11,,True,100.0
2026-09-29 20:44:56,95,144.4,144.4,11,,True,100.0
2026-09-29 20:44:58,95,144.4,144.4,11,,True,100.0
2026-09-29 20:45:00,95,144.4,144.4,11,,True,100.0
2026-09-29 20:45:02,95,144.4,144.4,11,,True,100.0
2026-09-29 20:45:04,95,144.4,144.4,11,,True,100.0
2026-09-29 20:45:06,95,144.4,144.4,11,,True,100.0
2026-09-29 20:45:08,95,144.4,144.4,11,,True,100.0
2026-09-29 20:45:10,95,144.4,144.4,11,,True,100.0
2026-09-29 20:45:12,95,144.4,144.4,11,,True,100.0
2026-09-29 20:45:14,95,144.4,144.4,11,,True,100.0
2026-09-29 20:45:16,95,144.4,144.4,11,,True,100.0
2026-09-29 20:45:18,95,144.4,144.4,11,,True,100.0
2026-09-29 20:45:20,95,144.4,144.4,11,,True,100.0
2026-09-29 20:45:22,95,144.4,144.4,11,,True,100.0
2026-09-29 20:45:24,95,144.4,144.4,11,,True,100.0
2026-09-29 20:45:26,95,144.4,144.4,11,,True,100.0
2026-09-29 20:45:28,95,144.4,144.4,11,,True,100.0
2026-09-29 20:45:30,95,144.4,144.4,11,,True,100.0
2026-09-29 20:45:32,95,144.4,144.4,11,,True,100.0
2026-09-29 20:45:34,95,144.4,144.4,11,,True,100.0
2026-09-29 20:45:36,95,144.4,144.4,11,,True,100.0
2026-09-29 20:45:38,95,144.4,144.4,11,,True,100.0
2026-09-29 20:45:40,95,144.4,144.4,11,,True,100.0
2026-09-29 20:45:42,95,144.4,144.4,11,,True,100.0
2026-09-29 20:45:44,95,144.4,144.4,11,,True,100.0
2026-09-29 20:45:46,95,144.4,144.4,11,,True,100.0
2026-09-29 20:45:48,95,144.4,144.4,11,,True,100.0
2026-09-29 20:45:50,95,144.4,144.4,11,,True,100.0
2026-09-29 20:45:52,95,144.4,144.4,11,,True,100.0
2026-09-29 20:45:54,95,144.4,144.4,11,,True,100.0
2026-09-29 20:45:56,95,144.4,144.4,11,,True,100.0
2026-09-29 20:45:58,95,144.4,144.4,11,,True,100.0
2026-09-29 20:46:00,95,144.4,144.4,11,,True,100.0
2026-09-29 20:46:02,94,144.4,117.0,11,,True,100.0
2026-09-29 20:46:04,94,144.4,144.4,11,,True,100.0
2026-09-29 20:46:06,94,144.4,144.4,11,,True,100.0
2026-09-29 20:46:08,94,144.4,144.4,11,,True,100.0
2026-09-29 20:46:10,94,144.4,144.4,11,,True,100.0
2026-09-29 20:46:12,94,144.4,144.4,11,,True,100.0
2026-09-29 20:46:14,94,144.4,144.4,11,,True,100.0
2026-09-29 20:46:16,94,144.4,144.4,11,,True,100.0
2026-09-29 20:46:17,94,144.4,144.4,11,,True,100.0
2026-09-29 20:46:19,94,144.4,144.4,11,,True,100.0
2026-09-29 20:46:21,94,144.4,144.4,11,,True,100.0
2026-09-29 20:46:23,94,144.4,144.4,11,,True,100.0
2026-09-29 20:46:25,94,144.4,144.4,11,,True,100.0
2026-09-29 20:46:27,94,144.4,144.4,11,,True,100.0
2026-09-29 20:46:29,94,144.4,117.0,11,,True,100.0
2026-09-29 20:46:31,94,144.4,117.0,11,,True,100.0
2026-09-29 20:46:33,94,144.4,144.4,11,,True,100.0
2026-09-29 20:46:35,94,144.4,144.4,11,,True,100.0
2026-09-29 20:46:38,94,144.4,144.4,11,,True,100.0
2026-09-29 20:46:40,94,144.4,144.4,11,,True,100.0
2026-09-29 20:46:41,94,144.4,144.4,11,,True,100.0
2026-09-29 20:46:43,94,144.4,144.4,11,,True,100.0
2026-09-29 20:46:45,94,144.4,144.4,11,,True,100.0
2026-09-29 20:46:47,94,144.4,144.4,11,,True,100.0
2026-09-29 20:46:49,94,144.4,144.4,11,,True,100.0
2026-09-29 20:46:51,94,144.4,144.4,11,,True,100.0
2026-09-29 20:46:53,94,144.4,144.4,11,,True,100.0
2026-09-29 20:46:55,94,144.4,144.4,11,,True,100.0
2026-09-29 20:46:57,94,144.4,144.4,11,,True,100.0
2026-09-29 20:46:59,94,144.4,144.4,11,,True,100.0
2026-09-29 20:47:01,94,144.4,144.4,11,,True,100.0
2026-09-29 20:47:03,94,144.4,144.4,11,,True,100.0
2026-09-29 20:47:05,94,144.4,144.4,11,,True,100.0
2026-09-29 20:47:07,94,144.4,144.4,11,,True,100.0
2026-09-29 20:47:09,94,144.4,144.4,11,,True,100.0
2026-09-29 20:47:11,94,144.4,144.4,11,,True,100.0
2026-09-29 20:47:13,94,144.4,144.4,11,,True,100.0
2026-09-29 20:47:15,94,144.4,144.4,11,,True,100.0
2026-09-29 20:47:17,94,144.4,144.4,11,,True,100.0
2026-09-29 20:47:19,94,144.4,144.4,11,,True,100.0
2026-09-29 20:47:21,94,144.4,144.4,11,,True,100.0
2026-09-29 20:47:23,94,144.4,144.4,11,,True,100.0
2026-09-29 20:47:25,94,144.4,144.4,11,,True,100.0
2026-09-29 20:47:27,94,144.4,144.4,11,,True,100.0
2026-09-29 20:47:29,94,144.4,144.4,11,,True,100.0
2026-09-29 20:47:31,94,144.4,144.4,11,,True,100.0
2026-09-29 20:47:33,94,144.4,144.4,11,,True,100.0
2026-09-29 20:47:35,94,144.4,144.4,11,,True,100.0
2026-09-29 20:47:37,94,144.4,144.4,11,,True,100.0
2026-09-29 20:47:39,94,144.4,144.4,11,,True,100.0
2026-09-29 20:47:41,94,144.4,144.4,11,,True,100.0
2026-09-29 20:47:43,94,144.4,144.4,11,,True,100.0
2026-09-29 20:47:45,94,144.4,144.4,11,,True,100.0
2026-09-29 20:47:47,94,144.4,144.4,11,,True,100.0
2026-09-29 20:47:49,94,144.4,144.4,11,,True,100.0
2026-09-29 20:47:51,94,144.4,144.4,11,,True,100.0
2026-09-29 20:47:53,94,144.4,144.4,11,,True,100.0
2026-09-29 20:47:55,94,144.4,144.4,11,,True,100.0
2026-09-29 20:47:57,94,144.4,144.4,11,,True,100.0
2026-09-29 20:47:59,94,144.4,144.4,11,,True,100.0
2026-09-29 20:48:00,94,144.4,144.4,11,,True,100.0
2026-09-29 20:48:02,94,144.4,144.4,11,,True,100.0
2026-09-29 20:48:04,94,144.4,144.4,11,,True,100.0
2026-09-29 20:48:06,94,144.4,144.4,11,,True,100.0
2026-09-29 20:48:08,94,144.4,144.4,11,,True,100.0
2026-09-29 20:48:10,94,144.4,144.4,11,,True,100.0
2026-09-29 20:48:12,94,144.4,144.4,11,,True,100.0
2026-09-29 20:48:14,94,144.4,144.4,11,,True,100.0
2026-09-29 20:48:16,94,144.4,144.4,11,,True,100.0
2026-09-29 20:48:18,94,144.4,144.4,11,,True,100.0
2026-09-29 20:48:20,94,144.4,144.4,11,,True,100.0
2026-09-29 20:48:22,94,144.4,144.4,11,,True,100.0
2026-09-29 20:48:24,94,144.4,144.4,11,,True,100.0
2026-09-29 20:48:26,94,144.4,144.4,11,,True,100.0
2026-09-29 20:48:28,94,144.4,144.4,11,,True,100.0
2026-09-29 20:48:30,94,144.4,144.4,11,,True,100.0
2026-09-29 20:48:32,94,144.4,144.4,11,,True,100.0
2026-09-29 20:48:34,94,144.4,144.4,11,,True,100.0
2026-09-29 20:48:36,94,144.4,144.4,11,,True,100.0
2026-09-29 20:48:38,94,144.4,144.4,11,,True,100.0
2026-09-29 20:48:40,94,144.4,144.4,11,,True,100.0
2026-09-29 20:48:42,94,144.4,144.4,11,,True,100.0
2026-09-29 20:48:44,94,144.4,144.4,11,,True,100.0
2026-09-29 20:48:46,94,144.4,144.4,11,,True,100.0
2026-09-29 20:48:48,94,144.4,144.4,11,,True,100.0
2026-09-29 20:48:50,94,144.4,144.4,11,,True,100.0
2026-09-29 20:48:52,94,144.4,144.4,11,,True,100.0
2026-09-29 20:48:54,94,144.4,144.4,11,,True,100.0
2026-09-29 20:48:56,94,144.4,144.4,11,,True,100.0
2026-09-29 20:48:58,94,144.4,144.4,11,,True,100.0
2026-09-29 20:49:00,94,144.4,144.4,11,,True,100.0
2026-09-29 20:49:02,94,144.4,144.4,11,,True,100.0
2026-09-29 20:49:04,94,144.4,144.4,11,,True,100.0
2026-09-29 20:49:06,94,144.4,144.4,11,,True,100.0
2026-09-29 20:49:08,92,144.4,117.0,11,,True,100.0
2026-09-29 20:49:10,92,144.4,117.0,11,,True,100.0
2026-09-29 20:49:12,92,144.4,117.0,11,,True,100.0
2026-09-29 20:49:14,92,144.4,117.0,11,,True,100.0
2026-09-29 20:49:16,92,144.4,130.0,11,,True,100.0
2026-09-29 20:49:18,91,144.4,144.4,11,,True,100.0
2026-09-29 20:49:20,91,144.4,144.4,11,,True,100.0
2026-09-29 20:49:22,91,144.4,144.4,11,,True,100.0
2026-09-29 20:49:24,91,144.4,144.4,11,,True,100.0
2026-09-29 20:49:26,91,144.4,144.4,11,,True,100.0
2026-09-29 20:49:28,91,144.4,144.4,11,,True,100.0
2026-09-29 20:49:30,91,144.4,144.4,11,,True,100.0
2026-09-29 20:49:32,91,144.4,144.4,11,,True,100.0
2026-09-29 20:49:34,91,144.4,144.4,11,,True,100.0
2026-09-29 20:49:36,91,144.4,144.4,11,,True,100.0
2026-09-29 20:49:39,91,144.4,144.4,11,,True,100.0
2026-09-29 20:49:41,91,144.4,144.4,11,,True,100.0
2026-09-29 20:49:42,91,144.4,144.4,11,,True,100.0
2026-09-29 20:49:44,91,144.4,144.4,11,,True,100.0
2026-09-29 20:49:46,91,144.4,144.4,11,,True,100.0
2026-09-29 20:49:48,91,144.4,144.4,11,,True,100.0
2026-09-29 20:49:50,91,144.4,144.4,11,,True,100.0
2026-09-29 20:49:52,91,144.4,144.4,11,,True,100.0
2026-09-29 20:49:54,91,144.4,144.4,11,,True,100.0
2026-09-29 20:49:56,91,144.4,144.4,11,,True,100.0
2026-09-29 20:49:59,91,144.4,144.4,11,,True,100.0
2026-09-29 20:50:01,91,144.4,144.4,11,,True,100.0
2026-09-29 20:50:03,91,144.4,144.4,11,,True,100.0
2026-09-29 20:50:05,91,144.4,144.4,11,,True,100.0
2026-09-29 20:50:07,91,144.4,144.4,11,,True,100.0
2026-09-29 20:50:09,91,144.4,144.4,11,,True,100.0
2026-09-29 20:50:11,91,144.4,144.4,11,,True,100.0
2026-09-29 20:50:13,90,144.4,130.0,11,,True,100.0
2026-09-29 20:50:15,90,144.4,144.4,11,,True,100.0
2026-09-29 20:50:16,90,144.4,144.4,11,,True,100.0
2026-09-29 20:50:18,90,144.4,130.0,11,,True,100.0
2026-09-29 20:50:20,90,144.4,144.4,11,,True,100.0
2026-09-29 20:50:22,90,144.4,144.4,11,,True,100.0
2026-09-29 20:50:24,90,144.4,144.4,11,,True,100.0
2026-09-29 20:50:26,90,144.4,144.4,11,,True,100.0
2026-09-29 20:50:28,90,144.4,144.4,11,,True,100.0
2026-09-29 20:50:30,90,144.4,144.4,11,,True,100.0
2026-09-29 20:50:32,90,144.4,144.4,11,,True,100.0
2026-09-29 20:50:34,90,144.4,144.4,11,,True,100.0
2026-09-29 20:50:36,90,144.4,144.4,11,,True,100.0
2026-09-29 20:50:38,90,144.4,144.4,11,,True,100.0
2026-09-29 20:50:40,90,144.4,144.4,11,,True,100.0
2026-09-29 20:50:42,90,144.4,144.4,11,,True,100.0
2026-09-29 20:50:44,90,144.4,144.4,11,,True,100.0
2026-09-29 20:50:46,90,144.4,144.4,11,,True,100.0
2026-09-29 20:50:48,90,144.4,130.0,11,,True,100.0
2026-09-29 20:50:50,90,144.4,130.0,11,,True,100.0
2026-09-29 20:50:52,90,144.4,130.0,11,,True,100.0
2026-09-29 20:50:54,90,144.4,144.4,11,,True,100.0
2026-09-29 20:50:56,90,144.4,144.4,11,,True,100.0
2026-09-29 20:50:58,90,144.4,144.4,11,,True,100.0
2026-09-29 20:51:00,90,144.4,144.4,11,,True,100.0
2026-09-29 20:51:02,90,144.4,144.4,11,,True,100.0
2026-09-29 20:51:04,90,144.4,144.4,11,,True,100.0
2026-09-29 20:51:06,90,144.4,144.4,11,,True,100.0
2026-09-29 20:51:08,90,144.4,144.4,11,,True,100.0
2026-09-29 20:51:10,90,144.4,144.4,11,,True,100.0
2026-09-29 20:51:12,90,144.4,144.4,11,,True,100.0
2026-09-29 20:51:14,90,144.4,144.4,11,,True,100.0
2026-09-29 20:51:16,90,144.4,144.4,11,,True,100.0
2026-09-29 20:51:18,90,144.4,144.4,11,,True,100.0
2026-09-29 20:51:20,90,144.4,144.4,11,,True,100.0
2026-09-29 20:51:22,90,144.4,144.4,11,,True,100.0
2026-09-29 20:51:24,90,144.4,144.4,11,,True,100.0
2026-09-29 20:51:26,90,144.4,144.4,11,,True,100.0
2026-09-29 20:51:28,90,144.4,144.4,11,,True,100.0
2026-09-29 20:51:30,90,144.4,144.4,11,,True,100.0
2026-09-29 20:51:32,90,144.4,144.4,11,,True,100.0
2026-09-29 20:51:34,90,144.4,144.4,11,,True,100.0
2026-09-29 20:51:36,90,144.4,144.4,11,,True,100.0
2026-09-29 20:51:38,90,144.4,144.4,11,,True,100.0
2026-09-29 20:51:40,90,144.4,144.4,11,,True,100.0
2026-09-29 20:51:42,90,144.4,144.4,11,,True,100.0
2026-09-29 20:51:44,90,144.4,144.4,11,,True,100.0
2026-09-29 20:51:46,90,144.4,144.4,11,,True,100.0
2026-09-29 20:51:48,90,144.4,144.4,11,,True,100.0
2026-09-29 20:51:50,90,144.4,144.4,11,,True,100.0
2026-09-29 20:51:52,90,144.4,144.4,11,,True,100.0
2026-09-29 20:51:54,90,144.4,144.4,11,,True,100.0
2026-09-29 20:51:56,90,144.4,144.4,11,,True,100.0
2026-09-29 20:51:58,90,144.4,144.4,11,,True,100.0
2026-09-29 20:52:00,90,144.4,144.4,11,,True,100.0
2026-09-29 20:52:02,90,144.4,144.4,11,,True,100.0
2026-09-29 20:52:04,90,144.4,144.4,11,,True,100.0
2026-09-29 20:52:06,90,144.4,144.4,11,,True,100.0
2026-09-29 20:52:08,90,144.4,144.4,11,,True,100.0
2026-09-29 20:52:10,90,144.4,144.4,11,,True,100.0
2026-09-29 20:52:12,90,144.4,144.4,11,,True,100.0
2026-09-29 20:52:14,90,144.4,144.4,11,,True,100.0
2026-09-29 20:52:16,90,144.4,144.4,11,,True,100.0
2026-09-29 20:52:17,90,144.4,144.4,11,,True,100.0
2026-09-29 20:52:19,90,144.4,144.4,11,,True,100.0
2026-09-29 20:52:21,90,144.4,144.4,11,,True,100.0
2026-09-29 20:52:23,90,144.4,144.4,11,,True,100.0
2026-09-29 20:52:25,90,144.4,144.4,11,,True,100.0
2026-09-29 20:52:27,90,144.4,144.4,11,,True,100.0
2026-09-29 20:52:29,90,144.4,144.4,11,,True,100.0
2026-09-29 20:52:31,90,144.4,144.4,11,,True,100.0
2026-09-29 20:52:33,90,144.4,144.4,11,,True,100.0
2026-09-29 20:52:35,90,144.4,144.4,11,,True,100.0
2026-09-29 20:52:37,90,144.4,144.4,11,,True,100.0
2026-09-29 20:52:39,90,144.4,144.4,11,,True,100.0
2026-09-29 20:52:41,90,144.4,144.4,11,,True,100.0
2026-09-29 20:52:43,90,144.4,144.4,11,,True,100.0
2026-09-29 20:52:45,92,144.4,117.0,11,,True,100.0
2026-09-29 20:52:47,92,144.4,117.0,11,,True,100.0
2026-09-29 20:52:49,92,144.4,117.0,11,,True,100.0
