timestamp,active_channel,WIFI_up,WIFI_per_pct,WIFI_rtt_ms,WIFI_crc_drops,LOWBITRATE_up,LOWBITRATE_per_pct,LOWBITRATE_rtt_ms,LOWBITRATE_crc_drops
2026-09-28 23:58:37,,False,100.0,,0,False,100.0,,0
2026-09-28 23:58:38,,False,100.0,,0,False,100.0,,0
2026-09-28 23:58:39,,False,100.0,,0,False,100.0,,0
2026-09-28 23:58:40,,False,100.0,,0,False,100.0,,0
2026-09-28 23:58:41,,False,100.0,,0,False,100.0,,0
2026-09-28 23:58:42,,False,100.0,,0,False,100.0,,0
2026-09-28 23:58:43,,False,100.0,,0,False,100.0,,0
2026-09-28 23:58:44,,False,100.0,,0,False,100.0,,0
2026-09-28 23:58:45,,False,100.0,,0,False,100.0,,0
2026-09-28 23:58:46,,False,100.0,,0,False,100.0,,0
2026-09-28 23:58:47,,False,100.0,,0,False,100.0,,0
2026-09-28 23:58:48,,False,100.0,,0,False,100.0,,0
2026-09-28 23:58:49,,False,100.0,,0,False,100.0,,0
2026-09-28 23:58:50,,False,100.0,,0,False,100.0,,0
2026-09-28 23:58:51,,False,100.0,,0,False,100.0,,0
2026-09-28 23:58:52,,False,100.0,,0,False,100.0,,0
2026-09-28 23:58:53,,False,100.0,,0,False,100.0,,0
2026-09-28 23:58:54,,False,100.0,,0,False,100.0,,0
2026-09-28 23:58:55,,False,100.0,,0,False,100.0,,0
2026-09-28 23:58:56,,False,100.0,,0,False,100.0,,0
2026-09-28 23:58:57,,False,100.0,,0,False,100.0,,0
2026-09-28 23:58:58,,False,100.0,,0,False,100.0,,0
2026-09-28 23:58:59,,False,100.0,,0,False,100.0,,0
2026-09-28 23:59:01,,False,100.0,,0,False,100.0,,0
2026-09-28 23:59:02,,False,100.0,,0,False,100.0,,0
2026-09-28 23:59:03,,False,100.0,,0,False,100.0,,0
2026-09-28 23:59:04,,False,100.0,,0,False,100.0,,0
2026-09-28 23:59:05,,False,100.0,,0,False,100.0,,0
2026-09-28 23:59:06,,False,100.0,,0,False,100.0,,0
2026-09-28 23:59:07,,False,100.0,,0,False,100.0,,0
2026-09-28 23:59:08,,False,100.0,,0,False,100.0,,0
2026-09-28 23:59:09,,False,100.0,,0,False,100.0,,0
2026-09-28 23:59:10,,False,100.0,,0,False,100.0,,0
2026-09-28 23:59:11,,False,100.0,,0,False,100.0,,0
2026-09-28 23:59:12,,False,100.0,,0,False,100.0,,0
2026-09-28 23:59:13,,False,100.0,,0,False,100.0,,0
2026-09-28 23:59:14,,False,100.0,,0,False,100.0,,0
2026-09-28 23:59:15,,False,100.0,,0,False,100.0,,0
2026-09-28 23:59:16,,False,100.0,,0,False,100.0,,0
2026-09-28 23:59:17,,False,100.0,,0,False,100.0,,0
2026-09-28 23:59:18,,False,100.0,,0,False,100.0,,0
2026-09-28 23:59:19,,False,100.0,,0,False,100.0,,0
2026-09-28 23:59:20,,False,100.0,,0,False,100.0,,0
2026-09-28 23:59:21,,False,100.0,,0,False,100.0,,0
2026-09-28 23:59:22,,False,100.0,,0,False,100.0,,0
2026-09-28 23:59:23,,False,100.0,,0,False,100.0,,0
2026-09-28 23:59:24,,False,100.0,,0,False,100.0,,0
2026-09-28 23:59:25,,False,100.0,,0,False,100.0,,0
2026-09-28 23:59:26,,False,100.0,,0,False,100.0,,0
2026-09-28 23:59:27,,False,100.0,,0,False,100.0,,0
2026-09-28 23:59:28,,False,100.0,,0,False,100.0,,0
2026-09-28 23:59:29,,False,100.0,,0,False,100.0,,0
2026-09-28 23:59:30,,False,100.0,,0,False,100.0,,0
2026-09-28 23:59:31,,False,100.0,,0,False,100.0,,0
2026-09-28 23:59:32,,False,100.0,,0,False,100.0,,0
2026-09-28 23:59:33,,False,100.0,,0,False,100.0,,0
2026-09-28 23:59:34,,False,100.0,,0,False,100.0,,0
2026-09-28 23:59:35,,False,100.0,,0,False,100.0,,0
2026-09-28 23:59:36,,False,100.0,,0,False,100.0,,0
2026-09-28 23:59:37,,False,100.0,,0,False,100.0,,0
2026-09-28 23:59:38,,False,100.0,,0,False,100.0,,0
2026-09-28 23:59:39,,False,100.0,,0,False,100.0,,0
2026-09-28 23:59:40,,False,100.0,,0,False,100.0,,0
2026-09-28 23:59:41,,False,100.0,,0,False,100.0,,0
2026-09-28 23:59:42,,False,100.0,,0,False,100.0,,0
2026-09-28 23:59:43,,False,100.0,,0,False,100.0,,0
2026-09-28 23:59:44,,False,100.0,,0,False,100.0,,0
2026-09-28 23:59:45,,False,100.0,,0,False,100.0,,0
2026-09-28 23:59:46,,False,100.0,,0,False,100.0,,0
2026-09-28 23:59:47,,False,100.0,,0,False,100.0,,0
2026-09-28 23:59:48,,False,100.0,,0,False,100.0,,0
2026-09-28 23:59:49,,False,100.0,,0,False,100.0,,0
2026-09-28 23:59:50,,False,100.0,,0,False,100.0,,0
2026-09-28 23:59:51,,False,100.0,,0,False,100.0,,0
2026-09-28 23:59:52,,False,100.0,,0,False,100.0,,0
2026-09-28 23:59:53,,False,100.0,,0,False,100.0,,0
2026-09-28 23:59:54,,False,100.0,,0,False,100.0,,0
2026-09-28 23:59:55,,False,100.0,,0,False,100.0,,0
2026-09-28 23:59:56,,False,100.0,,0,False,100.0,,0
2026-09-28 23:59:57,,False,100.0,,0,False,100.0,,0
2026-09-28 23:59:58,,False,100.0,,0,False,100.0,,0
2026-09-28 23:59:59,,False,100.0,,0,False,100.0,,0
2026-09-29 00:00:00,,False,100.0,,0,False,100.0,,0
2026-09-29 00:00:01,,False,100.0,,0,False,100.0,,0
2026-09-29 00:00:02,,False,100.0,,0,False,100.0,,0
2026-09-29 00:00:03,,False,100.0,,0,False,100.0,,0
2026-09-29 00:00:04,,False,100.0,,0,False,100.0,,0
2026-09-29 00:00:05,,False,100.0,,0,False,100.0,,0
2026-09-29 00:00:06,,False,100.0,,0,False,100.0,,0
2026-09-29 00:00:07,,False,100.0,,0,False,100.0,,0
2026-09-29 00:00:08,,False,100.0,,0,False,100.0,,0
2026-09-29 00:00:09,,False,100.0,,0,False,100.0,,0
2026-09-29 00:00:10,,False,100.0,,0,False,100.0,,0
2026-09-29 00:00:11,,False,100.0,,0,False,100.0,,0
2026-09-29 00:00:12,,False,100.0,,0,False,100.0,,0
2026-09-29 00:00:13,,False,100.0,,0,False,100.0,,0
2026-09-29 00:00:14,,False,100.0,,0,False,100.0,,0
2026-09-29 00:00:15,,False,100.0,,0,False,100.0,,0
2026-09-29 00:00:16,,False,100.0,,0,False,100.0,,0
2026-09-29 00:00:17,,False,100.0,,0,False,100.0,,0
2026-09-29 00:00:18,,False,100.0,,0,False,100.0,,0
2026-09-29 00:00:19,,False,100.0,,0,False,100.0,,0
2026-09-29 00:00:20,,False,100.0,,0,False,100.0,,0
2026-09-29 00:00:21,,False,100.0,,0,False,100.0,,0
2026-09-29 00:00:22,,False,100.0,,0,False,100.0,,0
2026-09-29 00:00:23,,False,100.0,,0,False,100.0,,0
2026-09-29 00:00:24,,False,100.0,,0,False,100.0,,0
2026-09-29 00:00:25,,False,100.0,,0,False,100.0,,0
2026-09-29 00:00:26,,False,100.0,,0,False,100.0,,0
2026-09-29 00:00:27,,False,100.0,,0,False,100.0,,0
2026-09-29 00:00:28,,False,100.0,,0,False,100.0,,0
2026-09-29 00:00:29,,False,100.0,,0,False,100.0,,0
2026-09-29 00:00:30,,False,100.0,,0,False,100.0,,0
2026-09-29 00:00:31,,False,100.0,,0,False,100.0,,0
2026-09-29 00:00:32,,False,100.0,,0,False,100.0,,0
2026-09-29 00:00:33,,False,100.0,,0,False,100.0,,0
2026-09-29 00:00:34,,False,100.0,,0,False,100.0,,0
2026-09-29 00:00:35,,False,100.0,,0,False,100.0,,0
2026-09-29 00:00:37,,False,100.0,,0,False,100.0,,0
2026-09-29 00:00:38,,False,100.0,,0,False,100.0,,0
2026-09-29 00:00:39,,False,100.0,,0,False,100.0,,0
2026-09-29 00:00:40,,False,100.0,,0,False,100.0,,0
2026-09-29 00:00:41,,False,100.0,,0,False,100.0,,0
2026-09-29 00:00:42,,False,100.0,,0,False,100.0,,0
2026-09-29 00:00:43,,False,100.0,,0,False,100.0,,0
2026-09-29 00:00:44,,False,100.0,,0,False,100.0,,0
2026-09-29 00:00:45,,False,100.0,,0,False,100.0,,0
2026-09-29 00:00:46,,False,100.0,,0,False,100.0,,0
2026-09-29 00:00:47,,False,100.0,,0,False,100.0,,0
2026-09-29 00:00:48,,False,100.0,,0,False,100.0,,0
2026-09-29 00:00:49,,False,100.0,,0,False,100.0,,0
2026-09-29 00:00:50,,False,100.0,,0,False,100.0,,0
2026-09-29 00:00:51,,False,100.0,,0,False,100.0,,0
2026-09-29 00:00:52,,False,100.0,,0,False,100.0,,0
2026-09-29 00:00:53,,False,100.0,,0,False,100.0,,0
2026-09-29 00:00:54,,False,100.0,,0,False,100.0,,0
2026-09-29 00:00:55,,False,100.0,,0,False,100.0,,0
2026-09-29 00:00:56,,False,100.0,,0,False,100.0,,0
2026-09-29 00:00:57,,False,100.0,,0,False,100.0,,0
2026-09-29 00:00:58,,False,100.0,,0,False,100.0,,0
2026-09-29 00:00:59,,False,100.0,,0,False,100.0,,0
2026-09-29 00:01:00,,False,100.0,,0,False,100.0,,0
2026-09-29 00:01:01,,False,100.0,,0,False,100.0,,0
2026-09-29 00:01:02,,False,100.0,,0,False,100.0,,0
2026-09-29 00:01:03,,False,100.0,,0,False,100.0,,0
2026-09-29 00:01:04,,False,100.0,,0,False,100.0,,0
2026-09-29 00:01:05,,False,100.0,,0,False,100.0,,0
2026-09-29 00:01:06,,False,100.0,,0,False,100.0,,0
2026-09-29 00:01:07,,False,100.0,,0,False,100.0,,0
2026-09-29 00:01:08,,False,100.0,,0,False,100.0,,0
2026-09-29 00:01:09,,False,100.0,,0,False,100.0,,0
2026-09-29 00:01:10,,False,100.0,,0,False,100.0,,0
2026-09-29 00:01:11,,False,100.0,,0,False,100.0,,0
2026-09-29 00:01:12,,False,100.0,,0,False,100.0,,0
2026-09-29 00:01:13,,False,80.0,110.4,0,False,100.0,,0
2026-09-29 00:01:14,,False,80.0,110.4,0,False,100.0,,0
2026-09-29 00:01:15,,False,60.0,56.9,0,False,80.0,207.2,0
2026-09-29 00:01:16,,False,60.0,56.9,0,False,80.0,207.2,0
2026-09-29 00:01:17,,False,40.0,38.6,0,False,80.0,207.2,0
2026-09-29 00:01:18,,False,40.0,38.6,0,False,80.0,207.2,0
2026-09-29 00:01:19,,False,20.0,46.3,0,False,60.0,216.5,0
2026-09-29 00:01:20,,False,20.0,46.3,0,False,60.0,216.5,0
2026-09-29 00:01:21,,True,0.0,42.2,0,True,40.0,213.5,0
2026-09-29 00:01:22,,True,0.0,42.2,0,True,40.0,213.5,0
2026-09-29 00:01:23,WIFI,True,0.0,44.0,0,True,40.0,213.5,0
2026-09-29 00:01:24,WIFI,True,0.0,44.0,0,True,40.0,213.5,0
2026-09-29 00:01:25,WIFI,True,0.0,52.4,0,True,40.0,216.4,0
2026-09-29 00:01:26,WIFI,True,0.0,52.4,0,True,40.0,216.4,0
2026-09-29 00:01:27,WIFI,True,0.0,46.7,0,True,20.0,237.6,0
2026-09-29 00:01:28,WIFI,True,0.0,46.7,0,True,20.0,237.6,0
2026-09-29 00:01:29,WIFI,True,0.0,48.2,0,True,20.0,232.5,0
2026-09-29 00:01:30,WIFI,True,0.0,48.2,0,True,20.0,232.5,0
2026-09-29 00:01:31,WIFI,True,0.0,53.9,0,True,20.0,229.0,0
2026-09-29 00:01:32,WIFI,True,0.0,53.9,0,True,20.0,229.0,0
2026-09-29 00:01:33,WIFI,True,0.0,49.8,0,True,0.0,226.8,0
2026-09-29 00:01:34,WIFI,True,0.0,49.8,0,True,0.0,226.8,0
2026-09-29 00:01:35,WIFI,True,0.0,49.7,0,True,0.0,226.7,0
2026-09-29 00:01:36,WIFI,True,0.0,49.7,0,True,0.0,226.7,0
2026-09-29 00:01:37,WIFI,True,0.0,52.8,0,True,0.0,226.8,0
2026-09-29 00:01:38,WIFI,True,0.0,52.8,0,True,0.0,226.8,0
2026-09-29 00:01:39,WIFI,True,0.0,52.5,0,True,0.0,226.8,0
2026-09-29 00:01:40,WIFI,True,0.0,52.5,0,True,20.0,226.8,0
2026-09-29 00:01:41,WIFI,True,0.0,59.4,0,True,20.0,226.8,0
2026-09-29 00:01:42,WIFI,True,0.0,58.3,0,True,20.0,226.8,0
2026-09-29 00:01:43,WIFI,True,0.0,58.3,0,True,20.0,225.0,0
2026-09-29 00:01:44,WIFI,True,0.0,58.3,0,True,20.0,225.0,0
2026-09-29 00:01:45,WIFI,True,0.0,55.2,0,True,20.0,226.8,0
2026-09-29 00:01:46,WIFI,True,0.0,59.1,0,True,20.0,226.8,0
2026-09-29 00:01:47,WIFI,True,0.0,59.1,0,True,20.0,226.8,0
2026-09-29 00:01:48,WIFI,True,0.0,53.8,0,True,40.0,226.8,0
2026-09-29 00:01:49,WIFI,True,0.0,53.8,0,True,20.0,227.7,0
2026-09-29 00:01:50,WIFI,True,0.0,44.6,0,True,20.0,227.7,0
2026-09-29 00:01:51,WIFI,True,0.0,44.6,0,True,20.0,216.3,0
2026-09-29 00:01:52,WIFI,True,0.0,38.3,0,True,20.0,216.3,0
2026-09-29 00:01:53,WIFI,True,0.0,38.3,0,True,20.0,216.9,0
2026-09-29 00:01:54,WIFI,True,0.0,48.4,0,True,20.0,216.9,0
2026-09-29 00:01:55,WIFI,True,0.0,48.4,0,True,20.0,216.5,0
2026-09-29 00:01:56,WIFI,True,0.0,51.9,0,True,20.0,216.5,0
2026-09-29 00:01:57,WIFI,True,0.0,51.9,0,True,0.0,218.3,0
2026-09-29 00:01:58,WIFI,True,0.0,49.8,0,True,0.0,218.3,0
2026-09-29 00:01:59,WIFI,True,0.0,49.8,0,True,0.0,220.1,0
2026-09-29 00:02:00,WIFI,True,0.0,50.8,0,True,0.0,220.1,0
2026-09-29 00:02:01,WIFI,True,0.0,50.8,0,True,0.0,220.1,0
2026-09-29 00:02:02,WIFI,True,0.0,60.5,0,True,20.0,220.1,0
2026-09-29 00:02:03,WIFI,True,0.0,60.5,0,True,20.0,220.5,0
2026-09-29 00:02:04,WIFI,True,0.0,62.4,0,True,20.0,220.5,0
2026-09-29 00:02:05,WIFI,True,0.0,62.4,0,True,20.0,220.5,0
2026-09-29 00:02:06,WIFI,True,0.0,67.0,0,True,40.0,220.5,0
2026-09-29 00:02:07,WIFI,True,0.0,67.0,0,True,40.0,222.3,0
2026-09-29 00:02:08,WIFI,True,0.0,71.1,0,True,40.0,222.3,0
2026-09-29 00:02:09,WIFI,True,0.0,71.1,0,True,40.0,224.5,0
2026-09-29 00:02:10,WIFI,True,0.0,76.0,0,True,40.0,224.5,0
2026-09-29 00:02:11,WIFI,True,0.0,76.0,0,True,20.0,224.5,0
2026-09-29 00:02:12,WIFI,True,0.0,75.7,0,True,20.0,224.5,0
2026-09-29 00:02:13,WIFI,True,0.0,75.7,0,True,20.0,223.7,0
2026-09-29 00:02:14,WIFI,True,0.0,66.3,0,True,20.0,223.7,0
2026-09-29 00:02:15,WIFI,True,0.0,66.3,0,True,0.0,225.4,0
2026-09-29 00:02:16,WIFI,True,0.0,66.3,0,True,0.0,225.4,0
2026-09-29 00:02:18,WIFI,False,20.0,66.3,0,True,0.0,234.5,0
2026-09-29 00:02:19,LOWBITRATE,False,20.0,60.0,0,True,0.0,234.5,0
2026-09-29 00:02:20,LOWBITRATE,False,20.0,60.0,0,True,0.0,234.5,0
2026-09-29 00:02:21,LOWBITRATE,False,20.0,61.3,0,True,20.0,234.5,0
2026-09-29 00:02:22,LOWBITRATE,False,20.0,61.3,0,True,20.0,234.5,0
2026-09-29 00:02:23,LOWBITRATE,False,20.0,61.7,0,True,40.0,236.9,0
2026-09-29 00:02:24,LOWBITRATE,False,20.0,61.7,0,True,40.0,236.9,0
2026-09-29 00:02:25,LOWBITRATE,False,20.0,49.3,0,True,40.0,235.0,0
2026-09-29 00:02:26,LOWBITRATE,False,20.0,49.3,0,True,40.0,235.0,0
2026-09-29 00:02:27,LOWBITRATE,True,0.0,42.3,0,True,40.0,232.4,0
2026-09-29 00:02:28,LOWBITRATE,True,0.0,42.3,0,True,40.0,232.4,0
2026-09-29 00:02:29,LOWBITRATE,True,0.0,33.5,0,True,20.0,231.0,0
2026-09-29 00:02:30,LOWBITRATE,True,0.0,33.5,0,True,20.0,231.0,0
2026-09-29 00:02:31,LOWBITRATE,True,0.0,36.2,0,True,0.0,229.4,0
2026-09-29 00:02:32,LOWBITRATE,True,0.0,36.2,0,True,0.0,229.4,0
2026-09-29 00:02:33,WIFI,True,0.0,32.9,0,True,0.0,229.4,0
2026-09-29 00:02:34,WIFI,True,0.0,32.9,0,True,0.0,229.4,0
2026-09-29 00:02:35,WIFI,True,0.0,46.7,0,True,0.0,230.2,0
2026-09-29 00:02:36,WIFI,True,0.0,46.7,0,True,0.0,230.2,0
2026-09-29 00:02:37,WIFI,True,0.0,51.5,0,True,0.0,230.2,0
2026-09-29 00:02:38,WIFI,True,0.0,51.5,0,True,0.0,230.2,0
2026-09-29 00:02:39,WIFI,True,0.0,63.8,0,True,20.0,228.6,0
2026-09-29 00:02:40,WIFI,True,0.0,63.8,0,True,20.0,228.6,0
2026-09-29 00:02:41,WIFI,True,0.0,62.4,0,True,20.0,227.0,0
2026-09-29 00:02:42,WIFI,True,0.0,62.4,0,True,20.0,227.0,0
2026-09-29 00:02:43,WIFI,True,0.0,62.4,0,True,20.0,218.5,0
2026-09-29 00:02:44,WIFI,True,0.0,62.4,0,True,20.0,218.5,0
2026-09-29 00:02:45,WIFI,True,0.0,72.2,0,True,20.0,218.5,0
2026-09-29 00:02:46,WIFI,True,0.0,72.2,0,True,20.0,218.5,0
2026-09-29 00:02:47,WIFI,True,0.0,75.0,0,True,20.0,216.9,0
2026-09-29 00:02:48,WIFI,True,0.0,75.0,0,True,20.0,216.9,0
2026-09-29 00:02:49,WIFI,True,0.0,78.7,0,True,20.0,216.9,0
2026-09-29 00:02:50,WIFI,True,0.0,78.7,0,True,20.0,216.9,0
2026-09-29 00:02:51,WIFI,True,0.0,78.7,0,True,20.0,220.6,0
2026-09-29 00:02:52,WIFI,False,20.0,78.7,0,True,20.0,220.6,0
2026-09-29 00:02:53,LOWBITRATE,False,20.0,79.7,0,True,20.0,219.6,0
2026-09-29 00:02:54,LOWBITRATE,False,20.0,79.7,0,True,20.0,219.6,0
2026-09-29 00:02:55,LOWBITRATE,False,20.0,77.0,0,True,0.0,219.2,0
2026-09-29 00:02:56,LOWBITRATE,False,20.0,77.0,0,True,0.0,219.2,0
2026-09-29 00:02:57,LOWBITRATE,False,20.0,72.8,0,True,0.0,219.2,0
2026-09-29 00:02:58,LOWBITRATE,False,20.0,72.8,0,True,20.0,219.2,0
2026-09-29 00:02:59,LOWBITRATE,False,20.0,68.3,0,True,20.0,216.6,0
2026-09-29 00:03:00,LOWBITRATE,False,20.0,68.3,0,True,20.0,216.6,0
2026-09-29 00:03:01,LOWBITRATE,True,0.0,68.8,0,True,20.0,214.5,0
2026-09-29 00:03:02,LOWBITRATE,True,0.0,68.8,0,True,20.0,214.5,0
2026-09-29 00:03:03,LOWBITRATE,True,0.0,65.3,0,True,20.0,214.4,0
2026-09-29 00:03:04,LOWBITRATE,True,0.0,65.3,0,True,20.0,214.4,0
2026-09-29 00:03:05,LOWBITRATE,True,0.0,66.0,0,True,20.0,218.0,0
2026-09-29 00:03:06,LOWBITRATE,True,0.0,66.0,0,True,20.0,218.0,0
2026-09-29 00:03:07,WIFI,True,0.0,59.4,0,True,0.0,216.5,0
2026-09-29 00:03:08,WIFI,True,0.0,59.4,0,True,0.0,216.5,0
2026-09-29 00:03:09,WIFI,True,0.0,60.6,0,True,0.0,218.5,0
2026-09-29 00:03:10,WIFI,True,0.0,60.6,0,True,0.0,218.5,0
2026-09-29 00:03:11,WIFI,True,0.0,67.6,0,True,0.0,218.5,0
2026-09-29 00:03:12,WIFI,True,0.0,67.6,0,True,20.0,218.5,0
2026-09-29 00:03:13,WIFI,True,0.0,61.7,0,True,20.0,218.4,0
2026-09-29 00:03:14,WIFI,True,0.0,61.7,0,True,20.0,218.4,0
2026-09-29 00:03:15,WIFI,True,0.0,70.9,0,True,20.0,213.7,0
2026-09-29 00:03:16,WIFI,True,0.0,70.9,0,True,20.0,213.7,0
2026-09-29 00:03:17,WIFI,True,0.0,61.5,0,True,20.0,216.6,0
2026-09-29 00:03:18,WIFI,True,0.0,61.5,0,True,20.0,216.6,0
2026-09-29 00:03:19,WIFI,True,0.0,65.3,0,True,20.0,216.6,0
2026-09-29 00:03:20,WIFI,True,0.0,65.3,0,True,40.0,216.6,0
2026-09-29 00:03:21,WIFI,True,0.0,61.3,0,True,20.0,216.6,0
2026-09-29 00:03:22,WIFI,True,0.0,61.3,0,True,20.0,216.6,0
2026-09-29 00:03:23,WIFI,True,0.0,64.7,0,True,20.0,215.9,0
2026-09-29 00:03:24,WIFI,True,0.0,64.7,0,True,20.0,215.9,0
2026-09-29 00:03:25,WIFI,True,0.0,53.4,0,True,20.0,215.5,0
2026-09-29 00:03:26,WIFI,True,0.0,53.4,0,True,20.0,215.5,0
2026-09-29 00:03:27,WIFI,True,0.0,49.2,0,True,20.0,215.3,0
2026-09-29 00:03:28,WIFI,True,0.0,49.2,0,True,20.0,215.3,0
2026-09-29 00:03:29,WIFI,True,0.0,44.3,0,True,0.0,215.4,0
2026-09-29 00:03:30,WIFI,True,0.0,44.3,0,True,0.0,215.4,0
2026-09-29 00:03:31,WIFI,True,0.0,44.0,0,True,0.0,215.1,0
2026-09-29 00:03:32,WIFI,True,0.0,44.0,0,True,0.0,215.1,0
2026-09-29 00:03:33,WIFI,True,0.0,46.8,0,True,0.0,214.1,0
2026-09-29 00:03:34,WIFI,True,0.0,46.8,0,True,0.0,214.1,0
2026-09-29 00:03:35,WIFI,True,0.0,46.7,0,True,0.0,217.0,0
2026-09-29 00:03:36,WIFI,True,0.0,46.7,0,True,0.0,217.0,0
2026-09-29 00:03:37,WIFI,True,0.0,53.8,0,True,0.0,223.5,0
2026-09-29 00:03:38,WIFI,True,0.0,53.8,0,True,0.0,223.5,0
2026-09-29 00:03:39,WIFI,True,0.0,54.4,0,True,0.0,223.5,0
2026-09-29 00:03:40,WIFI,True,0.0,54.4,0,True,20.0,223.5,0
2026-09-29 00:03:41,WIFI,True,0.0,61.1,0,True,20.0,222.7,0
2026-09-29 00:03:42,WIFI,True,0.0,61.1,0,True,20.0,222.7,0
2026-09-29 00:03:43,WIFI,True,0.0,63.4,0,True,20.0,222.7,0
2026-09-29 00:03:44,WIFI,True,0.0,63.4,0,True,40.0,222.7,0
2026-09-29 00:03:45,WIFI,True,0.0,71.6,0,True,40.0,225.5,0
2026-09-29 00:03:46,WIFI,True,0.0,71.6,0,True,40.0,225.5,0
2026-09-29 00:03:47,WIFI,True,0.0,76.0,0,True,40.0,238.0,0
2026-09-29 00:03:48,WIFI,True,0.0,76.0,0,True,40.0,238.0,0
2026-09-29 00:03:49,WIFI,True,0.0,77.9,0,True,20.0,240.5,0
2026-09-29 00:03:50,WIFI,True,0.0,77.9,0,True,20.0,240.5,0
2026-09-29 00:03:51,WIFI,True,0.0,74.6,0,True,20.0,243.2,0
2026-09-29 00:03:52,WIFI,True,0.0,74.6,0,True,20.0,243.2,0
2026-09-29 00:03:53,WIFI,True,0.0,80.5,0,True,20.0,243.2,0
2026-09-29 00:03:54,WIFI,True,0.0,80.5,0,True,20.0,243.2,0
2026-09-29 00:03:55,WIFI,True,0.0,77.2,0,True,20.0,239.6,0
2026-09-29 00:03:56,WIFI,True,0.0,77.2,0,True,20.0,239.6,0
2026-09-29 00:03:57,WIFI,True,0.0,73.6,0,True,20.0,242.2,0
2026-09-29 00:03:58,WIFI,True,0.0,73.6,0,True,20.0,242.2,0
2026-09-29 00:03:59,WIFI,True,0.0,71.8,0,True,20.0,242.2,0
2026-09-29 00:04:00,WIFI,True,0.0,71.8,0,True,40.0,242.2,0
2026-09-29 00:04:01,WIFI,True,0.0,56.9,0,True,40.0,241.1,0
2026-09-29 00:04:03,WIFI,True,0.0,56.9,0,True,40.0,241.1,0
2026-09-29 00:04:04,WIFI,True,0.0,61.3,0,True,20.0,240.1,0
2026-09-29 00:04:05,WIFI,True,0.0,61.3,0,True,20.0,240.1,0
2026-09-29 00:04:06,WIFI,True,0.0,60.0,0,True,20.0,236.3,0
2026-09-29 00:04:07,WIFI,True,0.0,60.0,0,True,20.0,236.3,0
2026-09-29 00:04:08,WIFI,True,0.0,55.5,0,True,20.0,234.3,0
2026-09-29 00:04:09,WIFI,True,0.0,55.5,0,True,20.0,234.3,0
2026-09-29 00:04:10,WIFI,True,0.0,67.1,0,True,0.0,233.8,0
2026-09-29 00:04:11,WIFI,True,0.0,67.1,0,True,0.0,233.8,0
2026-09-29 00:04:12,WIFI,True,0.0,69.2,0,True,0.0,233.8,0
2026-09-29 00:04:13,WIFI,True,0.0,69.2,0,True,20.0,233.8,0
2026-09-29 00:04:14,WIFI,True,0.0,68.0,0,True,20.0,233.8,0
2026-09-29 00:04:15,WIFI,True,0.0,68.0,0,True,40.0,233.8,0
2026-09-29 00:04:16,WIFI,True,0.0,68.4,0,True,40.0,225.8,0
2026-09-29 00:04:17,WIFI,True,0.0,68.4,0,True,40.0,225.8,0
2026-09-29 00:04:18,WIFI,True,0.0,75.3,0,True,40.0,225.8,0
2026-09-29 00:04:19,WIFI,True,0.0,75.3,0,False,60.0,225.8,0
2026-09-29 00:04:20,WIFI,True,0.0,82.3,0,False,60.0,223.5,0
2026-09-29 00:04:21,WIFI,True,0.0,82.3,0,False,60.0,223.5,0
2026-09-29 00:04:22,WIFI,True,0.0,87.3,0,True,40.0,222.9,0
2026-09-29 00:04:23,WIFI,True,0.0,87.3,0,True,40.0,222.9,0
2026-09-29 00:04:24,WIFI,True,0.0,85.6,0,True,20.0,222.7,0
2026-09-29 00:04:25,WIFI,True,0.0,85.6,0,True,20.0,222.7,0
2026-09-29 00:04:26,WIFI,True,0.0,81.7,0,True,20.0,222.7,0
2026-09-29 00:04:27,WIFI,True,0.0,81.7,0,True,40.0,222.7,0
2026-09-29 00:04:28,WIFI,True,0.0,94.5,0,True,20.0,220.1,0
2026-09-29 00:04:29,WIFI,True,0.0,94.5,0,True,20.0,220.1,0
2026-09-29 00:04:30,WIFI,True,0.0,91.2,0,True,20.0,220.0,0
2026-09-29 00:04:31,WIFI,True,0.0,91.2,0,True,20.0,220.0,0
2026-09-29 00:04:32,WIFI,True,0.0,88.1,0,True,20.0,220.0,0
2026-09-29 00:04:33,WIFI,True,0.0,88.1,0,True,40.0,220.0,0
2026-09-29 00:04:34,WIFI,True,0.0,87.7,0,True,40.0,218.7,0
2026-09-29 00:04:35,WIFI,True,0.0,87.7,0,True,40.0,218.7,0
2026-09-29 00:04:36,WIFI,True,0.0,81.3,0,True,20.0,215.5,0
2026-09-29 00:04:37,WIFI,True,0.0,81.3,0,True,20.0,215.5,0
2026-09-29 00:04:38,WIFI,True,0.0,77.2,0,True,20.0,216.8,0
2026-09-29 00:04:39,WIFI,True,0.0,77.2,0,True,20.0,216.8,0
2026-09-29 00:04:40,WIFI,True,0.0,79.3,0,True,20.0,216.8,0
2026-09-29 00:04:41,WIFI,True,0.0,79.3,0,True,20.0,216.8,0
2026-09-29 00:04:42,WIFI,True,0.0,78.2,0,True,0.0,214.9,0
2026-09-29 00:04:43,WIFI,True,0.0,78.2,0,True,0.0,214.9,0
2026-09-29 00:04:44,WIFI,True,0.0,78.2,0,True,0.0,216.4,0
2026-09-29 00:04:45,WIFI,True,0.0,78.2,0,True,0.0,216.4,0
2026-09-29 00:04:46,WIFI,True,0.0,87.7,0,True,0.0,215.8,0
2026-09-29 00:04:47,WIFI,True,0.0,87.7,0,True,0.0,215.8,0
2026-09-29 00:04:48,WIFI,True,0.0,83.6,0,True,0.0,215.8,1
2026-09-29 00:04:49,WIFI,True,0.0,72.7,0,True,20.0,215.8,1
2026-09-29 00:04:50,WIFI,True,0.0,72.7,0,True,20.0,215.9,1
2026-09-29 00:04:51,WIFI,True,0.0,72.7,0,True,20.0,215.9,1
2026-09-29 00:04:52,WIFI,True,0.0,71.8,0,True,20.0,220.6,1
2026-09-29 00:04:53,WIFI,True,0.0,71.8,0,True,20.0,220.6,1
2026-09-29 00:04:54,WIFI,True,0.0,70.5,0,True,20.0,220.3,1
2026-09-29 00:04:55,WIFI,True,0.0,70.5,0,True,20.0,220.3,1
2026-09-29 00:04:56,WIFI,True,0.0,82.2,0,True,20.0,220.3,1
2026-09-29 00:04:57,WIFI,True,0.0,78.3,0,True,40.0,220.3,1
2026-09-29 00:04:58,WIFI,True,0.0,78.3,0,True,20.0,219.7,1
2026-09-29 00:04:59,WIFI,True,0.0,78.3,0,True,20.0,219.7,1
2026-09-29 00:05:00,WIFI,True,0.0,73.4,0,True,20.0,221.2,1
2026-09-29 00:05:01,WIFI,True,0.0,73.4,0,True,20.0,221.2,1
2026-09-29 00:05:02,WIFI,True,0.0,83.7,0,True,20.0,221.2,1
2026-09-29 00:05:03,WIFI,True,0.0,74.8,0,True,40.0,221.2,1
2026-09-29 00:05:04,WIFI,True,0.0,74.8,0,True,40.0,220.6,1
2026-09-29 00:05:05,WIFI,True,0.0,70.7,0,True,40.0,220.6,1
2026-09-29 00:05:06,WIFI,True,0.0,70.7,0,True,40.0,220.6,1
2026-09-29 00:05:07,WIFI,True,0.0,68.9,0,True,40.0,220.6,1
2026-09-29 00:05:08,WIFI,True,0.0,68.9,0,True,40.0,218.4,1
2026-09-29 00:05:09,WIFI,True,0.0,74.5,0,True,40.0,218.4,1
2026-09-29 00:05:10,WIFI,True,0.0,74.5,0,True,40.0,220.7,1
2026-09-29 00:05:11,WIFI,True,0.0,71.9,0,True,40.0,220.7,1
2026-09-29 00:05:12,WIFI,True,0.0,71.9,0,True,20.0,219.1,1
2026-09-29 00:05:13,WIFI,True,0.0,67.7,0,True,20.0,219.1,1
2026-09-29 00:05:14,WIFI,True,0.0,67.7,0,True,20.0,217.6,1
2026-09-29 00:05:15,WIFI,True,0.0,64.1,0,True,20.0,217.6,1
2026-09-29 00:05:16,WIFI,True,0.0,64.1,0,True,0.0,217.7,1
2026-09-29 00:05:17,WIFI,True,0.0,63.4,0,True,0.0,217.7,1
2026-09-29 00:05:18,WIFI,True,0.0,63.4,0,True,0.0,216.7,1
2026-09-29 00:05:19,WIFI,True,0.0,58.8,0,True,0.0,216.7,1
2026-09-29 00:05:20,WIFI,True,0.0,58.8,0,True,0.0,218.3,1
2026-09-29 00:05:21,WIFI,True,0.0,51.3,0,True,0.0,218.3,1
2026-09-29 00:05:22,WIFI,True,0.0,51.3,0,True,0.0,218.3,1
2026-09-29 00:05:23,WIFI,True,0.0,63.0,0,True,20.0,218.3,1
2026-09-29 00:05:24,WIFI,True,0.0,63.0,0,True,20.0,218.3,1
2026-09-29 00:05:25,WIFI,True,0.0,63.7,0,True,40.0,218.3,1
2026-09-29 00:05:26,WIFI,True,0.0,63.7,0,True,40.0,218.3,1
2026-09-29 00:05:27,WIFI,True,0.0,68.6,0,False,60.0,218.3,1
2026-09-29 00:05:28,WIFI,True,0.0,68.6,0,False,60.0,219.0,1
2026-09-29 00:05:29,WIFI,True,0.0,66.0,0,False,60.0,217.7,1
2026-09-29 00:05:30,WIFI,True,0.0,66.0,0,False,60.0,217.7,1
2026-09-29 00:05:31,WIFI,True,0.0,65.8,0,False,60.0,217.7,1
2026-09-29 00:05:32,WIFI,True,0.0,65.8,0,True,40.0,224.4,1
2026-09-29 00:05:33,WIFI,True,0.0,75.6,0,True,40.0,224.4,1
2026-09-29 00:05:34,WIFI,True,0.0,75.6,0,True,40.0,224.4,1
2026-09-29 00:05:35,WIFI,True,0.0,74.0,0,True,40.0,224.4,1
2026-09-29 00:05:36,WIFI,True,0.0,74.0,0,True,40.0,224.4,1
2026-09-29 00:05:37,WIFI,True,0.0,84.1,0,True,40.0,225.8,1
2026-09-29 00:05:38,WIFI,True,0.0,84.1,0,True,40.0,225.8,1
2026-09-29 00:05:39,WIFI,True,0.0,83.0,0,True,40.0,225.8,1
2026-09-29 00:05:40,WIFI,True,0.0,83.0,0,True,40.0,225.8,1
2026-09-29 00:05:41,WIFI,True,0.0,85.4,0,False,60.0,222.1,1
2026-09-29 00:05:42,WIFI,True,0.0,85.4,0,False,60.0,222.1,1
2026-09-29 00:05:43,WIFI,True,0.0,86.7,0,True,40.0,221.6,1
2026-09-29 00:05:44,WIFI,True,0.0,86.7,0,True,40.0,221.6,1
2026-09-29 00:05:45,WIFI,True,0.0,86.5,0,True,40.0,221.6,1
2026-09-29 00:05:47,WIFI,True,0.0,86.5,0,True,40.0,221.6,1
2026-09-29 00:05:48,WIFI,True,0.0,85.1,0,True,40.0,223.3,1
2026-09-29 00:05:49,WIFI,True,0.0,85.1,0,True,40.0,223.3,1
2026-09-29 00:05:50,WIFI,True,0.0,93.0,0,True,20.0,223.1,1
2026-09-29 00:05:51,WIFI,True,0.0,93.0,0,True,20.0,223.1,1
2026-09-29 00:05:52,WIFI,True,0.0,96.8,0,True,20.0,220.7,1
2026-09-29 00:05:53,WIFI,True,0.0,96.8,0,True,20.0,220.7,1
2026-09-29 00:05:54,WIFI,True,0.0,92.1,0,True,20.0,219.1,1
2026-09-29 00:05:55,WIFI,True,0.0,92.1,0,True,20.0,219.1,1
2026-09-29 00:05:56,WIFI,True,0.0,92.7,0,True,0.0,230.9,1
2026-09-29 00:05:57,WIFI,True,0.0,92.7,0,True,0.0,230.9,1
2026-09-29 00:05:58,WIFI,True,0.0,84.9,0,True,0.0,231.3,1
2026-09-29 00:05:59,WIFI,True,0.0,84.9,0,True,0.0,231.3,1
2026-09-29 00:06:00,WIFI,True,0.0,91.3,0,True,0.0,223.6,1
2026-09-29 00:06:01,WIFI,True,0.0,91.3,0,True,0.0,223.6,1
2026-09-29 00:06:02,WIFI,True,0.0,95.0,0,True,0.0,224.4,1
2026-09-29 00:06:03,WIFI,True,0.0,95.0,0,True,0.0,224.4,1
2026-09-29 00:06:04,WIFI,True,0.0,82.0,0,True,0.0,224.3,1
2026-09-29 00:06:05,WIFI,True,0.0,82.0,0,True,0.0,224.3,1
2026-09-29 00:06:06,WIFI,True,0.0,74.3,0,True,0.0,224.9,1
2026-09-29 00:06:07,WIFI,True,0.0,74.3,0,True,0.0,224.9,1
2026-09-29 00:06:08,WIFI,True,0.0,67.2,0,True,0.0,223.0,1
2026-09-29 00:06:09,WIFI,True,0.0,67.2,0,True,0.0,223.0,1
2026-09-29 00:06:10,WIFI,True,0.0,62.4,0,True,0.0,223.2,1
2026-09-29 00:06:11,WIFI,True,0.0,62.4,0,True,0.0,223.2,1
2026-09-29 00:06:12,WIFI,True,0.0,67.0,0,True,0.0,224.0,1
2026-09-29 00:06:13,WIFI,True,0.0,67.0,0,True,0.0,224.0,1
2026-09-29 00:06:14,WIFI,True,0.0,60.6,0,True,0.0,224.0,1
2026-09-29 00:06:15,WIFI,True,0.0,60.6,0,True,20.0,224.0,1
2026-09-29 00:06:16,WIFI,True,0.0,60.9,0,True,20.0,225.4,1
2026-09-29 00:06:17,WIFI,True,0.0,60.9,0,True,20.0,225.4,1
2026-09-29 00:06:18,WIFI,True,0.0,71.6,0,True,20.0,225.4,1
2026-09-29 00:06:19,WIFI,True,0.0,71.6,0,True,40.0,225.4,1
2026-09-29 00:06:20,WIFI,True,0.0,65.4,0,True,40.0,223.5,1
2026-09-29 00:06:21,WIFI,True,0.0,65.4,0,True,40.0,223.5,1
2026-09-29 00:06:22,WIFI,True,0.0,61.2,0,True,40.0,223.1,1
2026-09-29 00:06:23,WIFI,True,0.0,61.2,0,True,40.0,223.1,1
2026-09-29 00:06:24,WIFI,True,0.0,63.7,0,True,20.0,232.4,1
2026-09-29 00:06:25,WIFI,True,0.0,63.7,0,True,20.0,232.4,1
2026-09-29 00:06:26,WIFI,True,0.0,69.5,0,True,20.0,232.4,1
2026-09-29 00:06:27,WIFI,True,0.0,69.5,0,True,40.0,232.4,1
2026-09-29 00:06:28,WIFI,True,0.0,79.9,0,True,20.0,238.7,2
2026-09-29 00:06:29,WIFI,True,0.0,79.9,0,True,20.0,238.7,2
2026-09-29 00:06:30,WIFI,True,0.0,79.6,0,True,20.0,245.3,2
2026-09-29 00:06:31,WIFI,True,0.0,79.6,0,True,20.0,245.3,2
2026-09-29 00:06:32,WIFI,True,0.0,78.4,0,True,20.0,251.5,2
2026-09-29 00:06:33,WIFI,True,0.0,78.4,0,True,20.0,251.5,2
2026-09-29 00:06:34,WIFI,True,0.0,75.8,0,True,20.0,251.5,2
2026-09-29 00:06:35,WIFI,True,0.0,75.8,0,True,40.0,251.5,2
2026-09-29 00:06:36,WIFI,True,0.0,74.9,0,True,40.0,251.5,2
2026-09-29 00:06:37,WIFI,True,0.0,74.9,0,True,40.0,251.5,2
2026-09-29 00:06:38,WIFI,True,0.0,67.2,0,True,40.0,255.7,2
2026-09-29 00:06:39,WIFI,True,0.0,67.2,0,True,40.0,255.7,2
2026-09-29 00:06:40,WIFI,True,0.0,72.3,0,True,40.0,255.7,2
2026-09-29 00:06:41,WIFI,True,0.0,72.3,0,False,60.0,255.7,2
2026-09-29 00:06:42,WIFI,True,0.0,67.4,0,False,60.0,259.4,2
2026-09-29 00:06:43,WIFI,True,0.0,67.4,0,False,60.0,259.4,2
2026-09-29 00:06:44,WIFI,True,0.0,67.2,0,False,60.0,259.4,2
2026-09-29 00:06:45,WIFI,True,0.0,67.2,0,False,60.0,259.4,2
2026-09-29 00:06:46,WIFI,True,0.0,65.0,0,False,60.0,259.4,2
2026-09-29 00:06:47,WIFI,True,0.0,65.0,0,False,60.0,259.4,2
2026-09-29 00:06:48,WIFI,True,0.0,58.4,0,False,60.0,259.4,2
2026-09-29 00:06:49,WIFI,True,0.0,58.4,0,False,80.0,259.4,2
2026-09-29 00:06:50,WIFI,True,0.0,57.4,0,False,80.0,259.4,2
2026-09-29 00:06:51,WIFI,True,0.0,57.4,0,False,80.0,259.4,2
2026-09-29 00:06:52,WIFI,True,0.0,49.5,0,False,80.0,258.3,2
2026-09-29 00:06:53,WIFI,True,0.0,49.5,0,False,80.0,258.3,2
2026-09-29 00:06:54,WIFI,True,0.0,53.6,0,False,60.0,258.6,2
2026-09-29 00:06:55,WIFI,True,0.0,53.6,0,False,60.0,258.6,2
2026-09-29 00:06:56,WIFI,True,0.0,49.2,0,True,40.0,247.8,2
2026-09-29 00:06:57,WIFI,True,0.0,49.2,0,True,40.0,247.8,2
2026-09-29 00:06:58,WIFI,True,0.0,42.8,0,True,20.0,248.0,2
2026-09-29 00:06:59,WIFI,True,0.0,42.8,0,True,20.0,248.0,2
2026-09-29 00:07:00,WIFI,True,0.0,35.6,0,True,20.0,248.0,2
2026-09-29 00:07:01,WIFI,True,0.0,35.6,0,True,20.0,248.0,2
2026-09-29 00:07:02,WIFI,True,0.0,31.4,0,True,20.0,248.0,2
2026-09-29 00:07:03,WIFI,True,0.0,31.4,0,True,40.0,248.0,2
2026-09-29 00:07:04,WIFI,True,0.0,29.5,0,True,40.0,238.8,2
2026-09-29 00:07:05,WIFI,True,0.0,29.5,0,True,40.0,238.8,2
2026-09-29 00:07:06,WIFI,True,0.0,24.7,0,True,40.0,238.8,2
2026-09-29 00:07:07,WIFI,True,0.0,24.7,0,False,60.0,238.8,2
2026-09-29 00:07:08,WIFI,True,0.0,17.7,0,False,60.0,233.0,2
2026-09-29 00:07:09,WIFI,True,0.0,17.7,0,False,60.0,233.0,2
2026-09-29 00:07:10,WIFI,True,0.0,12.8,0,True,40.0,227.8,2
2026-09-29 00:07:11,WIFI,True,0.0,12.8,0,True,40.0,227.8,2
2026-09-29 00:07:12,WIFI,True,0.0,13.7,0,True,20.0,221.4,2
2026-09-29 00:07:13,WIFI,True,0.0,13.7,0,True,20.0,221.4,2
2026-09-29 00:07:14,WIFI,True,0.0,11.7,0,True,20.0,217.1,2
2026-09-29 00:07:15,WIFI,True,0.0,11.7,0,True,20.0,217.1,2
2026-09-29 00:07:16,WIFI,True,0.0,9.6,0,True,20.0,217.1,2
2026-09-29 00:07:17,WIFI,True,0.0,9.6,0,True,20.0,217.1,2
2026-09-29 00:07:18,WIFI,False,20.0,9.6,0,True,20.0,217.1,2
2026-09-29 00:07:20,WIFI,False,20.0,9.6,0,True,40.0,217.1,2
2026-09-29 00:07:21,LOWBITRATE,False,20.0,12.3,0,True,40.0,214.9,2
2026-09-29 00:07:22,LOWBITRATE,False,20.0,12.3,0,True,40.0,214.9,2
2026-09-29 00:07:23,LOWBITRATE,False,20.0,14.6,0,True,40.0,214.4,2
2026-09-29 00:07:24,LOWBITRATE,False,20.0,14.6,0,True,40.0,214.4,2
2026-09-29 00:07:25,LOWBITRATE,False,20.0,16.0,0,True,40.0,213.9,2
2026-09-29 00:07:26,LOWBITRATE,False,20.0,16.0,0,True,40.0,213.9,2
2026-09-29 00:07:27,LOWBITRATE,False,20.0,16.5,0,True,20.0,222.2,2
2026-09-29 00:07:28,LOWBITRATE,False,20.0,16.5,0,True,20.0,222.2,2
2026-09-29 00:07:29,LOWBITRATE,True,0.0,16.5,0,True,0.0,232.1,2
2026-09-29 00:07:30,LOWBITRATE,True,0.0,16.5,0,True,0.0,232.1,2
2026-09-29 00:07:31,LOWBITRATE,True,0.0,16.8,0,True,0.0,240.4,2
2026-09-29 00:07:32,LOWBITRATE,True,0.0,16.8,0,True,0.0,240.4,2
2026-09-29 00:07:33,LOWBITRATE,True,0.0,16.8,0,True,0.0,246.4,2
2026-09-29 00:07:34,LOWBITRATE,True,0.0,16.8,0,True,0.0,246.4,2
2026-09-29 00:07:35,WIFI,True,0.0,15.0,0,True,0.0,246.4,2
2026-09-29 00:07:36,WIFI,True,0.0,15.0,0,True,20.0,246.4,2
2026-09-29 00:07:37,WIFI,True,0.0,13.0,0,True,20.0,252.6,2
2026-09-29 00:07:38,WIFI,True,0.0,13.0,0,True,20.0,252.6,2
2026-09-29 00:07:39,WIFI,True,0.0,13.0,0,True,20.0,256.8,2
2026-09-29 00:07:40,WIFI,True,0.0,13.0,0,True,20.0,256.8,2
2026-09-29 00:07:41,WIFI,True,0.0,10.0,0,True,20.0,256.8,2
2026-09-29 00:07:42,WIFI,True,0.0,10.0,0,True,40.0,256.8,2
2026-09-29 00:07:43,WIFI,True,0.0,7.6,0,True,40.0,258.3,2
2026-09-29 00:07:44,WIFI,True,0.0,7.6,0,True,40.0,258.3,2
2026-09-29 00:07:45,WIFI,True,0.0,8.4,0,True,40.0,258.3,2
2026-09-29 00:07:46,WIFI,True,0.0,8.4,0,True,40.0,258.3,2
2026-09-29 00:07:47,WIFI,True,0.0,7.9,0,True,40.0,258.7,2
2026-09-29 00:07:48,WIFI,True,0.0,7.9,0,True,40.0,258.7,2
2026-09-29 00:07:49,WIFI,True,0.0,10.4,0,True,40.0,258.7,2
2026-09-29 00:07:50,WIFI,True,0.0,10.3,0,False,60.0,258.7,2
2026-09-29 00:07:51,WIFI,True,0.0,10.3,0,True,40.0,263.9,2
2026-09-29 00:07:52,WIFI,True,0.0,10.3,0,True,40.0,263.9,3
2026-09-29 00:07:53,WIFI,True,0.0,20.6,0,True,40.0,262.8,3
2026-09-29 00:07:54,WIFI,True,0.0,19.7,0,True,40.0,262.8,3
2026-09-29 00:07:55,WIFI,True,0.0,19.7,0,True,40.0,262.8,3
2026-09-29 00:07:56,WIFI,True,0.0,20.3,0,True,40.0,262.8,3
2026-09-29 00:07:57,WIFI,True,0.0,20.3,0,True,40.0,254.3,3
2026-09-29 00:07:58,WIFI,True,0.0,20.4,0,True,40.0,254.3,3
2026-09-29 00:07:59,WIFI,True,0.0,20.4,0,True,20.0,246.7,3
2026-09-29 00:08:00,WIFI,True,0.0,20.1,0,True,20.0,246.7,3
2026-09-29 00:08:01,WIFI,True,0.0,20.1,0,True,20.0,238.2,3
2026-09-29 00:08:02,WIFI,True,0.0,28.8,0,True,20.0,238.2,3
2026-09-29 00:08:03,WIFI,True,0.0,28.8,0,True,20.0,233.3,3
2026-09-29 00:08:04,WIFI,True,0.0,26.3,0,True,20.0,233.3,3
2026-09-29 00:08:05,WIFI,True,0.0,26.3,0,True,0.0,225.3,3
2026-09-29 00:08:06,WIFI,True,0.0,28.0,0,True,0.0,225.3,3
2026-09-29 00:08:07,WIFI,True,0.0,28.0,0,True,0.0,221.2,3
2026-09-29 00:08:08,WIFI,True,0.0,25.5,0,True,0.0,221.2,3
2026-09-29 00:08:09,WIFI,True,0.0,25.5,0,True,0.0,221.5,3
2026-09-29 00:08:10,WIFI,True,0.0,27.5,0,True,0.0,221.5,3
2026-09-29 00:08:11,WIFI,True,0.0,27.5,0,True,0.0,221.5,3
2026-09-29 00:08:12,WIFI,True,0.0,25.8,0,True,20.0,221.5,3
2026-09-29 00:08:13,WIFI,True,0.0,25.8,0,True,20.0,219.8,3
2026-09-29 00:08:14,WIFI,True,0.0,39.1,0,True,20.0,219.8,3
2026-09-29 00:08:15,WIFI,True,0.0,39.1,0,True,20.0,214.4,3
2026-09-29 00:08:16,WIFI,True,0.0,45.7,0,True,20.0,214.4,3
2026-09-29 00:08:17,WIFI,True,0.0,45.7,0,True,20.0,214.5,3
2026-09-29 00:08:18,WIFI,True,0.0,45.7,0,True,20.0,214.5,3
2026-09-29 00:08:19,WIFI,True,0.0,45.7,0,True,20.0,216.7,3
2026-09-29 00:08:20,WIFI,True,0.0,49.6,0,True,20.0,216.7,3
2026-09-29 00:08:21,WIFI,True,0.0,49.6,0,True,0.0,214.5,3
2026-09-29 00:08:22,WIFI,True,0.0,40.9,0,True,0.0,214.5,3
2026-09-29 00:08:23,WIFI,True,0.0,40.9,0,True,0.0,220.2,3
2026-09-29 00:08:24,WIFI,True,0.0,50.5,0,True,0.0,217.2,3
2026-09-29 00:08:25,WIFI,True,0.0,50.5,0,True,0.0,217.2,3
2026-09-29 00:08:26,WIFI,True,0.0,48.5,0,True,0.0,217.2,3
2026-09-29 00:08:27,WIFI,True,0.0,48.5,0,True,0.0,221.3,3
2026-09-29 00:08:28,WIFI,True,0.0,48.2,0,True,0.0,221.3,3
2026-09-29 00:08:29,WIFI,True,0.0,48.2,0,True,0.0,226.4,3
2026-09-29 00:08:30,WIFI,True,0.0,46.8,0,True,0.0,226.4,4
2026-09-29 00:08:34,,False,100.0,,0,False,100.0,,0
2026-09-29 00:08:35,,True,0.0,4.0,0,True,0.0,428.5,0
2026-09-29 00:08:36,WIFI,True,0.0,4.0,0,True,0.0,428.5,0
2026-09-29 00:08:37,WIFI,True,0.0,36.1,0,True,0.0,326.9,0
2026-09-29 00:08:38,WIFI,True,0.0,36.1,0,True,0.0,326.9,0
2026-09-29 00:08:39,WIFI,True,0.0,56.1,0,True,0.0,286.7,0
2026-09-29 00:08:40,WIFI,True,0.0,56.1,0,True,0.0,286.7,0
2026-09-29 00:08:41,WIFI,True,0.0,73.3,0,True,0.0,269.9,0
2026-09-29 00:08:42,WIFI,True,0.0,73.3,0,True,0.0,269.9,0
2026-09-29 00:08:43,WIFI,True,0.0,77.1,0,True,0.0,257.1,0
2026-09-29 00:08:44,WIFI,True,0.0,77.1,0,True,0.0,257.1,0
2026-09-29 00:08:45,WIFI,True,0.0,80.6,0,True,0.0,257.1,0
2026-09-29 00:08:46,WIFI,True,0.0,70.8,0,True,20.0,257.1,0
2026-09-29 00:08:47,WIFI,True,0.0,70.8,0,True,20.0,251.5,0
2026-09-29 00:08:48,WIFI,True,0.0,75.5,0,True,20.0,251.5,0
2026-09-29 00:08:49,WIFI,True,0.0,75.5,0,True,20.0,248.2,0
2026-09-29 00:08:50,WIFI,True,0.0,68.8,0,True,20.0,248.2,0
2026-09-29 00:08:51,WIFI,True,0.0,68.8,0,True,20.0,242.9,0
2026-09-29 00:08:52,WIFI,True,0.0,62.3,0,True,20.0,242.9,0
2026-09-29 00:08:53,WIFI,True,0.0,62.3,0,True,20.0,241.3,0
2026-09-29 00:08:54,WIFI,True,0.0,73.7,0,True,20.0,241.3,0
2026-09-29 00:08:55,WIFI,True,0.0,73.7,0,True,0.0,237.7,0
2026-09-29 00:08:56,WIFI,True,0.0,73.7,0,True,0.0,237.7,0
2026-09-29 00:08:57,WIFI,False,20.0,73.7,0,True,0.0,237.7,0
2026-09-29 00:08:58,LOWBITRATE,False,20.0,73.7,0,True,20.0,237.7,0
2026-09-29 00:08:59,LOWBITRATE,False,40.0,73.7,0,True,20.0,237.7,0
2026-09-29 00:09:00,LOWBITRATE,False,40.0,73.7,0,True,40.0,237.7,0
2026-09-29 00:09:01,LOWBITRATE,False,60.0,73.7,0,True,40.0,237.7,0
2026-09-29 00:09:02,,False,60.0,70.2,0,False,60.0,237.7,0
2026-09-29 00:09:03,,False,60.0,70.2,0,False,60.0,215.9,0
2026-09-29 00:09:04,,False,60.0,66.7,0,False,60.0,215.9,0
2026-09-29 00:09:05,,False,60.0,66.7,0,False,60.0,214.1,0
2026-09-29 00:09:06,,False,40.0,59.0,0,False,60.0,214.1,0
2026-09-29 00:09:07,,False,40.0,59.0,0,False,60.0,214.1,0
2026-09-29 00:09:08,,False,20.0,54.4,0,False,60.0,214.1,0
2026-09-29 00:09:09,,False,20.0,54.4,0,True,40.0,212.7,0
2026-09-29 00:09:10,LOWBITRATE,True,0.0,55.4,0,True,40.0,212.7,0
2026-09-29 00:09:11,LOWBITRATE,True,0.0,55.4,0,True,20.0,211.4,0
2026-09-29 00:09:12,LOWBITRATE,True,0.0,55.8,0,True,20.0,211.4,0
2026-09-29 00:09:13,LOWBITRATE,True,0.0,55.8,0,True,20.0,213.1,0
2026-09-29 00:09:14,LOWBITRATE,True,0.0,52.1,0,True,20.0,213.1,0
2026-09-29 00:09:15,LOWBITRATE,True,0.0,52.1,0,True,20.0,213.4,0
2026-09-29 00:09:16,WIFI,True,0.0,62.7,0,True,0.0,211.6,0
2026-09-29 00:09:17,WIFI,True,0.0,62.7,0,True,0.0,211.6,0
2026-09-29 00:09:18,WIFI,True,0.0,65.8,0,True,0.0,211.6,0
2026-09-29 00:09:20,WIFI,True,0.0,65.8,0,True,0.0,211.6,0
2026-09-29 00:09:21,WIFI,True,0.0,66.2,0,True,20.0,212.8,0
2026-09-29 00:09:22,WIFI,True,0.0,66.2,0,True,20.0,212.8,0
2026-09-29 00:09:23,WIFI,True,0.0,65.5,0,True,20.0,210.8,0
2026-09-29 00:09:24,WIFI,True,0.0,65.5,0,True,20.0,210.8,0
2026-09-29 00:09:25,WIFI,True,0.0,67.6,0,True,20.0,213.4,0
2026-09-29 00:09:26,WIFI,True,0.0,67.6,0,True,20.0,213.4,0
2026-09-29 00:09:27,WIFI,True,0.0,75.0,0,True,20.0,213.1,0
2026-09-29 00:09:28,WIFI,True,0.0,75.0,0,True,20.0,213.1,0
2026-09-29 00:09:29,WIFI,True,0.0,77.1,0,True,0.0,213.3,0
2026-09-29 00:09:30,WIFI,True,0.0,77.1,0,True,0.0,213.3,0
2026-09-29 00:09:31,WIFI,True,0.0,72.8,0,True,0.0,213.3,0
2026-09-29 00:09:32,WIFI,True,0.0,72.8,0,True,0.0,213.3,0
2026-09-29 00:09:33,WIFI,True,0.0,84.6,0,True,20.0,217.3,0
2026-09-29 00:09:34,WIFI,True,0.0,84.6,0,True,20.0,217.3,0
2026-09-29 00:09:35,WIFI,True,0.0,82.4,0,True,20.0,220.2,0
2026-09-29 00:09:36,WIFI,True,0.0,82.4,0,True,20.0,220.2,0
2026-09-29 00:09:37,WIFI,True,0.0,79.0,0,True,20.0,220.2,0
2026-09-29 00:09:38,WIFI,True,0.0,79.0,0,True,20.0,220.2,0
2026-09-29 00:09:39,WIFI,True,0.0,88.1,0,True,40.0,219.7,0
2026-09-29 00:09:40,WIFI,True,0.0,88.1,0,True,40.0,219.7,0
2026-09-29 00:09:41,WIFI,True,0.0,76.4,0,True,20.0,217.9,0
2026-09-29 00:09:42,WIFI,True,0.0,76.4,0,True,20.0,217.9,0
2026-09-29 00:09:43,WIFI,True,0.0,84.7,0,True,20.0,216.1,0
2026-09-29 00:09:44,WIFI,True,0.0,84.7,0,True,20.0,216.1,0
2026-09-29 00:09:45,WIFI,True,0.0,77.6,0,True,20.0,229.4,0
2026-09-29 00:09:46,WIFI,True,0.0,77.6,0,True,20.0,229.4,0
2026-09-29 00:09:47,WIFI,True,0.0,72.0,0,True,0.0,230.7,0
2026-09-29 00:09:48,WIFI,True,0.0,72.0,0,True,0.0,230.7,0
2026-09-29 00:09:49,WIFI,True,0.0,75.9,0,True,0.0,228.3,0
2026-09-29 00:09:50,WIFI,True,0.0,75.9,0,True,0.0,228.3,0
2026-09-29 00:09:51,WIFI,True,0.0,72.0,0,True,0.0,230.8,0
2026-09-29 00:09:52,WIFI,True,0.0,72.0,0,True,0.0,230.8,0
2026-09-29 00:09:53,WIFI,True,0.0,66.7,0,True,0.0,230.8,0
2026-09-29 00:09:54,WIFI,True,0.0,66.7,0,True,0.0,230.8,0
2026-09-29 00:09:55,WIFI,True,0.0,74.3,0,True,20.0,239.4,0
2026-09-29 00:09:56,WIFI,True,0.0,74.3,0,True,20.0,239.4,0
2026-09-29 00:09:57,WIFI,True,0.0,70.9,0,True,20.0,245.8,0
2026-09-29 00:09:58,WIFI,True,0.0,70.9,0,True,20.0,245.8,0
2026-09-29 00:09:59,WIFI,True,0.0,60.7,0,True,20.0,251.5,0
2026-09-29 00:10:00,WIFI,True,0.0,60.7,0,True,20.0,251.5,0
2026-09-29 00:10:01,WIFI,True,0.0,72.5,0,True,20.0,257.3,0
2026-09-29 00:10:02,WIFI,True,0.0,72.5,0,True,20.0,257.3,0
2026-09-29 00:10:03,WIFI,True,0.0,67.5,0,True,0.0,263.6,0
2026-09-29 00:10:04,WIFI,True,0.0,67.5,0,True,0.0,263.6,0
2026-09-29 00:10:05,WIFI,True,0.0,75.7,0,True,0.0,263.6,0
2026-09-29 00:10:06,WIFI,True,0.0,75.7,0,True,20.0,263.6,0
2026-09-29 00:10:07,WIFI,True,0.0,69.5,0,True,20.0,269.7,0
2026-09-29 00:10:08,WIFI,True,0.0,69.5,0,True,20.0,269.7,0
2026-09-29 00:10:09,WIFI,True,0.0,66.0,0,True,20.0,269.7,1
2026-09-29 00:10:10,WIFI,True,0.0,66.0,0,True,40.0,269.7,1
2026-09-29 00:10:11,WIFI,True,0.0,70.9,0,True,40.0,259.9,1
2026-09-29 00:10:12,WIFI,True,0.0,70.9,0,True,40.0,259.9,1
2026-09-29 00:10:13,WIFI,True,0.0,72.8,0,True,40.0,261.9,1
2026-09-29 00:10:14,WIFI,True,0.0,72.8,0,True,40.0,261.9,1
2026-09-29 00:10:15,WIFI,True,0.0,66.8,0,True,20.0,266.5,1
2026-09-29 00:10:16,WIFI,True,0.0,66.8,0,True,20.0,266.5,1
2026-09-29 00:10:17,WIFI,True,0.0,65.4,0,True,20.0,266.2,1
2026-09-29 00:10:18,WIFI,True,0.0,65.4,0,True,20.0,266.2,1
2026-09-29 00:10:19,WIFI,True,0.0,71.6,0,True,0.0,263.0,1
2026-09-29 00:10:20,WIFI,True,0.0,71.6,0,True,0.0,263.0,1
2026-09-29 00:10:21,WIFI,True,0.0,61.4,0,True,0.0,263.3,1
2026-09-29 00:10:22,WIFI,True,0.0,61.4,0,True,0.0,263.3,1
2026-09-29 00:10:23,WIFI,True,0.0,56.1,0,True,0.0,258.1,1
2026-09-29 00:10:24,WIFI,True,0.0,56.1,0,True,0.0,258.1,1
2026-09-29 00:10:25,WIFI,True,0.0,51.0,0,True,0.0,253.5,1
2026-09-29 00:10:26,WIFI,True,0.0,51.0,0,True,0.0,253.5,1
2026-09-29 00:10:27,WIFI,True,0.0,51.0,0,True,0.0,247.1,1
2026-09-29 00:10:28,WIFI,True,0.0,51.0,0,True,0.0,247.1,1
2026-09-29 00:10:29,WIFI,True,0.0,48.9,0,True,0.0,244.3,1
2026-09-29 00:10:30,WIFI,True,0.0,48.9,0,True,0.0,244.3,1
2026-09-29 00:10:31,WIFI,True,0.0,44.9,0,True,0.0,242.7,1
2026-09-29 00:10:32,WIFI,True,0.0,44.9,0,True,0.0,242.7,1
2026-09-29 00:10:33,WIFI,True,0.0,41.5,0,True,0.0,239.1,1
2026-09-29 00:10:34,WIFI,True,0.0,41.5,0,True,0.0,239.1,1
2026-09-29 00:10:35,WIFI,True,0.0,39.7,0,True,0.0,239.3,1
2026-09-29 00:10:36,WIFI,True,0.0,39.7,0,True,0.0,239.3,1
2026-09-29 00:10:37,WIFI,True,0.0,38.0,0,True,0.0,236.9,1
2026-09-29 00:10:38,WIFI,True,0.0,38.0,0,True,0.0,236.9,1
2026-09-29 00:10:39,WIFI,True,0.0,32.4,0,True,0.0,236.9,1
2026-09-29 00:10:40,WIFI,True,0.0,32.4,0,True,20.0,236.9,1
2026-09-29 00:10:41,WIFI,True,0.0,30.7,0,True,20.0,236.9,1
2026-09-29 00:10:42,WIFI,True,0.0,30.7,0,True,40.0,236.9,1
2026-09-29 00:10:43,WIFI,True,0.0,30.6,0,True,40.0,236.9,1
2026-09-29 00:10:44,WIFI,True,0.0,30.6,0,False,60.0,236.9,1
2026-09-29 00:10:45,WIFI,True,0.0,28.7,0,False,60.0,231.5,1
2026-09-29 00:10:46,WIFI,True,0.0,28.7,0,False,60.0,231.5,1
2026-09-29 00:10:47,WIFI,True,0.0,39.4,0,False,60.0,221.8,1
2026-09-29 00:10:48,WIFI,True,0.0,39.4,0,False,60.0,221.8,1
2026-09-29 00:10:49,WIFI,True,0.0,34.7,0,False,60.0,221.8,1
2026-09-29 00:10:50,WIFI,True,0.0,34.7,0,False,60.0,221.8,1
2026-09-29 00:10:51,WIFI,True,0.0,31.7,0,True,40.0,220.4,1
2026-09-29 00:10:52,WIFI,True,0.0,31.7,0,True,40.0,220.4,1
2026-09-29 00:10:53,WIFI,True,0.0,28.5,0,True,20.0,218.0,1
2026-09-29 00:10:54,WIFI,True,0.0,28.5,0,True,20.0,218.0,1
2026-09-29 00:10:55,WIFI,True,0.0,24.0,0,True,20.0,227.5,1
2026-09-29 00:10:56,WIFI,True,0.0,24.0,0,True,20.0,227.5,1
2026-09-29 00:10:57,WIFI,True,0.0,23.9,0,True,20.0,225.3,1
2026-09-29 00:10:59,WIFI,True,0.0,23.9,0,True,20.0,225.3,1
2026-09-29 00:11:00,WIFI,True,0.0,21.3,0,True,0.0,230.4,1
2026-09-29 00:11:01,WIFI,True,0.0,21.3,0,True,0.0,230.4,1
2026-09-29 00:11:02,WIFI,True,0.0,21.5,0,True,0.0,244.7,1
2026-09-29 00:11:03,WIFI,True,0.0,21.5,0,True,0.0,244.7,1
2026-09-29 00:11:04,WIFI,True,0.0,21.3,0,True,0.0,246.4,1
2026-09-29 00:11:05,WIFI,True,0.0,21.3,0,True,0.0,246.4,1
2026-09-29 00:11:06,WIFI,True,0.0,19.1,0,True,0.0,251.1,1
2026-09-29 00:11:07,WIFI,True,0.0,19.1,0,True,0.0,251.1,1
2026-09-29 00:11:08,WIFI,True,0.0,10.5,0,True,0.0,261.2,1
2026-09-29 00:11:09,WIFI,True,0.0,10.5,0,True,0.0,261.2,1
2026-09-29 00:11:10,WIFI,True,0.0,10.5,0,True,0.0,264.6,1
2026-09-29 00:11:11,WIFI,True,0.0,10.5,0,True,0.0,264.6,1
2026-09-29 00:11:12,WIFI,True,0.0,10.6,0,True,0.0,270.0,1
2026-09-29 00:11:13,WIFI,True,0.0,10.6,0,True,0.0,270.0,1
2026-09-29 00:11:14,WIFI,True,0.0,10.5,0,True,0.0,271.5,1
2026-09-29 00:11:15,WIFI,True,0.0,10.5,0,True,0.0,271.5,1
2026-09-29 00:11:16,WIFI,True,0.0,10.4,0,True,0.0,267.6,1
2026-09-29 00:11:17,WIFI,True,0.0,10.4,0,True,0.0,267.6,1
2026-09-29 00:11:18,WIFI,True,0.0,8.7,0,True,0.0,270.3,1
2026-09-29 00:11:19,WIFI,True,0.0,8.7,0,True,0.0,270.3,1
2026-09-29 00:11:20,WIFI,True,0.0,13.6,0,True,0.0,267.9,1
2026-09-29 00:11:21,WIFI,True,0.0,13.6,0,True,0.0,267.9,1
2026-09-29 00:11:22,WIFI,True,0.0,15.3,0,True,0.0,267.9,1
2026-09-29 00:11:23,WIFI,True,0.0,15.3,0,True,20.0,267.9,1
2026-09-29 00:11:24,WIFI,False,20.0,15.3,0,True,20.0,267.9,1
2026-09-29 00:11:25,WIFI,False,20.0,15.3,0,True,40.0,267.9,1
2026-09-29 00:11:26,LOWBITRATE,False,20.0,26.3,0,True,40.0,253.7,1
2026-09-29 00:11:27,LOWBITRATE,False,20.0,26.3,0,True,40.0,253.7,1
2026-09-29 00:11:28,LOWBITRATE,False,20.0,26.4,0,True,40.0,253.7,1
2026-09-29 00:11:29,LOWBITRATE,False,20.0,26.4,0,False,60.0,253.7,1
2026-09-29 00:11:30,,False,20.0,25.4,0,False,60.0,247.0,1
2026-09-29 00:11:31,,False,20.0,25.4,0,False,60.0,247.0,1
2026-09-29 00:11:32,,False,20.0,25.5,0,True,40.0,244.4,1
2026-09-29 00:11:33,,False,20.0,25.5,0,True,40.0,244.4,1
2026-09-29 00:11:34,LOWBITRATE,True,0.0,31.3,0,True,20.0,236.7,1
2026-09-29 00:11:35,LOWBITRATE,True,0.0,31.3,0,True,20.0,236.7,1
2026-09-29 00:11:36,LOWBITRATE,True,0.0,28.4,0,True,20.0,233.5,1
2026-09-29 00:11:37,LOWBITRATE,True,0.0,28.4,0,True,20.0,233.5,1
2026-09-29 00:11:38,LOWBITRATE,True,0.0,28.6,0,True,0.0,226.1,1
2026-09-29 00:11:39,LOWBITRATE,True,0.0,28.6,0,True,0.0,226.1,1
2026-09-29 00:11:40,WIFI,True,0.0,30.8,0,True,0.0,226.7,1
2026-09-29 00:11:41,WIFI,True,0.0,30.8,0,True,0.0,226.7,1
2026-09-29 00:11:42,WIFI,True,0.0,25.9,0,True,0.0,224.4,1
2026-09-29 00:11:43,WIFI,True,0.0,25.9,0,True,0.0,224.4,1
2026-09-29 00:11:44,WIFI,True,0.0,24.0,0,True,0.0,220.7,1
2026-09-29 00:11:45,WIFI,True,0.0,24.0,0,True,0.0,220.7,2
2026-09-29 00:11:46,WIFI,True,0.0,23.6,0,True,0.0,215.1,2
2026-09-29 00:11:47,WIFI,True,0.0,23.6,0,True,0.0,215.1,2
2026-09-29 00:11:48,WIFI,True,0.0,25.5,0,True,0.0,217.4,2
2026-09-29 00:11:49,WIFI,True,0.0,25.5,0,True,0.0,217.4,2
2026-09-29 00:11:50,WIFI,True,0.0,24.3,0,True,0.0,217.4,2
2026-09-29 00:11:51,WIFI,True,0.0,24.3,0,True,20.0,217.4,2
2026-09-29 00:11:52,WIFI,False,20.0,24.3,0,True,20.0,217.4,3
2026-09-29 00:11:53,LOWBITRATE,False,20.0,24.3,0,True,40.0,217.4,3
2026-09-29 00:11:54,LOWBITRATE,False,20.0,26.6,0,True,40.0,222.8,3
2026-09-29 00:11:55,LOWBITRATE,False,20.0,22.7,0,True,40.0,222.8,3
2026-09-29 00:11:56,LOWBITRATE,False,20.0,22.7,0,True,40.0,221.0,3
2026-09-29 00:11:57,LOWBITRATE,False,20.0,22.8,0,True,40.0,221.0,3
2026-09-29 00:11:58,LOWBITRATE,False,20.0,22.8,0,True,40.0,221.0,3
2026-09-29 00:11:59,,False,20.0,22.5,0,False,60.0,221.0,3
2026-09-29 00:12:00,,False,20.0,22.5,0,False,60.0,221.0,3
2026-09-29 00:12:01,,True,0.0,20.5,0,False,60.0,221.0,3
2026-09-29 00:12:02,,True,0.0,20.5,0,True,40.0,220.2,3
2026-09-29 00:12:03,WIFI,True,0.0,22.4,0,True,40.0,220.2,3
2026-09-29 00:12:04,WIFI,True,0.0,22.4,0,True,40.0,221.6,3
2026-09-29 00:12:05,WIFI,True,0.0,28.7,0,True,40.0,221.6,3
2026-09-29 00:12:06,WIFI,True,0.0,28.7,0,True,40.0,221.6,3
2026-09-29 00:12:07,WIFI,True,0.0,18.4,0,False,60.0,221.6,3
2026-09-29 00:12:08,WIFI,True,0.0,18.4,0,True,40.0,229.7,3
2026-09-29 00:12:09,WIFI,True,0.0,18.4,0,True,40.0,229.7,3
2026-09-29 00:12:10,WIFI,True,0.0,28.7,0,True,20.0,228.4,3
2026-09-29 00:12:11,WIFI,True,0.0,28.8,0,True,20.0,228.4,3
2026-09-29 00:12:12,WIFI,True,0.0,28.8,0,True,20.0,230.7,3
2026-09-29 00:12:13,WIFI,True,0.0,28.7,0,True,20.0,230.7,3
2026-09-29 00:12:14,WIFI,True,0.0,28.7,0,True,20.0,231.7,3
2026-09-29 00:12:15,WIFI,True,0.0,27.2,0,True,20.0,231.7,3
2026-09-29 00:12:16,WIFI,True,0.0,27.2,0,True,20.0,231.7,3
2026-09-29 00:12:17,WIFI,True,0.0,27.4,0,True,20.0,231.7,3
2026-09-29 00:12:18,WIFI,True,0.0,27.4,0,True,20.0,232.8,3
2026-09-29 00:12:19,WIFI,True,0.0,27.6,0,True,20.0,232.8,3
2026-09-29 00:12:20,WIFI,True,0.0,27.6,0,True,20.0,232.8,3
2026-09-29 00:12:21,WIFI,True,0.0,35.3,0,True,40.0,232.8,3
2026-09-29 00:12:22,WIFI,True,0.0,35.3,0,True,40.0,232.7,3
2026-09-29 00:12:23,WIFI,True,0.0,35.5,0,True,40.0,232.7,3
2026-09-29 00:12:24,WIFI,True,0.0,35.5,0,True,40.0,232.7,3
2026-09-29 00:12:25,WIFI,True,0.0,42.0,0,False,60.0,232.7,3
2026-09-29 00:12:26,WIFI,True,0.0,42.0,0,False,60.0,232.7,3
2026-09-29 00:12:27,WIFI,True,0.0,48.8,0,False,60.0,232.7,3
2026-09-29 00:12:28,WIFI,True,0.0,48.8,0,False,60.0,227.6,3
2026-09-29 00:12:29,WIFI,True,0.0,44.8,0,False,60.0,227.6,3
2026-09-29 00:12:30,WIFI,True,0.0,44.8,0,True,40.0,227.8,3
2026-09-29 00:12:31,WIFI,True,0.0,56.7,0,True,40.0,227.8,3
2026-09-29 00:12:32,WIFI,True,0.0,56.7,0,True,40.0,227.0,3
2026-09-29 00:12:33,WIFI,True,0.0,61.0,0,True,40.0,227.0,3
2026-09-29 00:12:34,WIFI,True,0.0,61.0,0,True,20.0,225.8,3
2026-09-29 00:12:35,WIFI,True,0.0,70.0,0,True,20.0,225.8,3
2026-09-29 00:12:36,WIFI,True,0.0,70.0,0,True,0.0,216.7,3
2026-09-29 00:12:37,WIFI,True,0.0,83.2,0,True,0.0,216.7,3
2026-09-29 00:12:38,WIFI,True,0.0,83.2,0,True,0.0,216.4,3
2026-09-29 00:12:39,WIFI,True,0.0,90.2,0,True,0.0,216.4,3
2026-09-29 00:12:40,WIFI,True,0.0,90.2,0,True,0.0,212.8,3
2026-09-29 00:12:41,WIFI,True,0.0,91.0,0,True,0.0,212.8,3
2026-09-29 00:12:43,WIFI,True,0.0,91.0,0,True,0.0,214.7,3
2026-09-29 00:12:44,WIFI,True,0.0,91.0,0,True,0.0,213.6,3
2026-09-29 00:12:45,WIFI,True,0.0,91.0,0,True,0.0,213.6,3
2026-09-29 00:12:46,WIFI,True,0.0,85.7,0,True,0.0,213.6,3
2026-09-29 00:12:47,WIFI,True,0.0,85.7,0,True,0.0,213.6,3
2026-09-29 00:12:48,WIFI,True,0.0,88.7,0,True,20.0,211.6,3
2026-09-29 00:12:49,WIFI,True,0.0,88.7,0,True,20.0,211.6,3
2026-09-29 00:12:50,WIFI,True,0.0,80.5,0,True,20.0,212.5,3
2026-09-29 00:12:51,WIFI,True,0.0,80.5,0,True,20.0,212.5,3
2026-09-29 00:12:52,WIFI,True,0.0,72.5,0,True,20.0,212.5,3
2026-09-29 00:12:53,WIFI,True,0.0,72.5,0,True,20.0,212.5,3
2026-09-29 00:12:54,WIFI,True,0.0,78.6,0,True,40.0,214.1,3
2026-09-29 00:12:55,WIFI,True,0.0,78.6,0,True,40.0,214.1,3
2026-09-29 00:12:56,WIFI,True,0.0,72.1,0,True,20.0,213.1,3
2026-09-29 00:12:57,WIFI,True,0.0,72.1,0,True,20.0,213.1,3
2026-09-29 00:12:58,WIFI,True,0.0,67.1,0,True,20.0,213.2,3
2026-09-29 00:12:59,WIFI,True,0.0,67.1,0,True,20.0,213.2,3
2026-09-29 00:13:00,WIFI,True,0.0,72.3,0,True,20.0,213.2,3
2026-09-29 00:13:01,WIFI,True,0.0,72.3,0,True,20.0,213.2,3
2026-09-29 00:13:02,WIFI,True,0.0,75.4,0,True,20.0,214.7,3
2026-09-29 00:13:03,WIFI,True,0.0,75.4,0,True,20.0,214.7,3
2026-09-29 00:13:04,WIFI,True,0.0,83.8,0,True,20.0,213.9,3
2026-09-29 00:13:05,WIFI,True,0.0,83.8,0,True,20.0,213.9,3
2026-09-29 00:13:06,WIFI,True,0.0,82.9,0,True,20.0,212.2,3
2026-09-29 00:13:07,WIFI,True,0.0,82.9,0,True,20.0,212.2,3
2026-09-29 00:13:08,WIFI,True,0.0,81.8,0,True,20.0,211.5,3
2026-09-29 00:13:09,WIFI,True,0.0,81.8,0,True,20.0,211.5,3
2026-09-29 00:13:10,WIFI,True,0.0,96.8,0,True,0.0,214.7,3
2026-09-29 00:13:11,WIFI,True,0.0,96.8,0,True,0.0,214.7,3
2026-09-29 00:13:12,WIFI,True,0.0,94.8,0,True,0.0,215.3,3
2026-09-29 00:13:13,WIFI,True,0.0,94.8,0,True,0.0,215.3,3
2026-09-29 00:13:14,WIFI,True,0.0,91.9,0,True,0.0,214.8,3
2026-09-29 00:13:15,WIFI,True,0.0,91.9,0,True,0.0,214.8,3
2026-09-29 00:13:16,WIFI,True,0.0,91.4,0,True,0.0,211.5,3
2026-09-29 00:13:17,WIFI,True,0.0,91.4,0,True,0.0,211.5,3
2026-09-29 00:13:18,WIFI,True,0.0,91.2,0,True,0.0,212.3,3
2026-09-29 00:13:19,WIFI,True,0.0,91.2,0,True,0.0,212.3,3
2026-09-29 00:13:20,WIFI,True,0.0,83.4,0,True,0.0,220.4,3
2026-09-29 00:13:21,WIFI,True,0.0,83.4,0,True,0.0,220.4,3
2026-09-29 00:13:22,WIFI,True,0.0,76.5,0,True,0.0,221.7,3
2026-09-29 00:13:23,WIFI,True,0.0,76.5,0,True,0.0,221.7,3
2026-09-29 00:13:24,WIFI,True,0.0,65.9,0,True,0.0,232.9,3
2026-09-29 00:13:25,WIFI,True,0.0,65.9,0,True,0.0,232.9,3
2026-09-29 00:13:26,WIFI,True,0.0,61.5,0,True,0.0,235.0,3
2026-09-29 00:13:27,WIFI,True,0.0,61.5,0,True,0.0,235.0,3
2026-09-29 00:13:28,WIFI,True,0.0,61.4,0,True,0.0,235.0,3
2026-09-29 00:13:29,WIFI,True,0.0,61.4,0,True,20.0,235.0,3
2026-09-29 00:13:30,WIFI,True,0.0,58.7,0,True,20.0,235.4,3
2026-09-29 00:13:31,WIFI,True,0.0,58.7,0,True,20.0,235.4,3
2026-09-29 00:13:32,WIFI,True,0.0,58.5,0,True,20.0,233.3,3
2026-09-29 00:13:33,WIFI,True,0.0,58.5,0,True,20.0,233.3,3
2026-09-29 00:13:34,WIFI,True,0.0,59.9,0,True,20.0,233.3,3
2026-09-29 00:13:35,WIFI,True,0.0,59.9,0,True,40.0,233.3,3
2026-09-29 00:13:36,WIFI,True,0.0,60.8,0,True,40.0,237.3,3
2026-09-29 00:13:37,WIFI,True,0.0,60.8,0,True,40.0,237.3,3
2026-09-29 00:13:38,WIFI,True,0.0,60.4,0,True,20.0,236.9,3
2026-09-29 00:13:39,WIFI,True,0.0,60.4,0,True,20.0,236.9,3
2026-09-29 00:13:40,WIFI,True,0.0,58.9,0,True,20.0,238.2,3
2026-09-29 00:13:41,WIFI,True,0.0,58.9,0,True,20.0,238.2,3
2026-09-29 00:13:42,WIFI,True,0.0,60.2,0,True,20.0,237.3,3
2026-09-29 00:13:43,WIFI,True,0.0,60.2,0,True,20.0,237.3,3
2026-09-29 00:13:44,WIFI,True,0.0,60.2,0,True,0.0,238.7,3
2026-09-29 00:13:45,WIFI,True,0.0,60.2,0,True,0.0,238.7,3
2026-09-29 00:13:46,WIFI,True,0.0,60.7,0,True,0.0,238.7,3
2026-09-29 00:13:47,WIFI,True,0.0,60.7,0,True,20.0,238.7,3
2026-09-29 00:13:48,WIFI,True,0.0,59.5,0,True,20.0,238.1,3
2026-09-29 00:13:49,WIFI,True,0.0,59.5,0,True,20.0,238.1,3
2026-09-29 00:13:50,WIFI,True,0.0,57.9,0,True,20.0,227.0,3
2026-09-29 00:13:51,WIFI,True,0.0,57.9,0,True,20.0,227.0,3
2026-09-29 00:13:52,WIFI,True,0.0,56.2,0,True,20.0,225.4,3
2026-09-29 00:13:53,WIFI,True,0.0,56.2,0,True,20.0,225.4,3
2026-09-29 00:13:54,WIFI,True,0.0,45.1,0,True,20.0,225.4,3
2026-09-29 00:13:55,WIFI,True,0.0,45.1,0,True,40.0,225.4,3
2026-09-29 00:13:56,WIFI,True,0.0,56.8,0,True,20.0,226.8,3
2026-09-29 00:13:57,WIFI,True,0.0,56.8,0,True,20.0,226.8,3
2026-09-29 00:13:58,WIFI,True,0.0,49.2,0,True,20.0,226.8,3
2026-09-29 00:13:59,WIFI,True,0.0,49.2,0,True,40.0,226.8,3
2026-09-29 00:14:00,WIFI,True,0.0,57.3,0,True,40.0,227.9,3
2026-09-29 00:14:01,WIFI,True,0.0,57.3,0,True,40.0,227.9,3
2026-09-29 00:14:02,WIFI,True,0.0,59.6,0,True,40.0,223.1,3
2026-09-29 00:14:03,WIFI,True,0.0,59.6,0,True,40.0,223.1,3
2026-09-29 00:14:04,WIFI,True,0.0,63.3,0,True,20.0,222.9,3
2026-09-29 00:14:05,WIFI,True,0.0,63.3,0,True,20.0,222.9,3
2026-09-29 00:14:06,WIFI,True,0.0,61.1,0,True,20.0,235.8,3
2026-09-29 00:14:07,WIFI,True,0.0,61.1,0,True,20.0,235.8,3
2026-09-29 00:14:08,WIFI,True,0.0,61.7,0,True,0.0,237.4,3
2026-09-29 00:14:09,WIFI,True,0.0,61.7,0,True,0.0,237.4,3
2026-09-29 00:14:10,WIFI,True,0.0,52.6,0,True,0.0,229.3,3
2026-09-29 00:14:11,WIFI,True,0.0,52.6,0,True,0.0,229.3,3
2026-09-29 00:14:12,WIFI,True,0.0,52.8,0,True,0.0,228.1,3
2026-09-29 00:14:13,WIFI,True,0.0,52.8,0,True,0.0,228.1,3
2026-09-29 00:14:14,WIFI,True,0.0,52.7,0,True,0.0,227.9,3
2026-09-29 00:14:15,WIFI,True,0.0,52.7,0,True,0.0,227.9,3
2026-09-29 00:14:16,WIFI,True,0.0,50.8,0,True,0.0,231.1,3
2026-09-29 00:14:17,WIFI,True,0.0,50.8,0,True,0.0,231.1,3
2026-09-29 00:14:18,WIFI,True,0.0,59.5,0,True,0.0,228.3,3
2026-09-29 00:14:19,WIFI,True,0.0,59.5,0,True,0.0,228.3,3
2026-09-29 00:14:20,WIFI,True,0.0,62.4,0,True,0.0,228.6,3
2026-09-29 00:14:21,WIFI,True,0.0,62.4,0,True,0.0,228.6,3
2026-09-29 00:14:22,WIFI,True,0.0,57.3,0,True,0.0,230.9,3
2026-09-29 00:14:23,WIFI,True,0.0,57.3,0,True,0.0,230.9,3
2026-09-29 00:14:24,WIFI,True,0.0,55.7,0,True,0.0,231.0,3
2026-09-29 00:14:25,WIFI,True,0.0,55.7,0,True,0.0,231.0,3
2026-09-29 00:14:26,WIFI,True,0.0,70.3,0,True,0.0,222.4,3
2026-09-29 00:14:28,WIFI,True,0.0,70.3,0,True,0.0,222.4,3
2026-09-29 00:14:29,WIFI,True,0.0,68.6,0,True,0.0,220.6,3
2026-09-29 00:14:30,WIFI,True,0.0,68.6,0,True,0.0,220.6,3
2026-09-29 00:14:31,WIFI,True,0.0,77.3,0,True,0.0,220.1,3
2026-09-29 00:14:32,WIFI,True,0.0,77.3,0,True,0.0,220.1,3
2026-09-29 00:14:33,WIFI,True,0.0,80.9,0,True,0.0,220.0,3
2026-09-29 00:14:34,WIFI,True,0.0,80.9,0,True,0.0,220.0,3
2026-09-29 00:14:35,WIFI,True,0.0,89.4,0,True,0.0,220.5,3
2026-09-29 00:14:36,WIFI,True,0.0,89.4,0,True,0.0,220.5,3
2026-09-29 00:14:37,WIFI,True,0.0,90.4,0,True,0.0,219.3,3
2026-09-29 00:14:38,WIFI,True,0.0,90.4,0,True,0.0,219.3,3
2026-09-29 00:14:39,WIFI,True,0.0,87.5,0,True,0.0,219.2,3
2026-09-29 00:14:40,WIFI,True,0.0,87.5,0,True,0.0,219.2,3
2026-09-29 00:14:41,WIFI,True,0.0,82.5,0,True,0.0,216.2,3
2026-09-29 00:14:42,WIFI,True,0.0,82.5,0,True,0.0,216.2,3
2026-09-29 00:14:43,WIFI,True,0.0,79.2,0,True,0.0,214.1,3
2026-09-29 00:14:44,WIFI,True,0.0,79.2,0,True,0.0,214.1,3
2026-09-29 00:14:45,WIFI,True,0.0,87.5,0,True,0.0,214.0,3
2026-09-29 00:14:46,WIFI,True,0.0,87.5,0,True,0.0,214.0,3
2026-09-29 00:14:47,WIFI,True,0.0,74.6,0,True,0.0,209.4,3
2026-09-29 00:14:48,WIFI,True,0.0,74.6,0,True,0.0,209.4,3
2026-09-29 00:14:49,WIFI,False,20.0,74.6,0,True,0.0,213.2,3
2026-09-29 00:14:50,WIFI,False,20.0,74.6,0,True,0.0,213.2,3
2026-09-29 00:14:51,LOWBITRATE,False,20.0,80.2,0,True,0.0,211.9,3
2026-09-29 00:14:52,LOWBITRATE,False,20.0,80.2,0,True,0.0,211.9,3
2026-09-29 00:14:53,LOWBITRATE,False,20.0,69.7,0,True,0.0,212.3,3
2026-09-29 00:14:54,LOWBITRATE,False,20.0,69.7,0,True,0.0,212.3,3
2026-09-29 00:14:55,LOWBITRATE,False,20.0,75.3,0,True,0.0,212.3,3
2026-09-29 00:14:56,LOWBITRATE,False,20.0,75.3,0,True,20.0,212.3,3
2026-09-29 00:14:57,LOWBITRATE,False,20.0,78.8,0,True,20.0,213.6,3
2026-09-29 00:14:58,LOWBITRATE,False,20.0,78.8,0,True,20.0,213.6,3
2026-09-29 00:14:59,LOWBITRATE,True,0.0,69.6,0,True,20.0,213.6,3
2026-09-29 00:15:00,LOWBITRATE,True,0.0,69.6,0,True,40.0,213.6,3
2026-09-29 00:15:01,LOWBITRATE,True,0.0,73.9,0,True,40.0,211.1,3
2026-09-29 00:15:02,LOWBITRATE,True,0.0,73.9,0,True,40.0,211.1,3
2026-09-29 00:15:03,LOWBITRATE,True,0.0,66.6,0,True,40.0,211.0,3
2026-09-29 00:15:04,WIFI,True,0.0,66.7,0,True,40.0,211.0,3
2026-09-29 00:15:05,WIFI,True,0.0,66.7,0,True,20.0,212.9,3
2026-09-29 00:15:06,WIFI,True,0.0,56.4,0,True,20.0,212.9,3
2026-09-29 00:15:07,WIFI,True,0.0,56.4,0,True,20.0,214.7,3
2026-09-29 00:15:08,WIFI,True,0.0,56.4,0,True,20.0,214.7,3
2026-09-29 00:15:09,WIFI,True,0.0,57.4,0,True,0.0,214.7,3
2026-09-29 00:15:10,WIFI,True,0.0,57.4,0,True,0.0,214.7,3
2026-09-29 00:15:11,WIFI,True,0.0,55.3,0,True,0.0,215.5,3
2026-09-29 00:15:12,WIFI,True,0.0,55.3,0,True,0.0,215.5,4
2026-09-29 00:15:13,WIFI,True,0.0,64.3,0,True,0.0,215.5,4
2026-09-29 00:15:14,WIFI,True,0.0,57.1,0,True,20.0,215.5,4
2026-09-29 00:15:15,WIFI,True,0.0,57.1,0,True,20.0,211.9,4
2026-09-29 00:15:16,WIFI,True,0.0,57.1,0,True,20.0,211.9,4
2026-09-29 00:15:17,WIFI,True,0.0,55.6,0,True,20.0,212.9,4
2026-09-29 00:15:18,WIFI,True,0.0,55.6,0,True,20.0,212.9,4
2026-09-29 00:15:19,WIFI,True,0.0,61.1,0,True,20.0,212.9,4
2026-09-29 00:15:20,WIFI,True,0.0,53.5,0,True,40.0,212.9,4
2026-09-29 00:15:21,WIFI,True,0.0,53.5,0,True,40.0,212.9,4
2026-09-29 00:15:22,WIFI,True,0.0,54.4,0,False,60.0,212.9,4
2026-09-29 00:15:23,WIFI,True,0.0,54.4,0,True,40.0,220.1,4
2026-09-29 00:15:24,WIFI,True,0.0,54.3,0,True,40.0,220.1,4
2026-09-29 00:15:25,WIFI,True,0.0,54.3,0,True,40.0,220.1,4
2026-09-29 00:15:26,WIFI,True,0.0,55.1,0,False,60.0,220.1,4
2026-09-29 00:15:27,WIFI,True,0.0,55.1,0,False,60.0,219.9,4
2026-09-29 00:15:28,WIFI,True,0.0,52.2,0,False,60.0,219.9,4
2026-09-29 00:15:29,WIFI,True,0.0,52.2,0,True,40.0,219.4,4
2026-09-29 00:15:30,WIFI,True,0.0,44.9,0,True,40.0,219.4,4
2026-09-29 00:15:31,WIFI,True,0.0,44.9,0,True,20.0,219.7,4
2026-09-29 00:15:32,WIFI,True,0.0,41.7,0,True,20.0,219.7,4
2026-09-29 00:15:33,WIFI,True,0.0,41.7,0,True,20.0,217.6,4
2026-09-29 00:15:34,WIFI,True,0.0,41.7,0,True,20.0,217.6,4
2026-09-29 00:15:35,WIFI,True,0.0,51.6,0,True,0.0,215.6,4
2026-09-29 00:15:36,WIFI,True,0.0,44.8,0,True,0.0,215.6,4
2026-09-29 00:15:37,WIFI,True,0.0,44.8,0,True,0.0,215.5,4
2026-09-29 00:15:38,WIFI,True,0.0,42.8,0,True,0.0,215.5,4
2026-09-29 00:15:39,WIFI,True,0.0,42.8,0,True,0.0,214.4,4
2026-09-29 00:15:40,WIFI,True,0.0,51.5,0,True,0.0,214.4,4
2026-09-29 00:15:41,WIFI,True,0.0,51.5,0,True,0.0,216.8,4
2026-09-29 00:15:42,WIFI,True,0.0,52.9,0,True,0.0,216.8,4
2026-09-29 00:15:43,WIFI,True,0.0,52.9,0,True,0.0,219.1,4
2026-09-29 00:15:44,WIFI,True,0.0,62.6,0,True,0.0,219.1,4
2026-09-29 00:15:45,WIFI,True,0.0,62.6,0,True,0.0,219.1,4
2026-09-29 00:15:46,WIFI,True,0.0,74.4,0,True,20.0,219.1,4
2026-09-29 00:15:47,WIFI,True,0.0,74.4,0,True,20.0,214.7,4
2026-09-29 00:15:48,WIFI,True,0.0,82.2,0,True,20.0,214.7,4
2026-09-29 00:15:49,WIFI,True,0.0,82.2,0,True,20.0,215.0,4
2026-09-29 00:15:50,WIFI,True,0.0,94.7,0,True,20.0,215.0,4
2026-09-29 00:15:51,WIFI,True,0.0,94.7,0,True,20.0,215.8,4
2026-09-29 00:15:52,WIFI,True,0.0,89.8,0,True,20.0,215.8,4
2026-09-29 00:15:53,WIFI,True,0.0,89.8,0,True,20.0,215.5,4
2026-09-29 00:15:54,WIFI,True,0.0,87.4,0,True,0.0,216.1,4
2026-09-29 00:15:55,WIFI,True,0.0,87.4,0,True,0.0,216.1,4
2026-09-29 00:15:56,WIFI,True,0.0,96.6,0,True,0.0,216.1,4
2026-09-29 00:15:57,WIFI,True,0.0,96.6,0,True,0.0,216.1,4
2026-09-29 00:15:58,WIFI,True,0.0,92.4,0,True,20.0,216.0,4
2026-09-29 00:15:59,WIFI,True,0.0,92.4,0,True,20.0,216.0,4
2026-09-29 00:16:00,WIFI,True,0.0,81.5,0,True,20.0,217.1,4
2026-09-29 00:16:01,WIFI,True,0.0,81.5,0,True,20.0,217.1,4
2026-09-29 00:16:02,WIFI,True,0.0,81.0,0,True,20.0,220.1,4
2026-09-29 00:16:03,WIFI,True,0.0,81.0,0,True,20.0,220.1,4
2026-09-29 00:16:04,WIFI,True,0.0,77.9,0,True,20.0,217.9,4
2026-09-29 00:16:05,WIFI,True,0.0,77.9,0,True,20.0,217.9,4
2026-09-29 00:16:06,WIFI,True,0.0,74.5,0,True,0.0,217.6,4
2026-09-29 00:16:07,WIFI,True,0.0,74.5,0,True,0.0,217.6,4
2026-09-29 00:16:08,WIFI,True,0.0,80.2,0,True,0.0,217.6,4
2026-09-29 00:16:09,WIFI,True,0.0,80.2,0,True,0.0,217.6,4
2026-09-29 00:16:10,WIFI,True,0.0,69.7,0,True,0.0,217.6,4
2026-09-29 00:16:11,WIFI,True,0.0,69.7,0,True,0.0,217.6,4
2026-09-29 00:16:12,WIFI,True,0.0,69.5,0,True,20.0,215.7,4
2026-09-29 00:16:13,WIFI,True,0.0,69.5,0,True,20.0,215.7,4
2026-09-29 00:16:15,WIFI,True,0.0,65.8,0,True,20.0,215.7,4
2026-09-29 00:16:16,WIFI,True,0.0,65.8,0,True,20.0,215.7,4
2026-09-29 00:16:17,WIFI,True,0.0,60.3,0,True,40.0,216.2,4
2026-09-29 00:16:18,WIFI,True,0.0,60.3,0,True,40.0,216.2,4
2026-09-29 00:16:19,WIFI,True,0.0,68.1,0,True,40.0,217.5,4
2026-09-29 00:16:20,WIFI,True,0.0,68.1,0,True,40.0,217.5,4
2026-09-29 00:16:21,WIFI,True,0.0,72.4,0,True,20.0,219.5,4
2026-09-29 00:16:22,WIFI,True,0.0,72.4,0,True,20.0,219.5,5
2026-09-29 00:16:23,WIFI,True,0.0,82.5,0,True,20.0,219.5,5
2026-09-29 00:16:24,WIFI,True,0.0,82.5,0,True,20.0,219.5,5
2026-09-29 00:16:25,WIFI,True,0.0,77.8,0,True,40.0,219.5,5
2026-09-29 00:16:26,WIFI,True,0.0,77.8,0,True,40.0,219.5,5
2026-09-29 00:16:27,WIFI,True,0.0,76.0,0,True,40.0,219.5,5
2026-09-29 00:16:28,WIFI,True,0.0,76.0,0,True,40.0,219.5,5
2026-09-29 00:16:29,WIFI,True,0.0,71.4,0,False,60.0,221.3,5
2026-09-29 00:16:30,WIFI,True,0.0,71.4,0,False,60.0,221.3,5
2026-09-29 00:16:31,WIFI,True,0.0,73.6,0,False,60.0,220.8,5
2026-09-29 00:16:32,WIFI,True,0.0,73.6,0,False,60.0,220.8,5
2026-09-29 00:16:33,WIFI,True,0.0,83.6,0,True,40.0,218.0,5
2026-09-29 00:16:34,WIFI,True,0.0,83.6,0,True,40.0,218.0,5
2026-09-29 00:16:35,WIFI,True,0.0,87.9,0,True,40.0,218.0,6
2026-09-29 00:16:36,WIFI,True,0.0,87.9,0,True,40.0,218.0,6
2026-09-29 00:16:37,WIFI,True,0.0,87.5,0,True,40.0,218.0,6
2026-09-29 00:16:38,WIFI,True,0.0,87.5,0,True,40.0,218.0,6
2026-09-29 00:16:39,WIFI,True,0.0,83.7,0,True,40.0,219.1,6
2026-09-29 00:16:40,WIFI,True,0.0,83.7,0,True,40.0,219.1,6
2026-09-29 00:16:41,WIFI,True,0.0,79.2,0,True,40.0,230.0,6
2026-09-29 00:16:42,WIFI,True,0.0,79.2,0,True,40.0,230.0,6
2026-09-29 00:16:43,WIFI,True,0.0,71.0,0,True,40.0,226.6,6
2026-09-29 00:16:44,WIFI,True,0.0,71.0,0,True,40.0,226.6,6
2026-09-29 00:16:45,WIFI,True,0.0,79.6,0,True,20.0,228.8,6
2026-09-29 00:16:46,WIFI,True,0.0,79.6,0,True,20.0,228.8,6
2026-09-29 00:16:47,WIFI,True,0.0,77.1,0,True,0.0,230.1,6
2026-09-29 00:16:48,WIFI,True,0.0,77.1,0,True,0.0,230.1,6
2026-09-29 00:16:49,WIFI,True,0.0,76.4,0,True,0.0,231.4,6
2026-09-29 00:16:50,WIFI,True,0.0,76.4,0,True,0.0,231.4,6
2026-09-29 00:16:51,WIFI,True,0.0,71.9,0,True,0.0,232.1,6
2026-09-29 00:16:52,WIFI,True,0.0,71.9,0,True,0.0,232.1,6
2026-09-29 00:16:53,WIFI,True,0.0,67.0,0,True,0.0,232.1,7
2026-09-29 00:16:54,WIFI,True,0.0,67.0,0,True,20.0,232.1,7
2026-09-29 00:16:55,WIFI,True,0.0,57.3,0,True,20.0,235.0,7
2026-09-29 00:16:56,WIFI,True,0.0,57.3,0,True,20.0,235.0,7
2026-09-29 00:16:57,WIFI,True,0.0,55.2,0,True,20.0,235.8,7
2026-09-29 00:16:58,WIFI,True,0.0,55.2,0,True,20.0,235.8,7
2026-09-29 00:16:59,WIFI,True,0.0,52.5,0,True,20.0,236.3,7
2026-09-29 00:17:00,WIFI,True,0.0,52.5,0,True,20.0,236.3,7
2026-09-29 00:17:01,WIFI,True,0.0,58.2,0,True,20.0,235.0,7
2026-09-29 00:17:02,WIFI,True,0.0,58.2,0,True,20.0,235.0,7
2026-09-29 00:17:03,WIFI,True,0.0,57.6,0,True,0.0,221.6,7
2026-09-29 00:17:04,WIFI,True,0.0,57.6,0,True,0.0,221.6,7
2026-09-29 00:17:05,WIFI,True,0.0,54.3,0,True,0.0,224.1,7
2026-09-29 00:17:06,WIFI,True,0.0,54.3,0,True,0.0,224.1,7
2026-09-29 00:17:07,WIFI,True,0.0,63.2,0,True,0.0,227.5,7
2026-09-29 00:17:08,WIFI,True,0.0,63.2,0,True,0.0,227.5,7
2026-09-29 00:17:09,WIFI,True,0.0,60.6,0,True,0.0,225.1,7
2026-09-29 00:17:10,WIFI,True,0.0,60.6,0,True,0.0,225.1,7
2026-09-29 00:17:11,WIFI,True,0.0,59.2,0,True,0.0,222.5,7
2026-09-29 00:17:12,WIFI,True,0.0,59.2,0,True,0.0,222.5,7
2026-09-29 00:17:13,WIFI,True,0.0,54.6,0,True,0.0,232.5,7
2026-09-29 00:17:14,WIFI,True,0.0,54.6,0,True,0.0,232.5,7
2026-09-29 00:17:15,WIFI,True,0.0,57.0,0,True,0.0,226.7,7
2026-09-29 00:17:16,WIFI,True,0.0,57.0,0,True,0.0,226.7,7
2026-09-29 00:17:17,WIFI,True,0.0,60.8,0,True,0.0,229.2,7
2026-09-29 00:17:18,WIFI,True,0.0,60.8,0,True,0.0,229.2,7
2026-09-29 00:17:19,WIFI,True,0.0,68.3,0,True,0.0,229.5,7
2026-09-29 00:17:20,WIFI,True,0.0,68.3,0,True,0.0,229.5,7
2026-09-29 00:17:21,WIFI,True,0.0,70.2,0,True,0.0,237.6,7
2026-09-29 00:17:22,WIFI,True,0.0,70.2,0,True,0.0,237.6,7
2026-09-29 00:17:23,WIFI,True,0.0,72.6,0,True,0.0,237.6,7
2026-09-29 00:17:24,WIFI,True,0.0,72.6,0,True,20.0,237.6,7
2026-09-29 00:17:25,WIFI,True,0.0,76.8,0,True,20.0,240.2,7
2026-09-29 00:17:26,WIFI,True,0.0,76.8,0,True,20.0,240.2,7
2026-09-29 00:17:27,WIFI,True,0.0,64.8,0,True,20.0,240.2,7
2026-09-29 00:17:28,WIFI,True,0.0,64.8,0,True,40.0,240.2,7
2026-09-29 00:17:29,WIFI,True,0.0,59.2,0,True,40.0,238.8,7
2026-09-29 00:17:30,WIFI,True,0.0,59.2,0,True,40.0,238.8,7
2026-09-29 00:17:31,WIFI,True,0.0,65.7,0,True,40.0,236.1,7
2026-09-29 00:17:32,WIFI,True,0.0,65.7,0,True,40.0,236.1,7
2026-09-29 00:17:33,WIFI,False,20.0,65.7,0,True,40.0,236.1,7
2026-09-29 00:17:34,WIFI,False,20.0,65.7,0,True,40.0,236.1,7
2026-09-29 00:17:35,LOWBITRATE,False,20.0,75.8,0,True,40.0,236.6,7
2026-09-29 00:17:36,LOWBITRATE,False,20.0,75.8,0,True,40.0,236.6,7
2026-09-29 00:17:37,LOWBITRATE,False,20.0,77.3,0,True,20.0,237.2,7
2026-09-29 00:17:38,LOWBITRATE,False,20.0,77.3,0,True,20.0,237.2,7
2026-09-29 00:17:39,LOWBITRATE,False,20.0,77.3,0,True,20.0,226.1,7
2026-09-29 00:17:40,LOWBITRATE,False,20.0,77.3,0,True,20.0,226.1,7
2026-09-29 00:17:41,LOWBITRATE,False,20.0,81.4,0,True,20.0,233.0,7
2026-09-29 00:17:42,LOWBITRATE,False,20.0,81.4,0,True,20.0,233.0,7
2026-09-29 00:17:43,LOWBITRATE,True,0.0,82.4,0,True,0.0,229.3,7
2026-09-29 00:17:44,LOWBITRATE,True,0.0,82.4,0,True,0.0,229.3,7
2026-09-29 00:17:45,LOWBITRATE,True,0.0,87.3,0,True,0.0,229.3,7
2026-09-29 00:17:46,LOWBITRATE,True,0.0,87.3,0,True,20.0,229.3,7
2026-09-29 00:17:47,LOWBITRATE,True,0.0,80.1,0,True,20.0,229.7,7
2026-09-29 00:17:48,LOWBITRATE,True,0.0,80.1,0,True,20.0,229.7,7
2026-09-29 00:17:49,WIFI,True,0.0,84.9,0,True,20.0,222.6,7
2026-09-29 00:17:50,WIFI,True,0.0,84.9,0,True,20.0,222.6,7
2026-09-29 00:17:51,WIFI,True,0.0,87.8,0,True,20.0,219.9,7
2026-09-29 00:17:52,WIFI,True,0.0,87.8,0,True,20.0,219.9,7
2026-09-29 00:17:53,WIFI,True,0.0,86.4,0,True,20.0,221.3,7
2026-09-29 00:17:54,WIFI,True,0.0,86.4,0,True,20.0,221.3,7
2026-09-29 00:17:55,WIFI,True,0.0,86.3,0,True,20.0,221.3,7
2026-09-29 00:17:56,WIFI,True,0.0,86.3,0,True,20.0,221.3,7
2026-09-29 00:17:57,WIFI,True,0.0,92.8,0,True,20.0,221.3,7
2026-09-29 00:17:58,WIFI,True,0.0,92.8,0,True,40.0,221.3,7
2026-09-29 00:17:59,WIFI,True,0.0,84.5,0,True,40.0,222.0,7
2026-09-29 00:18:00,WIFI,True,0.0,84.5,0,True,40.0,222.0,7
2026-09-29 00:18:02,WIFI,True,0.0,67.3,0,True,40.0,220.6,7
2026-09-29 00:18:03,WIFI,True,0.0,67.3,0,True,40.0,220.6,7
2026-09-29 00:18:04,WIFI,True,0.0,71.0,0,True,40.0,220.7,7
2026-09-29 00:18:05,WIFI,True,0.0,71.0,0,True,40.0,220.7,7
2026-09-29 00:18:06,WIFI,True,0.0,63.9,0,True,20.0,218.7,7
2026-09-29 00:18:07,WIFI,True,0.0,63.9,0,True,20.0,218.7,7
2026-09-29 00:18:08,WIFI,True,0.0,70.0,0,True,0.0,213.2,7
2026-09-29 00:18:09,WIFI,True,0.0,70.0,0,True,0.0,213.2,7
2026-09-29 00:18:10,WIFI,True,0.0,67.9,0,True,0.0,213.6,7
2026-09-29 00:18:11,WIFI,True,0.0,67.9,0,True,0.0,213.6,7
2026-09-29 00:18:12,WIFI,True,0.0,71.0,0,True,0.0,212.5,7
2026-09-29 00:18:13,WIFI,True,0.0,71.0,0,True,0.0,212.5,7
2026-09-29 00:18:14,WIFI,True,0.0,75.9,0,True,0.0,212.5,7
2026-09-29 00:18:15,WIFI,True,0.0,75.9,0,True,20.0,212.5,7
2026-09-29 00:18:16,WIFI,True,0.0,72.7,0,True,20.0,211.3,7
2026-09-29 00:18:17,WIFI,True,0.0,72.7,0,True,20.0,211.3,7
2026-09-29 00:18:18,WIFI,True,0.0,61.6,0,True,20.0,213.9,7
2026-09-29 00:18:19,WIFI,True,0.0,61.6,0,True,20.0,213.9,7
2026-09-29 00:18:20,WIFI,True,0.0,71.9,0,True,20.0,213.4,7
2026-09-29 00:18:21,WIFI,True,0.0,71.9,0,True,20.0,213.4,7
2026-09-29 00:18:22,WIFI,True,0.0,75.8,0,True,20.0,210.7,7
2026-09-29 00:18:23,WIFI,True,0.0,75.8,0,True,20.0,210.7,7
2026-09-29 00:18:24,WIFI,True,0.0,74.1,0,True,0.0,211.7,7
2026-09-29 00:18:25,WIFI,True,0.0,74.1,0,True,0.0,211.7,7
2026-09-29 00:18:26,WIFI,True,0.0,71.3,0,True,0.0,212.5,7
2026-09-29 00:18:27,WIFI,True,0.0,71.3,0,True,0.0,212.5,7
2026-09-29 00:18:28,WIFI,True,0.0,61.1,0,True,0.0,212.7,7
2026-09-29 00:18:29,WIFI,True,0.0,61.1,0,True,0.0,212.7,7
2026-09-29 00:18:30,WIFI,True,0.0,65.6,0,True,0.0,212.7,7
2026-09-29 00:18:31,WIFI,True,0.0,65.6,0,True,20.0,212.7,7
2026-09-29 00:18:32,WIFI,True,0.0,61.7,0,True,20.0,212.4,7
2026-09-29 00:18:33,WIFI,True,0.0,61.7,0,True,20.0,212.4,7
2026-09-29 00:18:34,WIFI,True,0.0,57.5,0,True,20.0,212.4,7
2026-09-29 00:18:35,WIFI,True,0.0,57.5,0,True,40.0,212.4,7
2026-09-29 00:18:36,WIFI,True,0.0,61.9,0,True,40.0,223.2,7
2026-09-29 00:18:37,WIFI,True,0.0,61.9,0,True,40.0,223.2,7
2026-09-29 00:18:38,WIFI,True,0.0,69.8,0,True,40.0,233.8,7
2026-09-29 00:18:39,WIFI,True,0.0,69.8,0,True,40.0,233.8,7
2026-09-29 00:18:40,WIFI,True,0.0,67.3,0,True,40.0,233.8,7
2026-09-29 00:18:41,WIFI,True,0.0,67.3,0,True,40.0,233.8,7
2026-09-29 00:18:42,WIFI,True,0.0,62.9,0,True,40.0,240.2,7
2026-09-29 00:18:43,WIFI,True,0.0,62.9,0,True,40.0,240.2,7
2026-09-29 00:18:44,WIFI,True,0.0,56.3,0,True,20.0,245.2,7
2026-09-29 00:18:45,WIFI,True,0.0,56.3,0,True,20.0,245.2,7
2026-09-29 00:18:46,WIFI,True,0.0,62.8,0,True,20.0,245.2,7
2026-09-29 00:18:47,WIFI,True,0.0,62.8,0,True,40.0,245.2,7
2026-09-29 00:18:48,WIFI,True,0.0,70.7,0,True,40.0,246.1,7
2026-09-29 00:18:49,WIFI,True,0.0,70.7,0,True,40.0,246.1,7
2026-09-29 00:18:50,WIFI,True,0.0,61.8,0,True,20.0,248.1,7
2026-09-29 00:18:51,WIFI,True,0.0,61.8,0,True,20.0,248.1,7
2026-09-29 00:18:52,WIFI,True,0.0,64.5,0,True,20.0,248.1,7
2026-09-29 00:18:53,WIFI,True,0.0,64.5,0,True,40.0,248.1,7
2026-09-29 00:18:54,WIFI,True,0.0,61.2,0,True,40.0,248.5,7
2026-09-29 00:18:55,WIFI,True,0.0,61.2,0,True,40.0,248.5,7
2026-09-29 00:18:56,WIFI,True,0.0,51.9,0,True,20.0,248.4,7
2026-09-29 00:18:57,WIFI,True,0.0,51.9,0,True,20.0,248.4,7
2026-09-29 00:18:58,WIFI,True,0.0,45.9,0,True,20.0,248.1,7
2026-09-29 00:18:59,WIFI,True,0.0,40.0,0,True,20.0,248.1,7
2026-09-29 00:19:00,WIFI,True,0.0,40.0,0,True,20.0,248.2,7
2026-09-29 00:19:01,WIFI,True,0.0,40.0,0,True,20.0,248.2,7
2026-09-29 00:19:02,WIFI,False,20.0,40.0,0,True,0.0,237.2,7
2026-09-29 00:19:03,LOWBITRATE,False,20.0,39.9,0,True,0.0,237.2,7
2026-09-29 00:19:04,LOWBITRATE,False,20.0,39.9,0,True,0.0,226.7,7
2026-09-29 00:19:05,LOWBITRATE,False,20.0,38.0,0,True,0.0,226.7,7
2026-09-29 00:19:06,LOWBITRATE,False,20.0,38.0,0,True,0.0,226.7,7
2026-09-29 00:19:07,LOWBITRATE,False,20.0,29.1,0,True,20.0,226.7,7
2026-09-29 00:19:08,LOWBITRATE,False,20.0,29.1,0,True,20.0,220.5,7
2026-09-29 00:19:09,LOWBITRATE,False,20.0,23.8,0,True,20.0,220.5,7
2026-09-29 00:19:10,LOWBITRATE,False,20.0,23.8,0,True,20.0,220.5,7
2026-09-29 00:19:11,LOWBITRATE,True,0.0,23.6,0,True,40.0,220.5,7
2026-09-29 00:19:12,LOWBITRATE,True,0.0,23.6,0,True,40.0,212.8,7
2026-09-29 00:19:13,LOWBITRATE,True,0.0,21.0,0,True,40.0,212.8,7
2026-09-29 00:19:14,LOWBITRATE,True,0.0,21.0,0,True,40.0,210.5,7
2026-09-29 00:19:15,LOWBITRATE,True,0.0,18.7,0,True,40.0,210.5,7
2026-09-29 00:19:16,LOWBITRATE,True,0.0,18.7,0,True,40.0,210.5,7
2026-09-29 00:19:17,WIFI,True,0.0,15.9,0,True,40.0,210.5,7
2026-09-29 00:19:18,WIFI,True,0.0,15.9,0,True,40.0,209.4,7
2026-09-29 00:19:19,WIFI,True,0.0,15.9,0,True,40.0,209.4,7
2026-09-29 00:19:20,WIFI,True,0.0,15.9,0,True,40.0,209.4,7
2026-09-29 00:19:21,WIFI,True,0.0,14.2,0,True,40.0,209.4,7
2026-09-29 00:19:22,WIFI,True,0.0,14.2,0,True,40.0,208.9,7
2026-09-29 00:19:23,WIFI,True,0.0,17.6,0,True,40.0,208.9,7
2026-09-29 00:19:24,WIFI,True,0.0,17.6,0,True,40.0,207.8,7
2026-09-29 00:19:25,WIFI,True,0.0,15.6,0,True,40.0,207.8,7
2026-09-29 00:19:26,WIFI,True,0.0,15.6,0,True,20.0,219.2,7
2026-09-29 00:19:27,WIFI,True,0.0,15.5,0,True,20.0,219.2,7
2026-09-29 00:19:28,WIFI,True,0.0,15.5,0,True,20.0,219.2,7
2026-09-29 00:19:29,WIFI,True,0.0,13.0,0,True,40.0,219.2,7
2026-09-29 00:19:30,WIFI,True,0.0,13.0,0,True,20.0,229.6,7
2026-09-29 00:19:31,WIFI,True,0.0,15.0,0,True,20.0,229.6,7
2026-09-29 00:19:32,WIFI,True,0.0,15.0,0,True,20.0,229.5,7
2026-09-29 00:19:34,WIFI,True,0.0,13.6,0,True,20.0,229.5,7
2026-09-29 00:19:35,WIFI,True,0.0,13.6,0,True,20.0,234.8,7
2026-09-29 00:19:36,WIFI,True,0.0,14.5,0,True,20.0,234.8,7
2026-09-29 00:19:37,WIFI,True,0.0,14.5,0,True,20.0,236.8,7
2026-09-29 00:19:38,WIFI,True,0.0,14.6,0,True,20.0,236.8,7
2026-09-29 00:19:39,WIFI,True,0.0,14.6,0,True,0.0,241.4,7
2026-09-29 00:19:40,WIFI,True,0.0,12.6,0,True,0.0,241.0,7
2026-09-29 00:19:41,WIFI,True,0.0,12.6,0,True,0.0,241.0,7
2026-09-29 00:19:42,WIFI,True,0.0,12.3,0,True,0.0,241.2,7
2026-09-29 00:19:43,WIFI,True,0.0,12.3,0,True,0.0,241.2,7
2026-09-29 00:19:44,WIFI,True,0.0,10.3,0,True,0.0,242.9,7
2026-09-29 00:19:45,WIFI,True,0.0,10.3,0,True,0.0,242.9,7
2026-09-29 00:19:46,WIFI,True,0.0,10.3,0,True,0.0,242.9,7
2026-09-29 00:19:47,WIFI,True,0.0,10.3,0,True,0.0,242.9,7
2026-09-29 00:19:48,WIFI,True,0.0,10.4,0,True,20.0,245.4,7
2026-09-29 00:19:49,WIFI,True,0.0,10.4,0,True,20.0,245.4,7
2026-09-29 00:19:50,WIFI,True,0.0,12.8,0,True,20.0,234.2,7
2026-09-29 00:19:51,WIFI,True,0.0,12.8,0,True,20.0,234.2,7
2026-09-29 00:19:52,WIFI,True,0.0,12.7,0,True,20.0,226.0,7
2026-09-29 00:19:53,WIFI,True,0.0,12.7,0,True,20.0,226.0,7
2026-09-29 00:19:54,WIFI,True,0.0,11.9,0,True,20.0,228.5,7
2026-09-29 00:19:55,WIFI,True,0.0,11.9,0,True,20.0,228.5,7
2026-09-29 00:19:56,WIFI,True,0.0,10.2,0,True,0.0,224.7,7
2026-09-29 00:19:57,WIFI,True,0.0,10.2,0,True,0.0,224.7,7
2026-09-29 00:19:58,WIFI,True,0.0,20.2,0,True,0.0,222.6,7
2026-09-29 00:19:59,WIFI,True,0.0,20.2,0,True,0.0,222.6,7
2026-09-29 00:20:00,WIFI,True,0.0,20.1,0,True,0.0,222.6,7
2026-09-29 00:20:01,WIFI,True,0.0,20.1,0,True,0.0,222.6,7
2026-09-29 00:20:02,WIFI,True,0.0,20.0,0,True,20.0,217.8,7
2026-09-29 00:20:03,WIFI,True,0.0,20.0,0,True,20.0,217.8,7
2026-09-29 00:20:04,WIFI,True,0.0,20.9,0,True,20.0,221.7,7
2026-09-29 00:20:05,WIFI,True,0.0,20.9,0,True,20.0,221.7,7
2026-09-29 00:20:06,WIFI,True,0.0,21.6,0,True,20.0,219.9,7
2026-09-29 00:20:07,WIFI,True,0.0,21.6,0,True,20.0,219.9,7
2026-09-29 00:20:08,WIFI,True,0.0,24.0,0,True,20.0,219.9,7
2026-09-29 00:20:09,WIFI,True,0.0,24.0,0,True,20.0,219.9,7
2026-09-29 00:20:10,WIFI,True,0.0,23.6,0,True,20.0,220.4,7
2026-09-29 00:20:11,WIFI,True,0.0,23.6,0,True,20.0,220.4,7
2026-09-29 00:20:12,WIFI,True,0.0,31.2,0,True,20.0,217.9,7
2026-09-29 00:20:13,WIFI,True,0.0,31.2,0,True,20.0,217.9,7
2026-09-29 00:20:14,WIFI,True,0.0,31.7,0,True,20.0,217.9,7
2026-09-29 00:20:15,WIFI,True,0.0,31.7,0,True,20.0,217.9,7
2026-09-29 00:20:16,WIFI,True,0.0,34.1,0,True,40.0,217.7,7
2026-09-29 00:20:17,WIFI,True,0.0,34.1,0,True,40.0,217.7,7
2026-09-29 00:20:18,WIFI,True,0.0,24.1,0,True,20.0,215.4,7
2026-09-29 00:20:19,WIFI,True,0.0,24.1,0,True,20.0,215.4,7
2026-09-29 00:20:20,WIFI,True,0.0,27.3,0,True,20.0,213.3,7
2026-09-29 00:20:21,WIFI,True,0.0,27.3,0,True,20.0,213.3,7
2026-09-29 00:20:22,WIFI,True,0.0,27.4,0,True,20.0,212.9,7
2026-09-29 00:20:23,WIFI,True,0.0,27.4,0,True,20.0,212.9,7
2026-09-29 00:20:24,WIFI,True,0.0,25.3,0,True,0.0,213.1,7
2026-09-29 00:20:25,WIFI,True,0.0,25.3,0,True,0.0,213.1,7
2026-09-29 00:20:26,WIFI,True,0.0,24.4,0,True,0.0,213.0,7
2026-09-29 00:20:27,WIFI,True,0.0,24.4,0,True,0.0,213.0,7
2026-09-29 00:20:28,WIFI,True,0.0,22.0,0,True,0.0,213.0,7
2026-09-29 00:20:29,WIFI,True,0.0,22.0,0,True,20.0,213.0,7
2026-09-29 00:20:30,WIFI,True,0.0,22.2,0,True,20.0,210.1,7
2026-09-29 00:20:31,WIFI,True,0.0,22.2,0,True,20.0,210.1,7
2026-09-29 00:20:32,WIFI,True,0.0,17.6,0,True,20.0,210.3,7
2026-09-29 00:20:33,WIFI,True,0.0,17.6,0,True,20.0,210.3,7
2026-09-29 00:20:34,WIFI,True,0.0,16.8,0,True,20.0,216.2,7
2026-09-29 00:20:35,WIFI,True,0.0,16.8,0,True,20.0,216.2,7
2026-09-29 00:20:36,WIFI,True,0.0,16.9,0,True,20.0,216.9,7
2026-09-29 00:20:37,WIFI,True,0.0,16.9,0,True,20.0,216.9,7
2026-09-29 00:20:38,WIFI,True,0.0,16.8,0,True,0.0,216.8,7
2026-09-29 00:20:39,WIFI,True,0.0,16.8,0,True,0.0,216.8,7
2026-09-29 00:20:40,WIFI,True,0.0,13.8,0,True,0.0,217.1,7
2026-09-29 00:20:41,WIFI,True,0.0,13.8,0,True,0.0,217.1,7
2026-09-29 00:20:42,WIFI,True,0.0,13.7,0,True,0.0,219.3,7
2026-09-29 00:20:43,WIFI,True,0.0,13.7,0,True,0.0,219.3,7
2026-09-29 00:20:44,WIFI,True,0.0,13.7,0,True,0.0,220.0,7
2026-09-29 00:20:45,WIFI,True,0.0,13.7,0,True,0.0,220.0,7
2026-09-29 00:20:46,WIFI,True,0.0,14.2,0,True,0.0,221.9,7
2026-09-29 00:20:47,WIFI,True,0.0,14.2,0,True,0.0,221.9,7
2026-09-29 00:20:48,WIFI,True,0.0,17.3,0,True,0.0,222.3,7
2026-09-29 00:20:49,WIFI,True,0.0,17.3,0,True,0.0,222.3,7
2026-09-29 00:20:50,WIFI,True,0.0,15.1,0,True,0.0,220.1,7
2026-09-29 00:20:51,WIFI,True,0.0,15.1,0,True,0.0,220.1,7
2026-09-29 00:20:52,WIFI,True,0.0,16.2,0,True,0.0,220.2,7
2026-09-29 00:20:53,WIFI,True,0.0,16.2,0,True,0.0,220.2,7
2026-09-29 00:20:54,WIFI,True,0.0,25.1,0,True,0.0,211.9,7
2026-09-29 00:20:55,WIFI,True,0.0,25.1,0,True,0.0,211.9,7
2026-09-29 00:20:56,WIFI,True,0.0,34.0,0,True,0.0,212.2,7
2026-09-29 00:20:57,WIFI,True,0.0,34.0,0,True,0.0,212.2,7
2026-09-29 00:20:58,WIFI,True,0.0,39.2,0,True,0.0,214.2,7
2026-09-29 00:20:59,WIFI,True,0.0,39.2,0,True,0.0,214.2,7
2026-09-29 00:21:00,WIFI,True,0.0,39.1,0,True,0.0,222.6,7
2026-09-29 00:21:01,WIFI,True,0.0,39.1,0,True,0.0,222.6,7
2026-09-29 00:21:02,WIFI,True,0.0,52.8,0,True,0.0,221.7,7
2026-09-29 00:21:03,WIFI,True,0.0,52.8,0,True,0.0,221.7,7
2026-09-29 00:21:04,WIFI,True,0.0,53.2,0,True,0.0,222.6,7
2026-09-29 00:21:05,WIFI,True,0.0,53.2,0,True,0.0,222.6,7
2026-09-29 00:21:06,WIFI,True,0.0,61.5,0,True,0.0,222.6,7
2026-09-29 00:21:07,WIFI,True,0.0,61.5,0,True,20.0,222.6,7
2026-09-29 00:21:08,WIFI,True,0.0,62.2,0,True,20.0,222.6,7
2026-09-29 00:21:09,WIFI,True,0.0,62.2,0,True,40.0,222.6,7
2026-09-29 00:21:10,WIFI,True,0.0,62.5,0,True,40.0,220.8,7
2026-09-29 00:21:11,WIFI,True,0.0,62.5,0,True,40.0,220.8,7
2026-09-29 00:21:12,WIFI,True,0.0,67.1,0,True,40.0,220.8,7
2026-09-29 00:21:14,WIFI,True,0.0,67.1,0,False,60.0,220.8,7
2026-09-29 00:21:15,WIFI,True,0.0,63.0,0,False,60.0,220.8,7
2026-09-29 00:21:16,WIFI,True,0.0,63.0,0,False,80.0,220.8,7
2026-09-29 00:21:17,WIFI,True,0.0,62.9,0,False,60.0,222.7,7
2026-09-29 00:21:18,WIFI,True,0.0,62.9,0,False,60.0,222.7,7
2026-09-29 00:21:19,WIFI,True,0.0,60.9,0,True,40.0,224.2,7
2026-09-29 00:21:20,WIFI,True,0.0,60.9,0,True,40.0,224.2,7
2026-09-29 00:21:21,WIFI,True,0.0,61.3,0,True,40.0,224.2,7
2026-09-29 00:21:22,WIFI,True,0.0,61.3,0,False,60.0,224.2,7
2026-09-29 00:21:23,WIFI,True,0.0,63.7,0,True,40.0,224.2,7
2026-09-29 00:21:24,WIFI,True,0.0,63.7,0,True,40.0,224.2,7
2026-09-29 00:21:25,WIFI,True,0.0,63.5,0,True,20.0,233.5,7
2026-09-29 00:21:26,WIFI,True,0.0,63.5,0,True,20.0,233.5,7
2026-09-29 00:21:27,WIFI,True,0.0,67.0,0,True,20.0,234.2,7
2026-09-29 00:21:28,WIFI,True,0.0,67.0,0,True,20.0,234.2,7
2026-09-29 00:21:29,WIFI,True,0.0,67.5,0,True,20.0,232.4,7
2026-09-29 00:21:30,WIFI,True,0.0,67.5,0,True,20.0,232.4,7
2026-09-29 00:21:31,WIFI,True,0.0,67.1,0,True,20.0,232.4,7
2026-09-29 00:21:32,WIFI,True,0.0,67.1,0,True,20.0,232.4,7
2026-09-29 00:21:33,WIFI,True,0.0,68.3,0,True,20.0,225.0,7
2026-09-29 00:21:34,WIFI,True,0.0,68.3,0,True,20.0,225.0,7
2026-09-29 00:21:35,WIFI,True,0.0,70.2,0,True,20.0,223.5,7
2026-09-29 00:21:36,WIFI,True,0.0,70.2,0,True,20.0,223.5,7
2026-09-29 00:21:37,WIFI,True,0.0,68.2,0,True,20.0,220.6,7
2026-09-29 00:21:38,WIFI,True,0.0,68.2,0,True,20.0,220.6,7
2026-09-29 00:21:39,WIFI,True,0.0,65.5,0,True,20.0,220.5,7
2026-09-29 00:21:40,WIFI,True,0.0,65.5,0,True,20.0,220.5,7
2026-09-29 00:21:41,WIFI,True,0.0,65.1,0,True,0.0,218.5,7
2026-09-29 00:21:42,WIFI,True,0.0,65.1,0,True,0.0,218.5,7
2026-09-29 00:21:43,WIFI,True,0.0,59.8,0,True,0.0,218.6,7
2026-09-29 00:21:44,WIFI,True,0.0,59.8,0,True,0.0,218.6,7
2026-09-29 00:21:45,WIFI,True,0.0,64.3,0,True,0.0,218.4,7
2026-09-29 00:21:46,WIFI,True,0.0,64.3,0,True,0.0,218.4,7
2026-09-29 00:21:47,WIFI,True,0.0,60.2,0,True,0.0,212.0,7
2026-09-29 00:21:48,WIFI,True,0.0,55.8,0,True,0.0,212.0,7
2026-09-29 00:21:49,WIFI,True,0.0,55.8,0,True,0.0,212.0,7
2026-09-29 00:21:50,WIFI,True,0.0,55.8,0,True,20.0,212.0,7
2026-09-29 00:21:51,WIFI,True,0.0,62.1,0,True,20.0,211.3,7
2026-09-29 00:21:52,WIFI,True,0.0,62.1,0,True,20.0,211.3,7
2026-09-29 00:21:53,WIFI,True,0.0,60.3,0,True,20.0,211.3,7
2026-09-29 00:21:54,WIFI,True,0.0,54.1,0,True,40.0,211.3,7
2026-09-29 00:21:55,WIFI,True,0.0,54.1,0,True,40.0,211.5,7
2026-09-29 00:21:56,WIFI,True,0.0,54.1,0,True,40.0,211.5,7
2026-09-29 00:21:57,WIFI,True,0.0,53.6,0,True,40.0,212.6,7
2026-09-29 00:21:58,WIFI,True,0.0,56.6,0,True,40.0,212.6,7
2026-09-29 00:21:59,WIFI,True,0.0,56.6,0,True,40.0,212.6,7
2026-09-29 00:22:00,WIFI,True,0.0,62.3,0,True,40.0,212.6,7
2026-09-29 00:22:01,WIFI,True,0.0,62.3,0,True,40.0,212.6,7
2026-09-29 00:22:02,WIFI,True,0.0,62.3,0,False,60.0,212.6,7
2026-09-29 00:22:03,WIFI,True,0.0,59.8,0,True,40.0,214.4,7
2026-09-29 00:22:04,WIFI,True,0.0,59.5,0,True,40.0,214.4,7
2026-09-29 00:22:05,WIFI,True,0.0,59.5,0,True,40.0,214.4,7
2026-09-29 00:22:06,WIFI,True,0.0,52.1,0,False,60.0,214.4,7
2026-09-29 00:22:07,WIFI,True,0.0,52.1,0,False,60.0,222.2,7
2026-09-29 00:22:08,WIFI,True,0.0,52.5,0,False,60.0,222.2,7
2026-09-29 00:22:09,WIFI,True,0.0,52.5,0,True,40.0,222.4,7
2026-09-29 00:22:10,WIFI,True,0.0,50.6,0,True,40.0,222.4,7
2026-09-29 00:22:11,WIFI,True,0.0,50.6,0,True,20.0,223.2,7
2026-09-29 00:22:12,WIFI,True,0.0,40.3,0,True,20.0,223.2,7
2026-09-29 00:22:13,WIFI,True,0.0,40.3,0,True,20.0,228.6,7
2026-09-29 00:22:14,WIFI,True,0.0,43.8,0,True,20.0,228.6,7
2026-09-29 00:22:15,WIFI,True,0.0,43.8,0,True,0.0,231.1,7
2026-09-29 00:22:16,WIFI,True,0.0,42.8,0,True,0.0,231.1,7
2026-09-29 00:22:17,WIFI,True,0.0,42.8,0,True,0.0,228.9,7
2026-09-29 00:22:18,WIFI,True,0.0,43.4,0,True,0.0,228.9,7
2026-09-29 00:22:19,WIFI,True,0.0,43.4,0,True,0.0,228.9,8
2026-09-29 00:22:20,WIFI,True,0.0,45.0,0,True,20.0,228.9,8
2026-09-29 00:22:21,WIFI,True,0.0,45.0,0,True,20.0,230.7,8
2026-09-29 00:22:22,WIFI,True,0.0,44.5,0,True,20.0,230.7,8
2026-09-29 00:22:23,WIFI,True,0.0,44.5,0,True,20.0,231.7,8
2026-09-29 00:22:24,WIFI,True,0.0,55.6,0,True,20.0,231.7,8
2026-09-29 00:22:25,WIFI,True,0.0,55.6,0,True,20.0,230.8,8
2026-09-29 00:22:26,WIFI,True,0.0,60.8,0,True,20.0,230.8,8
2026-09-29 00:22:27,WIFI,True,0.0,60.8,0,True,20.0,229.0,8
2026-09-29 00:22:28,WIFI,True,0.0,60.4,0,True,20.0,229.0,8
2026-09-29 00:22:29,WIFI,True,0.0,60.4,0,True,0.0,221.3,8
2026-09-29 00:22:30,WIFI,True,0.0,70.0,0,True,0.0,221.6,8
2026-09-29 00:22:31,WIFI,True,0.0,70.0,0,True,0.0,221.6,8
2026-09-29 00:22:32,WIFI,True,0.0,72.4,0,True,0.0,222.6,8
2026-09-29 00:22:33,WIFI,True,0.0,72.4,0,True,0.0,222.6,8
2026-09-29 00:22:34,WIFI,True,0.0,70.8,0,True,0.0,221.5,8
2026-09-29 00:22:35,WIFI,True,0.0,70.8,0,True,0.0,221.5,8
2026-09-29 00:22:36,WIFI,True,0.0,64.4,0,True,0.0,219.8,8
2026-09-29 00:22:37,WIFI,True,0.0,64.4,0,True,0.0,219.8,8
2026-09-29 00:22:38,WIFI,True,0.0,69.2,0,True,0.0,219.6,8
2026-09-29 00:22:39,WIFI,True,0.0,69.2,0,True,0.0,219.6,8
2026-09-29 00:22:40,WIFI,True,0.0,75.6,0,True,0.0,219.0,8
2026-09-29 00:22:41,WIFI,True,0.0,75.6,0,True,0.0,219.0,8
2026-09-29 00:22:42,WIFI,True,0.0,73.1,0,True,0.0,217.9,8
2026-09-29 00:22:43,WIFI,True,0.0,73.1,0,True,0.0,217.9,8
2026-09-29 00:22:44,WIFI,True,0.0,64.3,0,True,0.0,230.1,8
2026-09-29 00:22:45,WIFI,True,0.0,64.3,0,True,0.0,230.1,8
2026-09-29 00:22:46,WIFI,True,0.0,59.7,0,True,0.0,243.1,8
2026-09-29 00:22:48,WIFI,True,0.0,59.7,0,True,0.0,243.1,8
2026-09-29 00:22:49,WIFI,True,0.0,60.0,0,True,0.0,243.3,8
2026-09-29 00:22:50,WIFI,True,0.0,60.0,0,True,0.0,243.3,8
2026-09-29 00:22:51,WIFI,True,0.0,56.8,0,True,0.0,243.3,8
2026-09-29 00:22:52,WIFI,True,0.0,56.8,0,True,0.0,243.3,8
2026-09-29 00:22:53,WIFI,True,0.0,59.1,0,True,20.0,243.3,8
2026-09-29 00:22:54,WIFI,True,0.0,59.1,0,True,20.0,243.3,8
2026-09-29 00:22:55,WIFI,True,0.0,67.1,0,True,40.0,242.9,8
2026-09-29 00:22:56,WIFI,True,0.0,67.1,0,True,40.0,242.9,8
2026-09-29 00:22:57,WIFI,True,0.0,78.0,0,True,40.0,241.1,8
2026-09-29 00:22:58,WIFI,True,0.0,78.0,0,True,40.0,241.1,8
2026-09-29 00:22:59,WIFI,True,0.0,73.6,0,True,40.0,237.1,8
2026-09-29 00:23:00,WIFI,True,0.0,73.6,0,True,40.0,237.1,8
2026-09-29 00:23:01,WIFI,True,0.0,62.4,0,True,20.0,239.3,8
2026-09-29 00:23:02,WIFI,True,0.0,62.4,0,True,20.0,239.3,8
2026-09-29 00:23:03,WIFI,True,0.0,61.5,0,True,0.0,238.8,8
2026-09-29 00:23:04,WIFI,True,0.0,61.5,0,True,0.0,238.8,8
2026-09-29 00:23:05,WIFI,True,0.0,54.9,0,True,0.0,236.8,8
2026-09-29 00:23:06,WIFI,True,0.0,54.9,0,True,0.0,236.8,8
2026-09-29 00:23:07,WIFI,True,0.0,66.2,0,True,0.0,236.1,8
2026-09-29 00:23:08,WIFI,True,0.0,66.2,0,True,0.0,236.1,8
2026-09-29 00:23:09,WIFI,True,0.0,66.2,0,True,0.0,224.5,8
2026-09-29 00:23:10,WIFI,False,20.0,66.2,0,True,0.0,224.5,8
2026-09-29 00:23:11,LOWBITRATE,False,20.0,70.2,0,True,0.0,211.0,8
2026-09-29 00:23:12,LOWBITRATE,False,20.0,70.2,0,True,0.0,211.0,8
2026-09-29 00:23:13,LOWBITRATE,False,20.0,63.5,0,True,0.0,214.0,8
2026-09-29 00:23:14,LOWBITRATE,False,20.0,63.5,0,True,0.0,214.0,8
2026-09-29 00:23:15,LOWBITRATE,False,20.0,66.9,0,True,0.0,214.0,8
2026-09-29 00:23:16,LOWBITRATE,False,20.0,66.9,0,True,20.0,214.0,8
2026-09-29 00:23:17,LOWBITRATE,False,20.0,71.7,0,True,20.0,214.0,8
2026-09-29 00:23:18,LOWBITRATE,False,20.0,71.7,0,True,40.0,214.0,8
2026-09-29 00:23:19,LOWBITRATE,True,0.0,67.3,0,True,40.0,214.0,8
2026-09-29 00:23:20,LOWBITRATE,True,0.0,67.3,0,False,60.0,214.0,8
2026-09-29 00:23:21,WIFI,True,0.0,69.5,0,False,60.0,214.1,8
2026-09-29 00:23:22,WIFI,True,0.0,69.5,0,False,60.0,214.1,8
2026-09-29 00:23:23,WIFI,True,0.0,77.3,0,False,60.0,214.1,8
2026-09-29 00:23:24,WIFI,True,0.0,77.3,0,False,80.0,214.1,8
2026-09-29 00:23:25,WIFI,True,0.0,77.0,0,False,60.0,214.0,8
2026-09-29 00:23:26,WIFI,True,0.0,77.0,0,False,60.0,214.0,8
2026-09-29 00:23:27,WIFI,True,0.0,84.7,0,True,40.0,213.7,8
2026-09-29 00:23:28,WIFI,True,0.0,84.7,0,True,40.0,213.7,8
2026-09-29 00:23:29,WIFI,True,0.0,72.0,0,True,20.0,214.5,8
2026-09-29 00:23:30,WIFI,True,0.0,72.0,0,True,20.0,214.5,8
2026-09-29 00:23:31,WIFI,True,0.0,71.8,0,True,20.0,214.6,8
2026-09-29 00:23:32,WIFI,True,0.0,71.8,0,True,20.0,214.6,8
2026-09-29 00:23:33,WIFI,True,0.0,75.6,0,True,0.0,217.3,8
2026-09-29 00:23:34,WIFI,True,0.0,75.6,0,True,0.0,217.3,8
2026-09-29 00:23:35,WIFI,True,0.0,80.4,0,True,0.0,218.0,8
2026-09-29 00:23:36,WIFI,True,0.0,80.4,0,True,0.0,218.0,8
2026-09-29 00:23:37,WIFI,True,0.0,70.2,0,True,0.0,215.9,8
2026-09-29 00:23:38,WIFI,True,0.0,70.2,0,True,0.0,215.9,8
2026-09-29 00:23:39,WIFI,True,0.0,71.8,0,True,0.0,215.9,8
2026-09-29 00:23:40,WIFI,True,0.0,71.8,0,True,20.0,215.9,8
2026-09-29 00:23:41,WIFI,True,0.0,67.6,0,True,20.0,216.8,8
2026-09-29 00:23:42,WIFI,True,0.0,67.6,0,True,20.0,216.8,8
2026-09-29 00:23:43,WIFI,True,0.0,66.6,0,True,20.0,214.7,8
2026-09-29 00:23:44,WIFI,True,0.0,66.6,0,True,20.0,214.7,8
2026-09-29 00:23:45,WIFI,True,0.0,73.0,0,True,20.0,214.6,8
2026-09-29 00:23:46,WIFI,True,0.0,73.0,0,True,20.0,214.6,8
2026-09-29 00:23:47,WIFI,True,0.0,65.3,0,True,20.0,214.9,8
2026-09-29 00:23:48,WIFI,True,0.0,65.3,0,True,20.0,214.9,8
2026-09-29 00:23:49,WIFI,True,0.0,70.3,0,True,0.0,217.0,8
2026-09-29 00:23:50,WIFI,True,0.0,70.3,0,True,0.0,217.0,8
2026-09-29 00:23:51,WIFI,True,0.0,80.1,0,True,0.0,213.3,8
2026-09-29 00:23:52,WIFI,True,0.0,80.1,0,True,0.0,213.3,8
2026-09-29 00:23:53,WIFI,True,0.0,77.0,0,True,0.0,213.5,8
2026-09-29 00:23:54,WIFI,True,0.0,77.0,0,True,0.0,213.5,8
2026-09-29 00:23:55,WIFI,True,0.0,72.2,0,True,0.0,213.5,8
2026-09-29 00:23:56,WIFI,True,0.0,72.2,0,True,20.0,213.5,8
2026-09-29 00:23:57,WIFI,True,0.0,67.3,0,True,20.0,213.5,9
2026-09-29 00:23:58,WIFI,True,0.0,67.3,0,True,40.0,213.5,9
2026-09-29 00:23:59,WIFI,True,0.0,61.2,0,True,40.0,210.7,9
2026-09-29 00:24:00,WIFI,True,0.0,61.2,0,True,40.0,210.7,9
2026-09-29 00:24:01,WIFI,True,0.0,70.2,0,True,40.0,210.9,9
2026-09-29 00:24:02,WIFI,True,0.0,70.2,0,True,40.0,210.9,9
2026-09-29 00:24:03,WIFI,True,0.0,66.1,0,True,40.0,210.9,9
2026-09-29 00:24:04,WIFI,True,0.0,66.1,0,False,60.0,210.9,9
2026-09-29 00:24:05,WIFI,True,0.0,59.0,0,True,40.0,210.8,9
2026-09-29 00:24:06,WIFI,True,0.0,59.0,0,True,40.0,210.8,9
2026-09-29 00:24:07,WIFI,True,0.0,58.9,0,True,20.0,213.2,9
2026-09-29 00:24:08,WIFI,True,0.0,58.9,0,True,20.0,213.2,9
2026-09-29 00:24:09,WIFI,True,0.0,63.0,0,True,20.0,216.0,9
2026-09-29 00:24:10,WIFI,True,0.0,63.0,0,True,20.0,216.0,9
2026-09-29 00:24:11,WIFI,True,0.0,57.9,0,True,20.0,215.9,9
2026-09-29 00:24:12,WIFI,True,0.0,57.9,0,True,20.0,215.9,9
2026-09-29 00:24:13,WIFI,True,0.0,66.0,0,True,20.0,215.9,9
2026-09-29 00:24:14,WIFI,True,0.0,66.0,0,True,20.0,215.9,9
2026-09-29 00:24:15,WIFI,True,0.0,63.4,0,True,20.0,215.4,9
2026-09-29 00:24:16,WIFI,True,0.0,63.4,0,True,20.0,215.4,9
2026-09-29 00:24:17,WIFI,True,0.0,74.7,0,True,20.0,213.3,9
2026-09-29 00:24:18,WIFI,True,0.0,74.7,0,True,20.0,213.3,9
2026-09-29 00:24:20,WIFI,True,0.0,73.2,0,True,20.0,213.0,9
2026-09-29 00:24:21,WIFI,True,0.0,73.2,0,True,20.0,213.0,9
2026-09-29 00:24:22,WIFI,True,0.0,62.3,0,True,20.0,218.9,9
2026-09-29 00:24:23,WIFI,True,0.0,62.3,0,True,20.0,218.9,9
2026-09-29 00:24:24,WIFI,True,0.0,70.7,0,True,0.0,218.9,9
2026-09-29 00:24:25,WIFI,True,0.0,70.7,0,True,0.0,218.9,9
2026-09-29 00:24:26,WIFI,True,0.0,71.1,0,True,0.0,218.3,9
2026-09-29 00:24:27,WIFI,True,0.0,71.1,0,True,0.0,218.3,9
2026-09-29 00:24:28,WIFI,True,0.0,77.2,0,True,0.0,218.3,9
2026-09-29 00:24:29,WIFI,True,0.0,77.2,0,True,20.0,218.3,9
2026-09-29 00:24:30,WIFI,True,0.0,72.3,0,True,20.0,218.3,9
2026-09-29 00:24:31,WIFI,True,0.0,72.3,0,True,40.0,218.3,9
2026-09-29 00:24:32,WIFI,True,0.0,68.6,0,True,40.0,218.3,9
2026-09-29 00:24:33,WIFI,True,0.0,68.6,0,False,60.0,218.3,9
2026-09-29 00:24:34,WIFI,True,0.0,68.6,0,False,60.0,218.9,9
2026-09-29 00:24:35,WIFI,True,0.0,68.6,0,False,60.0,218.9,9
2026-09-29 00:24:36,WIFI,True,0.0,63.7,0,False,60.0,218.6,9
2026-09-29 00:24:37,WIFI,True,0.0,63.7,0,False,60.0,218.6,9
2026-09-29 00:24:38,WIFI,True,0.0,60.0,0,True,40.0,214.4,9
2026-09-29 00:24:39,WIFI,True,0.0,60.0,0,True,40.0,214.4,9
2026-09-29 00:24:40,WIFI,True,0.0,63.8,0,True,40.0,214.4,9
2026-09-29 00:24:41,WIFI,True,0.0,63.8,0,True,40.0,214.4,9
2026-09-29 00:24:42,WIFI,True,0.0,68.8,0,True,20.0,215.9,9
2026-09-29 00:24:43,WIFI,True,0.0,68.8,0,True,20.0,215.9,9
2026-09-29 00:24:44,WIFI,True,0.0,63.8,0,True,20.0,216.1,9
2026-09-29 00:24:45,WIFI,True,0.0,60.3,0,True,20.0,216.1,9
2026-09-29 00:24:46,WIFI,True,0.0,60.3,0,True,20.0,216.2,9
2026-09-29 00:24:47,WIFI,True,0.0,60.3,0,True,20.0,216.2,9
2026-09-29 00:24:48,WIFI,True,0.0,61.1,0,True,20.0,218.3,9
2026-09-29 00:24:49,WIFI,True,0.0,59.3,0,True,20.0,218.3,9
2026-09-29 00:24:50,WIFI,True,0.0,59.3,0,True,20.0,218.3,9
2026-09-29 00:24:51,WIFI,True,0.0,59.6,0,True,20.0,218.3,9
2026-09-29 00:24:52,WIFI,True,0.0,59.6,0,True,20.0,214.7,9
2026-09-29 00:24:53,WIFI,True,0.0,59.6,0,True,20.0,214.7,9
2026-09-29 00:24:54,WIFI,True,0.0,55.6,0,True,20.0,216.9,9
2026-09-29 00:24:55,WIFI,True,0.0,55.6,0,True,20.0,216.9,9
2026-09-29 00:24:56,WIFI,True,0.0,67.4,0,True,20.0,218.6,9
2026-09-29 00:24:57,WIFI,True,0.0,59.8,0,True,20.0,218.6,9
2026-09-29 00:24:58,WIFI,True,0.0,59.8,0,True,20.0,218.6,9
2026-09-29 00:24:59,WIFI,True,0.0,55.1,0,True,40.0,218.6,9
2026-09-29 00:25:00,WIFI,True,0.0,55.1,0,True,40.0,218.6,9
2026-09-29 00:25:01,WIFI,True,0.0,53.3,0,True,40.0,218.6,9
2026-09-29 00:25:02,WIFI,True,0.0,53.3,0,True,40.0,218.6,9
2026-09-29 00:25:03,WIFI,True,0.0,54.8,0,False,60.0,218.6,9
2026-09-29 00:25:04,WIFI,True,0.0,54.8,0,False,60.0,220.9,9
2026-09-29 00:25:05,WIFI,True,0.0,65.6,0,False,60.0,220.9,9
2026-09-29 00:25:06,WIFI,True,0.0,65.6,0,False,60.0,218.9,9
2026-09-29 00:25:07,WIFI,True,0.0,63.2,0,False,60.0,218.9,9
2026-09-29 00:25:08,WIFI,True,0.0,63.2,0,True,40.0,219.2,9
2026-09-29 00:25:09,WIFI,True,0.0,64.4,0,True,40.0,219.2,9
2026-09-29 00:25:10,WIFI,True,0.0,64.4,0,True,20.0,219.6,9
2026-09-29 00:25:11,WIFI,True,0.0,69.8,0,True,20.0,219.6,9
2026-09-29 00:25:12,WIFI,True,0.0,69.8,0,True,20.0,219.6,9
2026-09-29 00:25:13,WIFI,True,0.0,66.5,0,True,20.0,219.6,9
2026-09-29 00:25:14,WIFI,True,0.0,66.5,0,True,20.0,221.8,9
2026-09-29 00:25:15,WIFI,True,0.0,64.6,0,True,20.0,221.8,9
2026-09-29 00:25:16,WIFI,True,0.0,64.6,0,True,20.0,221.6,9
2026-09-29 00:25:17,WIFI,True,0.0,76.9,0,True,20.0,221.6,9
2026-09-29 00:25:18,WIFI,True,0.0,76.9,0,True,20.0,221.9,9
2026-09-29 00:25:19,WIFI,True,0.0,85.4,0,True,20.0,221.9,9
2026-09-29 00:25:20,WIFI,True,0.0,85.4,0,True,20.0,221.9,9
2026-09-29 00:25:21,WIFI,True,0.0,91.1,0,True,20.0,221.9,9
2026-09-29 00:25:22,WIFI,True,0.0,91.1,0,True,20.0,221.9,9
2026-09-29 00:25:23,WIFI,True,0.0,83.9,0,True,20.0,220.1,9
2026-09-29 00:25:24,WIFI,True,0.0,83.9,0,True,20.0,220.1,9
2026-09-29 00:25:25,WIFI,True,0.0,80.5,0,True,20.0,218.4,9
2026-09-29 00:25:26,WIFI,True,0.0,80.5,0,True,20.0,218.4,9
2026-09-29 00:25:27,WIFI,True,0.0,92.1,0,True,20.0,219.1,9
2026-09-29 00:25:28,WIFI,True,0.0,92.1,0,True,20.0,219.1,9
2026-09-29 00:25:29,WIFI,True,0.0,97.9,0,True,20.0,219.1,9
2026-09-29 00:25:30,WIFI,True,0.0,97.9,0,True,20.0,219.1,9
2026-09-29 00:25:31,WIFI,True,0.0,97.0,0,True,20.0,218.5,9
2026-09-29 00:25:32,WIFI,True,0.0,97.0,0,True,20.0,218.5,9
2026-09-29 00:25:33,WIFI,True,0.0,106.9,0,True,20.0,218.5,9
2026-09-29 00:25:34,WIFI,True,0.0,106.9,0,True,20.0,218.5,9
2026-09-29 00:25:35,WIFI,True,0.0,106.9,0,True,40.0,224.3,9
2026-09-29 00:25:36,WIFI,False,20.0,106.9,0,True,40.0,224.3,9
2026-09-29 00:25:37,LOWBITRATE,False,20.0,99.7,0,True,40.0,224.3,9
2026-09-29 00:25:38,LOWBITRATE,False,20.0,99.7,0,True,40.0,224.3,9
2026-09-29 00:25:39,,False,20.0,99.7,0,True,40.0,226.7,9
2026-09-29 00:25:40,,False,40.0,99.7,0,True,40.0,226.7,9
2026-09-29 00:25:41,LOWBITRATE,False,40.0,93.9,0,True,40.0,226.4,9
2026-09-29 00:25:42,LOWBITRATE,False,40.0,93.9,0,True,40.0,226.4,9
2026-09-29 00:25:43,LOWBITRATE,False,40.0,89.1,0,True,40.0,226.4,9
2026-09-29 00:25:44,LOWBITRATE,False,40.0,89.1,0,True,40.0,226.4,9
2026-09-29 00:25:45,LOWBITRATE,False,20.0,85.6,0,True,40.0,226.5,9
2026-09-29 00:25:46,LOWBITRATE,False,20.0,85.6,0,True,40.0,226.5,9
2026-09-29 00:25:47,LOWBITRATE,False,20.0,85.0,0,True,20.0,226.4,9
2026-09-29 00:25:48,LOWBITRATE,False,20.0,85.0,0,True,20.0,226.4,9
2026-09-29 00:25:49,LOWBITRATE,True,0.0,80.2,0,True,20.0,226.4,9
2026-09-29 00:25:50,LOWBITRATE,True,0.0,80.2,0,True,20.0,226.4,9
2026-09-29 00:25:51,LOWBITRATE,True,0.0,70.3,0,True,40.0,224.5,9
2026-09-29 00:25:52,LOWBITRATE,True,0.0,70.3,0,True,40.0,224.5,9
2026-09-29 00:25:53,LOWBITRATE,True,0.0,71.4,0,True,40.0,224.5,9
2026-09-29 00:25:54,LOWBITRATE,True,0.0,71.4,0,True,40.0,224.5,9
2026-09-29 00:25:55,WIFI,True,0.0,74.4,0,True,40.0,225.9,9
2026-09-29 00:25:56,WIFI,True,0.0,74.4,0,True,40.0,225.9,9
2026-09-29 00:25:57,WIFI,True,0.0,62.4,0,True,40.0,227.8,9
2026-09-29 00:25:58,WIFI,True,0.0,62.4,0,True,40.0,227.8,9
2026-09-29 00:25:59,WIFI,True,0.0,63.6,0,True,20.0,228.8,9
2026-09-29 00:26:00,WIFI,True,0.0,63.6,0,True,20.0,228.8,9
2026-09-29 00:26:01,WIFI,True,0.0,61.2,0,True,20.0,228.6,9
2026-09-29 00:26:03,WIFI,True,0.0,61.2,0,True,20.0,228.6,9
2026-09-29 00:26:04,WIFI,True,0.0,56.4,0,True,0.0,225.9,9
2026-09-29 00:26:05,WIFI,True,0.0,56.4,0,True,0.0,225.9,9
2026-09-29 00:26:06,WIFI,True,0.0,63.1,0,True,0.0,223.4,9
2026-09-29 00:26:07,WIFI,True,0.0,63.1,0,True,0.0,223.4,9
2026-09-29 00:26:08,WIFI,True,0.0,61.5,0,True,0.0,223.4,9
2026-09-29 00:26:09,WIFI,True,0.0,61.5,0,True,20.0,223.4,9
2026-09-29 00:26:10,WIFI,True,0.0,72.3,0,True,20.0,222.3,9
2026-09-29 00:26:11,WIFI,True,0.0,72.3,0,True,20.0,222.3,9
2026-09-29 00:26:12,WIFI,True,0.0,82.4,0,True,20.0,228.0,9
2026-09-29 00:26:13,WIFI,True,0.0,82.4,0,True,20.0,228.0,9
2026-09-29 00:26:14,WIFI,True,0.0,77.1,0,True,20.0,227.9,9
2026-09-29 00:26:15,WIFI,True,0.0,77.1,0,True,20.0,227.9,9
2026-09-29 00:26:16,WIFI,True,0.0,76.2,0,True,20.0,227.9,9
2026-09-29 00:26:17,WIFI,True,0.0,76.2,0,True,40.0,227.9,9
2026-09-29 00:26:18,WIFI,True,0.0,79.3,0,True,20.0,227.8,9
2026-09-29 00:26:19,WIFI,True,0.0,79.3,0,True,20.0,227.8,9
2026-09-29 00:26:20,WIFI,True,0.0,81.1,0,True,20.0,226.5,9
2026-09-29 00:26:21,WIFI,True,0.0,81.1,0,True,20.0,226.5,9
2026-09-29 00:26:22,WIFI,True,0.0,86.4,0,True,20.0,224.6,9
2026-09-29 00:26:23,WIFI,True,0.0,86.4,0,True,20.0,224.6,9
2026-09-29 00:26:24,WIFI,True,0.0,88.9,0,True,20.0,224.6,9
2026-09-29 00:26:25,WIFI,True,0.0,88.9,0,True,40.0,224.6,9
2026-09-29 00:26:26,WIFI,True,0.0,84.4,0,True,20.0,220.4,9
2026-09-29 00:26:27,WIFI,True,0.0,84.4,0,True,20.0,220.4,9
2026-09-29 00:26:28,WIFI,True,0.0,95.9,0,True,20.0,221.7,9
2026-09-29 00:26:29,WIFI,True,0.0,95.9,0,True,20.0,221.7,9
2026-09-29 00:26:30,WIFI,True,0.0,88.4,0,True,20.0,221.7,9
2026-09-29 00:26:31,WIFI,True,0.0,88.4,0,True,40.0,221.7,9
2026-09-29 00:26:32,WIFI,True,0.0,83.2,0,True,40.0,219.2,9
2026-09-29 00:26:33,WIFI,True,0.0,83.2,0,True,40.0,219.2,9
2026-09-29 00:26:34,WIFI,True,0.0,83.0,0,True,40.0,219.2,9
2026-09-29 00:26:35,WIFI,True,0.0,83.0,0,True,40.0,219.2,9
2026-09-29 00:26:36,WIFI,True,0.0,77.9,0,True,40.0,217.1,9
2026-09-29 00:26:37,WIFI,True,0.0,77.9,0,True,40.0,217.1,9
2026-09-29 00:26:38,WIFI,True,0.0,71.5,0,True,40.0,217.1,9
2026-09-29 00:26:39,WIFI,True,0.0,71.5,0,False,60.0,217.1,9
2026-09-29 00:26:40,WIFI,True,0.0,69.8,0,True,40.0,217.8,9
2026-09-29 00:26:41,WIFI,True,0.0,69.8,0,True,40.0,217.8,9
2026-09-29 00:26:42,WIFI,True,0.0,68.9,0,True,40.0,213.8,9
2026-09-29 00:26:43,WIFI,True,0.0,68.9,0,True,40.0,213.8,9
2026-09-29 00:26:44,WIFI,True,0.0,70.2,0,True,20.0,213.2,9
2026-09-29 00:26:45,WIFI,True,0.0,70.2,0,True,20.0,213.2,9
2026-09-29 00:26:46,WIFI,True,0.0,63.2,0,True,20.0,214.1,9
2026-09-29 00:26:47,WIFI,True,0.0,63.2,0,True,20.0,214.1,9
2026-09-29 00:26:48,WIFI,True,0.0,65.8,0,True,0.0,219.2,9
2026-09-29 00:26:49,WIFI,True,0.0,65.8,0,True,0.0,219.2,9
2026-09-29 00:26:50,WIFI,True,0.0,59.4,0,True,0.0,219.5,9
2026-09-29 00:26:51,WIFI,True,0.0,59.4,0,True,0.0,219.5,9
2026-09-29 00:26:52,WIFI,True,0.0,62.0,0,True,0.0,222.1,9
2026-09-29 00:26:53,WIFI,True,0.0,62.0,0,True,0.0,222.1,9
2026-09-29 00:26:54,WIFI,True,0.0,60.1,0,True,0.0,222.1,9
2026-09-29 00:26:55,WIFI,True,0.0,60.1,0,True,20.0,222.1,9
2026-09-29 00:26:56,WIFI,True,0.0,63.0,0,True,20.0,221.6,9
2026-09-29 00:26:57,WIFI,True,0.0,63.0,0,True,20.0,221.6,9
2026-09-29 00:26:58,WIFI,True,0.0,76.4,0,True,20.0,225.6,9
2026-09-29 00:26:59,WIFI,True,0.0,76.4,0,True,20.0,225.6,9
2026-09-29 00:27:00,WIFI,True,0.0,78.7,0,True,20.0,226.9,9
2026-09-29 00:27:01,WIFI,True,0.0,78.7,0,True,20.0,226.9,9
2026-09-29 00:27:02,WIFI,True,0.0,77.2,0,True,20.0,225.3,9
2026-09-29 00:27:03,WIFI,True,0.0,77.2,0,True,20.0,225.3,9
2026-09-29 00:27:04,WIFI,True,0.0,77.1,0,True,20.0,225.3,9
2026-09-29 00:27:05,WIFI,True,0.0,77.1,0,True,20.0,225.3,9
2026-09-29 00:27:06,WIFI,True,0.0,75.9,0,True,20.0,223.6,9
2026-09-29 00:27:07,WIFI,True,0.0,75.9,0,True,20.0,223.6,9
2026-09-29 00:27:08,WIFI,True,0.0,73.8,0,True,20.0,223.6,9
2026-09-29 00:27:09,WIFI,True,0.0,73.8,0,True,20.0,223.6,9
2026-09-29 00:27:10,WIFI,True,0.0,78.7,0,True,20.0,222.5,9
2026-09-29 00:27:11,WIFI,True,0.0,78.7,0,True,20.0,222.5,9
2026-09-29 00:27:12,WIFI,True,0.0,73.6,0,True,20.0,222.5,9
2026-09-29 00:27:13,WIFI,True,0.0,73.6,0,True,40.0,222.5,9
2026-09-29 00:27:14,WIFI,True,0.0,72.7,0,True,20.0,218.8,9
2026-09-29 00:27:15,WIFI,True,0.0,72.7,0,True,20.0,218.8,9
2026-09-29 00:27:16,WIFI,True,0.0,69.4,0,True,20.0,220.5,9
2026-09-29 00:27:17,WIFI,True,0.0,69.4,0,True,20.0,220.5,9
2026-09-29 00:27:18,WIFI,True,0.0,71.2,0,True,20.0,222.5,9
2026-09-29 00:27:19,WIFI,True,0.0,71.2,0,True,20.0,222.5,9
2026-09-29 00:27:20,WIFI,True,0.0,72.4,0,True,20.0,222.2,9
2026-09-29 00:27:21,WIFI,True,0.0,72.4,0,True,20.0,222.2,9
2026-09-29 00:27:22,WIFI,True,0.0,78.4,0,True,20.0,222.2,9
2026-09-29 00:27:23,WIFI,True,0.0,78.4,0,True,20.0,222.2,9
2026-09-29 00:27:24,WIFI,True,0.0,85.9,0,True,20.0,217.9,9
2026-09-29 00:27:25,WIFI,True,0.0,85.9,0,True,20.0,217.9,9
2026-09-29 00:27:26,WIFI,True,0.0,93.0,0,True,20.0,216.5,9
2026-09-29 00:27:27,WIFI,True,0.0,93.0,0,True,20.0,216.5,9
2026-09-29 00:27:28,WIFI,True,0.0,84.9,0,True,20.0,229.1,9
2026-09-29 00:27:29,WIFI,True,0.0,84.9,0,True,20.0,229.1,9
2026-09-29 00:27:30,WIFI,True,0.0,93.4,0,True,20.0,238.0,9
2026-09-29 00:27:31,WIFI,True,0.0,93.4,0,True,20.0,238.0,9
2026-09-29 00:27:32,WIFI,True,0.0,91.0,0,True,0.0,247.0,9
2026-09-29 00:27:33,WIFI,True,0.0,91.0,0,True,0.0,247.0,9
2026-09-29 00:27:34,WIFI,True,0.0,101.2,0,True,0.0,257.2,9
2026-09-29 00:27:35,WIFI,True,0.0,101.2,0,True,0.0,257.2,9
2026-09-29 00:27:36,WIFI,True,0.0,99.4,0,True,0.0,257.2,9
2026-09-29 00:27:37,WIFI,True,0.0,99.4,0,True,20.0,257.2,9
2026-09-29 00:27:38,WIFI,True,0.0,83.9,0,True,20.0,262.0,9
2026-09-29 00:27:39,WIFI,True,0.0,83.9,0,True,20.0,262.0,9
2026-09-29 00:27:40,WIFI,False,20.0,83.9,0,True,20.0,266.7,9
2026-09-29 00:27:41,WIFI,False,20.0,83.9,0,True,20.0,266.7,9
2026-09-29 00:27:42,LOWBITRATE,False,20.0,81.1,0,True,20.0,266.7,9
2026-09-29 00:27:43,LOWBITRATE,False,20.0,81.1,0,True,40.0,266.7,9
2026-09-29 00:27:44,LOWBITRATE,False,20.0,77.5,0,True,40.0,266.7,9
2026-09-29 00:27:45,LOWBITRATE,False,20.0,77.5,0,False,60.0,266.7,9
2026-09-29 00:27:46,,False,20.0,75.0,0,True,40.0,264.7,9
2026-09-29 00:27:47,,False,20.0,75.0,0,True,40.0,264.7,9
2026-09-29 00:27:49,LOWBITRATE,False,20.0,72.1,0,True,40.0,267.5,9
2026-09-29 00:27:50,LOWBITRATE,False,20.0,72.1,0,True,40.0,267.5,9
2026-09-29 00:27:51,LOWBITRATE,True,0.0,71.7,0,True,40.0,267.5,9
2026-09-29 00:27:52,LOWBITRATE,True,0.0,71.7,0,False,60.0,267.5,9
2026-09-29 00:27:53,WIFI,True,0.0,58.2,0,True,40.0,267.0,9
2026-09-29 00:27:54,WIFI,True,0.0,58.2,0,True,40.0,267.0,9
2026-09-29 00:27:55,WIFI,True,0.0,59.0,0,True,20.0,269.2,9
2026-09-29 00:27:56,WIFI,True,0.0,59.0,0,True,20.0,269.2,9
2026-09-29 00:27:57,WIFI,True,0.0,49.3,0,True,20.0,261.4,9
2026-09-29 00:27:58,WIFI,True,0.0,49.3,0,True,20.0,261.4,9
2026-09-29 00:27:59,WIFI,True,0.0,50.7,0,True,20.0,261.4,9
2026-09-29 00:28:00,WIFI,True,0.0,50.7,0,True,40.0,261.4,9
2026-09-29 00:28:01,WIFI,True,0.0,54.8,0,True,20.0,252.2,9
2026-09-29 00:28:02,WIFI,True,0.0,54.8,0,True,20.0,252.2,9
2026-09-29 00:28:03,WIFI,True,0.0,52.7,0,True,20.0,243.2,9
2026-09-29 00:28:04,WIFI,True,0.0,52.7,0,True,20.0,243.2,9
2026-09-29 00:28:05,WIFI,True,0.0,43.2,0,True,20.0,243.2,9
2026-09-29 00:28:06,WIFI,True,0.0,43.2,0,True,40.0,243.2,9
2026-09-29 00:28:07,WIFI,True,0.0,36.7,0,True,40.0,243.2,9
2026-09-29 00:28:08,WIFI,True,0.0,33.4,0,False,60.0,243.2,9
2026-09-29 00:28:09,WIFI,True,0.0,33.4,0,True,40.0,233.2,9
2026-09-29 00:28:10,WIFI,True,0.0,31.1,0,True,40.0,233.2,9
2026-09-29 00:28:11,WIFI,True,0.0,31.1,0,True,40.0,228.9,9
2026-09-29 00:28:12,WIFI,True,0.0,31.3,0,True,40.0,228.9,9
2026-09-29 00:28:13,WIFI,True,0.0,31.3,0,True,40.0,224.9,9
2026-09-29 00:28:14,WIFI,True,0.0,24.6,0,True,40.0,224.9,9
2026-09-29 00:28:15,WIFI,True,0.0,24.6,0,True,40.0,224.9,9
2026-09-29 00:28:16,WIFI,True,0.0,22.2,0,True,40.0,224.9,9
2026-09-29 00:28:17,WIFI,True,0.0,22.2,0,True,20.0,224.2,9
2026-09-29 00:28:18,WIFI,True,0.0,18.5,0,True,20.0,224.2,10
2026-09-29 00:28:19,WIFI,True,0.0,18.5,0,True,20.0,223.2,10
2026-09-29 00:28:20,WIFI,True,0.0,14.7,0,True,20.0,223.2,10
2026-09-29 00:28:21,WIFI,True,0.0,14.7,0,True,20.0,233.5,10
2026-09-29 00:28:22,WIFI,True,0.0,14.3,0,True,20.0,233.5,10
2026-09-29 00:28:23,WIFI,True,0.0,14.3,0,True,20.0,236.4,10
2026-09-29 00:28:24,WIFI,True,0.0,14.3,0,True,20.0,236.4,10
2026-09-29 00:28:25,WIFI,True,0.0,14.3,0,True,0.0,236.5,10
2026-09-29 00:28:26,WIFI,True,0.0,11.9,0,True,0.0,236.5,10
2026-09-29 00:28:27,WIFI,True,0.0,11.9,0,True,0.0,236.5,10
2026-09-29 00:28:28,WIFI,True,0.0,13.6,0,True,0.0,236.5,10
2026-09-29 00:28:29,WIFI,True,0.0,13.6,0,True,0.0,242.1,10
2026-09-29 00:28:30,WIFI,True,0.0,11.9,0,True,0.0,242.1,10
2026-09-29 00:28:31,WIFI,True,0.0,11.9,0,True,0.0,247.0,10
2026-09-29 00:28:32,WIFI,True,0.0,11.8,0,True,0.0,247.0,10
2026-09-29 00:28:33,WIFI,True,0.0,11.8,0,True,0.0,244.5,10
2026-09-29 00:28:34,WIFI,True,0.0,15.2,0,True,0.0,244.5,10
2026-09-29 00:28:35,WIFI,True,0.0,15.2,0,True,0.0,245.9,10
2026-09-29 00:28:36,WIFI,True,0.0,15.8,0,True,0.0,245.9,10
2026-09-29 00:28:37,WIFI,True,0.0,15.8,0,True,0.0,247.7,10
2026-09-29 00:28:38,WIFI,True,0.0,15.8,0,True,0.0,247.7,10
2026-09-29 00:28:39,WIFI,False,20.0,15.8,0,True,0.0,251.5,10
2026-09-29 00:28:40,LOWBITRATE,False,20.0,13.6,0,True,0.0,251.5,10
2026-09-29 00:28:41,LOWBITRATE,False,20.0,13.6,0,True,0.0,242.1,10
2026-09-29 00:28:42,LOWBITRATE,False,20.0,13.6,0,True,0.0,242.1,10
2026-09-29 00:28:43,LOWBITRATE,False,40.0,13.6,0,True,0.0,242.1,10
2026-09-29 00:28:44,LOWBITRATE,False,40.0,15.0,0,True,20.0,242.1,10
2026-09-29 00:28:45,LOWBITRATE,False,40.0,15.0,0,True,20.0,238.6,10
2026-09-29 00:28:46,LOWBITRATE,False,40.0,12.6,0,True,20.0,238.6,10
2026-09-29 00:28:47,LOWBITRATE,False,40.0,12.6,0,True,20.0,238.6,10
2026-09-29 00:28:48,LOWBITRATE,False,20.0,12.5,0,True,40.0,234.1,10
2026-09-29 00:28:49,LOWBITRATE,False,20.0,12.5,0,True,40.0,234.1,10
2026-09-29 00:28:50,LOWBITRATE,False,20.0,12.6,0,True,40.0,234.1,10
2026-09-29 00:28:51,LOWBITRATE,False,20.0,12.6,0,True,40.0,234.1,10
2026-09-29 00:28:52,,True,0.0,10.5,0,True,40.0,236.0,10
2026-09-29 00:28:53,,True,0.0,10.5,0,True,40.0,236.0,10
2026-09-29 00:28:54,WIFI,True,0.0,11.5,0,True,40.0,228.7,10
2026-09-29 00:28:55,WIFI,True,0.0,11.5,0,True,40.0,228.7,10
2026-09-29 00:28:56,WIFI,True,0.0,20.1,0,True,20.0,224.8,10
2026-09-29 00:28:57,WIFI,True,0.0,20.1,0,True,20.0,224.8,10
2026-09-29 00:28:58,WIFI,True,0.0,17.4,0,True,20.0,230.2,10
2026-09-29 00:28:59,WIFI,True,0.0,17.4,0,True,20.0,230.2,10
2026-09-29 00:29:00,WIFI,True,0.0,21.1,0,True,0.0,227.7,10
2026-09-29 00:29:01,WIFI,True,0.0,21.1,0,True,0.0,227.7,10
2026-09-29 00:29:02,WIFI,True,0.0,23.3,0,True,0.0,227.5,10
2026-09-29 00:29:03,WIFI,True,0.0,23.3,0,True,0.0,227.5,10
2026-09-29 00:29:04,WIFI,True,0.0,21.9,0,True,0.0,224.4,10
2026-09-29 00:29:05,WIFI,True,0.0,21.9,0,True,0.0,224.4,10
2026-09-29 00:29:06,WIFI,True,0.0,21.8,0,True,0.0,223.5,10
2026-09-29 00:29:07,WIFI,True,0.0,21.8,0,True,0.0,223.5,10
2026-09-29 00:29:08,WIFI,True,0.0,24.5,0,True,0.0,224.4,10
2026-09-29 00:29:09,WIFI,True,0.0,24.5,0,True,0.0,224.4,10
2026-09-29 00:29:10,WIFI,True,0.0,26.7,0,True,0.0,224.4,10
2026-09-29 00:29:11,WIFI,True,0.0,26.7,0,True,0.0,224.4,10
2026-09-29 00:29:12,WIFI,True,0.0,28.2,0,True,20.0,224.6,10
2026-09-29 00:29:13,WIFI,True,0.0,28.2,0,True,20.0,224.6,10
2026-09-29 00:29:14,WIFI,True,0.0,27.3,0,True,20.0,233.0,10
2026-09-29 00:29:15,WIFI,True,0.0,27.3,0,True,20.0,233.0,10
2026-09-29 00:29:16,WIFI,True,0.0,23.4,0,True,20.0,235.3,10
2026-09-29 00:29:17,WIFI,True,0.0,23.4,0,True,20.0,235.3,10
2026-09-29 00:29:18,WIFI,True,0.0,23.7,0,True,20.0,242.5,10
2026-09-29 00:29:19,WIFI,True,0.0,23.7,0,True,20.0,242.5,10
2026-09-29 00:29:20,WIFI,True,0.0,24.1,0,True,0.0,237.1,10
2026-09-29 00:29:21,WIFI,True,0.0,24.1,0,True,0.0,237.1,10
2026-09-29 00:29:22,WIFI,True,0.0,22.5,0,True,0.0,237.1,10
2026-09-29 00:29:24,WIFI,True,0.0,22.5,0,True,0.0,237.1,10
2026-09-29 00:29:25,WIFI,True,0.0,23.3,0,True,20.0,236.6,10
2026-09-29 00:29:26,WIFI,True,0.0,23.3,0,True,20.0,236.6,10
2026-09-29 00:29:27,WIFI,True,0.0,26.5,0,True,20.0,237.4,10
2026-09-29 00:29:28,WIFI,True,0.0,26.5,0,True,20.0,237.4,10
2026-09-29 00:29:29,WIFI,True,0.0,26.3,0,True,20.0,237.4,10
2026-09-29 00:29:30,WIFI,True,0.0,26.3,0,True,40.0,237.4,10
2026-09-29 00:29:31,WIFI,True,0.0,35.1,0,True,40.0,235.0,10
2026-09-29 00:29:32,WIFI,True,0.0,35.1,0,True,40.0,235.0,10
2026-09-29 00:29:33,WIFI,True,0.0,37.9,0,True,40.0,235.0,10
2026-09-29 00:29:34,WIFI,True,0.0,37.9,0,True,40.0,235.0,10
2026-09-29 00:29:35,WIFI,True,0.0,37.9,0,True,40.0,235.7,10
2026-09-29 00:29:36,WIFI,True,0.0,37.9,0,True,40.0,235.7,10
2026-09-29 00:29:37,WIFI,True,0.0,38.6,0,True,40.0,233.4,10
2026-09-29 00:29:38,WIFI,True,0.0,38.6,0,True,40.0,233.4,10
2026-09-29 00:29:39,WIFI,True,0.0,40.0,0,True,20.0,240.8,10
2026-09-29 00:29:40,WIFI,True,0.0,40.0,0,True,20.0,240.8,10
2026-09-29 00:29:41,WIFI,True,0.0,37.4,0,True,20.0,243.3,10
2026-09-29 00:29:42,WIFI,True,0.0,37.4,0,True,20.0,243.3,10
2026-09-29 00:29:43,WIFI,True,0.0,37.0,0,True,0.0,245.8,10
2026-09-29 00:29:44,WIFI,True,0.0,37.0,0,True,0.0,245.8,10
2026-09-29 00:29:45,WIFI,True,0.0,46.4,0,True,0.0,245.8,10
2026-09-29 00:29:46,WIFI,True,0.0,46.4,0,True,20.0,245.8,10
2026-09-29 00:29:47,WIFI,True,0.0,55.3,0,True,20.0,239.0,10
2026-09-29 00:29:48,WIFI,True,0.0,55.3,0,True,20.0,239.0,10
2026-09-29 00:29:49,WIFI,True,0.0,60.9,0,True,20.0,239.0,10
2026-09-29 00:29:50,WIFI,True,0.0,60.9,0,True,40.0,239.0,10
2026-09-29 00:29:51,WIFI,True,0.0,59.8,0,True,40.0,240.8,10
2026-09-29 00:29:52,WIFI,True,0.0,59.8,0,True,40.0,240.8,10
2026-09-29 00:29:53,WIFI,True,0.0,55.2,0,True,40.0,239.8,10
2026-09-29 00:29:54,WIFI,True,0.0,55.2,0,True,40.0,239.8,10
2026-09-29 00:29:55,WIFI,True,0.0,63.2,0,True,20.0,238.4,10
2026-09-29 00:29:56,WIFI,True,0.0,63.2,0,True,20.0,238.4,10
2026-09-29 00:29:57,WIFI,True,0.0,71.7,0,True,20.0,239.6,10
2026-09-29 00:29:58,WIFI,True,0.0,71.7,0,True,20.0,239.6,10
2026-09-29 00:29:59,WIFI,True,0.0,74.9,0,True,20.0,239.6,10
2026-09-29 00:30:00,WIFI,True,0.0,74.9,0,True,20.0,239.6,10
2026-09-29 00:30:01,WIFI,True,0.0,81.2,0,True,20.0,239.2,10
2026-09-29 00:30:02,WIFI,True,0.0,81.2,0,True,20.0,239.2,10
2026-09-29 00:30:03,WIFI,True,0.0,93.1,0,True,20.0,240.2,10
2026-09-29 00:30:04,WIFI,True,0.0,93.1,0,True,20.0,240.2,10
2026-09-29 00:30:05,WIFI,True,0.0,91.0,0,True,20.0,232.5,10
2026-09-29 00:30:06,WIFI,True,0.0,91.0,0,True,20.0,232.5,10
2026-09-29 00:30:07,WIFI,True,0.0,90.5,0,True,20.0,221.3,10
2026-09-29 00:30:08,WIFI,True,0.0,90.5,0,True,20.0,221.3,10
2026-09-29 00:30:09,WIFI,False,20.0,90.5,0,True,0.0,220.9,10
2026-09-29 00:30:10,WIFI,False,20.0,90.5,0,True,0.0,220.9,10
2026-09-29 00:30:11,LOWBITRATE,False,20.0,84.1,0,True,0.0,226.8,10
2026-09-29 00:30:12,LOWBITRATE,False,20.0,84.1,0,True,0.0,226.8,10
2026-09-29 00:30:13,LOWBITRATE,False,20.0,84.7,0,True,0.0,225.0,10
2026-09-29 00:30:14,LOWBITRATE,False,20.0,84.7,0,True,0.0,225.0,10
2026-09-29 00:30:15,LOWBITRATE,False,20.0,87.5,0,True,0.0,225.6,10
2026-09-29 00:30:16,LOWBITRATE,False,20.0,87.5,0,True,0.0,225.6,10
2026-09-29 00:30:17,LOWBITRATE,False,20.0,88.2,0,True,0.0,222.7,10
2026-09-29 00:30:18,LOWBITRATE,False,20.0,88.2,0,True,0.0,222.7,10
2026-09-29 00:30:19,LOWBITRATE,True,0.0,86.1,0,True,0.0,221.9,10
2026-09-29 00:30:20,LOWBITRATE,True,0.0,86.1,0,True,0.0,221.9,10
2026-09-29 00:30:21,LOWBITRATE,True,0.0,86.4,0,True,0.0,223.7,10
2026-09-29 00:30:22,LOWBITRATE,True,0.0,86.4,0,True,0.0,223.7,10
2026-09-29 00:30:23,LOWBITRATE,True,0.0,87.6,0,True,0.0,223.7,10
2026-09-29 00:30:24,LOWBITRATE,True,0.0,87.6,0,True,20.0,223.7,10
2026-09-29 00:30:25,WIFI,True,0.0,88.0,0,True,20.0,223.7,10
2026-09-29 00:30:26,WIFI,True,0.0,88.0,0,True,40.0,223.7,10
2026-09-29 00:30:27,WIFI,True,0.0,84.7,0,True,40.0,222.9,10
2026-09-29 00:30:28,WIFI,True,0.0,84.7,0,True,40.0,222.9,10
2026-09-29 00:30:29,WIFI,True,0.0,83.9,0,True,40.0,223.2,10
2026-09-29 00:30:30,WIFI,True,0.0,83.9,0,True,40.0,223.2,11
2026-09-29 00:30:31,WIFI,True,0.0,84.8,0,True,40.0,221.6,11
2026-09-29 00:30:32,WIFI,True,0.0,84.8,0,True,40.0,221.6,11
2026-09-29 00:30:33,WIFI,True,0.0,82.3,0,True,20.0,217.2,11
2026-09-29 00:30:34,WIFI,True,0.0,82.3,0,True,20.0,217.2,11
2026-09-29 00:30:35,WIFI,True,0.0,90.5,0,True,0.0,213.6,11
2026-09-29 00:30:36,WIFI,True,0.0,90.5,0,True,0.0,213.6,11
2026-09-29 00:30:37,WIFI,True,0.0,86.3,0,True,0.0,215.1,11
2026-09-29 00:30:38,WIFI,True,0.0,86.3,0,True,0.0,215.1,11
2026-09-29 00:30:39,WIFI,True,0.0,80.5,0,True,0.0,215.1,11
2026-09-29 00:30:40,WIFI,True,0.0,80.5,0,True,20.0,215.1,11
2026-09-29 00:30:41,WIFI,True,0.0,76.6,0,True,20.0,217.6,11
2026-09-29 00:30:42,WIFI,True,0.0,76.6,0,True,20.0,217.6,11
2026-09-29 00:30:43,WIFI,True,0.0,67.2,0,True,20.0,219.7,11
2026-09-29 00:30:44,WIFI,True,0.0,67.2,0,True,20.0,219.7,11
2026-09-29 00:30:45,WIFI,True,0.0,62.7,0,True,20.0,219.7,11
2026-09-29 00:30:46,WIFI,True,0.0,62.7,0,True,40.0,219.7,11
2026-09-29 00:30:47,WIFI,True,0.0,60.8,0,True,40.0,222.1,11
2026-09-29 00:30:48,WIFI,True,0.0,60.8,0,True,40.0,222.1,11
2026-09-29 00:30:49,WIFI,True,0.0,56.5,0,True,20.0,220.2,11
2026-09-29 00:30:50,WIFI,True,0.0,56.5,0,True,20.0,220.2,11
2026-09-29 00:30:51,WIFI,True,0.0,59.7,0,True,20.0,222.7,11
2026-09-29 00:30:52,WIFI,True,0.0,59.7,0,True,20.0,222.7,11
2026-09-29 00:30:53,WIFI,True,0.0,56.9,0,True,20.0,222.4,11
2026-09-29 00:30:54,WIFI,True,0.0,56.9,0,True,20.0,222.4,11
2026-09-29 00:30:55,WIFI,True,0.0,49.1,0,True,20.0,222.4,11
2026-09-29 00:30:56,WIFI,True,0.0,49.1,0,True,20.0,222.4,12
2026-09-29 00:30:57,WIFI,True,0.0,60.1,0,True,20.0,222.7,12
2026-09-29 00:30:58,WIFI,True,0.0,60.1,0,True,20.0,222.7,12
2026-09-29 00:30:59,WIFI,True,0.0,56.3,0,True,20.0,222.9,12
2026-09-29 00:31:00,WIFI,True,0.0,56.3,0,True,20.0,222.9,12
2026-09-29 00:31:02,WIFI,True,0.0,64.5,0,True,20.0,221.4,12
2026-09-29 00:31:03,WIFI,True,0.0,64.5,0,True,20.0,221.4,12
2026-09-29 00:31:04,WIFI,True,0.0,78.4,0,True,20.0,223.0,12
2026-09-29 00:31:05,WIFI,True,0.0,78.4,0,True,20.0,223.0,12
2026-09-29 00:31:06,WIFI,True,0.0,78.6,0,True,0.0,220.1,12
2026-09-29 00:31:07,WIFI,True,0.0,78.6,0,True,0.0,220.1,12
2026-09-29 00:31:08,WIFI,True,0.0,79.7,0,True,0.0,224.8,12
2026-09-29 00:31:09,WIFI,True,0.0,79.7,0,True,0.0,224.8,12
2026-09-29 00:31:10,WIFI,True,0.0,79.9,0,True,0.0,227.5,12
2026-09-29 00:31:11,WIFI,True,0.0,79.9,0,True,0.0,227.5,12
2026-09-29 00:31:12,WIFI,True,0.0,80.7,0,True,0.0,227.5,12
2026-09-29 00:31:13,WIFI,True,0.0,80.7,0,True,20.0,227.5,12
2026-09-29 00:31:14,WIFI,True,0.0,86.0,0,True,20.0,227.5,12
2026-09-29 00:31:15,WIFI,True,0.0,86.0,0,True,20.0,227.5,12
2026-09-29 00:31:16,WIFI,True,0.0,86.9,0,True,20.0,226.9,12
2026-09-29 00:31:17,WIFI,True,0.0,86.9,0,True,20.0,226.9,12
2026-09-29 00:31:18,WIFI,True,0.0,80.3,0,True,20.0,226.7,12
2026-09-29 00:31:19,WIFI,True,0.0,80.3,0,True,20.0,226.7,12
2026-09-29 00:31:20,WIFI,False,20.0,80.3,0,True,20.0,226.7,12
2026-09-29 00:31:21,LOWBITRATE,False,20.0,80.3,0,True,40.0,226.7,12
2026-09-29 00:31:22,LOWBITRATE,False,40.0,80.3,0,True,20.0,232.5,12
2026-09-29 00:31:23,LOWBITRATE,False,40.0,78.3,0,True,20.0,232.5,12
2026-09-29 00:31:24,LOWBITRATE,False,40.0,78.3,0,True,20.0,232.2,12
2026-09-29 00:31:25,LOWBITRATE,False,40.0,78.3,0,True,20.0,232.2,12
2026-09-29 00:31:26,LOWBITRATE,False,40.0,75.6,0,True,20.0,234.1,12
2026-09-29 00:31:27,LOWBITRATE,False,40.0,75.6,0,True,20.0,234.1,12
2026-09-29 00:31:28,LOWBITRATE,False,40.0,73.9,0,True,20.0,234.1,12
2026-09-29 00:31:29,LOWBITRATE,False,40.0,73.9,0,True,40.0,234.1,12
2026-09-29 00:31:30,LOWBITRATE,False,20.0,80.6,0,True,20.0,233.9,12
2026-09-29 00:31:31,LOWBITRATE,True,0.0,83.2,0,True,20.0,233.9,12
2026-09-29 00:31:32,LOWBITRATE,True,0.0,83.2,0,True,20.0,233.9,12
2026-09-29 00:31:33,LOWBITRATE,True,0.0,83.2,0,True,40.0,233.9,12
2026-09-29 00:31:34,LOWBITRATE,False,20.0,83.2,0,True,40.0,237.4,12
2026-09-29 00:31:35,LOWBITRATE,False,20.0,81.7,0,True,40.0,237.4,12
2026-09-29 00:31:36,LOWBITRATE,False,20.0,81.7,0,True,40.0,234.0,12
2026-09-29 00:31:37,LOWBITRATE,False,20.0,86.9,0,True,40.0,234.0,12
2026-09-29 00:31:38,LOWBITRATE,False,20.0,86.9,0,True,40.0,234.0,12
2026-09-29 00:31:39,LOWBITRATE,False,20.0,83.4,0,True,40.0,234.0,12
2026-09-29 00:31:40,LOWBITRATE,False,20.0,83.4,0,True,40.0,229.9,12
2026-09-29 00:31:41,LOWBITRATE,False,20.0,84.0,0,True,40.0,229.9,12
2026-09-29 00:31:42,LOWBITRATE,False,20.0,84.0,0,True,40.0,229.9,13
2026-09-29 00:31:43,LOWBITRATE,True,0.0,84.7,0,True,40.0,229.9,13
2026-09-29 00:31:44,LOWBITRATE,True,0.0,84.7,0,True,40.0,233.2,13
2026-09-29 00:31:45,LOWBITRATE,True,0.0,89.1,0,True,40.0,233.2,13
2026-09-29 00:31:46,LOWBITRATE,True,0.0,89.1,0,True,40.0,231.1,13
2026-09-29 00:31:47,LOWBITRATE,True,0.0,83.4,0,True,40.0,231.1,13
2026-09-29 00:31:48,LOWBITRATE,True,0.0,83.4,0,True,20.0,235.6,13
2026-09-29 00:31:49,WIFI,True,0.0,74.3,0,True,20.0,235.6,13
2026-09-29 00:31:50,WIFI,True,0.0,74.3,0,True,20.0,230.8,13
2026-09-29 00:31:51,WIFI,True,0.0,67.5,0,True,0.0,233.2,13
2026-09-29 00:31:52,WIFI,True,0.0,67.5,0,True,0.0,233.2,13
2026-09-29 00:31:53,WIFI,True,0.0,69.9,0,True,0.0,231.3,13
2026-09-29 00:31:54,WIFI,True,0.0,69.9,0,True,0.0,231.3,13
2026-09-29 00:31:55,WIFI,True,0.0,75.9,0,True,0.0,228.4,13
2026-09-29 00:31:56,WIFI,True,0.0,75.9,0,True,0.0,228.4,13
2026-09-29 00:31:57,WIFI,True,0.0,66.6,0,True,0.0,228.4,13
2026-09-29 00:31:58,WIFI,True,0.0,66.6,0,True,0.0,228.4,13
2026-09-29 00:31:59,WIFI,True,0.0,66.6,0,True,20.0,230.0,13
2026-09-29 00:32:00,WIFI,False,20.0,66.6,0,True,20.0,230.0,13
2026-09-29 00:32:01,LOWBITRATE,False,20.0,71.1,0,True,20.0,230.0,13
2026-09-29 00:32:02,LOWBITRATE,False,20.0,71.1,0,True,20.0,230.0,13
2026-09-29 00:32:03,LOWBITRATE,False,20.0,71.6,0,True,40.0,226.1,13
2026-09-29 00:32:04,LOWBITRATE,False,20.0,71.6,0,True,40.0,226.1,13
2026-09-29 00:32:05,LOWBITRATE,False,20.0,71.3,0,True,40.0,226.1,13
2026-09-29 00:32:06,LOWBITRATE,False,20.0,71.3,0,True,40.0,226.1,13
2026-09-29 00:32:07,,False,20.0,73.1,0,True,40.0,224.7,13
2026-09-29 00:32:08,,False,20.0,73.1,0,True,40.0,224.7,13
2026-09-29 00:32:09,LOWBITRATE,True,0.0,83.7,0,True,40.0,222.3,13
2026-09-29 00:32:10,LOWBITRATE,True,0.0,83.7,0,True,40.0,222.3,13
2026-09-29 00:32:11,LOWBITRATE,True,0.0,90.4,0,True,40.0,222.3,13
2026-09-29 00:32:12,LOWBITRATE,True,0.0,90.4,0,True,40.0,222.3,13
2026-09-29 00:32:13,LOWBITRATE,True,0.0,86.3,0,True,40.0,222.3,13
2026-09-29 00:32:14,LOWBITRATE,True,0.0,86.3,0,True,40.0,222.3,13
2026-09-29 00:32:15,WIFI,True,0.0,85.4,0,True,20.0,220.3,13
2026-09-29 00:32:16,WIFI,True,0.0,85.4,0,True,20.0,220.3,13
2026-09-29 00:32:17,WIFI,True,0.0,86.5,0,True,20.0,220.3,13
2026-09-29 00:32:18,WIFI,True,0.0,86.5,0,True,20.0,220.3,13
2026-09-29 00:32:19,WIFI,True,0.0,86.1,0,True,40.0,221.3,13
2026-09-29 00:32:20,WIFI,True,0.0,86.1,0,True,40.0,221.3,13
2026-09-29 00:32:21,WIFI,True,0.0,75.3,0,True,20.0,219.0,13
2026-09-29 00:32:22,WIFI,True,0.0,75.3,0,True,20.0,219.0,13
2026-09-29 00:32:23,WIFI,True,0.0,75.1,0,True,20.0,219.0,13
2026-09-29 00:32:24,WIFI,True,0.0,75.1,0,True,40.0,219.0,13
2026-09-29 00:32:25,WIFI,True,0.0,73.7,0,True,40.0,219.0,13
2026-09-29 00:32:26,WIFI,True,0.0,73.7,0,False,60.0,219.0,13
2026-09-29 00:32:27,WIFI,True,0.0,69.1,0,False,60.0,219.0,13
2026-09-29 00:32:28,WIFI,True,0.0,69.1,0,False,60.0,219.0,13
2026-09-29 00:32:29,WIFI,True,0.0,62.9,0,False,60.0,216.7,13
2026-09-29 00:32:30,WIFI,True,0.0,62.9,0,False,60.0,216.7,13
2026-09-29 00:32:31,WIFI,True,0.0,61.7,0,False,60.0,216.7,13
2026-09-29 00:32:32,WIFI,True,0.0,61.7,0,False,80.0,216.7,13
2026-09-29 00:32:34,WIFI,True,0.0,60.8,0,False,60.0,216.9,13
2026-09-29 00:32:35,WIFI,True,0.0,60.8,0,False,60.0,216.9,13
2026-09-29 00:32:36,WIFI,True,0.0,58.9,0,True,40.0,211.7,13
2026-09-29 00:32:37,WIFI,True,0.0,58.9,0,True,40.0,211.7,13
2026-09-29 00:32:38,WIFI,True,0.0,56.2,0,True,40.0,211.7,13
2026-09-29 00:32:39,WIFI,True,0.0,56.2,0,True,40.0,211.7,13
2026-09-29 00:32:40,WIFI,True,0.0,62.0,0,True,40.0,216.0,13
2026-09-29 00:32:41,WIFI,True,0.0,62.0,0,True,40.0,216.0,13
2026-09-29 00:32:42,WIFI,True,0.0,68.3,0,True,40.0,216.0,13
2026-09-29 00:32:43,WIFI,True,0.0,68.3,0,True,40.0,216.0,13
2026-09-29 00:32:44,WIFI,True,0.0,74.4,0,True,40.0,217.0,13
2026-09-29 00:32:45,WIFI,True,0.0,74.4,0,True,40.0,217.0,13
2026-09-29 00:32:46,WIFI,True,0.0,69.5,0,True,40.0,216.6,13
2026-09-29 00:32:47,WIFI,True,0.0,69.5,0,True,40.0,216.6,13
2026-09-29 00:32:48,WIFI,True,0.0,72.2,0,True,40.0,216.6,13
2026-09-29 00:32:49,WIFI,True,0.0,72.2,0,True,40.0,216.6,13
2026-09-29 00:32:50,WIFI,True,0.0,83.3,0,True,40.0,216.6,13
2026-09-29 00:32:51,WIFI,True,0.0,83.3,0,False,60.0,216.6,13
2026-09-29 00:32:52,WIFI,True,0.0,82.4,0,False,60.0,216.6,13
2026-09-29 00:32:53,WIFI,True,0.0,82.4,0,False,60.0,216.6,13
2026-09-29 00:32:54,WIFI,True,0.0,89.0,0,False,60.0,218.8,13
2026-09-29 00:32:55,WIFI,True,0.0,89.0,0,False,60.0,218.8,13
2026-09-29 00:32:56,WIFI,True,0.0,86.1,0,False,60.0,216.6,13
2026-09-29 00:32:57,WIFI,True,0.0,86.1,0,False,60.0,216.6,13
2026-09-29 00:32:58,WIFI,True,0.0,82.1,0,True,40.0,213.2,13
2026-09-29 00:32:59,WIFI,True,0.0,82.1,0,True,40.0,213.2,13
2026-09-29 00:33:00,WIFI,True,0.0,87.0,0,True,20.0,215.1,13
2026-09-29 00:33:01,WIFI,True,0.0,87.0,0,True,20.0,215.1,13
2026-09-29 00:33:02,WIFI,True,0.0,85.9,0,True,20.0,215.1,13
2026-09-29 00:33:03,WIFI,True,0.0,85.9,0,True,20.0,215.1,13
2026-09-29 00:33:04,WIFI,True,0.0,74.6,0,True,20.0,215.1,13
2026-09-29 00:33:05,WIFI,True,0.0,74.6,0,True,20.0,215.1,13
2026-09-29 00:33:06,WIFI,True,0.0,71.5,0,True,20.0,216.1,13
2026-09-29 00:33:07,WIFI,True,0.0,71.5,0,True,20.0,216.1,13
2026-09-29 00:33:08,WIFI,True,0.0,67.1,0,True,20.0,220.1,13
2026-09-29 00:33:09,WIFI,True,0.0,67.1,0,True,20.0,220.1,13
2026-09-29 00:33:10,WIFI,True,0.0,54.1,0,True,20.0,225.0,13
2026-09-29 00:33:11,WIFI,True,0.0,54.1,0,True,20.0,225.0,13
2026-09-29 00:33:12,WIFI,True,0.0,58.6,0,True,0.0,226.1,13
2026-09-29 00:33:13,WIFI,True,0.0,58.6,0,True,0.0,226.1,13
2026-09-29 00:33:14,WIFI,True,0.0,49.3,0,True,0.0,225.8,13
2026-09-29 00:33:15,WIFI,True,0.0,49.3,0,True,0.0,225.8,13
2026-09-29 00:33:16,WIFI,True,0.0,55.3,0,True,0.0,223.7,13
2026-09-29 00:33:17,WIFI,True,0.0,55.3,0,True,0.0,223.7,13
2026-09-29 00:33:18,WIFI,True,0.0,52.3,0,True,0.0,222.3,13
2026-09-29 00:33:19,WIFI,True,0.0,52.3,0,True,0.0,222.3,13
2026-09-29 00:33:20,WIFI,True,0.0,48.8,0,True,0.0,225.5,13
2026-09-29 00:33:21,WIFI,True,0.0,48.8,0,True,0.0,225.5,13
2026-09-29 00:33:22,WIFI,True,0.0,53.3,0,True,0.0,224.1,13
2026-09-29 00:33:23,WIFI,True,0.0,53.3,0,True,0.0,224.1,13
2026-09-29 00:33:24,WIFI,True,0.0,58.8,0,True,0.0,224.3,13
2026-09-29 00:33:25,WIFI,True,0.0,58.8,0,True,0.0,224.3,13
2026-09-29 00:33:26,WIFI,True,0.0,67.7,0,True,0.0,226.1,13
2026-09-29 00:33:27,WIFI,True,0.0,67.7,0,True,0.0,226.1,13
2026-09-29 00:33:28,WIFI,True,0.0,82.4,0,True,0.0,226.1,13
2026-09-29 00:33:29,WIFI,True,0.0,82.4,0,True,20.0,226.1,13
2026-09-29 00:33:30,WIFI,True,0.0,82.4,0,True,20.0,224.8,13
2026-09-29 00:33:31,WIFI,True,0.0,82.4,0,True,20.0,224.8,13
2026-09-29 00:33:32,WIFI,True,0.0,77.3,0,True,20.0,217.0,13
2026-09-29 00:33:33,WIFI,True,0.0,77.3,0,True,20.0,217.0,13
2026-09-29 00:33:34,WIFI,True,0.0,77.2,0,True,20.0,217.0,13
2026-09-29 00:33:35,WIFI,True,0.0,77.2,0,True,40.0,217.0,13
2026-09-29 00:33:36,WIFI,True,0.0,77.6,0,True,40.0,215.4,13
2026-09-29 00:33:37,WIFI,True,0.0,77.6,0,True,40.0,215.4,13
2026-09-29 00:33:38,WIFI,True,0.0,76.1,0,True,20.0,215.5,13
2026-09-29 00:33:39,WIFI,True,0.0,76.1,0,True,20.0,215.5,13
2026-09-29 00:33:40,WIFI,True,0.0,74.0,0,True,20.0,215.5,13
2026-09-29 00:33:41,WIFI,True,0.0,74.0,0,True,40.0,215.5,13
2026-09-29 00:33:42,WIFI,True,0.0,70.1,0,True,40.0,216.0,13
2026-09-29 00:33:43,WIFI,True,0.0,70.1,0,True,40.0,216.0,13
2026-09-29 00:33:44,WIFI,True,0.0,74.5,0,True,40.0,216.0,13
2026-09-29 00:33:45,WIFI,True,0.0,74.5,0,True,40.0,216.0,13
2026-09-29 00:33:46,WIFI,True,0.0,70.5,0,True,40.0,217.4,13
2026-09-29 00:33:47,WIFI,True,0.0,70.5,0,True,40.0,217.4,13
2026-09-29 00:33:48,WIFI,True,0.0,62.7,0,True,40.0,217.4,13
2026-09-29 00:33:49,WIFI,True,0.0,62.7,0,False,60.0,217.4,13
2026-09-29 00:33:50,WIFI,True,0.0,75.1,0,True,40.0,219.2,13
2026-09-29 00:33:51,WIFI,True,0.0,75.1,0,True,40.0,219.2,13
2026-09-29 00:33:52,WIFI,True,0.0,72.4,0,True,40.0,218.5,13
2026-09-29 00:33:53,WIFI,True,0.0,72.4,0,True,40.0,218.5,13
2026-09-29 00:33:54,WIFI,True,0.0,81.4,0,True,20.0,220.4,13
2026-09-29 00:33:55,WIFI,True,0.0,81.4,0,True,20.0,220.4,13
2026-09-29 00:33:56,WIFI,True,0.0,84.6,0,True,20.0,220.5,13
2026-09-29 00:33:57,WIFI,True,0.0,84.6,0,True,20.0,220.5,13
2026-09-29 00:33:58,WIFI,True,0.0,86.6,0,True,20.0,220.5,13
2026-09-29 00:33:59,WIFI,True,0.0,86.6,0,True,20.0,220.5,13
2026-09-29 00:34:00,WIFI,True,0.0,91.5,0,True,20.0,220.5,13
2026-09-29 00:34:01,WIFI,True,0.0,91.5,0,True,40.0,220.5,13
2026-09-29 00:34:02,WIFI,True,0.0,88.5,0,True,40.0,220.5,13
2026-09-29 00:34:03,WIFI,True,0.0,88.5,0,False,60.0,220.5,13
2026-09-29 00:34:04,WIFI,True,0.0,78.8,0,False,60.0,217.9,13
2026-09-29 00:34:05,WIFI,True,0.0,78.8,0,False,60.0,217.9,13
2026-09-29 00:34:06,WIFI,True,0.0,73.9,0,False,60.0,216.7,13
2026-09-29 00:34:07,WIFI,True,0.0,73.9,0,False,60.0,216.7,13
2026-09-29 00:34:08,WIFI,True,0.0,67.2,0,True,40.0,216.1,13
2026-09-29 00:34:09,WIFI,True,0.0,67.2,0,True,40.0,216.1,13
2026-09-29 00:34:10,WIFI,True,0.0,59.4,0,True,40.0,216.1,13
2026-09-29 00:34:11,WIFI,True,0.0,59.4,0,True,40.0,216.1,13
2026-09-29 00:34:13,WIFI,True,0.0,56.5,0,True,20.0,216.0,13
2026-09-29 00:34:14,WIFI,True,0.0,56.5,0,True,20.0,216.0,13
2026-09-29 00:34:15,WIFI,True,0.0,49.9,0,True,20.0,216.0,13
2026-09-29 00:34:16,WIFI,True,0.0,49.9,0,True,40.0,216.0,13
2026-09-29 00:34:17,WIFI,True,0.0,42.4,0,True,40.0,215.4,13
2026-09-29 00:34:18,WIFI,True,0.0,42.4,0,True,40.0,215.4,13
2026-09-29 00:34:19,WIFI,True,0.0,53.1,0,True,40.0,215.4,13
2026-09-29 00:34:20,WIFI,True,0.0,53.1,0,False,60.0,215.4,13
2026-09-29 00:34:21,WIFI,True,0.0,46.6,0,True,40.0,217.2,13
2026-09-29 00:34:22,WIFI,True,0.0,46.6,0,True,40.0,217.2,13
2026-09-29 00:34:23,WIFI,True,0.0,51.6,0,True,40.0,217.2,13
2026-09-29 00:34:24,WIFI,True,0.0,51.6,0,False,60.0,217.2,13
2026-09-29 00:34:25,WIFI,True,0.0,62.8,0,True,40.0,216.4,13
2026-09-29 00:34:26,WIFI,True,0.0,62.8,0,True,40.0,216.4,13
2026-09-29 00:34:27,WIFI,True,0.0,70.8,0,True,40.0,216.6,13
2026-09-29 00:34:28,WIFI,True,0.0,70.8,0,True,40.0,216.6,13
2026-09-29 00:34:29,WIFI,True,0.0,79.6,0,True,20.0,214.6,13
2026-09-29 00:34:30,WIFI,True,0.0,70.8,0,True,20.0,214.6,13
2026-09-29 00:34:31,WIFI,True,0.0,70.8,0,True,20.0,212.6,13
2026-09-29 00:34:32,WIFI,True,0.0,76.2,0,True,20.0,212.6,13
2026-09-29 00:34:33,WIFI,True,0.0,76.2,0,True,0.0,214.6,13
2026-09-29 00:34:34,WIFI,True,0.0,76.2,0,True,0.0,214.6,13
2026-09-29 00:34:35,WIFI,True,0.0,85.5,0,True,0.0,214.9,13
2026-09-29 00:34:36,WIFI,True,0.0,86.1,0,True,0.0,214.9,13
2026-09-29 00:34:37,WIFI,True,0.0,86.1,0,True,0.0,214.9,13
2026-09-29 00:34:38,WIFI,True,0.0,86.1,0,True,20.0,214.9,13
2026-09-29 00:34:39,WIFI,True,0.0,86.2,0,True,20.0,215.9,13
2026-09-29 00:34:40,WIFI,True,0.0,81.0,0,True,20.0,215.9,13
2026-09-29 00:34:41,WIFI,True,0.0,81.0,0,True,20.0,218.2,13
2026-09-29 00:34:42,WIFI,True,0.0,80.8,0,True,20.0,218.2,13
2026-09-29 00:34:43,WIFI,True,0.0,80.8,0,True,20.0,219.8,13
2026-09-29 00:34:44,WIFI,True,0.0,70.4,0,True,20.0,219.8,13
2026-09-29 00:34:45,WIFI,True,0.0,70.4,0,True,20.0,220.2,13
2026-09-29 00:34:46,WIFI,True,0.0,66.6,0,True,20.0,220.2,13
2026-09-29 00:34:47,WIFI,True,0.0,66.6,0,True,20.0,220.2,13
2026-09-29 00:34:48,WIFI,True,0.0,65.7,0,True,20.0,220.2,13
2026-09-29 00:34:49,WIFI,True,0.0,65.7,0,True,20.0,219.5,13
2026-09-29 00:34:50,WIFI,True,0.0,65.6,0,True,20.0,219.5,13
2026-09-29 00:34:51,WIFI,True,0.0,65.6,0,True,20.0,219.6,13
2026-09-29 00:34:52,WIFI,True,0.0,68.7,0,True,20.0,219.6,13
2026-09-29 00:34:53,WIFI,True,0.0,68.7,0,True,20.0,219.6,13
2026-09-29 00:34:54,WIFI,True,0.0,59.5,0,True,20.0,219.6,13
2026-09-29 00:34:55,WIFI,True,0.0,59.5,0,True,20.0,228.8,13
2026-09-29 00:34:56,WIFI,True,0.0,56.2,0,True,0.0,227.1,13
2026-09-29 00:34:57,WIFI,True,0.0,56.2,0,True,0.0,227.1,13
2026-09-29 00:34:58,WIFI,True,0.0,51.5,0,True,0.0,226.8,13
2026-09-29 00:34:59,WIFI,True,0.0,51.5,0,True,0.0,226.8,13
2026-09-29 00:35:00,WIFI,True,0.0,51.4,0,True,0.0,225.9,13
2026-09-29 00:35:01,WIFI,True,0.0,51.4,0,True,0.0,225.9,13
2026-09-29 00:35:02,WIFI,True,0.0,47.7,0,True,0.0,223.6,13
2026-09-29 00:35:03,WIFI,True,0.0,47.7,0,True,0.0,223.6,13
2026-09-29 00:35:04,WIFI,True,0.0,46.9,0,True,0.0,221.5,13
2026-09-29 00:35:05,WIFI,True,0.0,46.9,0,True,0.0,221.5,13
2026-09-29 00:35:06,WIFI,True,0.0,53.9,0,True,0.0,219.7,13
2026-09-29 00:35:07,WIFI,True,0.0,53.9,0,True,0.0,219.7,13
2026-09-29 00:35:08,WIFI,True,0.0,47.9,0,True,0.0,217.8,13
2026-09-29 00:35:09,WIFI,True,0.0,47.9,0,True,0.0,217.8,13
2026-09-29 00:35:10,WIFI,True,0.0,48.6,0,True,0.0,217.8,13
2026-09-29 00:35:11,WIFI,True,0.0,48.6,0,True,0.0,217.8,13
2026-09-29 00:35:12,WIFI,True,0.0,41.3,0,True,20.0,219.8,13
2026-09-29 00:35:13,WIFI,True,0.0,41.3,0,True,20.0,219.8,13
2026-09-29 00:35:14,WIFI,True,0.0,46.0,0,True,20.0,222.4,13
2026-09-29 00:35:15,WIFI,True,0.0,46.0,0,True,20.0,222.4,13
2026-09-29 00:35:16,WIFI,True,0.0,57.4,0,True,20.0,212.2,13
2026-09-29 00:35:17,WIFI,True,0.0,57.4,0,True,20.0,212.2,13
2026-09-29 00:35:18,WIFI,True,0.0,50.8,0,True,20.0,211.3,13
2026-09-29 00:35:19,WIFI,True,0.0,50.8,0,True,20.0,211.3,13
2026-09-29 00:35:20,WIFI,True,0.0,62.4,0,True,0.0,211.1,13
2026-09-29 00:35:21,WIFI,True,0.0,62.4,0,True,0.0,211.1,13
2026-09-29 00:35:22,WIFI,True,0.0,70.9,0,True,0.0,211.2,13
2026-09-29 00:35:23,WIFI,True,0.0,70.9,0,True,0.0,211.2,13
2026-09-29 00:35:24,WIFI,True,0.0,75.2,0,True,0.0,211.2,14
2026-09-29 00:35:25,WIFI,True,0.0,75.2,0,True,0.0,211.2,14
2026-09-29 00:35:26,WIFI,True,0.0,76.7,0,True,20.0,211.8,14
2026-09-29 00:35:27,WIFI,True,0.0,76.7,0,True,20.0,211.8,14
2026-09-29 00:35:28,WIFI,True,0.0,76.6,0,True,20.0,213.8,14
2026-09-29 00:35:29,WIFI,True,0.0,76.6,0,True,20.0,213.8,14
2026-09-29 00:35:30,WIFI,True,0.0,79.1,0,True,20.0,227.6,14
2026-09-29 00:35:31,WIFI,True,0.0,79.1,0,True,20.0,227.6,14
2026-09-29 00:35:32,WIFI,True,0.0,84.3,0,True,20.0,226.9,14
2026-09-29 00:35:33,WIFI,True,0.0,84.3,0,True,20.0,226.9,14
2026-09-29 00:35:34,WIFI,True,0.0,77.2,0,True,0.0,226.4,14
2026-09-29 00:35:35,WIFI,True,0.0,77.2,0,True,0.0,226.4,14
2026-09-29 00:35:36,WIFI,True,0.0,68.9,0,True,0.0,226.4,14
2026-09-29 00:35:37,WIFI,True,0.0,68.9,0,True,0.0,226.4,14
2026-09-29 00:35:38,WIFI,True,0.0,70.2,0,True,20.0,223.4,14
2026-09-29 00:35:39,WIFI,True,0.0,70.2,0,True,20.0,223.4,14
2026-09-29 00:35:40,WIFI,True,0.0,63.8,0,True,20.0,225.3,14
2026-09-29 00:35:41,WIFI,True,0.0,63.8,0,True,20.0,225.3,14
2026-09-29 00:35:42,WIFI,True,0.0,59.0,0,True,20.0,226.1,14
2026-09-29 00:35:43,WIFI,True,0.0,59.0,0,True,20.0,226.1,14
2026-09-29 00:35:44,WIFI,True,0.0,56.9,0,True,20.0,226.1,14
2026-09-29 00:35:45,WIFI,True,0.0,56.9,0,True,20.0,226.1,14
2026-09-29 00:35:46,WIFI,True,0.0,54.6,0,True,0.0,235.5,14
2026-09-29 00:35:47,WIFI,True,0.0,54.6,0,True,0.0,235.5,14
2026-09-29 00:35:48,WIFI,True,0.0,52.3,0,True,0.0,244.4,14
2026-09-29 00:35:49,WIFI,True,0.0,52.3,0,True,0.0,244.4,14
2026-09-29 00:35:50,WIFI,True,0.0,54.4,0,True,0.0,251.2,14
2026-09-29 00:35:51,WIFI,True,0.0,54.4,0,True,0.0,251.2,14
2026-09-29 00:35:53,WIFI,True,0.0,50.2,0,True,0.0,244.4,14
2026-09-29 00:35:54,WIFI,True,0.0,50.2,0,True,0.0,244.4,14
2026-09-29 00:35:55,WIFI,True,0.0,59.1,0,True,0.0,250.6,14
2026-09-29 00:35:56,WIFI,True,0.0,59.1,0,True,0.0,250.6,14
2026-09-29 00:35:57,WIFI,True,0.0,60.2,0,True,0.0,254.2,14
2026-09-29 00:35:58,WIFI,True,0.0,60.2,0,True,0.0,254.2,14
2026-09-29 00:35:59,WIFI,True,0.0,64.1,0,True,0.0,260.1,14
2026-09-29 00:36:00,WIFI,True,0.0,64.1,0,True,0.0,260.1,14
2026-09-29 00:36:01,WIFI,True,0.0,71.7,0,True,0.0,262.7,14
2026-09-29 00:36:02,WIFI,True,0.0,71.7,0,True,0.0,262.7,14
2026-09-29 00:36:03,WIFI,True,0.0,70.8,0,True,0.0,266.5,14
2026-09-29 00:36:04,WIFI,True,0.0,70.8,0,True,0.0,266.5,14
2026-09-29 00:36:05,WIFI,True,0.0,75.9,0,True,0.0,266.5,14
2026-09-29 00:36:06,WIFI,True,0.0,75.9,0,True,20.0,266.5,14
2026-09-29 00:36:07,WIFI,True,0.0,72.5,0,True,20.0,267.8,14
2026-09-29 00:36:08,WIFI,True,0.0,72.5,0,True,20.0,267.8,14
2026-09-29 00:36:09,WIFI,True,0.0,73.2,0,True,20.0,259.9,14
2026-09-29 00:36:10,WIFI,True,0.0,73.2,0,True,20.0,259.9,14
2026-09-29 00:36:11,WIFI,True,0.0,68.7,0,True,20.0,251.3,14
2026-09-29 00:36:12,WIFI,True,0.0,68.7,0,True,20.0,251.3,14
2026-09-29 00:36:13,WIFI,True,0.0,70.2,0,True,20.0,242.6,14
2026-09-29 00:36:14,WIFI,True,0.0,70.2,0,True,20.0,242.6,14
2026-09-29 00:36:15,WIFI,True,0.0,65.4,0,True,0.0,235.0,14
2026-09-29 00:36:16,WIFI,True,0.0,65.4,0,True,0.0,235.0,14
2026-09-29 00:36:17,WIFI,True,0.0,58.0,0,True,0.0,235.0,15
2026-09-29 00:36:18,WIFI,True,0.0,58.0,0,True,20.0,235.0,15
2026-09-29 00:36:19,WIFI,True,0.0,49.9,0,True,20.0,231.8,15
2026-09-29 00:36:20,WIFI,True,0.0,49.9,0,True,20.0,231.8,15
2026-09-29 00:36:21,WIFI,True,0.0,36.9,0,True,20.0,231.8,15
2026-09-29 00:36:22,WIFI,True,0.0,36.9,0,True,40.0,231.8,15
2026-09-29 00:36:23,WIFI,True,0.0,31.7,0,True,40.0,226.5,15
2026-09-29 00:36:24,WIFI,True,0.0,31.7,0,True,40.0,226.5,15
2026-09-29 00:36:25,WIFI,True,0.0,26.3,0,True,40.0,226.5,15
2026-09-29 00:36:26,WIFI,True,0.0,26.3,0,False,60.0,226.5,15
2026-09-29 00:36:27,WIFI,True,0.0,19.6,0,True,40.0,226.8,15
2026-09-29 00:36:28,WIFI,True,0.0,19.6,0,True,40.0,226.8,15
2026-09-29 00:36:29,WIFI,True,0.0,19.0,0,True,40.0,223.8,15
2026-09-29 00:36:30,WIFI,True,0.0,19.0,0,True,40.0,223.8,15
2026-09-29 00:36:31,WIFI,True,0.0,18.4,0,True,20.0,219.8,15
2026-09-29 00:36:32,WIFI,True,0.0,18.4,0,True,20.0,219.8,15
2026-09-29 00:36:33,WIFI,True,0.0,12.3,0,True,20.0,219.1,15
2026-09-29 00:36:34,WIFI,True,0.0,12.3,0,True,20.0,219.1,15
2026-09-29 00:36:35,WIFI,True,0.0,8.1,0,True,0.0,229.2,15
2026-09-29 00:36:36,WIFI,True,0.0,8.1,0,True,0.0,229.2,15
2026-09-29 00:36:37,WIFI,True,0.0,8.1,0,True,0.0,237.7,15
2026-09-29 00:36:38,WIFI,True,0.0,8.1,0,True,0.0,237.7,15
2026-09-29 00:36:39,WIFI,True,0.0,11.6,0,True,0.0,244.8,15
2026-09-29 00:36:40,WIFI,True,0.0,11.6,0,True,0.0,244.8,15
2026-09-29 00:36:41,WIFI,True,0.0,11.9,0,True,0.0,252.7,15
2026-09-29 00:36:42,WIFI,True,0.0,11.9,0,True,0.0,252.7,15
2026-09-29 00:36:43,WIFI,True,0.0,11.7,0,True,0.0,252.7,15
2026-09-29 00:36:44,WIFI,True,0.0,11.7,0,True,20.0,252.7,15
2026-09-29 00:36:45,WIFI,True,0.0,9.8,0,True,20.0,252.7,15
2026-09-29 00:36:46,WIFI,True,0.0,9.8,0,True,40.0,252.7,15
2026-09-29 00:36:47,WIFI,True,0.0,11.1,0,True,40.0,257.6,15
2026-09-29 00:36:48,WIFI,True,0.0,11.1,0,True,40.0,257.6,15
2026-09-29 00:36:49,WIFI,True,0.0,13.9,0,True,40.0,264.1,15
2026-09-29 00:36:50,WIFI,True,0.0,13.9,0,True,40.0,264.1,15
2026-09-29 00:36:51,WIFI,True,0.0,14.1,0,True,40.0,260.9,15
2026-09-29 00:36:52,WIFI,True,0.0,14.1,0,True,40.0,260.9,15
2026-09-29 00:36:53,WIFI,True,0.0,18.4,0,True,20.0,265.6,15
2026-09-29 00:36:54,WIFI,True,0.0,18.4,0,True,20.0,265.6,15
2026-09-29 00:36:55,WIFI,True,0.0,18.5,0,True,0.0,268.8,15
2026-09-29 00:36:56,WIFI,True,0.0,18.5,0,True,0.0,268.8,15
2026-09-29 00:36:57,WIFI,True,0.0,19.7,0,True,0.0,271.5,15
2026-09-29 00:36:58,WIFI,True,0.0,19.7,0,True,0.0,271.5,15
2026-09-29 00:36:59,WIFI,True,0.0,16.6,0,True,0.0,261.8,15
2026-09-29 00:37:00,WIFI,True,0.0,16.6,0,True,0.0,261.8,15
2026-09-29 00:37:01,WIFI,True,0.0,16.5,0,True,0.0,253.8,15
2026-09-29 00:37:02,WIFI,True,0.0,16.5,0,True,0.0,253.8,15
2026-09-29 00:37:03,WIFI,True,0.0,14.5,0,True,0.0,251.6,15
2026-09-29 00:37:04,WIFI,True,0.0,14.5,0,True,0.0,251.6,15
2026-09-29 00:37:05,WIFI,True,0.0,16.3,0,True,0.0,243.6,15
2026-09-29 00:37:06,WIFI,True,0.0,16.3,0,True,0.0,243.6,15
2026-09-29 00:37:07,WIFI,True,0.0,15.0,0,True,0.0,237.8,15
2026-09-29 00:37:08,WIFI,True,0.0,15.0,0,True,0.0,237.8,15
2026-09-29 00:37:09,WIFI,True,0.0,24.1,0,True,0.0,231.5,15
2026-09-29 00:37:10,WIFI,True,0.0,24.1,0,True,0.0,231.5,15
2026-09-29 00:37:11,WIFI,True,0.0,24.1,0,True,0.0,231.5,15
2026-09-29 00:37:12,WIFI,True,0.0,24.1,0,True,20.0,231.5,15
2026-09-29 00:37:13,WIFI,True,0.0,20.0,0,True,20.0,230.2,15
2026-09-29 00:37:14,WIFI,True,0.0,20.0,0,True,20.0,230.2,15
2026-09-29 00:37:15,WIFI,True,0.0,23.3,0,True,20.0,224.0,15
2026-09-29 00:37:16,WIFI,True,0.0,23.3,0,True,20.0,224.0,15
2026-09-29 00:37:17,WIFI,True,0.0,22.2,0,True,20.0,224.0,15
2026-09-29 00:37:18,WIFI,True,0.0,22.2,0,True,40.0,224.0,15
2026-09-29 00:37:19,WIFI,True,0.0,22.0,0,True,40.0,224.0,15
2026-09-29 00:37:20,WIFI,True,0.0,22.0,0,False,60.0,224.0,15
2026-09-29 00:37:21,WIFI,True,0.0,21.9,0,True,40.0,223.6,15
2026-09-29 00:37:22,WIFI,True,0.0,21.9,0,True,40.0,223.6,15
2026-09-29 00:37:23,WIFI,True,0.0,21.9,0,True,40.0,223.6,15
2026-09-29 00:37:24,WIFI,True,0.0,21.9,0,False,60.0,223.6,15
2026-09-29 00:37:25,WIFI,True,0.0,19.9,0,False,60.0,221.1,15
2026-09-29 00:37:26,WIFI,True,0.0,19.9,0,False,60.0,221.1,15
2026-09-29 00:37:27,WIFI,True,0.0,22.7,0,True,40.0,219.3,15
2026-09-29 00:37:28,WIFI,True,0.0,10.9,0,True,40.0,219.3,15
2026-09-29 00:37:29,WIFI,True,0.0,10.9,0,True,20.0,218.0,15
2026-09-29 00:37:31,WIFI,True,0.0,11.6,0,True,20.0,218.0,15
2026-09-29 00:37:32,WIFI,True,0.0,11.6,0,True,20.0,218.0,15
2026-09-29 00:37:33,WIFI,True,0.0,12.5,0,True,40.0,218.0,15
2026-09-29 00:37:34,WIFI,True,0.0,12.5,0,True,20.0,213.2,15
2026-09-29 00:37:35,WIFI,True,0.0,9.3,0,True,20.0,213.2,15
2026-09-29 00:37:36,WIFI,True,0.0,9.3,0,True,20.0,212.9,15
2026-09-29 00:37:37,WIFI,True,0.0,12.8,0,True,20.0,212.9,15
2026-09-29 00:37:38,WIFI,True,0.0,12.8,0,True,20.0,211.7,15
2026-09-29 00:37:39,WIFI,True,0.0,14.9,0,True,20.0,211.7,15
2026-09-29 00:37:40,WIFI,True,0.0,14.9,0,True,20.0,212.0,15
2026-09-29 00:37:41,WIFI,True,0.0,17.1,0,True,20.0,212.0,15
2026-09-29 00:37:42,WIFI,True,0.0,17.1,0,True,20.0,212.0,16
2026-09-29 00:37:43,WIFI,True,0.0,17.0,0,True,20.0,212.0,16
2026-09-29 00:37:44,WIFI,True,0.0,17.0,0,True,20.0,216.0,16
2026-09-29 00:37:45,WIFI,True,0.0,27.3,0,True,20.0,216.0,16
2026-09-29 00:37:46,WIFI,True,0.0,27.3,0,True,20.0,215.7,16
2026-09-29 00:37:47,WIFI,True,0.0,24.3,0,True,20.0,215.7,16
2026-09-29 00:37:48,WIFI,True,0.0,24.3,0,True,20.0,215.7,16
2026-09-29 00:37:49,WIFI,True,0.0,31.1,0,True,40.0,215.7,16
2026-09-29 00:37:50,WIFI,True,0.0,31.1,0,True,40.0,213.2,16
2026-09-29 00:37:51,WIFI,True,0.0,30.4,0,True,40.0,213.2,16
2026-09-29 00:37:52,WIFI,True,0.0,30.4,0,True,20.0,226.3,16
2026-09-29 00:37:53,WIFI,True,0.0,31.4,0,True,20.0,226.3,16
2026-09-29 00:37:54,WIFI,True,0.0,31.4,0,True,20.0,230.2,16
2026-09-29 00:37:55,WIFI,True,0.0,33.9,0,True,20.0,230.2,16
2026-09-29 00:37:56,WIFI,True,0.0,33.9,0,True,20.0,238.6,16
2026-09-29 00:37:57,WIFI,True,0.0,33.7,0,True,0.0,238.8,16
2026-09-29 00:37:58,WIFI,True,0.0,33.7,0,True,0.0,238.8,16
2026-09-29 00:37:59,WIFI,True,0.0,38.3,0,True,0.0,241.2,16
2026-09-29 00:38:00,WIFI,True,0.0,38.3,0,True,0.0,241.2,16
2026-09-29 00:38:01,WIFI,True,0.0,39.6,0,True,0.0,241.2,16
2026-09-29 00:38:02,WIFI,True,0.0,39.6,0,True,0.0,246.1,16
2026-09-29 00:38:03,WIFI,True,0.0,40.3,0,True,0.0,246.1,16
2026-09-29 00:38:04,WIFI,True,0.0,40.3,0,True,0.0,246.1,16
2026-09-29 00:38:05,WIFI,True,0.0,30.0,0,True,20.0,246.1,16
2026-09-29 00:38:06,WIFI,True,0.0,30.0,0,True,20.0,253.0,16
2026-09-29 00:38:07,WIFI,True,0.0,30.1,0,True,20.0,253.0,16
2026-09-29 00:38:08,WIFI,True,0.0,30.1,0,True,20.0,260.3,16
2026-09-29 00:38:09,WIFI,True,0.0,23.2,0,True,20.0,265.0,16
2026-09-29 00:38:10,WIFI,True,0.0,23.2,0,True,20.0,265.0,16
2026-09-29 00:38:11,WIFI,True,0.0,31.4,0,True,20.0,265.0,16
2026-09-29 00:38:12,WIFI,True,0.0,31.4,0,True,20.0,265.0,16
2026-09-29 00:38:13,WIFI,True,0.0,29.3,0,True,40.0,265.0,16
2026-09-29 00:38:14,WIFI,True,0.0,29.3,0,True,40.0,265.0,16
2026-09-29 00:38:15,WIFI,True,0.0,32.4,0,True,40.0,265.0,17
2026-09-29 00:38:16,WIFI,True,0.0,32.4,0,True,40.0,265.0,17
2026-09-29 00:38:17,WIFI,True,0.0,40.2,0,False,60.0,265.1,17
2026-09-29 00:38:18,WIFI,True,0.0,40.2,0,False,60.0,265.1,17
2026-09-29 00:38:19,WIFI,True,0.0,33.8,0,False,60.0,251.1,17
2026-09-29 00:38:20,WIFI,True,0.0,33.8,0,False,60.0,251.1,17
2026-09-29 00:38:21,WIFI,True,0.0,40.9,0,True,40.0,247.1,17
2026-09-29 00:38:22,WIFI,True,0.0,40.9,0,True,40.0,247.1,17
2026-09-29 00:38:23,WIFI,True,0.0,54.8,0,True,40.0,247.1,17
2026-09-29 00:38:24,WIFI,True,0.0,54.8,0,True,40.0,247.1,17
2026-09-29 00:38:25,WIFI,True,0.0,60.1,0,True,20.0,239.0,17
2026-09-29 00:38:26,WIFI,True,0.0,60.1,0,True,20.0,239.0,17
2026-09-29 00:38:27,WIFI,True,0.0,69.4,0,True,20.0,239.0,17
2026-09-29 00:38:28,WIFI,True,0.0,69.4,0,True,20.0,239.0,17
2026-09-29 00:38:29,WIFI,True,0.0,72.8,0,True,40.0,238.6,17
2026-09-29 00:38:30,WIFI,True,0.0,72.8,0,True,40.0,238.6,17
2026-09-29 00:38:31,WIFI,True,0.0,70.2,0,True,40.0,239.0,17
2026-09-29 00:38:32,WIFI,True,0.0,70.2,0,True,40.0,239.0,17
2026-09-29 00:38:33,WIFI,True,0.0,82.3,0,True,20.0,234.1,17
2026-09-29 00:38:34,WIFI,True,0.0,82.3,0,True,20.0,234.1,17
2026-09-29 00:38:35,WIFI,True,0.0,78.3,0,True,20.0,240.2,17
2026-09-29 00:38:36,WIFI,True,0.0,78.3,0,True,20.0,240.2,17
2026-09-29 00:38:37,WIFI,True,0.0,74.7,0,True,0.0,229.4,17
2026-09-29 00:38:38,WIFI,True,0.0,74.7,0,True,0.0,229.4,17
2026-09-29 00:38:39,WIFI,True,0.0,86.5,0,True,0.0,225.9,17
2026-09-29 00:38:40,WIFI,True,0.0,86.5,0,True,0.0,225.9,17
2026-09-29 00:38:41,WIFI,True,0.0,84.0,0,True,0.0,225.9,17
2026-09-29 00:38:42,WIFI,True,0.0,84.0,0,True,20.0,225.9,17
2026-09-29 00:38:43,WIFI,True,0.0,71.2,0,True,20.0,239.3,17
2026-09-29 00:38:44,WIFI,True,0.0,71.2,0,True,20.0,239.3,17
2026-09-29 00:38:45,WIFI,True,0.0,69.2,0,True,20.0,242.0,17
2026-09-29 00:38:46,WIFI,True,0.0,69.2,0,True,20.0,242.0,17
2026-09-29 00:38:47,WIFI,True,0.0,66.4,0,True,20.0,241.9,17
2026-09-29 00:38:48,WIFI,True,0.0,66.4,0,True,20.0,241.9,17
2026-09-29 00:38:49,WIFI,True,0.0,69.2,0,True,20.0,241.6,17
2026-09-29 00:38:50,WIFI,True,0.0,69.2,0,True,20.0,241.6,17
2026-09-29 00:38:51,WIFI,True,0.0,69.3,0,True,0.0,243.0,17
2026-09-29 00:38:52,WIFI,True,0.0,69.3,0,True,0.0,243.0,17
2026-09-29 00:38:53,WIFI,True,0.0,64.9,0,True,0.0,243.0,17
2026-09-29 00:38:54,WIFI,True,0.0,64.9,0,True,20.0,243.0,17
2026-09-29 00:38:55,WIFI,True,0.0,74.8,0,True,20.0,241.4,17
2026-09-29 00:38:56,WIFI,True,0.0,74.8,0,True,20.0,241.4,17
2026-09-29 00:38:57,WIFI,True,0.0,72.9,0,True,20.0,240.9,17
2026-09-29 00:38:58,WIFI,True,0.0,72.9,0,True,20.0,240.9,17
2026-09-29 00:38:59,WIFI,True,0.0,70.9,0,True,20.0,240.9,17
2026-09-29 00:39:00,WIFI,True,0.0,70.9,0,True,40.0,240.9,17
2026-09-29 00:39:01,WIFI,True,0.0,75.7,0,True,40.0,229.8,17
2026-09-29 00:39:02,WIFI,True,0.0,75.7,0,True,40.0,229.8,17
2026-09-29 00:39:04,WIFI,True,0.0,79.8,0,True,20.0,227.5,17
2026-09-29 00:39:05,WIFI,True,0.0,79.8,0,True,20.0,227.5,17
2026-09-29 00:39:06,WIFI,True,0.0,85.5,0,True,20.0,228.6,17
2026-09-29 00:39:07,WIFI,True,0.0,85.5,0,True,20.0,228.6,17
2026-09-29 00:39:08,WIFI,True,0.0,79.0,0,True,20.0,218.8,17
2026-09-29 00:39:09,WIFI,True,0.0,79.0,0,True,20.0,218.8,17
2026-09-29 00:39:10,WIFI,True,0.0,80.7,0,True,0.0,218.3,17
2026-09-29 00:39:11,WIFI,True,0.0,80.7,0,True,0.0,218.3,17
2026-09-29 00:39:12,WIFI,True,0.0,85.6,0,True,0.0,220.2,17
2026-09-29 00:39:13,WIFI,True,0.0,85.6,0,True,0.0,220.2,17
2026-09-29 00:39:14,WIFI,True,0.0,80.9,0,True,0.0,220.1,17
2026-09-29 00:39:15,WIFI,True,0.0,80.9,0,True,0.0,220.1,17
2026-09-29 00:39:16,WIFI,True,0.0,77.6,0,True,0.0,219.1,17
2026-09-29 00:39:17,WIFI,True,0.0,77.6,0,True,0.0,219.1,17
2026-09-29 00:39:18,WIFI,True,0.0,81.4,0,True,0.0,218.3,17
2026-09-29 00:39:19,WIFI,True,0.0,81.4,0,True,0.0,218.3,17
2026-09-29 00:39:20,WIFI,True,0.0,73.8,0,True,0.0,218.3,17
2026-09-29 00:39:21,WIFI,True,0.0,73.8,0,True,20.0,218.3,17
2026-09-29 00:39:22,WIFI,True,0.0,67.4,0,True,20.0,221.0,17
2026-09-29 00:39:23,WIFI,True,0.0,67.4,0,True,20.0,221.0,17
2026-09-29 00:39:24,WIFI,True,0.0,77.1,0,True,20.0,221.0,17
2026-09-29 00:39:25,WIFI,True,0.0,77.1,0,True,40.0,221.0,17
2026-09-29 00:39:26,WIFI,True,0.0,73.2,0,True,40.0,219.4,17
2026-09-29 00:39:27,WIFI,True,0.0,73.2,0,True,40.0,219.4,17
2026-09-29 00:39:28,WIFI,True,0.0,81.9,0,True,40.0,219.6,17
2026-09-29 00:39:29,WIFI,True,0.0,81.9,0,True,40.0,219.6,17
2026-09-29 00:39:30,WIFI,True,0.0,84.4,0,True,20.0,217.3,17
2026-09-29 00:39:31,WIFI,True,0.0,84.4,0,True,20.0,217.3,17
2026-09-29 00:39:32,WIFI,True,0.0,78.1,0,True,20.0,212.2,17
2026-09-29 00:39:33,WIFI,True,0.0,78.1,0,True,20.0,212.2,17
2026-09-29 00:39:34,WIFI,True,0.0,83.0,0,True,0.0,210.2,17
2026-09-29 00:39:35,WIFI,True,0.0,83.0,0,True,0.0,210.2,17
2026-09-29 00:39:36,WIFI,True,0.0,74.6,0,True,0.0,210.2,17
2026-09-29 00:39:37,WIFI,True,0.0,74.6,0,True,20.0,210.2,17
2026-09-29 00:39:38,WIFI,True,0.0,69.4,0,True,20.0,208.0,17
2026-09-29 00:39:39,WIFI,True,0.0,69.4,0,True,20.0,208.0,17
2026-09-29 00:39:40,WIFI,True,0.0,77.8,0,True,20.0,210.8,17
2026-09-29 00:39:41,WIFI,True,0.0,77.8,0,True,20.0,210.8,17
2026-09-29 00:39:42,WIFI,True,0.0,75.1,0,True,20.0,210.7,17
2026-09-29 00:39:43,WIFI,True,0.0,75.1,0,True,20.0,210.7,17
2026-09-29 00:39:44,WIFI,True,0.0,67.3,0,True,20.0,212.8,17
2026-09-29 00:39:45,WIFI,True,0.0,67.3,0,True,20.0,212.8,17
2026-09-29 00:39:46,WIFI,True,0.0,72.5,0,True,20.0,212.8,17
2026-09-29 00:39:47,WIFI,True,0.0,72.5,0,True,20.0,212.8,17
2026-09-29 00:39:48,WIFI,True,0.0,69.6,0,True,20.0,210.6,17
2026-09-29 00:39:49,WIFI,True,0.0,69.6,0,True,20.0,210.6,17
2026-09-29 00:39:50,WIFI,True,0.0,68.8,0,True,20.0,210.6,17
2026-09-29 00:39:51,WIFI,True,0.0,68.8,0,True,40.0,210.6,17
2026-09-29 00:39:52,WIFI,True,0.0,75.4,0,True,40.0,212.4,17
2026-09-29 00:39:53,WIFI,True,0.0,75.4,0,True,40.0,212.4,17
2026-09-29 00:39:54,WIFI,True,0.0,73.2,0,True,40.0,212.4,17
2026-09-29 00:39:55,WIFI,True,0.0,73.2,0,False,60.0,212.4,17
2026-09-29 00:39:56,WIFI,True,0.0,73.2,0,True,40.0,212.2,17
2026-09-29 00:39:57,WIFI,True,0.0,73.2,0,True,40.0,212.2,17
2026-09-29 00:39:58,WIFI,True,0.0,71.2,0,True,40.0,212.2,17
2026-09-29 00:39:59,WIFI,True,0.0,71.2,0,False,60.0,212.2,17
2026-09-29 00:40:00,WIFI,True,0.0,68.5,0,True,40.0,211.7,17
2026-09-29 00:40:01,WIFI,True,0.0,68.5,0,True,40.0,211.7,17
2026-09-29 00:40:02,WIFI,True,0.0,73.6,0,True,40.0,212.8,17
2026-09-29 00:40:03,WIFI,True,0.0,73.6,0,True,40.0,212.8,18
2026-09-29 00:40:04,WIFI,True,0.0,65.8,0,True,20.0,213.1,18
2026-09-29 00:40:05,WIFI,True,0.0,65.8,0,True,20.0,213.1,18
2026-09-29 00:40:06,WIFI,True,0.0,65.6,0,True,20.0,214.4,18
2026-09-29 00:40:07,WIFI,True,0.0,65.6,0,True,20.0,214.4,18
2026-09-29 00:40:08,WIFI,True,0.0,72.2,0,True,0.0,211.7,18
2026-09-29 00:40:09,WIFI,True,0.0,72.2,0,True,0.0,211.7,18
2026-09-29 00:40:10,WIFI,True,0.0,67.0,0,True,0.0,211.4,18
2026-09-29 00:40:11,WIFI,True,0.0,67.0,0,True,0.0,211.4,18
2026-09-29 00:40:12,WIFI,True,0.0,64.7,0,True,0.0,209.2,18
2026-09-29 00:40:13,WIFI,True,0.0,64.7,0,True,0.0,209.2,18
2026-09-29 00:40:14,WIFI,True,0.0,71.6,0,True,0.0,209.2,18
2026-09-29 00:40:15,WIFI,True,0.0,71.6,0,True,20.0,209.2,18
2026-09-29 00:40:16,WIFI,True,0.0,79.0,0,True,20.0,208.7,18
2026-09-29 00:40:17,WIFI,True,0.0,79.0,0,True,20.0,208.7,18
2026-09-29 00:40:18,WIFI,True,0.0,87.8,0,True,20.0,211.0,18
2026-09-29 00:40:19,WIFI,True,0.0,87.8,0,True,20.0,211.0,18
2026-09-29 00:40:20,WIFI,True,0.0,82.4,0,True,20.0,213.8,18
2026-09-29 00:40:21,WIFI,True,0.0,82.4,0,True,20.0,213.8,18
2026-09-29 00:40:22,WIFI,True,0.0,81.7,0,True,20.0,217.3,18
2026-09-29 00:40:23,WIFI,True,0.0,81.7,0,True,20.0,217.3,18
2026-09-29 00:40:24,WIFI,True,0.0,92.7,0,True,20.0,217.3,19
2026-09-29 00:40:25,WIFI,True,0.0,92.7,0,True,20.0,217.3,19
2026-09-29 00:40:26,WIFI,True,0.0,88.9,0,True,20.0,218.2,19
2026-09-29 00:40:27,WIFI,True,0.0,88.9,0,True,20.0,218.2,19
2026-09-29 00:40:28,WIFI,True,0.0,85.3,0,True,20.0,218.4,19
2026-09-29 00:40:29,WIFI,True,0.0,83.0,0,True,20.0,218.4,19
2026-09-29 00:40:30,WIFI,True,0.0,83.0,0,True,20.0,218.4,19
2026-09-29 00:40:31,WIFI,True,0.0,83.0,0,True,40.0,218.4,19
2026-09-29 00:40:32,WIFI,True,0.0,80.8,0,True,40.0,217.3,19
2026-09-29 00:40:33,WIFI,True,0.0,80.8,0,True,40.0,217.3,19
2026-09-29 00:40:34,WIFI,True,0.0,78.1,0,True,20.0,217.7,19
2026-09-29 00:40:35,WIFI,True,0.0,70.9,0,True,20.0,217.7,19
2026-09-29 00:40:36,WIFI,True,0.0,70.9,0,True,20.0,218.0,19
2026-09-29 00:40:37,WIFI,True,0.0,70.0,0,True,20.0,218.0,19
2026-09-29 00:40:39,WIFI,True,0.0,70.0,0,True,20.0,220.2,19
2026-09-29 00:40:40,WIFI,True,0.0,70.0,0,True,20.0,220.2,19
2026-09-29 00:40:41,WIFI,True,0.0,80.6,0,True,0.0,220.6,19
2026-09-29 00:40:42,WIFI,True,0.0,78.6,0,True,0.0,220.6,19
2026-09-29 00:40:43,WIFI,True,0.0,78.6,0,True,0.0,215.9,19
2026-09-29 00:40:44,WIFI,True,0.0,76.4,0,True,0.0,215.9,19
2026-09-29 00:40:45,WIFI,True,0.0,76.4,0,True,0.0,215.3,19
2026-09-29 00:40:46,WIFI,True,0.0,79.7,0,True,0.0,215.3,19
2026-09-29 00:40:47,WIFI,True,0.0,79.7,0,True,0.0,212.8,19
2026-09-29 00:40:48,WIFI,True,0.0,78.4,0,True,0.0,212.8,19
2026-09-29 00:40:49,WIFI,True,0.0,78.4,0,True,0.0,212.5,19
2026-09-29 00:40:50,WIFI,True,0.0,76.1,0,True,0.0,212.5,19
2026-09-29 00:40:51,WIFI,True,0.0,76.1,0,True,0.0,212.0,19
2026-09-29 00:40:52,WIFI,True,0.0,74.9,0,True,0.0,212.0,19
2026-09-29 00:40:53,WIFI,True,0.0,74.9,0,True,0.0,214.5,19
2026-09-29 00:40:54,WIFI,True,0.0,73.4,0,True,0.0,214.5,19
2026-09-29 00:40:55,WIFI,True,0.0,73.4,0,True,0.0,217.2,19
2026-09-29 00:40:56,WIFI,True,0.0,84.2,0,True,0.0,217.2,19
2026-09-29 00:40:57,WIFI,True,0.0,84.2,0,True,0.0,218.6,19
2026-09-29 00:40:58,WIFI,True,0.0,94.4,0,True,0.0,218.6,19
2026-09-29 00:40:59,WIFI,True,0.0,94.4,0,True,0.0,232.0,19
2026-09-29 00:41:00,WIFI,True,0.0,95.1,0,True,0.0,232.0,19
2026-09-29 00:41:01,WIFI,True,0.0,95.1,0,True,0.0,235.4,19
2026-09-29 00:41:02,WIFI,True,0.0,89.5,0,True,0.0,235.7,19
2026-09-29 00:41:03,WIFI,True,0.0,89.5,0,True,0.0,235.7,19
2026-09-29 00:41:04,WIFI,True,0.0,81.0,0,True,0.0,236.0,19
2026-09-29 00:41:05,WIFI,True,0.0,81.0,0,True,0.0,236.0,19
2026-09-29 00:41:06,WIFI,True,0.0,82.1,0,True,0.0,237.1,19
2026-09-29 00:41:07,WIFI,True,0.0,82.1,0,True,0.0,237.1,19
2026-09-29 00:41:08,WIFI,True,0.0,79.2,0,True,0.0,236.7,19
2026-09-29 00:41:09,WIFI,True,0.0,79.2,0,True,0.0,236.7,19
2026-09-29 00:41:10,WIFI,True,0.0,79.2,0,True,0.0,238.7,19
2026-09-29 00:41:11,WIFI,True,0.0,79.2,0,True,0.0,238.7,19
2026-09-29 00:41:12,WIFI,True,0.0,88.9,0,True,0.0,238.7,19
2026-09-29 00:41:13,WIFI,True,0.0,88.9,0,True,0.0,238.7,19
2026-09-29 00:41:14,WIFI,True,0.0,87.9,0,True,20.0,238.7,19
2026-09-29 00:41:15,WIFI,True,0.0,87.9,0,True,20.0,238.7,19
2026-09-29 00:41:16,WIFI,True,0.0,88.0,0,True,40.0,236.3,19
2026-09-29 00:41:17,WIFI,True,0.0,88.0,0,True,40.0,236.3,19
2026-09-29 00:41:18,WIFI,True,0.0,67.6,0,True,40.0,233.4,19
2026-09-29 00:41:19,WIFI,True,0.0,67.6,0,True,40.0,233.4,19
2026-09-29 00:41:20,WIFI,True,0.0,62.1,0,True,40.0,233.7,19
2026-09-29 00:41:21,WIFI,True,0.0,62.1,0,True,40.0,233.7,19
2026-09-29 00:41:22,WIFI,True,0.0,73.2,0,True,20.0,219.0,19
2026-09-29 00:41:23,WIFI,True,0.0,73.2,0,True,20.0,219.0,19
2026-09-29 00:41:24,WIFI,True,0.0,77.4,0,True,0.0,216.7,19
2026-09-29 00:41:25,WIFI,True,0.0,77.4,0,True,0.0,216.7,19
2026-09-29 00:41:26,WIFI,True,0.0,76.7,0,True,0.0,216.6,19
2026-09-29 00:41:27,WIFI,True,0.0,76.7,0,True,0.0,216.6,19
2026-09-29 00:41:28,WIFI,True,0.0,74.2,0,True,0.0,216.6,19
2026-09-29 00:41:29,WIFI,True,0.0,74.2,0,True,0.0,216.6,19
2026-09-29 00:41:30,WIFI,True,0.0,74.4,0,True,20.0,214.2,19
2026-09-29 00:41:31,WIFI,True,0.0,74.4,0,True,20.0,214.2,19
2026-09-29 00:41:32,WIFI,True,0.0,71.8,0,True,20.0,212.9,19
2026-09-29 00:41:33,WIFI,True,0.0,71.8,0,True,20.0,212.9,19
2026-09-29 00:41:34,WIFI,True,0.0,68.5,0,True,20.0,212.9,19
2026-09-29 00:41:35,WIFI,True,0.0,68.5,0,True,40.0,212.9,19
2026-09-29 00:41:36,WIFI,True,0.0,65.6,0,True,40.0,212.8,19
2026-09-29 00:41:37,WIFI,True,0.0,65.6,0,True,40.0,212.8,19
2026-09-29 00:41:38,WIFI,True,0.0,65.6,0,True,40.0,212.8,19
2026-09-29 00:41:39,WIFI,True,0.0,65.6,0,True,40.0,212.8,19
2026-09-29 00:41:40,WIFI,True,0.0,62.9,0,True,40.0,210.8,19
2026-09-29 00:41:41,WIFI,True,0.0,62.9,0,True,40.0,210.8,19
2026-09-29 00:41:42,WIFI,True,0.0,59.9,0,True,40.0,214.5,19
2026-09-29 00:41:43,WIFI,True,0.0,59.9,0,True,40.0,214.5,19
2026-09-29 00:41:44,WIFI,True,0.0,68.0,0,True,40.0,214.5,19
2026-09-29 00:41:45,WIFI,True,0.0,68.0,0,True,40.0,214.5,19
2026-09-29 00:41:46,WIFI,True,0.0,64.6,0,True,40.0,215.3,19
2026-09-29 00:41:47,WIFI,True,0.0,64.6,0,True,40.0,215.3,19
2026-09-29 00:41:48,WIFI,True,0.0,72.2,0,True,20.0,216.0,19
2026-09-29 00:41:49,WIFI,True,0.0,72.2,0,True,20.0,216.0,19
2026-09-29 00:41:50,WIFI,True,0.0,74.2,0,True,20.0,227.7,19
2026-09-29 00:41:51,WIFI,True,0.0,74.2,0,True,20.0,227.7,19
2026-09-29 00:41:52,WIFI,True,0.0,68.8,0,True,20.0,227.4,19
2026-09-29 00:41:53,WIFI,True,0.0,68.8,0,True,20.0,227.4,19
2026-09-29 00:41:54,WIFI,True,0.0,77.1,0,True,0.0,229.3,19
2026-09-29 00:41:55,WIFI,True,0.0,77.1,0,True,0.0,229.3,19
2026-09-29 00:41:56,WIFI,True,0.0,72.3,0,True,0.0,229.1,19
2026-09-29 00:41:57,WIFI,True,0.0,72.3,0,True,0.0,229.1,19
2026-09-29 00:41:58,WIFI,True,0.0,72.3,0,True,0.0,229.0,19
2026-09-29 00:41:59,WIFI,True,0.0,72.3,0,True,0.0,229.0,19
2026-09-29 00:42:00,WIFI,True,0.0,68.8,0,True,0.0,229.5,19
2026-09-29 00:42:01,WIFI,True,0.0,68.8,0,True,0.0,229.5,19
2026-09-29 00:42:02,WIFI,True,0.0,64.5,0,True,0.0,229.6,19
2026-09-29 00:42:03,WIFI,True,0.0,64.5,0,True,0.0,229.6,19
2026-09-29 00:42:04,WIFI,True,0.0,60.6,0,True,0.0,225.8,19
2026-09-29 00:42:05,WIFI,True,0.0,60.6,0,True,0.0,225.8,19
2026-09-29 00:42:06,WIFI,True,0.0,56.5,0,True,0.0,225.2,19
2026-09-29 00:42:07,WIFI,True,0.0,56.5,0,True,0.0,225.2,19
2026-09-29 00:42:09,WIFI,True,0.0,47.0,0,True,0.0,222.8,19
2026-09-29 00:42:10,WIFI,True,0.0,47.0,0,True,0.0,222.8,19
2026-09-29 00:42:11,WIFI,True,0.0,57.4,0,True,0.0,211.5,19
2026-09-29 00:42:12,WIFI,True,0.0,57.4,0,True,0.0,211.5,19
2026-09-29 00:42:13,WIFI,True,0.0,54.1,0,True,0.0,210.6,19
2026-09-29 00:42:14,WIFI,True,0.0,54.1,0,True,0.0,210.6,19
2026-09-29 00:42:15,WIFI,True,0.0,49.9,0,True,0.0,209.7,19
2026-09-29 00:42:16,WIFI,True,0.0,49.9,0,True,0.0,209.7,19
2026-09-29 00:42:17,WIFI,True,0.0,58.7,0,True,0.0,213.2,19
2026-09-29 00:42:18,WIFI,True,0.0,58.7,0,True,0.0,213.2,19
2026-09-29 00:42:19,WIFI,True,0.0,59.0,0,True,0.0,221.1,19
2026-09-29 00:42:20,WIFI,True,0.0,59.0,0,True,0.0,221.1,19
2026-09-29 00:42:21,WIFI,True,0.0,66.8,0,True,0.0,222.6,19
2026-09-29 00:42:22,WIFI,True,0.0,66.8,0,True,0.0,222.6,19
2026-09-29 00:42:23,WIFI,True,0.0,65.8,0,True,0.0,222.6,19
2026-09-29 00:42:24,WIFI,True,0.0,65.8,0,True,0.0,222.6,19
2026-09-29 00:42:25,WIFI,True,0.0,64.3,0,True,0.0,222.8,19
2026-09-29 00:42:26,WIFI,True,0.0,64.3,0,True,0.0,222.8,19
2026-09-29 00:42:27,WIFI,True,0.0,75.7,0,True,0.0,222.8,19
2026-09-29 00:42:28,WIFI,True,0.0,75.7,0,True,20.0,222.8,19
2026-09-29 00:42:29,WIFI,True,0.0,79.9,0,True,20.0,224.6,19
2026-09-29 00:42:30,WIFI,True,0.0,79.9,0,True,20.0,224.6,19
2026-09-29 00:42:31,WIFI,True,0.0,70.0,0,True,20.0,231.1,19
2026-09-29 00:42:32,WIFI,True,0.0,70.0,0,True,20.0,231.1,19
2026-09-29 00:42:33,WIFI,True,0.0,77.0,0,True,20.0,230.6,19
2026-09-29 00:42:34,WIFI,True,0.0,77.0,0,True,20.0,230.6,19
2026-09-29 00:42:35,WIFI,True,0.0,69.1,0,True,20.0,230.6,19
2026-09-29 00:42:36,WIFI,True,0.0,69.1,0,True,40.0,230.6,19
2026-09-29 00:42:37,WIFI,True,0.0,65.1,0,True,20.0,230.1,19
2026-09-29 00:42:38,WIFI,True,0.0,65.1,0,True,20.0,230.1,19
2026-09-29 00:42:39,WIFI,True,0.0,76.5,0,True,20.0,230.1,19
2026-09-29 00:42:40,WIFI,True,0.0,76.5,0,True,20.0,230.1,19
2026-09-29 00:42:41,WIFI,True,0.0,71.0,0,True,20.0,226.0,19
2026-09-29 00:42:42,WIFI,True,0.0,71.0,0,True,20.0,226.0,19
2026-09-29 00:42:43,WIFI,True,0.0,74.5,0,True,20.0,218.3,19
2026-09-29 00:42:44,WIFI,True,0.0,74.5,0,True,20.0,218.3,19
2026-09-29 00:42:45,WIFI,True,0.0,85.0,0,True,0.0,220.8,19
2026-09-29 00:42:46,WIFI,True,0.0,85.0,0,True,0.0,220.8,19
2026-09-29 00:42:47,WIFI,True,0.0,80.0,0,True,0.0,220.8,19
2026-09-29 00:42:48,WIFI,True,0.0,80.0,0,True,20.0,220.8,19
2026-09-29 00:42:49,WIFI,True,0.0,75.6,0,True,20.0,223.7,19
2026-09-29 00:42:50,WIFI,True,0.0,75.6,0,True,20.0,223.7,19
2026-09-29 00:42:51,WIFI,True,0.0,85.3,0,True,20.0,225.2,19
2026-09-29 00:42:52,WIFI,True,0.0,85.3,0,True,20.0,225.2,19
2026-09-29 00:42:53,WIFI,True,0.0,85.5,0,True,20.0,225.2,19
2026-09-29 00:42:54,WIFI,True,0.0,85.5,0,True,40.0,225.2,19
2026-09-29 00:42:55,WIFI,True,0.0,85.2,0,True,40.0,223.2,19
2026-09-29 00:42:56,WIFI,True,0.0,85.2,0,True,40.0,223.2,19
2026-09-29 00:42:57,WIFI,True,0.0,80.6,0,True,20.0,216.5,19
2026-09-29 00:42:58,WIFI,True,0.0,80.6,0,True,20.0,216.5,19
2026-09-29 00:42:59,WIFI,True,0.0,75.2,0,True,20.0,216.2,19
2026-09-29 00:43:00,WIFI,True,0.0,75.2,0,True,20.0,216.2,19
2026-09-29 00:43:01,WIFI,True,0.0,81.2,0,True,20.0,216.0,20
2026-09-29 00:43:02,WIFI,True,0.0,81.2,0,True,20.0,216.0,20
2026-09-29 00:43:03,WIFI,True,0.0,77.5,0,True,0.0,216.8,20
2026-09-29 00:43:04,WIFI,True,0.0,77.5,0,True,0.0,216.8,20
2026-09-29 00:43:05,WIFI,True,0.0,67.2,0,True,0.0,217.4,20
2026-09-29 00:43:06,WIFI,True,0.0,67.2,0,True,0.0,217.4,20
2026-09-29 00:43:07,WIFI,True,0.0,68.8,0,True,0.0,218.3,20
2026-09-29 00:43:08,WIFI,True,0.0,68.8,0,True,0.0,218.3,20
2026-09-29 00:43:09,WIFI,True,0.0,70.0,0,True,0.0,214.8,20
2026-09-29 00:43:10,WIFI,True,0.0,70.0,0,True,0.0,214.8,20
2026-09-29 00:43:11,WIFI,True,0.0,68.1,0,True,0.0,213.1,20
2026-09-29 00:43:12,WIFI,True,0.0,68.1,0,True,0.0,213.1,20
2026-09-29 00:43:13,WIFI,True,0.0,59.7,0,True,0.0,214.0,20
2026-09-29 00:43:14,WIFI,True,0.0,59.7,0,True,0.0,214.0,20
2026-09-29 00:43:15,WIFI,True,0.0,70.6,0,True,0.0,213.9,20
2026-09-29 00:43:16,WIFI,True,0.0,70.6,0,True,0.0,213.9,20
2026-09-29 00:43:17,WIFI,True,0.0,79.4,0,True,0.0,214.7,20
2026-09-29 00:43:18,WIFI,True,0.0,79.4,0,True,0.0,214.7,20
2026-09-29 00:43:19,WIFI,True,0.0,78.5,0,True,0.0,215.2,20
2026-09-29 00:43:20,WIFI,True,0.0,78.5,0,True,0.0,215.2,20
2026-09-29 00:43:21,WIFI,True,0.0,78.7,0,True,0.0,215.5,20
2026-09-29 00:43:22,WIFI,True,0.0,78.7,0,True,0.0,215.5,20
2026-09-29 00:43:23,WIFI,True,0.0,91.1,0,True,0.0,214.9,20
2026-09-29 00:43:24,WIFI,True,0.0,91.1,0,True,0.0,214.9,20
2026-09-29 00:43:25,WIFI,True,0.0,89.2,0,True,0.0,216.1,20
2026-09-29 00:43:26,WIFI,True,0.0,89.2,0,True,0.0,216.1,20
2026-09-29 00:43:27,WIFI,True,0.0,89.2,0,True,0.0,216.1,20
2026-09-29 00:43:28,WIFI,True,0.0,88.3,0,True,20.0,216.1,20
2026-09-29 00:43:29,WIFI,True,0.0,88.3,0,True,20.0,216.1,20
2026-09-29 00:43:30,WIFI,True,0.0,77.7,0,True,40.0,216.1,20
2026-09-29 00:43:31,WIFI,True,0.0,77.7,0,True,40.0,216.1,20
2026-09-29 00:43:32,WIFI,True,0.0,77.7,0,False,60.0,216.1,20
2026-09-29 00:43:33,WIFI,True,0.0,86.6,0,False,60.0,216.1,20
2026-09-29 00:43:34,WIFI,True,0.0,86.6,0,False,80.0,216.1,20
2026-09-29 00:43:35,WIFI,True,0.0,80.1,0,False,80.0,215.0,20
2026-09-29 00:43:36,WIFI,True,0.0,80.1,0,False,80.0,215.0,20
2026-09-29 00:43:37,WIFI,True,0.0,75.2,0,False,60.0,216.7,20
2026-09-29 00:43:38,WIFI,True,0.0,75.2,0,False,60.0,216.7,20
2026-09-29 00:43:39,WIFI,True,0.0,80.0,0,True,40.0,217.8,20
2026-09-29 00:43:40,WIFI,True,0.0,80.0,0,True,40.0,217.8,20
2026-09-29 00:43:41,WIFI,True,0.0,76.6,0,True,20.0,215.2,20
2026-09-29 00:43:42,WIFI,True,0.0,76.6,0,True,20.0,215.2,20
2026-09-29 00:43:43,WIFI,True,0.0,70.2,0,True,0.0,215.8,20
2026-09-29 00:43:44,WIFI,True,0.0,70.2,0,True,0.0,215.8,20
2026-09-29 00:43:45,WIFI,True,0.0,77.3,0,True,0.0,217.3,20
2026-09-29 00:43:46,WIFI,True,0.0,73.1,0,True,0.0,217.3,20
2026-09-29 00:43:47,WIFI,True,0.0,73.1,0,True,0.0,217.3,20
2026-09-29 00:43:48,WIFI,True,0.0,81.2,0,True,20.0,217.3,20
2026-09-29 00:43:49,WIFI,True,0.0,81.2,0,True,20.0,216.2,20
2026-09-29 00:43:50,WIFI,True,0.0,81.2,0,True,20.0,216.2,20
2026-09-29 00:43:52,WIFI,True,0.0,94.2,0,True,20.0,217.8,20
2026-09-29 00:43:53,WIFI,True,0.0,89.8,0,True,20.0,217.8,20
2026-09-29 00:43:54,WIFI,True,0.0,89.8,0,True,20.0,216.5,20
2026-09-29 00:43:55,WIFI,True,0.0,85.9,0,True,20.0,216.5,20
2026-09-29 00:43:56,WIFI,True,0.0,85.9,0,True,20.0,229.4,20
2026-09-29 00:43:57,WIFI,True,0.0,82.0,0,True,20.0,229.4,20
2026-09-29 00:43:58,WIFI,True,0.0,82.0,0,True,0.0,228.6,20
2026-09-29 00:43:59,WIFI,True,0.0,71.6,0,True,0.0,228.6,20
2026-09-29 00:44:00,WIFI,True,0.0,71.6,0,True,0.0,237.5,20
2026-09-29 00:44:01,WIFI,True,0.0,64.3,0,True,0.0,237.5,20
2026-09-29 00:44:02,WIFI,True,0.0,64.3,0,True,0.0,248.7,20
2026-09-29 00:44:03,WIFI,True,0.0,59.5,0,True,0.0,248.7,20
2026-09-29 00:44:04,WIFI,True,0.0,59.5,0,True,0.0,249.1,20
2026-09-29 00:44:05,WIFI,True,0.0,58.7,0,True,0.0,249.1,20
2026-09-29 00:44:06,WIFI,True,0.0,58.7,0,True,0.0,249.9,20
2026-09-29 00:44:07,WIFI,True,0.0,58.5,0,True,0.0,249.9,20
2026-09-29 00:44:08,WIFI,True,0.0,58.5,0,True,0.0,258.6,20
2026-09-29 00:44:09,WIFI,True,0.0,52.6,0,True,0.0,258.6,20
2026-09-29 00:44:10,WIFI,True,0.0,52.6,0,True,0.0,258.6,20
2026-09-29 00:44:11,WIFI,True,0.0,39.4,0,True,20.0,258.6,20
2026-09-29 00:44:12,WIFI,True,0.0,39.4,0,True,20.0,266.4,20
2026-09-29 00:44:13,WIFI,True,0.0,37.2,0,True,20.0,266.4,20
2026-09-29 00:44:14,WIFI,True,0.0,37.2,0,True,20.0,273.7,20
2026-09-29 00:44:15,WIFI,True,0.0,47.5,0,True,20.0,273.7,20
2026-09-29 00:44:16,WIFI,True,0.0,47.5,0,True,20.0,282.7,20
2026-09-29 00:44:17,WIFI,True,0.0,52.6,0,True,20.0,282.7,20
2026-09-29 00:44:18,WIFI,True,0.0,52.6,0,True,20.0,282.7,20
2026-09-29 00:44:19,WIFI,True,0.0,60.3,0,True,40.0,282.7,20
2026-09-29 00:44:20,WIFI,True,0.0,60.3,0,True,40.0,282.7,20
2026-09-29 00:44:21,WIFI,True,0.0,69.0,0,True,40.0,276.2,20
2026-09-29 00:44:22,WIFI,True,0.0,69.0,0,True,40.0,276.2,20
2026-09-29 00:44:23,WIFI,True,0.0,72.2,0,True,40.0,282.8,20
2026-09-29 00:44:24,WIFI,True,0.0,72.2,0,True,40.0,282.8,20
2026-09-29 00:44:25,WIFI,True,0.0,62.7,0,True,40.0,276.9,20
2026-09-29 00:44:26,WIFI,True,0.0,62.7,0,True,40.0,276.9,20
2026-09-29 00:44:27,WIFI,True,0.0,60.2,0,True,20.0,267.2,20
2026-09-29 00:44:28,WIFI,True,0.0,60.2,0,True,20.0,267.2,20
2026-09-29 00:44:29,WIFI,True,0.0,67.5,0,True,20.0,267.2,20
2026-09-29 00:44:30,WIFI,True,0.0,67.5,0,True,20.0,267.2,20
2026-09-29 00:44:31,WIFI,True,0.0,75.2,0,True,20.0,269.4,20
2026-09-29 00:44:32,WIFI,True,0.0,75.2,0,True,20.0,269.4,20
2026-09-29 00:44:33,WIFI,True,0.0,77.0,0,True,20.0,268.9,20
2026-09-29 00:44:34,WIFI,True,0.0,77.0,0,True,20.0,268.9,20
2026-09-29 00:44:35,WIFI,True,0.0,68.8,0,True,20.0,257.9,20
2026-09-29 00:44:36,WIFI,True,0.0,68.8,0,True,20.0,257.9,20
2026-09-29 00:44:37,WIFI,True,0.0,64.5,0,True,20.0,252.2,20
2026-09-29 00:44:38,WIFI,True,0.0,64.5,0,True,20.0,252.2,20
2026-09-29 00:44:39,WIFI,True,0.0,56.8,0,True,0.0,243.6,20
2026-09-29 00:44:40,WIFI,True,0.0,56.8,0,True,0.0,243.6,20
2026-09-29 00:44:41,WIFI,True,0.0,50.8,0,True,0.0,243.6,20
2026-09-29 00:44:42,WIFI,True,0.0,50.8,0,True,0.0,243.6,20
2026-09-29 00:44:43,WIFI,True,0.0,44.6,0,True,20.0,236.8,20
2026-09-29 00:44:44,WIFI,True,0.0,44.6,0,True,20.0,236.8,20
2026-09-29 00:44:45,WIFI,True,0.0,42.6,0,True,20.0,231.5,20
2026-09-29 00:44:46,WIFI,True,0.0,42.6,0,True,20.0,231.5,20
2026-09-29 00:44:47,WIFI,True,0.0,39.1,0,True,20.0,231.5,20
2026-09-29 00:44:48,WIFI,True,0.0,39.1,0,True,20.0,231.5,20
2026-09-29 00:44:49,WIFI,True,0.0,29.5,0,True,40.0,228.7,20
2026-09-29 00:44:50,WIFI,True,0.0,29.5,0,True,40.0,228.7,20
2026-09-29 00:44:51,WIFI,True,0.0,21.9,0,True,20.0,225.7,20
2026-09-29 00:44:52,WIFI,True,0.0,21.9,0,True,20.0,225.7,20
2026-09-29 00:44:53,WIFI,True,0.0,15.2,0,True,20.0,224.2,20
2026-09-29 00:44:54,WIFI,True,0.0,15.2,0,True,20.0,224.2,20
2026-09-29 00:44:55,WIFI,True,0.0,13.0,0,True,20.0,223.8,20
2026-09-29 00:44:56,WIFI,True,0.0,13.0,0,True,20.0,223.8,20
2026-09-29 00:44:57,WIFI,True,0.0,11.2,0,True,20.0,223.8,20
2026-09-29 00:44:58,WIFI,True,0.0,11.2,0,True,20.0,223.8,20
2026-09-29 00:44:59,WIFI,True,0.0,12.6,0,True,20.0,223.1,20
2026-09-29 00:45:00,WIFI,True,0.0,12.6,0,True,20.0,223.1,20
2026-09-29 00:45:01,WIFI,True,0.0,9.9,0,True,20.0,223.1,20
2026-09-29 00:45:02,WIFI,True,0.0,9.9,0,True,40.0,223.1,20
2026-09-29 00:45:03,WIFI,True,0.0,10.8,0,True,40.0,232.3,20
2026-09-29 00:45:04,WIFI,True,0.0,10.8,0,True,40.0,232.3,20
2026-09-29 00:45:05,WIFI,True,0.0,12.7,0,True,40.0,237.3,20
2026-09-29 00:45:06,WIFI,True,0.0,12.7,0,True,40.0,237.3,20
2026-09-29 00:45:07,WIFI,True,0.0,14.5,0,True,20.0,243.5,20
2026-09-29 00:45:08,WIFI,True,0.0,14.5,0,True,20.0,243.5,20
2026-09-29 00:45:09,WIFI,True,0.0,16.4,0,True,20.0,243.5,20
2026-09-29 00:45:10,WIFI,True,0.0,16.4,0,True,40.0,243.5,20
2026-09-29 00:45:11,WIFI,True,0.0,18.4,0,True,20.0,252.4,20
2026-09-29 00:45:12,WIFI,True,0.0,18.4,0,True,20.0,252.4,20
2026-09-29 00:45:13,WIFI,True,0.0,18.6,0,True,20.0,252.4,20
2026-09-29 00:45:14,WIFI,True,0.0,18.6,0,True,20.0,327.7,20
2026-09-29 00:45:15,WIFI,True,0.0,18.9,0,True,20.0,327.7,20
2026-09-29 00:45:16,WIFI,True,0.0,18.9,0,True,40.0,327.7,20
2026-09-29 00:45:17,WIFI,True,0.0,16.4,0,True,40.0,324.6,20
2026-09-29 00:45:18,WIFI,True,0.0,16.4,0,True,40.0,324.6,20
2026-09-29 00:45:19,WIFI,True,0.0,16.5,0,True,20.0,325.3,20
2026-09-29 00:45:20,WIFI,True,0.0,16.5,0,True,20.0,325.3,20
2026-09-29 00:45:21,WIFI,True,0.0,16.6,0,True,20.0,324.8,20
2026-09-29 00:45:22,WIFI,True,0.0,16.6,0,True,20.0,324.8,20
2026-09-29 00:45:23,WIFI,True,0.0,14.2,0,True,20.0,324.8,20
2026-09-29 00:45:24,WIFI,True,0.0,14.2,0,True,40.0,324.8,20
2026-09-29 00:45:25,WIFI,True,0.0,11.9,0,True,20.0,324.0,20
2026-09-29 00:45:26,WIFI,True,0.0,11.9,0,True,20.0,324.0,20
2026-09-29 00:45:27,WIFI,True,0.0,10.0,0,True,20.0,327.1,20
2026-09-29 00:45:28,WIFI,True,0.0,10.0,0,True,20.0,327.1,20
2026-09-29 00:45:29,WIFI,True,0.0,8.3,0,True,20.0,319.9,20
2026-09-29 00:45:30,WIFI,True,0.0,8.3,0,True,20.0,319.9,20
2026-09-29 00:45:31,WIFI,True,0.0,9.0,0,True,20.0,315.9,20
2026-09-29 00:45:33,WIFI,True,0.0,9.0,0,True,20.0,315.9,20
2026-09-29 00:45:34,WIFI,True,0.0,9.0,0,True,20.0,315.9,20
2026-09-29 00:45:35,WIFI,True,0.0,9.0,0,True,20.0,315.9,20
2026-09-29 00:45:36,WIFI,True,0.0,8.6,0,True,20.0,309.6,20
2026-09-29 00:45:37,WIFI,True,0.0,8.6,0,True,20.0,309.6,20
2026-09-29 00:45:38,WIFI,True,0.0,17.1,0,True,20.0,298.5,20
2026-09-29 00:45:39,WIFI,True,0.0,17.1,0,True,20.0,298.5,20
2026-09-29 00:45:40,WIFI,True,0.0,16.1,0,True,20.0,221.4,20
2026-09-29 00:45:41,WIFI,True,0.0,16.1,0,True,20.0,221.4,20
2026-09-29 00:45:42,WIFI,True,0.0,16.5,0,True,20.0,221.4,20
2026-09-29 00:45:43,WIFI,True,0.0,16.5,0,True,40.0,221.4,20
2026-09-29 00:45:44,WIFI,True,0.0,21.6,0,True,40.0,221.4,21
2026-09-29 00:45:45,WIFI,True,0.0,21.6,0,True,40.0,221.4,21
2026-09-29 00:45:46,WIFI,True,0.0,21.7,0,True,40.0,221.6,21
2026-09-29 00:45:47,WIFI,True,0.0,21.7,0,True,40.0,221.6,21
2026-09-29 00:45:48,WIFI,True,0.0,21.8,0,True,40.0,221.6,21
2026-09-29 00:45:49,WIFI,True,0.0,21.8,0,False,60.0,221.6,21
2026-09-29 00:45:50,WIFI,True,0.0,21.7,0,False,60.0,217.9,21
2026-09-29 00:45:51,WIFI,True,0.0,21.7,0,False,60.0,217.9,21
2026-09-29 00:45:52,WIFI,True,0.0,19.2,0,False,60.0,217.9,21
2026-09-29 00:45:53,WIFI,True,0.0,19.2,0,False,60.0,217.9,21
2026-09-29 00:45:54,WIFI,True,0.0,19.1,0,True,40.0,215.7,21
2026-09-29 00:45:55,WIFI,True,0.0,19.1,0,True,40.0,215.7,21
2026-09-29 00:45:56,WIFI,True,0.0,20.4,0,True,40.0,216.6,21
2026-09-29 00:45:57,WIFI,True,0.0,20.4,0,True,40.0,216.6,21
2026-09-29 00:45:58,WIFI,True,0.0,12.6,0,True,20.0,213.5,21
2026-09-29 00:45:59,WIFI,True,0.0,12.6,0,True,20.0,213.5,21
2026-09-29 00:46:00,WIFI,True,0.0,12.9,0,True,20.0,211.6,21
2026-09-29 00:46:01,WIFI,True,0.0,12.9,0,True,20.0,211.6,21
2026-09-29 00:46:02,WIFI,True,0.0,12.3,0,True,0.0,216.7,21
2026-09-29 00:46:03,WIFI,True,0.0,12.3,0,True,0.0,216.7,21
2026-09-29 00:46:04,WIFI,True,0.0,7.5,0,True,0.0,216.4,21
2026-09-29 00:46:05,WIFI,True,0.0,7.5,0,True,0.0,216.4,21
2026-09-29 00:46:06,WIFI,True,0.0,12.9,0,True,0.0,216.4,21
2026-09-29 00:46:07,WIFI,True,0.0,12.9,0,True,20.0,216.4,21
2026-09-29 00:46:08,WIFI,True,0.0,13.6,0,True,20.0,216.4,21
2026-09-29 00:46:09,WIFI,True,0.0,13.6,0,True,40.0,216.4,21
2026-09-29 00:46:10,WIFI,True,0.0,13.6,0,True,40.0,230.2,21
2026-09-29 00:46:11,WIFI,True,0.0,13.6,0,True,40.0,230.2,21
2026-09-29 00:46:12,WIFI,True,0.0,13.5,0,True,40.0,230.2,21
2026-09-29 00:46:13,WIFI,True,0.0,13.5,0,False,60.0,230.2,21
2026-09-29 00:46:14,WIFI,True,0.0,13.4,0,False,60.0,238.8,21
2026-09-29 00:46:15,WIFI,True,0.0,13.4,0,False,60.0,238.8,21
2026-09-29 00:46:16,WIFI,True,0.0,14.3,0,False,60.0,238.8,21
2026-09-29 00:46:17,WIFI,True,0.0,14.3,0,False,60.0,238.8,21
2026-09-29 00:46:18,WIFI,True,0.0,13.7,0,True,40.0,244.6,21
2026-09-29 00:46:19,WIFI,True,0.0,13.7,0,True,40.0,244.6,21
2026-09-29 00:46:20,WIFI,True,0.0,22.7,0,True,40.0,249.3,21
2026-09-29 00:46:21,WIFI,True,0.0,22.7,0,True,40.0,249.3,21
2026-09-29 00:46:22,WIFI,True,0.0,27.6,0,True,20.0,249.8,21
2026-09-29 00:46:23,WIFI,True,0.0,27.6,0,True,20.0,249.8,21
2026-09-29 00:46:24,WIFI,True,0.0,36.0,0,True,20.0,250.0,21
2026-09-29 00:46:25,WIFI,True,0.0,36.0,0,True,20.0,250.0,21
2026-09-29 00:46:26,WIFI,True,0.0,45.0,0,True,0.0,249.6,21
2026-09-29 00:46:27,WIFI,True,0.0,45.0,0,True,0.0,249.6,21
2026-09-29 00:46:28,WIFI,True,0.0,46.4,0,True,0.0,249.8,21
2026-09-29 00:46:29,WIFI,True,0.0,46.4,0,True,0.0,249.8,21
2026-09-29 00:46:30,WIFI,True,0.0,57.6,0,True,0.0,241.8,21
2026-09-29 00:46:31,WIFI,True,0.0,57.6,0,True,0.0,241.8,21
2026-09-29 00:46:32,WIFI,True,0.0,67.1,0,True,0.0,242.2,21
2026-09-29 00:46:33,WIFI,True,0.0,67.1,0,True,0.0,242.2,21
2026-09-29 00:46:34,WIFI,True,0.0,70.8,0,True,0.0,242.2,21
2026-09-29 00:46:35,WIFI,True,0.0,70.8,0,True,20.0,242.2,21
2026-09-29 00:46:36,WIFI,True,0.0,79.1,0,True,20.0,231.2,21
2026-09-29 00:46:37,WIFI,True,0.0,79.1,0,True,20.0,231.2,21
2026-09-29 00:46:38,WIFI,True,0.0,91.4,0,True,20.0,222.8,21
2026-09-29 00:46:39,WIFI,True,0.0,91.4,0,True,20.0,222.8,21
2026-09-29 00:46:40,WIFI,True,0.0,87.6,0,True,20.0,217.3,21
2026-09-29 00:46:41,WIFI,True,0.0,87.6,0,True,20.0,217.3,21
2026-09-29 00:46:42,WIFI,True,0.0,92.0,0,True,20.0,213.9,21
2026-09-29 00:46:43,WIFI,True,0.0,92.0,0,True,20.0,213.9,21
2026-09-29 00:46:44,WIFI,True,0.0,86.5,0,True,0.0,212.8,21
2026-09-29 00:46:45,WIFI,True,0.0,86.5,0,True,0.0,212.8,21
2026-09-29 00:46:46,WIFI,True,0.0,79.3,0,True,0.0,212.8,22
2026-09-29 00:46:47,WIFI,True,0.0,79.3,0,True,20.0,212.8,22
2026-09-29 00:46:48,WIFI,True,0.0,90.6,0,True,20.0,212.8,23
2026-09-29 00:46:49,WIFI,True,0.0,79.6,0,True,40.0,212.8,23
2026-09-29 00:46:50,WIFI,True,0.0,79.6,0,True,40.0,212.8,23
2026-09-29 00:46:51,WIFI,True,0.0,70.0,0,False,60.0,212.8,23
2026-09-29 00:46:52,WIFI,True,0.0,70.0,0,False,60.0,210.2,23
2026-09-29 00:46:53,WIFI,True,0.0,70.0,0,False,60.0,210.2,23
2026-09-29 00:46:54,WIFI,True,0.0,81.9,0,False,60.0,210.2,23
2026-09-29 00:46:55,WIFI,True,0.0,76.3,0,False,80.0,210.2,23
2026-09-29 00:46:56,WIFI,True,0.0,76.3,0,False,60.0,210.3,23
2026-09-29 00:46:57,WIFI,True,0.0,74.1,0,False,60.0,210.3,23
2026-09-29 00:46:58,WIFI,True,0.0,74.1,0,True,40.0,210.2,23
2026-09-29 00:46:59,WIFI,True,0.0,70.7,0,True,40.0,210.2,23
2026-09-29 00:47:00,WIFI,True,0.0,70.7,0,True,20.0,209.6,23
2026-09-29 00:47:01,WIFI,True,0.0,68.8,0,True,20.0,209.6,23
2026-09-29 00:47:02,WIFI,True,0.0,68.8,0,True,20.0,214.8,23
2026-09-29 00:47:03,WIFI,True,0.0,65.9,0,True,20.0,214.8,23
2026-09-29 00:47:04,WIFI,True,0.0,65.9,0,True,0.0,211.7,23
2026-09-29 00:47:06,WIFI,True,0.0,64.3,0,True,0.0,211.7,23
2026-09-29 00:47:07,WIFI,True,0.0,64.3,0,True,0.0,211.3,23
2026-09-29 00:47:08,WIFI,True,0.0,57.3,0,True,0.0,211.3,23
2026-09-29 00:47:09,WIFI,True,0.0,57.3,0,True,0.0,211.8,23
2026-09-29 00:47:10,WIFI,True,0.0,69.0,0,True,0.0,211.8,23
2026-09-29 00:47:11,WIFI,True,0.0,69.0,0,True,0.0,211.0,23
2026-09-29 00:47:12,WIFI,True,0.0,77.2,0,True,0.0,211.0,23
2026-09-29 00:47:13,WIFI,True,0.0,77.2,0,True,0.0,211.0,23
2026-09-29 00:47:14,WIFI,True,0.0,73.0,0,True,20.0,211.0,23
2026-09-29 00:47:15,WIFI,True,0.0,73.0,0,True,20.0,211.0,23
2026-09-29 00:47:16,WIFI,True,0.0,81.6,0,True,40.0,211.0,24
2026-09-29 00:47:17,WIFI,True,0.0,81.6,0,True,40.0,214.6,24
2026-09-29 00:47:18,WIFI,True,0.0,77.1,0,True,40.0,215.8,24
2026-09-29 00:47:19,WIFI,True,0.0,77.1,0,True,40.0,215.8,24
2026-09-29 00:47:20,WIFI,True,0.0,83.7,0,True,40.0,217.4,24
2026-09-29 00:47:21,WIFI,True,0.0,83.7,0,True,40.0,217.4,24
2026-09-29 00:47:22,WIFI,True,0.0,89.2,0,True,20.0,218.6,24
2026-09-29 00:47:23,WIFI,True,0.0,89.2,0,True,20.0,218.6,24
2026-09-29 00:47:24,WIFI,True,0.0,93.1,0,True,0.0,219.7,24
2026-09-29 00:47:25,WIFI,True,0.0,93.1,0,True,0.0,219.7,24
2026-09-29 00:47:26,WIFI,True,0.0,98.8,0,True,0.0,214.5,24
2026-09-29 00:47:27,WIFI,True,0.0,98.8,0,True,0.0,214.5,24
2026-09-29 00:47:28,WIFI,True,0.0,96.2,0,True,0.0,214.5,24
2026-09-29 00:47:29,WIFI,True,0.0,96.2,0,True,0.0,214.5,24
2026-09-29 00:47:30,WIFI,True,0.0,90.7,0,True,20.0,214.7,24
2026-09-29 00:47:31,WIFI,True,0.0,90.7,0,True,20.0,214.7,24
2026-09-29 00:47:32,WIFI,True,0.0,87.6,0,True,20.0,215.2,24
2026-09-29 00:47:33,WIFI,True,0.0,87.6,0,True,20.0,215.2,24
2026-09-29 00:47:34,WIFI,True,0.0,78.3,0,True,20.0,216.7,24
2026-09-29 00:47:35,WIFI,True,0.0,78.3,0,True,20.0,216.7,24
2026-09-29 00:47:36,WIFI,True,0.0,75.9,0,True,20.0,216.7,24
2026-09-29 00:47:37,WIFI,True,0.0,75.9,0,True,20.0,216.7,24
2026-09-29 00:47:38,WIFI,True,0.0,81.3,0,True,40.0,216.7,25
2026-09-29 00:47:39,WIFI,True,0.0,81.3,0,True,40.0,216.7,25
2026-09-29 00:47:40,WIFI,True,0.0,76.6,0,True,40.0,216.9,25
2026-09-29 00:47:41,WIFI,True,0.0,76.6,0,True,40.0,216.9,25
2026-09-29 00:47:42,WIFI,True,0.0,70.6,0,True,40.0,215.9,25
2026-09-29 00:47:43,WIFI,True,0.0,70.6,0,True,40.0,215.9,25
2026-09-29 00:47:44,WIFI,True,0.0,80.9,0,True,40.0,215.3,25
2026-09-29 00:47:45,WIFI,True,0.0,80.9,0,True,40.0,215.3,25
2026-09-29 00:47:46,WIFI,True,0.0,73.8,0,True,20.0,216.0,25
2026-09-29 00:47:47,WIFI,True,0.0,73.8,0,True,20.0,216.0,25
2026-09-29 00:47:48,WIFI,True,0.0,76.9,0,True,0.0,214.7,25
2026-09-29 00:47:49,WIFI,True,0.0,76.9,0,True,0.0,214.7,25
2026-09-29 00:47:50,WIFI,True,0.0,73.2,0,True,0.0,215.8,25
2026-09-29 00:47:51,WIFI,True,0.0,73.2,0,True,0.0,215.8,25
2026-09-29 00:47:52,WIFI,True,0.0,75.4,0,True,0.0,217.6,25
2026-09-29 00:47:53,WIFI,True,0.0,75.4,0,True,0.0,217.6,25
2026-09-29 00:47:54,WIFI,True,0.0,86.3,0,True,0.0,217.9,25
2026-09-29 00:47:55,WIFI,True,0.0,86.3,0,True,0.0,217.9,25
2026-09-29 00:47:56,WIFI,True,0.0,79.6,0,True,0.0,220.5,25
2026-09-29 00:47:57,WIFI,True,0.0,79.6,0,True,0.0,220.5,25
2026-09-29 00:47:58,WIFI,True,0.0,79.6,0,True,0.0,221.5,25
2026-09-29 00:47:59,WIFI,False,20.0,79.6,0,True,0.0,221.5,25
2026-09-29 00:48:00,LOWBITRATE,False,20.0,80.3,0,True,0.0,224.1,25
2026-09-29 00:48:01,LOWBITRATE,False,20.0,80.3,0,True,0.0,224.1,25
2026-09-29 00:48:02,LOWBITRATE,False,20.0,81.1,0,True,0.0,222.6,25
2026-09-29 00:48:03,LOWBITRATE,False,20.0,81.1,0,True,0.0,222.6,25
2026-09-29 00:48:04,LOWBITRATE,False,20.0,74.1,0,True,0.0,222.4,25
2026-09-29 00:48:05,LOWBITRATE,False,20.0,74.1,0,True,0.0,222.4,25
2026-09-29 00:48:06,LOWBITRATE,False,20.0,59.9,0,True,0.0,221.5,25
2026-09-29 00:48:07,LOWBITRATE,False,20.0,59.9,0,True,0.0,221.5,25
2026-09-29 00:48:08,LOWBITRATE,True,0.0,61.8,0,True,0.0,222.4,25
2026-09-29 00:48:09,LOWBITRATE,True,0.0,61.8,0,True,0.0,222.4,25
2026-09-29 00:48:10,LOWBITRATE,True,0.0,54.7,0,True,0.0,220.8,25
2026-09-29 00:48:11,LOWBITRATE,True,0.0,54.7,0,True,0.0,220.8,26
2026-09-29 00:48:12,LOWBITRATE,True,0.0,52.1,0,True,0.0,221.3,26
2026-09-29 00:48:13,LOWBITRATE,True,0.0,52.1,0,True,0.0,221.3,26
2026-09-29 00:48:14,WIFI,True,0.0,49.2,0,True,0.0,226.3,26
2026-09-29 00:48:15,WIFI,True,0.0,49.2,0,True,0.0,226.3,26
2026-09-29 00:48:16,WIFI,True,0.0,46.2,0,True,0.0,226.3,26
2026-09-29 00:48:17,WIFI,True,0.0,46.2,0,True,20.0,226.3,26
2026-09-29 00:48:18,WIFI,True,0.0,41.6,0,True,20.0,225.1,26
2026-09-29 00:48:19,WIFI,True,0.0,41.6,0,True,20.0,225.1,26
2026-09-29 00:48:20,WIFI,True,0.0,37.0,0,True,20.0,222.6,26
2026-09-29 00:48:21,WIFI,True,0.0,37.0,0,True,20.0,222.6,26
2026-09-29 00:48:22,WIFI,True,0.0,43.0,0,True,20.0,220.0,26
2026-09-29 00:48:23,WIFI,True,0.0,43.0,0,True,20.0,220.0,26
2026-09-29 00:48:24,WIFI,True,0.0,48.0,0,True,20.0,220.0,27
2026-09-29 00:48:25,WIFI,True,0.0,48.0,0,True,40.0,220.0,27
2026-09-29 00:48:26,WIFI,True,0.0,58.4,0,True,20.0,220.1,27
2026-09-29 00:48:27,WIFI,True,0.0,58.4,0,True,20.0,220.1,27
2026-09-29 00:48:28,WIFI,True,0.0,54.3,0,True,20.0,219.3,27
2026-09-29 00:48:29,WIFI,True,0.0,54.3,0,True,20.0,219.3,27
2026-09-29 00:48:30,WIFI,True,0.0,54.4,0,True,20.0,226.3,27
2026-09-29 00:48:31,WIFI,True,0.0,54.4,0,True,20.0,226.3,27
2026-09-29 00:48:32,WIFI,True,0.0,65.4,0,True,20.0,226.3,27
2026-09-29 00:48:33,WIFI,True,0.0,65.4,0,True,40.0,226.3,27
2026-09-29 00:48:34,WIFI,True,0.0,66.7,0,True,20.0,225.7,27
2026-09-29 00:48:35,WIFI,True,0.0,66.7,0,True,20.0,225.7,27
2026-09-29 00:48:36,WIFI,True,0.0,56.7,0,True,20.0,234.2,27
2026-09-29 00:48:37,WIFI,True,0.0,56.7,0,True,20.0,234.2,27
2026-09-29 00:48:38,WIFI,True,0.0,59.9,0,True,20.0,230.9,27
2026-09-29 00:48:39,WIFI,True,0.0,59.9,0,True,20.0,230.9,27
2026-09-29 00:48:40,WIFI,True,0.0,60.2,0,True,20.0,225.6,27
2026-09-29 00:48:41,WIFI,True,0.0,60.2,0,True,20.0,225.6,27
2026-09-29 00:48:42,WIFI,True,0.0,59.1,0,True,0.0,223.8,27
2026-09-29 00:48:43,WIFI,True,0.0,59.1,0,True,0.0,223.8,27
2026-09-29 00:48:45,WIFI,True,0.0,56.9,0,True,0.0,222.7,27
2026-09-29 00:48:46,WIFI,True,0.0,56.9,0,True,0.0,222.7,27
2026-09-29 00:48:47,WIFI,True,0.0,52.4,0,True,0.0,222.5,27
2026-09-29 00:48:48,WIFI,True,0.0,52.4,0,True,0.0,222.5,27
2026-09-29 00:48:49,WIFI,True,0.0,61.7,0,True,0.0,225.1,27
2026-09-29 00:48:50,WIFI,True,0.0,61.7,0,True,0.0,225.1,27
2026-09-29 00:48:51,WIFI,True,0.0,61.9,0,True,0.0,225.7,27
2026-09-29 00:48:52,WIFI,True,0.0,61.9,0,True,0.0,225.7,27
2026-09-29 00:48:53,WIFI,True,0.0,60.2,0,True,0.0,219.8,27
2026-09-29 00:48:54,WIFI,True,0.0,60.2,0,True,0.0,219.8,27
2026-09-29 00:48:55,WIFI,True,0.0,57.2,0,True,0.0,221.6,27
2026-09-29 00:48:56,WIFI,True,0.0,57.2,0,True,0.0,221.6,27
2026-09-29 00:48:57,WIFI,True,0.0,64.1,0,True,0.0,215.4,27
2026-09-29 00:48:58,WIFI,True,0.0,64.1,0,True,0.0,215.4,27
2026-09-29 00:48:59,WIFI,True,0.0,71.3,0,True,0.0,215.9,27
2026-09-29 00:49:00,WIFI,True,0.0,71.3,0,True,0.0,215.9,27
2026-09-29 00:49:01,WIFI,True,0.0,68.3,0,True,0.0,217.8,27
2026-09-29 00:49:02,WIFI,True,0.0,68.3,0,True,0.0,217.8,27
2026-09-29 00:49:03,WIFI,True,0.0,66.7,0,True,0.0,216.5,27
2026-09-29 00:49:04,WIFI,True,0.0,66.7,0,True,0.0,216.5,27
2026-09-29 00:49:05,WIFI,True,0.0,63.9,0,True,0.0,218.4,27
2026-09-29 00:49:06,WIFI,True,0.0,63.9,0,True,0.0,218.4,27
2026-09-29 00:49:07,WIFI,True,0.0,64.3,0,True,0.0,220.3,27
2026-09-29 00:49:08,WIFI,True,0.0,64.3,0,True,0.0,220.3,27
2026-09-29 00:49:09,WIFI,True,0.0,54.9,0,True,0.0,218.3,27
2026-09-29 00:49:10,WIFI,True,0.0,54.9,0,True,0.0,218.3,27
2026-09-29 00:49:11,WIFI,True,0.0,55.3,0,True,0.0,223.0,27
2026-09-29 00:49:12,WIFI,True,0.0,55.3,0,True,0.0,223.0,27
2026-09-29 00:49:13,WIFI,True,0.0,53.2,0,True,0.0,220.7,27
2026-09-29 00:49:14,WIFI,True,0.0,53.2,0,True,0.0,220.7,27
2026-09-29 00:49:15,WIFI,True,0.0,61.3,0,True,0.0,220.6,27
2026-09-29 00:49:16,WIFI,True,0.0,61.3,0,True,0.0,220.6,28
2026-09-29 00:49:17,WIFI,True,0.0,59.3,0,True,0.0,218.3,28
2026-09-29 00:49:18,WIFI,True,0.0,59.3,0,True,0.0,218.3,28
2026-09-29 00:49:19,WIFI,True,0.0,52.8,0,True,0.0,221.9,28
2026-09-29 00:49:20,WIFI,True,0.0,52.8,0,True,0.0,221.9,28
2026-09-29 00:49:21,WIFI,True,0.0,53.6,0,True,0.0,220.1,28
2026-09-29 00:49:22,WIFI,True,0.0,53.6,0,True,0.0,220.1,28
2026-09-29 00:49:23,WIFI,True,0.0,52.1,0,True,0.0,223.2,28
2026-09-29 00:49:24,WIFI,True,0.0,52.1,0,True,0.0,223.2,28
2026-09-29 00:49:25,WIFI,True,0.0,55.6,0,True,0.0,221.7,28
2026-09-29 00:49:26,WIFI,True,0.0,55.6,0,True,0.0,221.7,28
2026-09-29 00:49:27,WIFI,True,0.0,54.4,0,True,0.0,221.7,28
2026-09-29 00:49:28,WIFI,True,0.0,54.4,0,True,20.0,221.7,28
2026-09-29 00:49:29,WIFI,True,0.0,53.0,0,True,20.0,220.0,28
2026-09-29 00:49:30,WIFI,True,0.0,53.0,0,True,20.0,220.0,28
2026-09-29 00:49:31,WIFI,True,0.0,67.2,0,True,20.0,220.0,28
2026-09-29 00:49:32,WIFI,True,0.0,67.2,0,True,40.0,220.0,28
2026-09-29 00:49:33,WIFI,True,0.0,65.7,0,True,40.0,219.3,28
2026-09-29 00:49:34,WIFI,True,0.0,65.7,0,True,40.0,219.3,28
2026-09-29 00:49:35,WIFI,True,0.0,63.4,0,True,40.0,214.7,28
2026-09-29 00:49:36,WIFI,True,0.0,63.4,0,True,40.0,214.7,28
2026-09-29 00:49:37,WIFI,True,0.0,69.2,0,True,20.0,268.0,28
2026-09-29 00:49:38,WIFI,True,0.0,68.7,0,True,20.0,268.0,28
2026-09-29 00:49:39,WIFI,True,0.0,68.7,0,True,20.0,267.5,28
2026-09-29 00:49:40,WIFI,True,0.0,68.7,0,True,20.0,267.5,28
2026-09-29 00:49:41,WIFI,True,0.0,72.6,0,True,0.0,267.9,28
2026-09-29 00:49:42,WIFI,True,0.0,72.6,0,True,0.0,267.9,28
2026-09-29 00:49:43,WIFI,True,0.0,65.6,0,True,0.0,267.9,28
2026-09-29 00:49:44,WIFI,True,0.0,65.6,0,True,20.0,267.9,28
2026-09-29 00:49:45,WIFI,True,0.0,66.4,0,True,20.0,264.8,28
2026-09-29 00:49:46,WIFI,True,0.0,66.4,0,True,20.0,264.8,28
2026-09-29 00:49:47,WIFI,True,0.0,70.3,0,True,20.0,268.3,28
2026-09-29 00:49:48,WIFI,True,0.0,70.3,0,True,20.0,268.3,28
2026-09-29 00:49:49,WIFI,True,0.0,80.2,0,True,20.0,268.3,28
2026-09-29 00:49:50,WIFI,True,0.0,80.2,0,True,40.0,268.3,28
2026-09-29 00:49:51,WIFI,True,0.0,66.6,0,True,40.0,268.3,28
2026-09-29 00:49:52,WIFI,True,0.0,66.6,0,False,60.0,268.3,28
2026-09-29 00:49:53,WIFI,True,0.0,70.3,0,True,40.0,267.3,28
2026-09-29 00:49:54,WIFI,True,0.0,70.3,0,True,40.0,267.3,28
2026-09-29 00:49:55,WIFI,True,0.0,64.7,0,True,40.0,267.1,28
2026-09-29 00:49:56,WIFI,True,0.0,64.7,0,True,40.0,267.1,28
2026-09-29 00:49:57,WIFI,True,0.0,55.6,0,True,40.0,267.2,28
2026-09-29 00:49:58,WIFI,True,0.0,55.6,0,True,40.0,267.2,28
2026-09-29 00:49:59,WIFI,True,0.0,54.4,0,True,40.0,267.2,28
2026-09-29 00:50:00,WIFI,True,0.0,54.4,0,True,40.0,267.2,28
2026-09-29 00:50:01,WIFI,True,0.0,56.0,0,True,20.0,268.4,28
2026-09-29 00:50:02,WIFI,True,0.0,56.0,0,True,20.0,268.4,28
2026-09-29 00:50:03,WIFI,True,0.0,55.9,0,True,20.0,277.8,28
2026-09-29 00:50:04,WIFI,True,0.0,55.9,0,True,20.0,277.8,28
2026-09-29 00:50:05,WIFI,True,0.0,64.0,0,True,20.0,227.2,28
2026-09-29 00:50:06,WIFI,True,0.0,64.0,0,True,20.0,227.2,28
2026-09-29 00:50:07,WIFI,True,0.0,55.2,0,True,20.0,225.7,28
2026-09-29 00:50:08,WIFI,True,0.0,55.2,0,True,20.0,225.7,28
2026-09-29 00:50:09,WIFI,True,0.0,53.4,0,True,0.0,227.0,28
2026-09-29 00:50:10,WIFI,True,0.0,53.4,0,True,0.0,227.0,28
2026-09-29 00:50:12,WIFI,False,20.0,53.4,0,True,0.0,227.0,28
2026-09-29 00:50:13,WIFI,False,20.0,53.4,0,True,20.0,227.0,28
2026-09-29 00:50:14,LOWBITRATE,False,20.0,64.2,0,True,20.0,226.5,28
2026-09-29 00:50:15,LOWBITRATE,False,20.0,64.2,0,True,20.0,226.5,28
2026-09-29 00:50:16,LOWBITRATE,False,20.0,70.2,0,True,20.0,223.1,28
2026-09-29 00:50:17,LOWBITRATE,False,20.0,70.2,0,True,20.0,223.1,28
2026-09-29 00:50:18,LOWBITRATE,False,20.0,75.0,0,True,20.0,221.1,29
2026-09-29 00:50:19,LOWBITRATE,False,20.0,75.0,0,True,20.0,221.1,29
2026-09-29 00:50:20,LOWBITRATE,False,20.0,86.1,0,True,20.0,222.5,29
2026-09-29 00:50:21,LOWBITRATE,False,20.0,86.1,0,True,20.0,222.5,29
2026-09-29 00:50:22,LOWBITRATE,True,0.0,87.7,0,True,0.0,223.3,29
2026-09-29 00:50:23,LOWBITRATE,True,0.0,87.7,0,True,0.0,223.3,29
2026-09-29 00:50:24,LOWBITRATE,True,0.0,80.6,0,True,0.0,244.6,29
2026-09-29 00:50:25,LOWBITRATE,True,0.0,80.6,0,True,0.0,244.6,29
2026-09-29 00:50:26,LOWBITRATE,True,0.0,89.1,0,True,0.0,240.1,29
2026-09-29 00:50:27,LOWBITRATE,True,0.0,89.1,0,True,0.0,240.1,29
2026-09-29 00:50:28,WIFI,False,20.0,89.1,0,True,0.0,240.1,29
2026-09-29 00:50:29,WIFI,False,20.0,89.1,0,True,20.0,240.1,29
2026-09-29 00:50:30,LOWBITRATE,False,20.0,76.9,0,True,20.0,241.7,29
2026-09-29 00:50:31,LOWBITRATE,False,20.0,76.9,0,True,20.0,241.7,29
2026-09-29 00:50:32,LOWBITRATE,False,20.0,81.0,0,True,20.0,244.9,29
2026-09-29 00:50:33,LOWBITRATE,False,20.0,81.0,0,True,20.0,244.9,29
2026-09-29 00:50:34,LOWBITRATE,False,20.0,76.1,0,True,20.0,244.9,29
2026-09-29 00:50:35,LOWBITRATE,False,20.0,76.1,0,True,40.0,244.9,29
2026-09-29 00:50:36,LOWBITRATE,False,20.0,64.9,0,True,40.0,244.9,29
2026-09-29 00:50:37,LOWBITRATE,False,20.0,64.9,0,True,40.0,244.9,29
2026-09-29 00:50:38,,True,0.0,50.3,0,False,60.0,244.9,29
2026-09-29 00:50:39,,True,0.0,50.3,0,True,40.0,249.4,29
2026-09-29 00:50:40,WIFI,True,0.0,47.3,0,True,40.0,249.4,29
2026-09-29 00:50:41,WIFI,True,0.0,47.3,0,True,40.0,251.3,29
2026-09-29 00:50:42,WIFI,True,0.0,42.8,0,True,40.0,251.0,29
2026-09-29 00:50:43,WIFI,True,0.0,42.8,0,True,40.0,251.0,29
2026-09-29 00:50:44,WIFI,True,0.0,53.0,0,True,20.0,253.0,29
2026-09-29 00:50:45,WIFI,True,0.0,53.0,0,True,20.0,253.0,29
2026-09-29 00:50:46,WIFI,True,0.0,55.8,0,True,0.0,251.7,29
2026-09-29 00:50:47,WIFI,True,0.0,55.8,0,True,0.0,251.7,29
2026-09-29 00:50:48,WIFI,True,0.0,57.5,0,True,0.0,252.8,29
2026-09-29 00:50:49,WIFI,True,0.0,57.5,0,True,0.0,252.8,29
2026-09-29 00:50:50,WIFI,True,0.0,60.2,0,True,0.0,230.3,29
2026-09-29 00:50:51,WIFI,True,0.0,60.2,0,True,0.0,230.3,29
2026-09-29 00:50:52,WIFI,True,0.0,62.6,0,True,0.0,226.3,29
2026-09-29 00:50:53,WIFI,True,0.0,62.6,0,True,0.0,226.3,29
2026-09-29 00:50:54,WIFI,True,0.0,68.6,0,True,0.0,221.7,29
2026-09-29 00:50:55,WIFI,True,0.0,68.6,0,True,0.0,221.7,29
2026-09-29 00:50:56,WIFI,True,0.0,69.8,0,True,0.0,218.7,29
2026-09-29 00:50:57,WIFI,True,0.0,69.8,0,True,0.0,218.7,29
2026-09-29 00:50:58,WIFI,True,0.0,77.6,0,True,0.0,212.1,29
2026-09-29 00:50:59,WIFI,True,0.0,77.6,0,True,0.0,212.1,29
2026-09-29 00:51:00,WIFI,True,0.0,72.8,0,True,0.0,212.1,29
2026-09-29 00:51:01,WIFI,True,0.0,72.8,0,True,0.0,212.1,29
2026-09-29 00:51:02,WIFI,True,0.0,67.8,0,True,20.0,210.9,29
2026-09-29 00:51:03,WIFI,True,0.0,67.8,0,True,20.0,210.9,29
2026-09-29 00:51:04,WIFI,True,0.0,56.3,0,True,20.0,211.1,29
2026-09-29 00:51:05,WIFI,True,0.0,56.3,0,True,20.0,211.1,29
2026-09-29 00:51:06,WIFI,True,0.0,64.1,0,True,20.0,210.2,29
2026-09-29 00:51:07,WIFI,True,0.0,64.1,0,True,20.0,210.2,29
2026-09-29 00:51:08,WIFI,True,0.0,59.3,0,True,20.0,210.2,29
2026-09-29 00:51:09,WIFI,True,0.0,59.3,0,True,20.0,210.2,29
2026-09-29 00:51:10,WIFI,True,0.0,57.4,0,True,20.0,210.6,29
2026-09-29 00:51:11,WIFI,True,0.0,57.4,0,True,20.0,210.6,29
2026-09-29 00:51:12,WIFI,True,0.0,64.8,0,True,20.0,210.7,29
2026-09-29 00:51:13,WIFI,True,0.0,64.8,0,True,20.0,210.7,29
2026-09-29 00:51:14,WIFI,True,0.0,63.1,0,True,20.0,211.2,29
2026-09-29 00:51:15,WIFI,True,0.0,63.1,0,True,20.0,211.2,29
2026-09-29 00:51:16,WIFI,True,0.0,71.6,0,True,20.0,210.1,29
2026-09-29 00:51:17,WIFI,True,0.0,71.6,0,True,20.0,210.1,29
2026-09-29 00:51:18,WIFI,True,0.0,66.1,0,True,0.0,217.4,29
2026-09-29 00:51:19,WIFI,True,0.0,66.1,0,True,0.0,217.4,29
2026-09-29 00:51:20,WIFI,True,0.0,76.5,0,True,0.0,218.4,29
2026-09-29 00:51:21,WIFI,True,0.0,76.5,0,True,0.0,218.4,30
2026-09-29 00:51:22,WIFI,True,0.0,84.0,0,True,0.0,219.3,30
2026-09-29 00:51:23,WIFI,True,0.0,84.0,0,True,0.0,219.3,30
2026-09-29 00:51:24,WIFI,True,0.0,81.5,0,True,0.0,221.1,30
2026-09-29 00:51:25,WIFI,True,0.0,81.5,0,True,0.0,221.1,30
2026-09-29 00:51:26,WIFI,True,0.0,75.2,0,True,0.0,221.1,30
2026-09-29 00:51:27,WIFI,True,0.0,75.2,0,True,0.0,221.1,30
2026-09-29 00:51:28,WIFI,True,0.0,79.5,0,True,0.0,221.2,30
2026-09-29 00:51:29,WIFI,True,0.0,79.5,0,True,0.0,221.2,30
2026-09-29 00:51:30,WIFI,True,0.0,82.0,0,True,0.0,221.2,30
2026-09-29 00:51:31,WIFI,True,0.0,82.0,0,True,0.0,221.2,30
2026-09-29 00:51:32,WIFI,True,0.0,75.3,0,True,20.0,221.2,30
2026-09-29 00:51:33,WIFI,True,0.0,75.3,0,True,20.0,221.2,30
2026-09-29 00:51:34,WIFI,True,0.0,78.8,0,True,40.0,221.2,30
2026-09-29 00:51:35,WIFI,True,0.0,78.8,0,True,40.0,221.2,30
2026-09-29 00:51:36,WIFI,True,0.0,71.6,0,False,60.0,220.6,30
2026-09-29 00:51:37,WIFI,True,0.0,71.6,0,False,60.0,220.6,30
2026-09-29 00:51:38,WIFI,True,0.0,73.9,0,False,60.0,221.7,30
2026-09-29 00:51:39,WIFI,True,0.0,73.9,0,False,60.0,221.7,30
2026-09-29 00:51:40,WIFI,True,0.0,71.6,0,True,40.0,221.7,30
2026-09-29 00:51:41,WIFI,True,0.0,71.6,0,True,40.0,221.7,30
2026-09-29 00:51:42,WIFI,True,0.0,71.3,0,True,20.0,221.5,30
2026-09-29 00:51:43,WIFI,True,0.0,71.3,0,True,20.0,221.5,30
2026-09-29 00:51:44,WIFI,True,0.0,79.7,0,True,0.0,215.4,30
2026-09-29 00:51:45,WIFI,True,0.0,79.7,0,True,0.0,215.4,30
2026-09-29 00:51:46,WIFI,True,0.0,75.9,0,True,0.0,218.6,30
2026-09-29 00:51:47,WIFI,True,0.0,75.9,0,True,0.0,218.6,30
2026-09-29 00:51:48,WIFI,True,0.0,67.2,0,True,0.0,219.2,30
2026-09-29 00:51:49,WIFI,True,0.0,67.2,0,True,0.0,219.2,30
2026-09-29 00:51:50,WIFI,True,0.0,74.4,0,True,0.0,217.8,30
2026-09-29 00:51:51,WIFI,True,0.0,74.4,0,True,0.0,217.8,30
2026-09-29 00:51:52,WIFI,True,0.0,79.5,0,True,0.0,219.6,30
2026-09-29 00:51:53,WIFI,True,0.0,79.5,0,True,0.0,219.6,30
2026-09-29 00:51:54,WIFI,True,0.0,73.6,0,True,0.0,219.0,30
2026-09-29 00:51:55,WIFI,True,0.0,73.6,0,True,0.0,219.0,30
2026-09-29 00:51:56,WIFI,True,0.0,78.5,0,True,0.0,219.0,30
2026-09-29 00:51:58,WIFI,True,0.0,78.5,0,True,20.0,219.0,30
2026-09-29 00:51:59,WIFI,True,0.0,76.5,0,True,20.0,221.3,30
2026-09-29 00:52:00,WIFI,True,0.0,76.5,0,True,20.0,221.3,30
2026-09-29 00:52:01,WIFI,True,0.0,75.2,0,True,20.0,218.5,30
2026-09-29 00:52:02,WIFI,True,0.0,75.2,0,True,20.0,218.5,30
2026-09-29 00:52:03,WIFI,True,0.0,71.4,0,True,20.0,218.5,30
2026-09-29 00:52:04,WIFI,True,0.0,71.4,0,True,40.0,218.5,30
2026-09-29 00:52:05,WIFI,True,0.0,74.9,0,True,40.0,220.9,30
2026-09-29 00:52:06,WIFI,True,0.0,74.9,0,True,40.0,220.9,30
2026-09-29 00:52:07,WIFI,True,0.0,78.2,0,True,20.0,222.9,30
2026-09-29 00:52:08,WIFI,True,0.0,78.2,0,True,20.0,222.9,30
2026-09-29 00:52:09,WIFI,True,0.0,77.1,0,True,20.0,221.6,30
2026-09-29 00:52:10,WIFI,True,0.0,77.1,0,True,20.0,221.6,30
2026-09-29 00:52:11,WIFI,True,0.0,79.3,0,True,20.0,222.5,30
2026-09-29 00:52:12,WIFI,True,0.0,79.3,0,True,20.0,222.5,30
2026-09-29 00:52:13,WIFI,True,0.0,66.7,0,True,20.0,222.5,30
2026-09-29 00:52:14,WIFI,True,0.0,66.7,0,True,20.0,222.5,30
2026-09-29 00:52:15,WIFI,True,0.0,69.8,0,True,20.0,221.3,30
2026-09-29 00:52:16,WIFI,True,0.0,69.8,0,True,20.0,221.3,30
2026-09-29 00:52:17,WIFI,True,0.0,66.2,0,True,20.0,220.7,30
2026-09-29 00:52:18,WIFI,True,0.0,66.2,0,True,20.0,220.7,30
2026-09-29 00:52:19,WIFI,True,0.0,69.1,0,True,20.0,220.2,30
2026-09-29 00:52:20,WIFI,True,0.0,69.1,0,True,20.0,220.2,30
2026-09-29 00:52:21,WIFI,True,0.0,63.6,0,True,20.0,221.4,30
2026-09-29 00:52:22,WIFI,True,0.0,63.6,0,True,20.0,221.4,30
2026-09-29 00:52:23,WIFI,True,0.0,61.6,0,True,0.0,220.2,30
2026-09-29 00:52:24,WIFI,True,0.0,61.6,0,True,0.0,220.2,30
2026-09-29 00:52:25,WIFI,True,0.0,56.9,0,True,0.0,219.8,30
2026-09-29 00:52:26,WIFI,True,0.0,56.9,0,True,0.0,219.8,30
2026-09-29 00:52:27,WIFI,True,0.0,52.8,0,True,0.0,219.8,30
2026-09-29 00:52:28,WIFI,True,0.0,52.8,0,True,20.0,219.8,30
2026-09-29 00:52:29,WIFI,True,0.0,57.0,0,True,20.0,217.1,30
2026-09-29 00:52:30,WIFI,True,0.0,57.0,0,True,20.0,217.1,30
2026-09-29 00:52:31,WIFI,True,0.0,54.7,0,True,20.0,215.1,30
2026-09-29 00:52:32,WIFI,True,0.0,54.7,0,True,20.0,215.1,30
2026-09-29 00:52:33,WIFI,True,0.0,58.1,0,True,20.0,215.6,30
2026-09-29 00:52:34,WIFI,True,0.0,58.1,0,True,20.0,215.6,30
2026-09-29 00:52:35,WIFI,True,0.0,56.0,0,True,20.0,211.4,30
2026-09-29 00:52:36,WIFI,True,0.0,56.0,0,True,20.0,211.4,30
2026-09-29 00:52:37,WIFI,True,0.0,56.4,0,True,0.0,212.9,30
2026-09-29 00:52:38,WIFI,True,0.0,56.4,0,True,0.0,212.9,30
2026-09-29 00:52:39,WIFI,True,0.0,58.7,0,True,0.0,212.9,30
2026-09-29 00:52:40,WIFI,True,0.0,58.7,0,True,20.0,212.9,30
2026-09-29 00:52:41,WIFI,True,0.0,66.5,0,True,20.0,214.2,30
2026-09-29 00:52:42,WIFI,True,0.0,66.5,0,True,20.0,214.2,30
2026-09-29 00:52:43,WIFI,True,0.0,76.8,0,True,20.0,213.8,30
2026-09-29 00:52:44,WIFI,True,0.0,76.8,0,True,20.0,213.8,30
2026-09-29 00:52:45,WIFI,True,0.0,74.6,0,True,20.0,213.8,30
2026-09-29 00:52:46,WIFI,True,0.0,74.6,0,True,40.0,213.8,30
2026-09-29 00:52:47,WIFI,True,0.0,83.2,0,True,40.0,216.4,30
2026-09-29 00:52:48,WIFI,True,0.0,83.2,0,True,40.0,216.4,30
2026-09-29 00:52:49,WIFI,True,0.0,82.3,0,True,20.0,215.3,30
2026-09-29 00:52:50,WIFI,True,0.0,82.3,0,True,20.0,215.3,30
2026-09-29 00:52:51,WIFI,True,0.0,81.3,0,True,20.0,215.0,30
2026-09-29 00:52:52,WIFI,True,0.0,81.3,0,True,20.0,215.0,30
2026-09-29 00:52:53,WIFI,True,0.0,93.0,0,True,20.0,215.0,30
2026-09-29 00:52:54,WIFI,True,0.0,93.0,0,True,40.0,215.0,30
2026-09-29 00:52:55,WIFI,True,0.0,88.7,0,True,20.0,217.2,30
2026-09-29 00:52:56,WIFI,True,0.0,88.7,0,True,20.0,217.2,30
2026-09-29 00:52:57,WIFI,True,0.0,93.5,0,True,20.0,217.1,30
2026-09-29 00:52:58,WIFI,True,0.0,93.5,0,True,20.0,217.1,30
2026-09-29 00:52:59,WIFI,True,0.0,95.1,0,True,20.0,217.3,30
2026-09-29 00:53:00,WIFI,True,0.0,95.1,0,True,20.0,217.3,30
2026-09-29 00:53:01,WIFI,True,0.0,92.1,0,True,20.0,216.2,30
2026-09-29 00:53:02,WIFI,True,0.0,92.1,0,True,20.0,216.2,30
2026-09-29 00:53:03,WIFI,True,0.0,86.1,0,True,0.0,214.8,30
2026-09-29 00:53:04,WIFI,True,0.0,86.1,0,True,0.0,214.8,30
2026-09-29 00:53:05,WIFI,True,0.0,81.3,0,True,0.0,224.8,30
2026-09-29 00:53:06,WIFI,True,0.0,81.3,0,True,0.0,224.8,30
2026-09-29 00:53:07,WIFI,True,0.0,76.3,0,True,0.0,224.7,30
2026-09-29 00:53:08,WIFI,True,0.0,76.3,0,True,0.0,224.7,30
2026-09-29 00:53:09,WIFI,True,0.0,81.0,0,True,0.0,223.7,30
2026-09-29 00:53:10,WIFI,True,0.0,81.0,0,True,0.0,223.7,30
2026-09-29 00:53:11,WIFI,True,0.0,88.1,0,True,0.0,225.7,30
2026-09-29 00:53:12,WIFI,True,0.0,88.1,0,True,0.0,225.7,30
2026-09-29 00:53:13,WIFI,True,0.0,78.2,0,True,0.0,225.7,30
2026-09-29 00:53:14,WIFI,True,0.0,78.2,0,True,20.0,225.7,30
2026-09-29 00:53:15,WIFI,True,0.0,84.8,0,True,20.0,225.7,30
2026-09-29 00:53:16,WIFI,True,0.0,84.8,0,True,40.0,225.7,30
2026-09-29 00:53:17,WIFI,True,0.0,80.6,0,True,40.0,226.3,30
2026-09-29 00:53:18,WIFI,True,0.0,80.6,0,True,40.0,226.3,30
2026-09-29 00:53:19,WIFI,True,0.0,76.1,0,True,40.0,224.3,30
2026-09-29 00:53:20,WIFI,True,0.0,76.1,0,True,40.0,224.3,30
2026-09-29 00:53:21,WIFI,True,0.0,80.3,0,True,40.0,228.5,30
2026-09-29 00:53:22,WIFI,True,0.0,80.3,0,True,40.0,228.5,30
2026-09-29 00:53:23,WIFI,True,0.0,74.7,0,True,20.0,238.3,30
2026-09-29 00:53:24,WIFI,True,0.0,74.7,0,True,20.0,238.3,30
2026-09-29 00:53:25,WIFI,True,0.0,84.4,0,True,20.0,238.3,30
2026-09-29 00:53:26,WIFI,True,0.0,84.4,0,True,20.0,238.3,30
2026-09-29 00:53:27,WIFI,True,0.0,89.7,0,True,20.0,239.1,30
2026-09-29 00:53:28,WIFI,True,0.0,89.7,0,True,20.0,239.1,30
2026-09-29 00:53:29,WIFI,True,0.0,85.6,0,True,20.0,238.8,30
2026-09-29 00:53:30,WIFI,True,0.0,85.6,0,True,20.0,238.8,30
2026-09-29 00:53:31,WIFI,True,0.0,76.9,0,True,20.0,229.8,30
2026-09-29 00:53:32,WIFI,True,0.0,76.9,0,True,20.0,229.8,30
2026-09-29 00:53:33,WIFI,True,0.0,73.0,0,True,20.0,241.2,30
2026-09-29 00:53:34,WIFI,True,0.0,73.0,0,True,20.0,241.2,30
2026-09-29 00:53:35,WIFI,True,0.0,68.5,0,True,0.0,240.9,30
2026-09-29 00:53:36,WIFI,True,0.0,68.5,0,True,0.0,240.9,30
2026-09-29 00:53:37,WIFI,True,0.0,71.0,0,True,0.0,240.9,30
2026-09-29 00:53:38,WIFI,True,0.0,71.0,0,True,20.0,240.9,30
2026-09-29 00:53:39,WIFI,True,0.0,79.7,0,True,20.0,244.3,30
2026-09-29 00:53:40,WIFI,True,0.0,79.7,0,True,20.0,244.3,30
2026-09-29 00:53:41,WIFI,True,0.0,74.9,0,True,20.0,243.5,30
2026-09-29 00:53:42,WIFI,True,0.0,74.9,0,True,20.0,243.5,30
2026-09-29 00:53:43,WIFI,True,0.0,80.8,0,True,20.0,246.3,30
2026-09-29 00:53:44,WIFI,True,0.0,80.8,0,True,20.0,246.3,30
2026-09-29 00:53:45,WIFI,True,0.0,75.1,0,True,20.0,246.3,30
2026-09-29 00:53:46,WIFI,True,0.0,75.1,0,True,40.0,246.3,30
2026-09-29 00:53:47,WIFI,True,0.0,63.3,0,True,20.0,246.6,30
2026-09-29 00:53:48,WIFI,True,0.0,63.3,0,True,20.0,246.6,30
2026-09-29 00:53:49,WIFI,True,0.0,72.5,0,True,20.0,237.6,30
2026-09-29 00:53:51,WIFI,True,0.0,72.5,0,True,20.0,237.6,30
2026-09-29 00:53:52,WIFI,True,0.0,68.8,0,True,20.0,236.6,30
2026-09-29 00:53:53,WIFI,True,0.0,68.8,0,True,20.0,236.6,30
2026-09-29 00:53:54,WIFI,True,0.0,76.8,0,True,20.0,236.7,30
2026-09-29 00:53:55,WIFI,True,0.0,76.8,0,True,20.0,236.7,30
2026-09-29 00:53:56,WIFI,True,0.0,84.1,0,True,0.0,234.7,30
2026-09-29 00:53:57,WIFI,True,0.0,84.1,0,True,0.0,234.7,30
2026-09-29 00:53:58,WIFI,True,0.0,76.0,0,True,0.0,231.0,30
2026-09-29 00:53:59,WIFI,True,0.0,76.0,0,True,0.0,231.0,30
2026-09-29 00:54:00,WIFI,True,0.0,71.7,0,True,0.0,231.1,30
2026-09-29 00:54:01,WIFI,True,0.0,71.7,0,True,0.0,231.1,30
2026-09-29 00:54:02,WIFI,True,0.0,71.8,0,True,0.0,231.1,30
2026-09-29 00:54:03,WIFI,True,0.0,71.8,0,True,20.0,231.1,30
2026-09-29 00:54:04,WIFI,True,0.0,71.8,0,True,20.0,228.4,30
2026-09-29 00:54:05,WIFI,True,0.0,71.8,0,True,20.0,228.4,30
2026-09-29 00:54:06,WIFI,True,0.0,69.6,0,True,20.0,228.5,30
2026-09-29 00:54:07,WIFI,True,0.0,69.6,0,True,20.0,228.5,30
2026-09-29 00:54:08,WIFI,True,0.0,77.0,0,True,20.0,228.5,30
2026-09-29 00:54:09,WIFI,True,0.0,77.0,0,True,40.0,228.5,30
2026-09-29 00:54:10,WIFI,True,0.0,74.4,0,True,40.0,225.6,30
2026-09-29 00:54:11,WIFI,True,0.0,74.4,0,True,40.0,225.6,30
2026-09-29 00:54:12,WIFI,True,0.0,75.0,0,True,20.0,221.5,30
2026-09-29 00:54:13,WIFI,True,0.0,75.0,0,True,20.0,221.5,30
2026-09-29 00:54:14,WIFI,True,0.0,74.4,0,True,20.0,223.1,30
2026-09-29 00:54:15,WIFI,True,0.0,74.4,0,True,20.0,223.1,30
2026-09-29 00:54:16,WIFI,True,0.0,73.7,0,True,20.0,225.9,30
2026-09-29 00:54:17,WIFI,True,0.0,75.9,0,True,20.0,225.9,30
2026-09-29 00:54:18,WIFI,True,0.0,75.9,0,True,0.0,228.3,30
2026-09-29 00:54:19,WIFI,True,0.0,75.9,0,True,0.0,228.3,30
2026-09-29 00:54:20,WIFI,True,0.0,74.8,0,True,0.0,232.0,30
2026-09-29 00:54:21,WIFI,True,0.0,69.4,0,True,0.0,232.0,30
2026-09-29 00:54:22,WIFI,True,0.0,69.4,0,True,0.0,226.3,30
2026-09-29 00:54:23,WIFI,True,0.0,66.6,0,True,0.0,226.3,30
2026-09-29 00:54:24,WIFI,True,0.0,66.6,0,True,0.0,225.0,30
2026-09-29 00:54:25,WIFI,True,0.0,66.6,0,True,0.0,225.0,30
2026-09-29 00:54:26,WIFI,True,0.0,73.8,0,True,0.0,222.1,30
2026-09-29 00:54:27,WIFI,True,0.0,70.9,0,True,0.0,222.1,30
2026-09-29 00:54:28,WIFI,True,0.0,70.9,0,True,0.0,222.1,30
2026-09-29 00:54:29,WIFI,True,0.0,60.5,0,True,20.0,222.1,30
2026-09-29 00:54:30,WIFI,True,0.0,60.5,0,True,20.0,222.8,30
2026-09-29 00:54:31,WIFI,True,0.0,69.1,0,True,20.0,222.8,30
2026-09-29 00:54:32,WIFI,True,0.0,69.1,0,True,20.0,222.8,30
2026-09-29 00:54:33,WIFI,True,0.0,66.0,0,True,40.0,222.8,30
2026-09-29 00:54:34,WIFI,True,0.0,66.0,0,True,40.0,224.3,30
2026-09-29 00:54:35,WIFI,True,0.0,62.9,0,True,40.0,224.3,30
2026-09-29 00:54:36,WIFI,True,0.0,62.9,0,True,40.0,225.8,30
2026-09-29 00:54:37,WIFI,True,0.0,62.9,0,True,40.0,225.8,30
2026-09-29 00:54:38,WIFI,True,0.0,76.6,0,True,20.0,227.1,30
2026-09-29 00:54:39,WIFI,True,0.0,74.7,0,True,20.0,227.1,30
2026-09-29 00:54:40,WIFI,True,0.0,74.7,0,True,20.0,224.3,30
2026-09-29 00:54:41,WIFI,True,0.0,84.2,0,True,20.0,224.3,30
2026-09-29 00:54:42,WIFI,True,0.0,84.2,0,True,20.0,224.3,30
2026-09-29 00:54:43,WIFI,True,0.0,84.2,0,True,20.0,224.3,30
2026-09-29 00:54:44,WIFI,True,0.0,92.3,0,True,20.0,224.3,30
2026-09-29 00:54:45,WIFI,True,0.0,87.9,0,True,40.0,224.3,30
2026-09-29 00:54:46,WIFI,True,0.0,87.9,0,True,40.0,221.9,30
2026-09-29 00:54:47,WIFI,True,0.0,93.3,0,True,40.0,221.9,30
2026-09-29 00:54:48,WIFI,True,0.0,93.3,0,True,40.0,218.6,30
2026-09-29 00:54:49,WIFI,True,0.0,100.6,0,True,40.0,218.6,30
2026-09-29 00:54:50,WIFI,True,0.0,100.6,0,True,40.0,216.2,30
2026-09-29 00:54:51,WIFI,True,0.0,94.7,0,True,40.0,216.2,30
2026-09-29 00:54:52,WIFI,True,0.0,94.7,0,True,40.0,216.2,30
2026-09-29 00:54:53,WIFI,True,0.0,102.3,0,True,40.0,216.2,30
2026-09-29 00:54:54,WIFI,True,0.0,102.3,0,True,20.0,216.5,30
2026-09-29 00:54:55,WIFI,True,0.0,97.7,0,True,20.0,216.5,30
2026-09-29 00:54:56,WIFI,True,0.0,97.7,0,True,20.0,216.5,30
2026-09-29 00:54:57,WIFI,True,0.0,89.5,0,True,40.0,216.5,30
2026-09-29 00:54:58,WIFI,True,0.0,89.5,0,True,40.0,216.5,30
2026-09-29 00:54:59,WIFI,True,0.0,95.6,0,True,40.0,216.5,30
2026-09-29 00:55:00,WIFI,True,0.0,95.6,0,True,40.0,215.9,30
2026-09-29 00:55:01,WIFI,True,0.0,90.5,0,True,40.0,215.9,30
2026-09-29 00:55:02,WIFI,True,0.0,90.5,0,True,20.0,216.1,30
2026-09-29 00:55:03,WIFI,True,0.0,82.2,0,True,20.0,216.1,30
2026-09-29 00:55:04,WIFI,True,0.0,82.2,0,True,20.0,217.0,30
2026-09-29 00:55:05,WIFI,True,0.0,89.3,0,True,20.0,217.0,30
2026-09-29 00:55:06,WIFI,True,0.0,89.3,0,True,0.0,213.8,30
2026-09-29 00:55:07,WIFI,True,0.0,88.6,0,True,0.0,213.8,30
2026-09-29 00:55:08,WIFI,True,0.0,88.6,0,True,0.0,213.8,30
2026-09-29 00:55:09,WIFI,True,0.0,86.8,0,True,20.0,213.8,30
2026-09-29 00:55:10,WIFI,True,0.0,86.8,0,True,20.0,213.8,30
2026-09-29 00:55:11,WIFI,True,0.0,85.9,0,True,40.0,213.8,30
2026-09-29 00:55:12,WIFI,True,0.0,85.9,0,True,40.0,213.8,30
2026-09-29 00:55:13,WIFI,True,0.0,82.7,0,False,60.0,213.8,30
2026-09-29 00:55:14,WIFI,True,0.0,82.7,0,False,60.0,220.6,30
2026-09-29 00:55:15,WIFI,True,0.0,91.1,0,False,60.0,220.6,30
2026-09-29 00:55:16,WIFI,True,0.0,91.1,0,False,60.0,225.9,31
2026-09-29 00:55:17,WIFI,True,0.0,88.1,0,False,60.0,225.9,31
2026-09-29 00:55:18,WIFI,True,0.0,88.1,0,True,40.0,231.2,31
2026-09-29 00:55:19,WIFI,True,0.0,82.1,0,True,40.0,231.2,31
2026-09-29 00:55:20,WIFI,True,0.0,82.1,0,True,20.0,236.1,31
2026-09-29 00:55:21,WIFI,True,0.0,78.2,0,True,20.0,236.1,31
2026-09-29 00:55:22,WIFI,True,0.0,78.2,0,True,20.0,236.1,31
2026-09-29 00:55:23,WIFI,True,0.0,82.2,0,True,20.0,236.1,31
2026-09-29 00:55:24,WIFI,True,0.0,82.2,0,True,20.0,238.2,31
2026-09-29 00:55:25,WIFI,True,0.0,78.3,0,True,20.0,238.2,31
2026-09-29 00:55:26,WIFI,True,0.0,78.3,0,True,20.0,241.4,31
2026-09-29 00:55:27,WIFI,True,0.0,69.6,0,True,20.0,241.4,31
2026-09-29 00:55:28,WIFI,True,0.0,69.6,0,True,20.0,242.8,31
2026-09-29 00:55:29,WIFI,True,0.0,69.2,0,True,20.0,241.5,31
2026-09-29 00:55:30,WIFI,True,0.0,69.2,0,True,20.0,241.5,31
2026-09-29 00:55:31,WIFI,True,0.0,67.5,0,True,0.0,239.1,31
2026-09-29 00:55:32,WIFI,True,0.0,67.5,0,True,0.0,239.1,31
2026-09-29 00:55:33,WIFI,True,0.0,60.9,0,True,0.0,239.1,31
2026-09-29 00:55:34,WIFI,True,0.0,60.9,0,True,0.0,239.1,31
2026-09-29 00:55:35,WIFI,True,0.0,52.2,0,True,20.0,239.6,31
2026-09-29 00:55:36,WIFI,True,0.0,52.2,0,True,20.0,239.6,31
2026-09-29 00:55:38,WIFI,True,0.0,51.7,0,True,20.0,239.6,31
2026-09-29 00:55:39,WIFI,True,0.0,51.7,0,True,20.0,239.6,31
2026-09-29 00:55:40,WIFI,True,0.0,44.5,0,True,40.0,232.7,31
2026-09-29 00:55:41,WIFI,True,0.0,44.5,0,True,40.0,232.7,31
2026-09-29 00:55:42,WIFI,True,0.0,44.3,0,True,40.0,228.4,31
2026-09-29 00:55:43,WIFI,True,0.0,44.3,0,True,40.0,228.4,31
2026-09-29 00:55:44,WIFI,True,0.0,34.6,0,True,40.0,228.4,31
2026-09-29 00:55:45,WIFI,True,0.0,34.6,0,True,40.0,228.4,31
2026-09-29 00:55:46,WIFI,True,0.0,30.2,0,True,40.0,223.8,31
2026-09-29 00:55:47,WIFI,True,0.0,30.2,0,True,40.0,223.8,31
2026-09-29 00:55:48,WIFI,True,0.0,32.1,0,True,20.0,221.0,31
2026-09-29 00:55:49,WIFI,True,0.0,32.1,0,True,20.0,221.0,31
2026-09-29 00:55:50,WIFI,True,0.0,27.9,0,True,20.0,217.9,31
2026-09-29 00:55:51,WIFI,True,0.0,27.9,0,True,20.0,217.9,31
2026-09-29 00:55:52,WIFI,True,0.0,22.8,0,True,20.0,217.9,31
2026-09-29 00:55:53,WIFI,True,0.0,22.8,0,True,20.0,217.9,31
2026-09-29 00:55:54,WIFI,True,0.0,23.9,0,True,40.0,217.9,31
2026-09-29 00:55:55,WIFI,True,0.0,23.9,0,True,40.0,217.9,31
2026-09-29 00:55:56,WIFI,True,0.0,20.4,0,True,40.0,215.2,31
2026-09-29 00:55:57,WIFI,True,0.0,20.4,0,True,40.0,215.2,31
2026-09-29 00:55:58,WIFI,True,0.0,16.5,0,True,40.0,216.1,31
2026-09-29 00:55:59,WIFI,True,0.0,16.5,0,True,40.0,216.1,31
2026-09-29 00:56:00,WIFI,True,0.0,16.2,0,True,40.0,215.7,31
2026-09-29 00:56:01,WIFI,True,0.0,16.2,0,True,40.0,215.7,31
2026-09-29 00:56:02,WIFI,True,0.0,16.8,0,True,20.0,215.9,31
2026-09-29 00:56:03,WIFI,True,0.0,16.8,0,True,20.0,215.9,31
2026-09-29 00:56:04,WIFI,True,0.0,20.4,0,True,0.0,216.5,31
2026-09-29 00:56:05,WIFI,True,0.0,20.4,0,True,0.0,216.5,31
2026-09-29 00:56:06,WIFI,True,0.0,18.8,0,True,0.0,219.0,31
2026-09-29 00:56:07,WIFI,True,0.0,18.8,0,True,0.0,219.0,31
2026-09-29 00:56:08,WIFI,True,0.0,16.6,0,True,0.0,225.1,31
2026-09-29 00:56:09,WIFI,True,0.0,16.6,0,True,0.0,225.1,31
2026-09-29 00:56:10,WIFI,True,0.0,16.9,0,True,0.0,232.2,31
2026-09-29 00:56:11,WIFI,True,0.0,16.9,0,True,0.0,232.2,31
2026-09-29 00:56:12,WIFI,True,0.0,17.4,0,True,0.0,231.7,31
2026-09-29 00:56:13,WIFI,True,0.0,17.4,0,True,0.0,231.7,31
2026-09-29 00:56:14,WIFI,True,0.0,16.0,0,True,0.0,231.7,32
2026-09-29 00:56:15,WIFI,True,0.0,16.0,0,True,0.0,231.7,32
2026-09-29 00:56:16,WIFI,True,0.0,17.2,0,True,0.0,234.6,32
2026-09-29 00:56:17,WIFI,True,0.0,17.2,0,True,0.0,234.6,32
2026-09-29 00:56:18,WIFI,True,0.0,17.1,0,True,0.0,239.7,32
2026-09-29 00:56:19,WIFI,True,0.0,17.1,0,True,0.0,239.7,32
2026-09-29 00:56:20,WIFI,True,0.0,17.3,0,True,0.0,239.7,32
2026-09-29 00:56:21,WIFI,True,0.0,17.3,0,True,0.0,239.7,32
2026-09-29 00:56:22,WIFI,True,0.0,16.2,0,True,20.0,242.8,32
2026-09-29 00:56:23,WIFI,True,0.0,16.2,0,True,20.0,242.8,32
2026-09-29 00:56:24,WIFI,True,0.0,12.0,0,True,20.0,242.5,32
2026-09-29 00:56:25,WIFI,True,0.0,12.0,0,True,20.0,242.5,32
2026-09-29 00:56:26,WIFI,True,0.0,21.0,0,True,20.0,240.6,32
2026-09-29 00:56:27,WIFI,True,0.0,21.0,0,True,20.0,240.6,32
2026-09-29 00:56:28,WIFI,True,0.0,21.3,0,True,20.0,240.3,32
2026-09-29 00:56:29,WIFI,True,0.0,21.3,0,True,20.0,240.3,32
2026-09-29 00:56:30,WIFI,True,0.0,20.5,0,True,0.0,233.0,32
2026-09-29 00:56:31,WIFI,True,0.0,20.5,0,True,0.0,233.0,32
2026-09-29 00:56:32,WIFI,True,0.0,21.5,0,True,0.0,225.5,32
2026-09-29 00:56:33,WIFI,True,0.0,21.5,0,True,0.0,225.5,32
2026-09-29 00:56:34,WIFI,True,0.0,18.8,0,True,0.0,225.5,32
2026-09-29 00:56:35,WIFI,True,0.0,18.8,0,True,20.0,225.5,32
2026-09-29 00:56:36,WIFI,True,0.0,24.0,0,True,20.0,223.3,32
2026-09-29 00:56:37,WIFI,True,0.0,24.0,0,True,20.0,223.3,32
2026-09-29 00:56:38,WIFI,True,0.0,29.9,0,True,20.0,223.3,32
2026-09-29 00:56:39,WIFI,True,0.0,29.9,0,True,20.0,223.3,32
2026-09-29 00:56:40,WIFI,True,0.0,49.5,0,True,40.0,223.3,32
2026-09-29 00:56:41,WIFI,True,0.0,49.5,0,True,40.0,231.5,32
2026-09-29 00:56:42,WIFI,True,0.0,50.1,0,True,40.0,228.0,32
2026-09-29 00:56:43,WIFI,True,0.0,50.1,0,True,40.0,228.0,32
2026-09-29 00:56:44,WIFI,True,0.0,55.0,0,True,20.0,220.6,32
2026-09-29 00:56:45,WIFI,True,0.0,55.0,0,True,20.0,220.6,32
2026-09-29 00:56:46,WIFI,True,0.0,52.9,0,True,20.0,217.6,32
2026-09-29 00:56:47,WIFI,True,0.0,52.9,0,True,20.0,217.6,32
2026-09-29 00:56:48,WIFI,True,0.0,52.8,0,True,20.0,217.6,32
2026-09-29 00:56:49,WIFI,True,0.0,52.8,0,True,20.0,217.6,32
2026-09-29 00:56:50,WIFI,True,0.0,53.4,0,True,20.0,222.9,32
2026-09-29 00:56:51,WIFI,True,0.0,53.4,0,True,20.0,222.9,32
2026-09-29 00:56:52,WIFI,True,0.0,63.9,0,True,20.0,227.2,32
2026-09-29 00:56:53,WIFI,True,0.0,63.9,0,True,20.0,227.2,32
2026-09-29 00:56:54,WIFI,True,0.0,67.6,0,True,20.0,226.0,32
2026-09-29 00:56:55,WIFI,True,0.0,67.6,0,True,20.0,226.0,32
2026-09-29 00:56:56,WIFI,True,0.0,67.9,0,True,20.0,226.9,32
2026-09-29 00:56:57,WIFI,True,0.0,67.9,0,True,20.0,226.9,32
2026-09-29 00:56:58,WIFI,True,0.0,73.0,0,True,20.0,226.9,32
2026-09-29 00:56:59,WIFI,True,0.0,73.0,0,True,20.0,226.9,32
2026-09-29 00:57:00,WIFI,True,0.0,60.0,0,True,20.0,225.7,32
2026-09-29 00:57:01,WIFI,True,0.0,60.0,0,True,20.0,225.7,32
2026-09-29 00:57:02,WIFI,True,0.0,63.6,0,True,20.0,231.2,32
2026-09-29 00:57:03,WIFI,True,0.0,63.6,0,True,20.0,231.2,32
2026-09-29 00:57:04,WIFI,True,0.0,61.3,0,True,20.0,231.2,32
2026-09-29 00:57:05,WIFI,True,0.0,61.3,0,True,20.0,231.2,32
2026-09-29 00:57:06,WIFI,True,0.0,59.8,0,True,40.0,222.7,32
2026-09-29 00:57:07,WIFI,True,0.0,59.8,0,True,40.0,222.7,32
2026-09-29 00:57:08,WIFI,True,0.0,60.3,0,True,20.0,222.8,32
2026-09-29 00:57:09,WIFI,True,0.0,60.3,0,True,20.0,222.8,32
2026-09-29 00:57:10,WIFI,True,0.0,62.8,0,True,20.0,224.3,32
2026-09-29 00:57:11,WIFI,True,0.0,62.8,0,True,20.0,224.3,32
2026-09-29 00:57:12,WIFI,True,0.0,52.7,0,True,20.0,224.3,32
2026-09-29 00:57:13,WIFI,True,0.0,52.7,0,True,20.0,224.3,32
2026-09-29 00:57:14,WIFI,True,0.0,61.2,0,True,40.0,224.3,32
2026-09-29 00:57:15,WIFI,True,0.0,61.2,0,True,40.0,224.3,32
2026-09-29 00:57:16,WIFI,True,0.0,60.8,0,True,40.0,224.0,32
2026-09-29 00:57:17,WIFI,True,0.0,60.8,0,True,40.0,224.0,32
2026-09-29 00:57:18,WIFI,True,0.0,62.1,0,True,40.0,219.4,32
2026-09-29 00:57:19,WIFI,True,0.0,62.1,0,True,40.0,219.4,32
2026-09-29 00:57:20,WIFI,True,0.0,55.6,0,True,40.0,219.4,32
2026-09-29 00:57:21,WIFI,True,0.0,55.6,0,False,60.0,219.4,32
2026-09-29 00:57:22,WIFI,True,0.0,60.3,0,True,40.0,217.0,32
2026-09-29 00:57:24,WIFI,True,0.0,60.3,0,True,40.0,217.0,32
2026-09-29 00:57:25,WIFI,True,0.0,72.3,0,True,20.0,219.9,32
2026-09-29 00:57:26,WIFI,True,0.0,72.3,0,True,20.0,219.9,32
2026-09-29 00:57:27,WIFI,True,0.0,71.0,0,True,20.0,219.9,32
2026-09-29 00:57:28,WIFI,True,0.0,71.0,0,True,40.0,219.9,32
2026-09-29 00:57:29,WIFI,True,0.0,70.4,0,True,40.0,221.5,32
2026-09-29 00:57:30,WIFI,True,0.0,70.4,0,True,40.0,221.5,32
2026-09-29 00:57:31,WIFI,True,0.0,66.9,0,True,20.0,231.8,32
2026-09-29 00:57:32,WIFI,True,0.0,66.9,0,True,20.0,231.8,32
2026-09-29 00:57:33,WIFI,True,0.0,69.8,0,True,20.0,228.7,32
2026-09-29 00:57:34,WIFI,True,0.0,69.8,0,True,20.0,228.7,32
2026-09-29 00:57:35,WIFI,True,0.0,66.3,0,True,20.0,228.7,32
2026-09-29 00:57:36,WIFI,True,0.0,66.3,0,True,20.0,228.7,32
2026-09-29 00:57:37,WIFI,True,0.0,63.7,0,True,0.0,229.2,32
2026-09-29 00:57:38,WIFI,True,0.0,63.7,0,True,0.0,229.2,32
2026-09-29 00:57:39,WIFI,True,0.0,55.7,0,True,0.0,240.0,32
2026-09-29 00:57:40,WIFI,True,0.0,55.7,0,True,0.0,240.0,32
2026-09-29 00:57:41,WIFI,True,0.0,55.7,0,True,0.0,240.3,32
2026-09-29 00:57:42,WIFI,True,0.0,55.7,0,True,0.0,240.3,32
2026-09-29 00:57:43,WIFI,True,0.0,48.9,0,True,0.0,239.2,32
2026-09-29 00:57:44,WIFI,True,0.0,48.9,0,True,0.0,239.2,32
2026-09-29 00:57:45,WIFI,True,0.0,41.4,0,True,0.0,239.2,32
2026-09-29 00:57:46,WIFI,True,0.0,41.4,0,True,20.0,239.2,32
2026-09-29 00:57:47,WIFI,True,0.0,46.9,0,True,20.0,238.7,32
2026-09-29 00:57:48,WIFI,True,0.0,46.9,0,True,20.0,238.7,32
2026-09-29 00:57:49,WIFI,True,0.0,57.4,0,True,20.0,235.6,32
2026-09-29 00:57:50,WIFI,True,0.0,57.4,0,True,20.0,235.6,33
2026-09-29 00:57:51,WIFI,True,0.0,66.3,0,True,20.0,233.1,33
2026-09-29 00:57:52,WIFI,True,0.0,66.3,0,True,20.0,233.1,33
2026-09-29 00:57:53,WIFI,True,0.0,68.3,0,True,20.0,222.7,33
2026-09-29 00:57:54,WIFI,True,0.0,68.3,0,True,20.0,222.7,33
2026-09-29 00:57:55,WIFI,True,0.0,59.3,0,True,20.0,222.7,34
2026-09-29 00:57:56,WIFI,True,0.0,59.3,0,True,20.0,222.7,34
2026-09-29 00:57:57,WIFI,True,0.0,67.1,0,True,20.0,221.1,34
2026-09-29 00:57:58,WIFI,True,0.0,67.1,0,True,20.0,221.1,34
2026-09-29 00:57:59,WIFI,True,0.0,66.4,0,True,20.0,220.9,34
2026-09-29 00:58:00,WIFI,True,0.0,66.4,0,True,20.0,220.9,34
2026-09-29 00:58:01,WIFI,True,0.0,73.3,0,True,20.0,220.9,34
2026-09-29 00:58:02,WIFI,True,0.0,73.3,0,True,40.0,220.9,34
2026-09-29 00:58:03,WIFI,True,0.0,84.8,0,True,40.0,222.9,34
2026-09-29 00:58:04,WIFI,True,0.0,84.8,0,True,40.0,222.9,34
2026-09-29 00:58:05,WIFI,True,0.0,79.8,0,True,40.0,222.9,34
2026-09-29 00:58:06,WIFI,True,0.0,79.8,0,True,40.0,222.9,34
2026-09-29 00:58:07,WIFI,True,0.0,68.2,0,True,40.0,217.3,34
2026-09-29 00:58:08,WIFI,True,0.0,68.2,0,True,40.0,217.3,34
2026-09-29 00:58:09,WIFI,True,0.0,74.3,0,True,40.0,225.7,34
2026-09-29 00:58:10,WIFI,True,0.0,74.3,0,True,40.0,225.7,34
2026-09-29 00:58:11,WIFI,True,0.0,70.5,0,True,20.0,228.5,34
2026-09-29 00:58:12,WIFI,True,0.0,70.5,0,True,20.0,228.5,34
2026-09-29 00:58:13,WIFI,True,0.0,74.2,0,True,20.0,226.8,34
2026-09-29 00:58:14,WIFI,True,0.0,74.2,0,True,20.0,226.8,34
2026-09-29 00:58:15,WIFI,True,0.0,77.0,0,True,20.0,226.8,34
2026-09-29 00:58:16,WIFI,True,0.0,77.0,0,True,20.0,226.8,34
2026-09-29 00:58:17,WIFI,True,0.0,72.8,0,True,20.0,226.1,34
2026-09-29 00:58:18,WIFI,True,0.0,72.8,0,True,20.0,226.1,34
2026-09-29 00:58:19,WIFI,True,0.0,79.0,0,True,20.0,229.8,34
2026-09-29 00:58:20,WIFI,True,0.0,79.0,0,True,20.0,229.8,34
2026-09-29 00:58:21,WIFI,True,0.0,77.9,0,True,20.0,230.3,34
2026-09-29 00:58:22,WIFI,True,0.0,77.9,0,True,20.0,230.3,34
2026-09-29 00:58:23,WIFI,True,0.0,66.8,0,True,20.0,231.8,34
2026-09-29 00:58:24,WIFI,True,0.0,66.8,0,True,20.0,231.8,34
2026-09-29 00:58:25,WIFI,True,0.0,78.2,0,True,0.0,235.4,34
2026-09-29 00:58:26,WIFI,True,0.0,78.2,0,True,0.0,235.4,34
2026-09-29 00:58:27,WIFI,True,0.0,86.0,0,True,0.0,236.6,34
2026-09-29 00:58:28,WIFI,True,0.0,86.0,0,True,0.0,236.6,34
2026-09-29 00:58:29,WIFI,True,0.0,77.8,0,True,0.0,231.2,34
2026-09-29 00:58:30,WIFI,True,0.0,77.8,0,True,0.0,231.2,34
2026-09-29 00:58:31,WIFI,True,0.0,72.7,0,True,0.0,233.3,34
2026-09-29 00:58:32,WIFI,True,0.0,72.7,0,True,0.0,233.3,34
2026-09-29 00:58:33,WIFI,True,0.0,67.4,0,True,0.0,233.3,34
2026-09-29 00:58:34,WIFI,True,0.0,67.4,0,True,20.0,233.3,34
2026-09-29 00:58:35,WIFI,True,0.0,73.0,0,True,20.0,231.4,34
2026-09-29 00:58:36,WIFI,True,0.0,73.0,0,True,20.0,231.4,34
2026-09-29 00:58:37,WIFI,True,0.0,68.3,0,True,20.0,232.5,34
2026-09-29 00:58:38,WIFI,True,0.0,68.3,0,True,20.0,232.5,34
2026-09-29 00:58:39,WIFI,True,0.0,65.7,0,True,20.0,232.4,34
2026-09-29 00:58:40,WIFI,True,0.0,65.7,0,True,20.0,232.4,34
2026-09-29 00:58:41,WIFI,True,0.0,74.8,0,True,20.0,232.4,34
2026-09-29 00:58:42,WIFI,True,0.0,74.8,0,True,40.0,232.4,34
2026-09-29 00:58:43,WIFI,True,0.0,74.7,0,True,40.0,232.4,34
2026-09-29 00:58:44,WIFI,True,0.0,74.7,0,True,40.0,232.4,34
2026-09-29 00:58:45,WIFI,True,0.0,70.1,0,True,40.0,232.4,34
2026-09-29 00:58:46,WIFI,True,0.0,70.1,0,False,60.0,232.4,34
2026-09-29 00:58:47,WIFI,True,0.0,66.0,0,False,60.0,237.5,34
2026-09-29 00:58:48,WIFI,True,0.0,66.0,0,False,60.0,237.5,34
2026-09-29 00:58:49,WIFI,True,0.0,62.1,0,False,60.0,237.5,34
2026-09-29 00:58:50,WIFI,True,0.0,62.1,0,False,80.0,237.5,34
2026-09-29 00:58:51,WIFI,True,0.0,67.0,0,False,60.0,240.2,34
2026-09-29 00:58:52,WIFI,True,0.0,67.0,0,False,60.0,240.2,34
2026-09-29 00:58:53,WIFI,True,0.0,78.6,0,True,40.0,240.9,34
2026-09-29 00:58:54,WIFI,True,0.0,78.6,0,True,40.0,240.9,34
2026-09-29 00:58:55,WIFI,True,0.0,79.4,0,True,20.0,238.9,34
2026-09-29 00:58:56,WIFI,True,0.0,79.4,0,True,20.0,238.9,34
2026-09-29 00:58:57,WIFI,True,0.0,76.7,0,True,20.0,238.9,34
2026-09-29 00:58:58,WIFI,True,0.0,76.7,0,True,40.0,238.9,34
2026-09-29 00:58:59,WIFI,True,0.0,74.3,0,True,20.0,235.2,34
2026-09-29 00:59:00,WIFI,True,0.0,74.3,0,True,20.0,235.2,34
2026-09-29 00:59:01,WIFI,False,20.0,74.3,0,True,20.0,235.2,34
2026-09-29 00:59:02,WIFI,False,20.0,74.3,0,True,40.0,235.2,34
2026-09-29 00:59:03,LOWBITRATE,False,40.0,74.3,0,True,40.0,235.2,34
2026-09-29 00:59:04,LOWBITRATE,False,40.0,74.3,0,False,60.0,235.2,34
2026-09-29 00:59:05,,False,60.0,74.3,0,False,60.0,235.2,34
2026-09-29 00:59:06,,False,60.0,74.3,0,False,80.0,235.2,34
2026-09-29 00:59:07,,False,80.0,74.3,0,False,80.0,235.2,34
2026-09-29 00:59:09,,False,80.0,74.3,0,False,80.0,235.2,34
2026-09-29 00:59:10,,False,100.0,74.3,0,False,80.0,235.2,34
2026-09-29 00:59:11,,False,100.0,74.3,0,False,100.0,235.2,34
2026-09-29 00:59:12,,False,100.0,74.3,0,False,100.0,235.2,34
2026-09-29 00:59:13,,False,100.0,74.3,0,False,100.0,235.2,34
2026-09-29 00:59:14,,False,100.0,74.3,0,False,100.0,235.2,34
2026-09-29 00:59:15,,False,100.0,74.3,0,False,100.0,235.2,34
2026-09-29 00:59:16,,False,100.0,74.3,0,False,100.0,235.2,34
2026-09-29 00:59:17,,False,100.0,74.3,0,False,100.0,235.2,34
2026-09-29 00:59:18,,False,100.0,74.3,0,False,100.0,235.2,34
2026-09-29 00:59:19,,False,100.0,74.3,0,False,100.0,235.2,34
2026-09-29 00:59:20,,False,100.0,74.3,0,False,100.0,235.2,34
2026-09-29 00:59:21,,False,100.0,74.3,0,False,100.0,235.2,34
2026-09-29 00:59:22,,False,100.0,74.3,0,False,100.0,235.2,34
2026-09-29 00:59:23,,False,100.0,74.3,0,False,100.0,235.2,34
2026-09-29 00:59:24,,False,100.0,74.3,0,False,100.0,235.2,34
2026-09-29 00:59:25,,False,100.0,74.3,0,False,100.0,235.2,34
2026-09-29 00:59:26,,False,100.0,74.3,0,False,100.0,235.2,34
2026-09-29 00:59:27,,False,100.0,74.3,0,False,100.0,235.2,34
2026-09-29 00:59:28,,False,100.0,74.3,0,False,100.0,235.2,34
2026-09-29 00:59:29,,False,100.0,74.3,0,False,100.0,235.2,34
2026-09-29 00:59:30,,False,100.0,74.3,0,False,100.0,235.2,34
2026-09-29 00:59:31,,False,100.0,74.3,0,False,100.0,235.2,34
2026-09-29 00:59:32,,False,100.0,74.3,0,False,100.0,235.2,34
2026-09-29 00:59:33,,False,100.0,74.3,0,False,100.0,235.2,34
2026-09-29 00:59:34,,False,100.0,74.3,0,False,100.0,235.2,34
2026-09-29 00:59:35,,False,100.0,74.3,0,False,100.0,235.2,34
2026-09-29 00:59:36,,False,100.0,74.3,0,False,100.0,235.2,34
2026-09-29 00:59:37,,False,100.0,74.3,0,False,100.0,235.2,34
2026-09-29 00:59:38,,False,100.0,74.3,0,False,100.0,235.2,34
2026-09-29 00:59:39,,False,100.0,74.3,0,False,100.0,235.2,34
2026-09-29 00:59:40,,False,100.0,74.3,0,False,100.0,235.2,34
2026-09-29 00:59:41,,False,100.0,74.3,0,False,100.0,235.2,34
2026-09-29 00:59:42,,False,100.0,74.3,0,False,100.0,235.2,34
2026-09-29 00:59:43,,False,100.0,74.3,0,False,100.0,235.2,34
2026-09-29 00:59:44,,False,100.0,74.3,0,False,100.0,235.2,34
2026-09-29 00:59:45,,False,100.0,74.3,0,False,100.0,235.2,34
2026-09-29 00:59:46,,False,100.0,74.3,0,False,100.0,235.2,34
2026-09-29 00:59:47,,False,100.0,74.3,0,False,100.0,235.2,34
2026-09-29 00:59:48,,False,100.0,74.3,0,False,100.0,235.2,34
2026-09-29 00:59:49,,False,100.0,74.3,0,False,100.0,235.2,34
2026-09-29 00:59:50,,False,100.0,74.3,0,False,100.0,235.2,34
2026-09-29 00:59:51,,False,100.0,74.3,0,False,100.0,235.2,34
2026-09-29 00:59:52,,False,100.0,74.3,0,False,100.0,235.2,34
2026-09-29 00:59:53,,False,100.0,74.3,0,False,100.0,235.2,34
2026-09-29 00:59:54,,False,100.0,74.3,0,False,100.0,235.2,34
2026-09-29 00:59:55,,False,100.0,74.3,0,False,100.0,235.2,34
2026-09-29 00:59:56,,False,100.0,74.3,0,False,100.0,235.2,34
2026-09-29 00:59:57,,False,100.0,74.3,0,False,100.0,235.2,34
2026-09-29 00:59:58,,False,100.0,74.3,0,False,100.0,235.2,34
2026-09-29 00:59:59,,False,100.0,74.3,0,False,100.0,235.2,34
2026-09-29 01:00:00,,False,100.0,74.3,0,False,100.0,235.2,34
2026-09-29 01:00:01,,False,100.0,74.3,0,False,100.0,235.2,34
2026-09-29 01:00:02,,False,100.0,74.3,0,False,100.0,235.2,34
2026-09-29 01:00:03,,False,100.0,74.3,0,False,100.0,235.2,34
2026-09-29 01:00:04,,False,100.0,74.3,0,False,100.0,235.2,34
2026-09-29 01:00:05,,False,100.0,74.3,0,False,100.0,235.2,34
2026-09-29 01:00:06,,False,100.0,74.3,0,False,100.0,235.2,34
2026-09-29 01:00:07,,False,100.0,74.3,0,False,100.0,235.2,34
2026-09-29 01:00:08,,False,100.0,74.3,0,False,100.0,235.2,34
2026-09-29 01:00:09,,False,100.0,74.3,0,False,100.0,235.2,34
2026-09-29 01:00:10,,False,100.0,74.3,0,False,100.0,235.2,34
2026-09-29 01:00:11,,False,100.0,74.3,0,False,100.0,235.2,34
2026-09-29 01:00:12,,False,100.0,74.3,0,False,100.0,235.2,34
2026-09-29 01:00:13,,False,100.0,74.3,0,False,100.0,235.2,34
2026-09-29 01:00:14,,False,100.0,74.3,0,False,100.0,235.2,34
2026-09-29 01:00:15,,False,100.0,74.3,0,False,100.0,235.2,34
2026-09-29 01:00:16,,False,100.0,74.3,0,False,100.0,235.2,34
2026-09-29 01:00:17,,False,100.0,74.3,0,False,100.0,235.2,34
2026-09-29 01:00:18,,False,100.0,74.3,0,False,100.0,235.2,34
2026-09-29 01:00:19,,False,100.0,74.3,0,False,100.0,235.2,34
2026-09-29 01:00:20,,False,100.0,74.3,0,False,100.0,235.2,34
2026-09-29 01:00:21,,False,100.0,74.3,0,False,100.0,235.2,34
2026-09-29 01:00:22,,False,100.0,74.3,0,False,100.0,235.2,34
2026-09-29 01:00:23,,False,100.0,74.3,0,False,100.0,235.2,34
2026-09-29 01:00:24,,False,100.0,74.3,0,False,100.0,235.2,34
2026-09-29 01:00:25,,False,100.0,74.3,0,False,100.0,235.2,34
2026-09-29 01:00:26,,False,100.0,74.3,0,False,100.0,235.2,34
2026-09-29 01:00:27,,False,100.0,74.3,0,False,100.0,235.2,34
2026-09-29 01:00:28,,False,100.0,74.3,0,False,100.0,235.2,34
2026-09-29 01:00:29,,False,100.0,74.3,0,False,100.0,235.2,34
2026-09-29 01:00:30,,False,100.0,74.3,0,False,100.0,235.2,34
2026-09-29 01:00:31,,False,100.0,74.3,0,False,100.0,235.2,34
2026-09-29 01:00:32,,False,100.0,74.3,0,False,100.0,235.2,34
2026-09-29 01:00:33,,False,100.0,74.3,0,False,100.0,235.2,34
2026-09-29 01:00:34,,False,100.0,74.3,0,False,100.0,235.2,34
2026-09-29 01:00:35,,False,100.0,74.3,0,False,100.0,235.2,34
2026-09-29 01:00:36,,False,100.0,74.3,0,False,100.0,235.2,34
2026-09-29 01:00:37,,False,100.0,74.3,0,False,100.0,235.2,34
2026-09-29 01:00:38,,False,100.0,74.3,0,False,100.0,235.2,34
2026-09-29 01:00:39,,False,100.0,74.3,0,False,100.0,235.2,34
2026-09-29 01:00:40,,False,100.0,74.3,0,False,100.0,235.2,34
2026-09-29 01:00:41,,False,100.0,74.3,0,False,100.0,235.2,34
2026-09-29 01:00:42,,False,100.0,74.3,0,False,100.0,235.2,34
2026-09-29 01:00:43,,False,100.0,74.3,0,False,100.0,235.2,34
2026-09-29 01:00:44,,False,100.0,74.3,0,False,100.0,235.2,34
2026-09-29 01:00:45,,False,100.0,74.3,0,False,100.0,235.2,34
2026-09-29 01:00:46,,False,100.0,74.3,0,False,100.0,235.2,34
2026-09-29 01:00:47,,False,100.0,74.3,0,False,100.0,235.2,34
2026-09-29 01:00:48,,False,100.0,74.3,0,False,100.0,235.2,34
2026-09-29 01:00:49,,False,100.0,74.3,0,False,100.0,235.2,34
2026-09-29 01:00:51,,False,100.0,74.3,0,False,100.0,235.2,34
2026-09-29 01:00:52,,False,100.0,74.3,0,False,100.0,235.2,34
2026-09-29 01:00:53,,False,100.0,74.3,0,False,100.0,235.2,34
2026-09-29 01:00:54,,False,100.0,74.3,0,False,100.0,235.2,34
2026-09-29 01:00:55,,False,100.0,74.3,0,False,100.0,235.2,34
2026-09-29 01:00:56,,False,100.0,74.3,0,False,100.0,235.2,34
2026-09-29 01:00:57,,False,100.0,74.3,0,False,100.0,235.2,34
2026-09-29 01:00:58,,False,100.0,74.3,0,False,100.0,235.2,34
2026-09-29 01:00:59,,False,100.0,74.3,0,False,100.0,235.2,34
2026-09-29 01:01:00,,False,100.0,74.3,0,False,100.0,235.2,34
2026-09-29 01:01:01,,False,100.0,74.3,0,False,100.0,235.2,34
2026-09-29 01:01:02,,False,100.0,74.3,0,False,100.0,235.2,34
2026-09-29 01:01:03,,False,100.0,74.3,0,False,100.0,235.2,34
2026-09-29 01:01:04,,False,100.0,74.3,0,False,100.0,235.2,34
2026-09-29 01:01:05,,False,100.0,74.3,0,False,100.0,235.2,34
2026-09-29 01:01:06,,False,100.0,74.3,0,False,100.0,235.2,34
2026-09-29 01:01:07,,False,100.0,74.3,0,False,100.0,235.2,34
2026-09-29 01:01:08,,False,100.0,74.3,0,False,100.0,235.2,34
2026-09-29 01:01:09,,False,100.0,74.3,0,False,100.0,235.2,34
2026-09-29 01:01:10,,False,100.0,74.3,0,False,100.0,235.2,34
2026-09-29 01:01:11,,False,100.0,74.3,0,False,100.0,235.2,34
2026-09-29 01:01:12,,False,100.0,74.3,0,False,100.0,235.2,34
2026-09-29 01:01:13,,False,100.0,74.3,0,False,100.0,235.2,34
2026-09-29 01:01:14,,False,100.0,74.3,0,False,100.0,235.2,34
2026-09-29 01:01:15,,False,100.0,74.3,0,False,100.0,235.2,34
2026-09-29 01:01:16,,False,100.0,74.3,0,False,100.0,235.2,34
2026-09-29 01:01:17,,False,100.0,74.3,0,False,100.0,235.2,34
2026-09-29 01:01:18,,False,100.0,74.3,0,False,100.0,235.2,34
2026-09-29 01:01:19,,False,100.0,74.3,0,False,100.0,235.2,34
2026-09-29 01:01:20,,False,100.0,74.3,0,False,100.0,235.2,34
2026-09-29 01:01:21,,False,100.0,74.3,0,False,100.0,235.2,34
2026-09-29 01:01:22,,False,100.0,74.3,0,False,100.0,235.2,34
2026-09-29 01:01:23,,False,100.0,74.3,0,False,100.0,235.2,34
2026-09-29 01:01:24,,False,100.0,74.3,0,False,100.0,235.2,34
2026-09-29 01:01:25,,False,100.0,74.3,0,False,100.0,235.2,34
2026-09-29 01:01:26,,False,100.0,74.3,0,False,100.0,235.2,34
2026-09-29 01:01:27,,False,100.0,74.3,0,False,100.0,235.2,34
2026-09-29 01:01:28,,False,100.0,74.3,0,False,100.0,235.2,34
2026-09-29 01:01:29,,False,100.0,74.3,0,False,100.0,235.2,34
2026-09-29 01:01:30,,False,100.0,74.3,0,False,100.0,235.2,34
2026-09-29 01:01:31,,False,100.0,74.3,0,False,100.0,235.2,34
2026-09-29 01:01:32,,False,100.0,74.3,0,False,100.0,235.2,34
2026-09-29 01:01:33,,False,100.0,74.3,0,False,100.0,235.2,34
2026-09-29 01:01:34,,False,100.0,74.3,0,False,100.0,235.2,34
2026-09-29 01:01:35,,False,100.0,74.3,0,False,100.0,235.2,34
2026-09-29 01:01:36,,False,100.0,74.3,0,False,100.0,235.2,34
2026-09-29 01:01:37,,False,100.0,74.3,0,False,100.0,235.2,34
2026-09-29 01:01:38,,False,100.0,74.3,0,False,100.0,235.2,34
2026-09-29 01:01:39,,False,100.0,74.3,0,False,100.0,235.2,34
2026-09-29 01:01:40,,False,100.0,74.3,0,False,100.0,235.2,34
2026-09-29 01:01:41,,False,100.0,74.3,0,False,100.0,235.2,34
2026-09-29 01:01:42,,False,100.0,74.3,0,False,100.0,235.2,34
2026-09-29 01:01:43,,False,100.0,74.3,0,False,100.0,235.2,34
2026-09-29 01:01:44,,False,100.0,74.3,0,False,100.0,235.2,34
2026-09-29 01:01:45,,False,100.0,74.3,0,False,100.0,235.2,34
2026-09-29 01:01:46,,False,100.0,74.3,0,False,100.0,235.2,34
2026-09-29 01:01:47,,False,100.0,74.3,0,False,100.0,235.2,34
2026-09-29 01:01:48,,False,100.0,74.3,0,False,100.0,235.2,34
2026-09-29 01:01:49,,False,100.0,74.3,0,False,100.0,235.2,34
2026-09-29 01:01:50,,False,100.0,74.3,0,False,100.0,235.2,34
2026-09-29 01:01:51,,False,100.0,74.3,0,False,100.0,235.2,34
2026-09-29 01:01:52,,False,100.0,74.3,0,False,100.0,235.2,34
2026-09-29 01:01:53,,False,100.0,74.3,0,False,100.0,235.2,34
2026-09-29 01:01:54,,False,100.0,74.3,0,False,100.0,235.2,34
2026-09-29 01:01:55,,False,100.0,74.3,0,False,100.0,235.2,34
2026-09-29 01:01:56,,False,100.0,74.3,0,False,100.0,235.2,34
2026-09-29 01:01:57,,False,100.0,74.3,0,False,100.0,235.2,34
2026-09-29 01:01:58,,False,100.0,74.3,0,False,100.0,235.2,34
2026-09-29 01:01:59,,False,100.0,74.3,0,False,100.0,235.2,34
2026-09-29 01:02:00,,False,100.0,74.3,0,False,100.0,235.2,34
2026-09-29 01:02:01,,False,100.0,74.3,0,False,100.0,235.2,34
2026-09-29 01:02:02,,False,100.0,74.3,0,False,100.0,235.2,34
2026-09-29 01:02:03,,False,100.0,74.3,0,False,100.0,235.2,34
2026-09-29 01:02:04,,False,100.0,74.3,0,False,100.0,235.2,34
2026-09-29 01:02:05,,False,100.0,74.3,0,False,100.0,235.2,34
2026-09-29 01:02:06,,False,100.0,74.3,0,False,100.0,235.2,34
2026-09-29 01:02:07,,False,100.0,74.3,0,False,100.0,235.2,34
2026-09-29 01:02:08,,False,100.0,74.3,0,False,100.0,235.2,34
2026-09-29 01:02:09,,False,100.0,74.3,0,False,100.0,235.2,34
2026-09-29 01:02:10,,False,100.0,74.3,0,False,100.0,235.2,34
2026-09-29 01:02:11,,False,100.0,74.3,0,False,100.0,235.2,34
2026-09-29 01:02:12,,False,100.0,74.3,0,False,100.0,235.2,34
2026-09-29 01:02:13,,False,100.0,74.3,0,False,100.0,235.2,34
2026-09-29 01:02:14,,False,100.0,74.3,0,False,100.0,235.2,34
2026-09-29 01:02:15,,False,100.0,74.3,0,False,100.0,235.2,34
2026-09-29 01:02:16,,False,100.0,74.3,0,False,100.0,235.2,34
2026-09-29 01:02:17,,False,100.0,74.3,0,False,100.0,235.2,34
2026-09-29 01:02:18,,False,100.0,74.3,0,False,100.0,235.2,34
2026-09-29 01:02:19,,False,100.0,74.3,0,False,100.0,235.2,34
2026-09-29 01:02:20,,False,100.0,74.3,0,False,100.0,235.2,34
2026-09-29 01:02:21,,False,100.0,74.3,0,False,100.0,235.2,34
2026-09-29 01:02:22,,False,100.0,74.3,0,False,100.0,235.2,34
2026-09-29 01:02:23,,False,100.0,74.3,0,False,100.0,235.2,34
2026-09-29 01:02:24,,False,100.0,74.3,0,False,100.0,235.2,34
2026-09-29 01:02:25,,False,100.0,74.3,0,False,100.0,235.2,34
2026-09-29 01:02:26,,False,100.0,74.3,0,False,100.0,235.2,34
2026-09-29 01:02:27,,False,100.0,74.3,0,False,100.0,235.2,34
2026-09-29 01:02:28,,False,100.0,74.3,0,False,100.0,235.2,34
2026-09-29 01:02:29,,False,100.0,74.3,0,False,100.0,235.2,34
2026-09-29 01:02:30,,False,100.0,74.3,0,False,100.0,235.2,34
2026-09-29 01:02:31,,False,100.0,74.3,0,False,100.0,235.2,34
2026-09-29 01:02:32,,False,100.0,74.3,0,False,100.0,235.2,34
2026-09-29 01:02:33,,False,100.0,74.3,0,False,100.0,235.2,34
2026-09-29 01:02:35,,False,100.0,74.3,0,False,100.0,235.2,34
2026-09-29 01:02:36,,False,100.0,74.3,0,False,100.0,235.2,34
2026-09-29 01:02:37,,False,100.0,74.3,0,False,100.0,235.2,34
2026-09-29 01:02:38,,False,100.0,74.3,0,False,100.0,235.2,34
2026-09-29 01:02:39,,False,100.0,74.3,0,False,100.0,235.2,34
2026-09-29 01:02:40,,False,100.0,74.3,0,False,100.0,235.2,34
2026-09-29 01:02:41,,False,100.0,74.3,0,False,100.0,235.2,34
2026-09-29 01:02:42,,False,100.0,74.3,0,False,100.0,235.2,34
2026-09-29 01:02:43,,False,100.0,74.3,0,False,100.0,235.2,34
2026-09-29 01:02:44,,False,100.0,74.3,0,False,100.0,235.2,34
2026-09-29 01:02:45,,False,100.0,74.3,0,False,100.0,235.2,34
2026-09-29 01:02:46,,False,100.0,74.3,0,False,100.0,235.2,34
2026-09-29 01:02:47,,False,100.0,74.3,0,False,100.0,235.2,34
2026-09-29 01:02:48,,False,100.0,74.3,0,False,100.0,235.2,34
2026-09-29 01:02:49,,False,100.0,74.3,0,False,100.0,235.2,34
2026-09-29 01:02:50,,False,100.0,74.3,0,False,100.0,235.2,34
2026-09-29 01:02:51,,False,100.0,74.3,0,False,100.0,235.2,34
2026-09-29 01:02:52,,False,100.0,74.3,0,False,100.0,235.2,34
2026-09-29 01:02:53,,False,100.0,74.3,0,False,100.0,235.2,34
2026-09-29 01:02:54,,False,100.0,74.3,0,False,100.0,235.2,34
2026-09-29 01:02:55,,False,100.0,74.3,0,False,100.0,235.2,34
2026-09-29 01:02:56,,False,100.0,74.3,0,False,100.0,235.2,34
2026-09-29 01:02:57,,False,100.0,74.3,0,False,100.0,235.2,34
2026-09-29 01:02:58,,False,100.0,74.3,0,False,100.0,235.2,34
2026-09-29 01:02:59,,False,100.0,74.3,0,False,100.0,235.2,34
2026-09-29 01:03:00,,False,100.0,74.3,0,False,100.0,235.2,34
2026-09-29 01:03:01,,False,100.0,74.3,0,False,100.0,235.2,34
2026-09-29 01:03:02,,False,100.0,74.3,0,False,100.0,235.2,34
2026-09-29 01:03:03,,False,100.0,74.3,0,False,100.0,235.2,34
2026-09-29 01:03:04,,False,100.0,74.3,0,False,100.0,235.2,34
2026-09-29 01:03:05,,False,100.0,74.3,0,False,100.0,235.2,34
2026-09-29 01:03:06,,False,100.0,74.3,0,False,100.0,235.2,34
2026-09-29 01:03:07,,False,100.0,74.3,0,False,100.0,235.2,34
2026-09-29 01:03:08,,False,100.0,74.3,0,False,100.0,235.2,34
2026-09-29 01:03:09,,False,100.0,74.3,0,False,100.0,235.2,34
2026-09-29 01:03:10,,False,100.0,74.3,0,False,100.0,235.2,34
2026-09-29 01:03:11,,False,100.0,74.3,0,False,100.0,235.2,34
2026-09-29 01:03:12,,False,100.0,74.3,0,False,100.0,235.2,34
2026-09-29 01:03:13,,False,100.0,74.3,0,False,100.0,235.2,34
2026-09-29 01:03:14,,False,100.0,74.3,0,False,100.0,235.2,34
2026-09-29 01:03:15,,False,100.0,74.3,0,False,100.0,235.2,34
2026-09-29 01:03:16,,False,100.0,74.3,0,False,100.0,235.2,34
2026-09-29 01:03:17,,False,100.0,74.3,0,False,100.0,235.2,34
2026-09-29 01:03:18,,False,100.0,74.3,0,False,100.0,235.2,34
2026-09-29 01:03:19,,False,100.0,74.3,0,False,100.0,235.2,34
2026-09-29 01:03:20,,False,100.0,74.3,0,False,100.0,235.2,34
2026-09-29 01:03:21,,False,100.0,74.3,0,False,100.0,235.2,34
2026-09-29 01:03:22,,False,100.0,74.3,0,False,100.0,235.2,34
2026-09-29 01:03:23,,False,100.0,74.3,0,False,100.0,235.2,34
2026-09-29 01:03:24,,False,100.0,74.3,0,False,100.0,235.2,34
2026-09-29 01:03:25,,False,100.0,74.3,0,False,100.0,235.2,34
2026-09-29 01:03:26,,False,100.0,74.3,0,False,100.0,235.2,34
2026-09-29 01:03:27,,False,100.0,74.3,0,False,100.0,235.2,34
2026-09-29 01:03:28,,False,100.0,74.3,0,False,100.0,235.2,34
2026-09-29 01:03:29,,False,100.0,74.3,0,False,100.0,235.2,34
2026-09-29 01:03:30,,False,100.0,74.3,0,False,100.0,235.2,34
2026-09-29 01:03:31,,False,100.0,74.3,0,False,100.0,235.2,34
2026-09-29 01:03:32,,False,100.0,74.3,0,False,100.0,235.2,34
2026-09-29 01:03:33,,False,100.0,74.3,0,False,100.0,235.2,34
2026-09-29 01:03:34,,False,100.0,74.3,0,False,100.0,235.2,34
2026-09-29 01:03:35,,False,100.0,74.3,0,False,100.0,235.2,34
2026-09-29 01:03:36,,False,100.0,74.3,0,False,100.0,235.2,34
2026-09-29 01:03:37,,False,100.0,74.3,0,False,100.0,235.2,34
2026-09-29 01:03:38,,False,100.0,74.3,0,False,100.0,235.2,34
2026-09-29 01:03:39,,False,100.0,74.3,0,False,100.0,235.2,34
2026-09-29 01:03:40,,False,100.0,74.3,0,False,100.0,235.2,34
2026-09-29 01:03:41,,False,100.0,74.3,0,False,100.0,235.2,34
2026-09-29 01:03:42,,False,100.0,74.3,0,False,100.0,235.2,34
2026-09-29 01:03:43,,False,100.0,74.3,0,False,100.0,235.2,34
2026-09-29 01:03:44,,False,100.0,74.3,0,False,100.0,235.2,34
2026-09-29 01:03:45,,False,100.0,74.3,0,False,100.0,235.2,34
2026-09-29 01:03:46,,False,100.0,74.3,0,False,100.0,235.2,34
2026-09-29 01:03:47,,False,100.0,74.3,0,False,100.0,235.2,34
2026-09-29 01:03:48,,False,100.0,74.3,0,False,100.0,235.2,34
2026-09-29 01:03:49,,False,100.0,74.3,0,False,100.0,235.2,34
2026-09-29 01:03:50,,False,100.0,74.3,0,False,100.0,235.2,34
2026-09-29 01:03:51,,False,100.0,74.3,0,False,100.0,235.2,34
2026-09-29 01:03:52,,False,100.0,74.3,0,False,100.0,235.2,34
2026-09-29 01:03:53,,False,100.0,74.3,0,False,100.0,235.2,34
2026-09-29 01:03:54,,False,100.0,74.3,0,False,100.0,235.2,34
2026-09-29 01:03:55,,False,100.0,74.3,0,False,100.0,235.2,34
2026-09-29 01:03:56,,False,100.0,74.3,0,False,100.0,235.2,34
2026-09-29 01:03:57,,False,100.0,74.3,0,False,100.0,235.2,34
2026-09-29 01:03:58,,False,100.0,74.3,0,False,100.0,235.2,34
2026-09-29 01:03:59,,False,100.0,74.3,0,False,100.0,235.2,34
2026-09-29 01:04:00,,False,100.0,74.3,0,False,100.0,235.2,34
2026-09-29 01:04:01,,False,100.0,74.3,0,False,100.0,235.2,34
2026-09-29 01:04:02,,False,100.0,74.3,0,False,100.0,235.2,34
2026-09-29 01:04:03,,False,100.0,74.3,0,False,100.0,235.2,34
2026-09-29 01:04:04,,False,100.0,74.3,0,False,100.0,235.2,34
2026-09-29 01:04:05,,False,100.0,74.3,0,False,100.0,235.2,34
2026-09-29 01:04:06,,False,100.0,74.3,0,False,100.0,235.2,34
2026-09-29 01:04:07,,False,100.0,74.3,0,False,100.0,235.2,34
2026-09-29 01:04:08,,False,100.0,74.3,0,False,100.0,235.2,34
2026-09-29 01:04:09,,False,100.0,74.3,0,False,100.0,235.2,34
2026-09-29 01:04:10,,False,100.0,74.3,0,False,100.0,235.2,34
2026-09-29 01:04:11,,False,100.0,74.3,0,False,100.0,235.2,34
2026-09-29 01:04:12,,False,100.0,74.3,0,False,100.0,235.2,34
2026-09-29 01:04:13,,False,100.0,74.3,0,False,100.0,235.2,34
2026-09-29 01:04:14,,False,80.0,59.2,0,False,100.0,235.2,34
2026-09-29 01:04:15,,False,80.0,59.2,0,False,80.0,235.5,34
2026-09-29 01:04:16,,False,60.0,69.5,0,False,80.0,235.5,34
2026-09-29 01:04:17,,False,60.0,69.5,0,False,60.0,225.4,34
2026-09-29 01:04:18,,False,40.0,62.6,0,False,60.0,225.4,34
2026-09-29 01:04:19,,False,40.0,62.6,0,True,40.0,227.0,34
2026-09-29 01:04:20,LOWBITRATE,False,20.0,58.6,0,True,40.0,227.0,34
2026-09-29 01:04:21,LOWBITRATE,False,20.0,58.6,0,True,20.0,227.7,34
2026-09-29 01:04:22,LOWBITRATE,True,0.0,62.6,0,True,20.0,227.7,34
2026-09-29 01:04:23,LOWBITRATE,True,0.0,62.6,0,True,0.0,229.1,34
2026-09-29 01:04:25,LOWBITRATE,True,0.0,57.5,0,True,0.0,229.1,34
2026-09-29 01:04:26,LOWBITRATE,True,0.0,57.5,0,True,0.0,223.7,34
2026-09-29 01:04:27,LOWBITRATE,True,0.0,47.9,0,True,0.0,220.4,34
2026-09-29 01:04:28,LOWBITRATE,True,0.0,47.9,0,True,0.0,220.4,34
2026-09-29 01:04:29,WIFI,True,0.0,52.3,0,True,0.0,218.5,34
2026-09-29 01:04:30,WIFI,True,0.0,52.3,0,True,0.0,218.5,34
2026-09-29 01:04:31,WIFI,True,0.0,57.5,0,True,0.0,216.8,34
2026-09-29 01:04:32,WIFI,True,0.0,57.5,0,True,0.0,216.8,34
2026-09-29 01:04:33,WIFI,True,0.0,52.6,0,True,0.0,216.8,34
2026-09-29 01:04:34,WIFI,True,0.0,52.6,0,True,0.0,216.8,34
2026-09-29 01:04:35,WIFI,True,0.0,52.8,0,True,0.0,216.8,34
2026-09-29 01:04:36,WIFI,True,0.0,52.8,0,True,0.0,216.8,34
2026-09-29 01:04:37,WIFI,True,0.0,43.9,0,True,20.0,216.8,35
2026-09-29 01:04:38,WIFI,True,0.0,43.9,0,True,20.0,216.8,35
2026-09-29 01:04:39,WIFI,True,0.0,52.7,0,True,40.0,215.5,35
2026-09-29 01:04:40,WIFI,True,0.0,52.7,0,True,40.0,215.5,35
2026-09-29 01:04:41,WIFI,True,0.0,64.7,0,True,40.0,215.5,35
2026-09-29 01:04:42,WIFI,True,0.0,64.7,0,True,40.0,215.5,35
2026-09-29 01:04:43,WIFI,True,0.0,62.4,0,False,60.0,216.3,35
2026-09-29 01:04:44,WIFI,True,0.0,62.4,0,False,60.0,216.3,35
2026-09-29 01:04:45,WIFI,True,0.0,71.8,0,True,40.0,219.6,35
2026-09-29 01:04:46,WIFI,True,0.0,71.8,0,True,40.0,219.6,35
2026-09-29 01:04:47,WIFI,True,0.0,69.7,0,True,20.0,222.5,35
2026-09-29 01:04:48,WIFI,True,0.0,69.7,0,True,20.0,222.5,35
2026-09-29 01:04:49,WIFI,True,0.0,58.8,0,True,20.0,227.6,35
2026-09-29 01:04:50,WIFI,True,0.0,58.8,0,True,20.0,227.6,35
2026-09-29 01:04:51,WIFI,True,0.0,70.9,0,True,0.0,224.9,35
2026-09-29 01:04:52,WIFI,True,0.0,70.9,0,True,0.0,224.9,35
2026-09-29 01:04:53,WIFI,True,0.0,81.2,0,True,0.0,226.0,35
2026-09-29 01:04:54,WIFI,True,0.0,81.2,0,True,0.0,226.0,35
2026-09-29 01:04:55,WIFI,True,0.0,89.0,0,True,0.0,225.2,35
2026-09-29 01:04:56,WIFI,True,0.0,89.0,0,True,0.0,225.2,35
2026-09-29 01:04:57,WIFI,True,0.0,88.3,0,True,0.0,226.1,35
2026-09-29 01:04:58,WIFI,True,0.0,88.3,0,True,0.0,226.1,35
2026-09-29 01:04:59,WIFI,True,0.0,89.5,0,True,0.0,226.1,35
2026-09-29 01:05:00,WIFI,True,0.0,89.5,0,True,0.0,226.1,35
2026-09-29 01:05:01,WIFI,True,0.0,80.9,0,True,20.0,226.0,35
2026-09-29 01:05:02,WIFI,True,0.0,80.9,0,True,20.0,226.0,35
2026-09-29 01:05:03,WIFI,True,0.0,84.5,0,True,20.0,226.0,35
2026-09-29 01:05:04,WIFI,True,0.0,84.5,0,True,20.0,226.0,35
2026-09-29 01:05:05,WIFI,True,0.0,83.2,0,True,40.0,226.0,35
2026-09-29 01:05:06,WIFI,True,0.0,83.2,0,True,40.0,226.0,35
2026-09-29 01:05:07,WIFI,True,0.0,89.5,0,False,60.0,226.0,35
2026-09-29 01:05:08,WIFI,True,0.0,89.5,0,False,60.0,226.0,35
2026-09-29 01:05:09,WIFI,True,0.0,87.1,0,False,60.0,226.1,35
2026-09-29 01:05:10,WIFI,True,0.0,87.1,0,False,60.0,226.1,35
2026-09-29 01:05:11,WIFI,True,0.0,81.3,0,False,60.0,226.1,35
2026-09-29 01:05:12,WIFI,True,0.0,81.3,0,False,60.0,226.1,35
2026-09-29 01:05:13,WIFI,True,0.0,72.4,0,False,60.0,225.7,35
2026-09-29 01:05:14,WIFI,True,0.0,72.4,0,False,60.0,225.7,35
2026-09-29 01:05:15,WIFI,True,0.0,71.6,0,True,40.0,222.7,35
2026-09-29 01:05:16,WIFI,True,0.0,71.6,0,True,40.0,222.7,35
2026-09-29 01:05:17,WIFI,True,0.0,72.6,0,True,20.0,219.0,35
2026-09-29 01:05:18,WIFI,True,0.0,72.6,0,True,20.0,219.0,35
2026-09-29 01:05:19,WIFI,True,0.0,63.7,0,True,20.0,215.7,35
2026-09-29 01:05:20,WIFI,True,0.0,63.7,0,True,20.0,215.7,35
2026-09-29 01:05:21,WIFI,True,0.0,62.7,0,True,0.0,215.3,35
2026-09-29 01:05:22,WIFI,True,0.0,62.7,0,True,0.0,215.3,35
2026-09-29 01:05:23,WIFI,True,0.0,65.0,0,True,0.0,215.3,35
2026-09-29 01:05:24,WIFI,True,0.0,65.0,0,True,0.0,215.3,35
2026-09-29 01:05:25,WIFI,True,0.0,63.6,0,True,20.0,214.9,35
2026-09-29 01:05:26,WIFI,True,0.0,63.6,0,True,20.0,214.9,35
2026-09-29 01:05:27,WIFI,True,0.0,61.4,0,True,20.0,214.7,35
2026-09-29 01:05:28,WIFI,True,0.0,61.4,0,True,20.0,214.7,35
2026-09-29 01:05:29,WIFI,True,0.0,64.3,0,True,20.0,216.2,35
2026-09-29 01:05:30,WIFI,True,0.0,64.3,0,True,20.0,216.2,35
2026-09-29 01:05:31,WIFI,True,0.0,58.5,0,True,20.0,220.6,35
2026-09-29 01:05:32,WIFI,True,0.0,58.5,0,True,20.0,220.6,35
2026-09-29 01:05:33,WIFI,True,0.0,69.1,0,True,20.0,220.6,35
2026-09-29 01:05:34,WIFI,True,0.0,69.1,0,True,20.0,220.6,35
2026-09-29 01:05:35,WIFI,True,0.0,66.7,0,True,20.0,222.3,35
2026-09-29 01:05:36,WIFI,True,0.0,66.7,0,True,20.0,222.3,35
2026-09-29 01:05:37,WIFI,True,0.0,62.7,0,True,20.0,222.3,35
2026-09-29 01:05:38,WIFI,True,0.0,62.7,0,True,20.0,222.3,35
2026-09-29 01:05:39,WIFI,True,0.0,62.6,0,True,40.0,221.9,35
2026-09-29 01:05:40,WIFI,True,0.0,62.6,0,True,40.0,221.9,35
2026-09-29 01:05:41,WIFI,True,0.0,69.4,0,True,40.0,219.8,35
2026-09-29 01:05:42,WIFI,True,0.0,69.4,0,True,40.0,219.8,35
2026-09-29 01:05:43,WIFI,True,0.0,69.2,0,True,20.0,219.1,35
2026-09-29 01:05:44,WIFI,True,0.0,69.2,0,True,20.0,219.1,35
2026-09-29 01:05:45,WIFI,True,0.0,70.3,0,True,20.0,215.8,35
2026-09-29 01:05:46,WIFI,True,0.0,70.3,0,True,20.0,215.8,35
2026-09-29 01:05:47,WIFI,True,0.0,65.6,0,True,0.0,223.3,35
2026-09-29 01:05:48,WIFI,True,0.0,65.6,0,True,0.0,223.3,35
2026-09-29 01:05:49,WIFI,True,0.0,74.0,0,True,0.0,223.3,35
2026-09-29 01:05:50,WIFI,True,0.0,74.0,0,True,20.0,223.3,35
2026-09-29 01:05:51,WIFI,True,0.0,75.5,0,True,20.0,225.3,35
2026-09-29 01:05:52,WIFI,True,0.0,75.5,0,True,20.0,225.3,35
2026-09-29 01:05:53,WIFI,True,0.0,73.0,0,True,20.0,225.3,35
2026-09-29 01:05:54,WIFI,True,0.0,73.0,0,True,40.0,225.3,35
2026-09-29 01:05:55,WIFI,True,0.0,69.9,0,True,40.0,236.8,35
2026-09-29 01:05:56,WIFI,True,0.0,69.9,0,True,40.0,236.8,35
2026-09-29 01:05:57,WIFI,True,0.0,76.1,0,True,40.0,235.4,35
2026-09-29 01:05:58,WIFI,True,0.0,76.1,0,True,40.0,235.4,35
2026-09-29 01:05:59,WIFI,True,0.0,86.7,0,True,20.0,239.4,35
2026-09-29 01:06:00,WIFI,True,0.0,86.7,0,True,20.0,239.4,35
2026-09-29 01:06:01,WIFI,True,0.0,82.7,0,True,20.0,237.1,35
2026-09-29 01:06:02,WIFI,True,0.0,82.7,0,True,20.0,237.1,35
2026-09-29 01:06:03,WIFI,True,0.0,78.3,0,True,0.0,236.7,35
2026-09-29 01:06:04,WIFI,True,0.0,78.3,0,True,0.0,236.7,35
2026-09-29 01:06:05,WIFI,True,0.0,86.9,0,True,0.0,236.7,35
2026-09-29 01:06:06,WIFI,True,0.0,86.9,0,True,20.0,236.7,35
2026-09-29 01:06:07,WIFI,True,0.0,87.9,0,True,20.0,236.7,35
2026-09-29 01:06:08,WIFI,True,0.0,87.9,0,True,40.0,236.7,35
2026-09-29 01:06:09,WIFI,True,0.0,90.8,0,True,40.0,236.7,35
2026-09-29 01:06:10,WIFI,True,0.0,90.8,0,False,60.0,236.7,35
2026-09-29 01:06:11,WIFI,True,0.0,87.6,0,False,60.0,239.2,35
2026-09-29 01:06:12,WIFI,True,0.0,87.6,0,False,60.0,239.2,35
2026-09-29 01:06:14,WIFI,True,0.0,86.3,0,False,60.0,242.3,35
2026-09-29 01:06:15,WIFI,True,0.0,86.3,0,False,60.0,242.3,35
2026-09-29 01:06:16,WIFI,True,0.0,86.6,0,True,40.0,246.6,35
2026-09-29 01:06:17,WIFI,True,0.0,86.6,0,True,40.0,246.6,35
2026-09-29 01:06:18,WIFI,True,0.0,82.8,0,True,40.0,246.6,35
2026-09-29 01:06:19,WIFI,True,0.0,82.8,0,True,40.0,246.6,35
2026-09-29 01:06:20,WIFI,True,0.0,79.6,0,True,20.0,239.0,35
2026-09-29 01:06:21,WIFI,True,0.0,79.6,0,True,20.0,239.0,35
2026-09-29 01:06:22,WIFI,True,0.0,82.1,0,True,20.0,237.2,35
2026-09-29 01:06:23,WIFI,True,0.0,82.1,0,True,20.0,237.2,35
2026-09-29 01:06:24,WIFI,True,0.0,74.6,0,True,20.0,226.0,35
2026-09-29 01:06:25,WIFI,True,0.0,74.6,0,True,20.0,226.0,35
2026-09-29 01:06:26,WIFI,True,0.0,69.1,0,True,20.0,228.6,35
2026-09-29 01:06:27,WIFI,True,0.0,69.1,0,True,20.0,228.6,35
2026-09-29 01:06:28,WIFI,True,0.0,68.3,0,True,20.0,228.6,35
2026-09-29 01:06:29,WIFI,True,0.0,68.3,0,True,20.0,228.6,35
2026-09-29 01:06:30,WIFI,True,0.0,60.4,0,True,20.0,220.5,35
2026-09-29 01:06:31,WIFI,True,0.0,60.4,0,True,20.0,220.5,35
2026-09-29 01:06:32,WIFI,True,0.0,67.2,0,True,20.0,223.0,35
2026-09-29 01:06:33,WIFI,True,0.0,67.2,0,True,20.0,223.0,35
2026-09-29 01:06:34,WIFI,True,0.0,66.8,0,True,20.0,222.7,35
2026-09-29 01:06:35,WIFI,True,0.0,66.8,0,True,20.0,222.7,35
2026-09-29 01:06:36,WIFI,True,0.0,74.5,0,True,20.0,220.2,35
2026-09-29 01:06:37,WIFI,True,0.0,74.5,0,True,20.0,220.2,35
2026-09-29 01:06:38,WIFI,True,0.0,83.6,0,True,0.0,217.0,35
2026-09-29 01:06:39,WIFI,True,0.0,83.6,0,True,0.0,217.0,35
2026-09-29 01:06:40,WIFI,True,0.0,78.3,0,True,0.0,217.0,35
2026-09-29 01:06:41,WIFI,True,0.0,78.3,0,True,20.0,217.0,35
2026-09-29 01:06:42,WIFI,True,0.0,79.8,0,True,20.0,214.4,35
2026-09-29 01:06:43,WIFI,True,0.0,79.8,0,True,20.0,214.4,35
2026-09-29 01:06:44,WIFI,True,0.0,82.6,0,True,20.0,214.7,35
2026-09-29 01:06:45,WIFI,True,0.0,82.6,0,True,20.0,214.7,35
2026-09-29 01:06:46,WIFI,True,0.0,77.9,0,True,20.0,215.1,35
2026-09-29 01:06:47,WIFI,True,0.0,77.9,0,True,20.0,215.1,35
2026-09-29 01:06:48,WIFI,True,0.0,84.3,0,True,20.0,215.3,35
2026-09-29 01:06:49,WIFI,True,0.0,84.3,0,True,20.0,215.3,35
2026-09-29 01:06:50,WIFI,True,0.0,81.0,0,True,0.0,212.3,35
2026-09-29 01:06:51,WIFI,True,0.0,81.0,0,True,0.0,212.3,35
2026-09-29 01:06:52,WIFI,True,0.0,78.3,0,True,0.0,212.2,35
2026-09-29 01:06:53,WIFI,True,0.0,78.3,0,True,0.0,212.2,35
2026-09-29 01:06:54,WIFI,True,0.0,71.8,0,True,0.0,222.4,35
2026-09-29 01:06:55,WIFI,True,0.0,71.8,0,True,0.0,222.4,35
2026-09-29 01:06:56,WIFI,True,0.0,66.3,0,True,0.0,221.9,35
2026-09-29 01:06:57,WIFI,True,0.0,66.3,0,True,0.0,221.9,35
2026-09-29 01:06:58,WIFI,True,0.0,63.1,0,True,0.0,221.2,35
2026-09-29 01:06:59,WIFI,True,0.0,62.2,0,True,0.0,221.2,35
2026-09-29 01:07:00,WIFI,True,0.0,62.2,0,True,0.0,221.2,35
2026-09-29 01:07:02,WIFI,True,0.0,62.2,0,True,20.0,221.2,35
2026-09-29 01:07:03,WIFI,True,0.0,67.6,0,True,20.0,225.1,35
2026-09-29 01:07:04,WIFI,True,0.0,67.6,0,True,20.0,225.1,35
2026-09-29 01:07:05,WIFI,True,0.0,66.4,0,True,20.0,223.2,35
2026-09-29 01:07:06,WIFI,True,0.0,66.4,0,True,20.0,223.2,35
2026-09-29 01:07:07,WIFI,True,0.0,69.5,0,True,20.0,223.2,35
2026-09-29 01:07:08,WIFI,True,0.0,69.5,0,True,20.0,241.4,35
2026-09-29 01:07:09,WIFI,True,0.0,69.5,0,True,20.0,241.4,35
2026-09-29 01:07:10,WIFI,True,0.0,70.6,0,True,20.0,241.4,35
2026-09-29 01:07:11,WIFI,True,0.0,67.5,0,True,40.0,241.4,35
2026-09-29 01:07:12,WIFI,True,0.0,67.5,0,True,20.0,247.3,35
2026-09-29 01:07:13,WIFI,True,0.0,67.5,0,True,20.0,247.3,35
2026-09-29 01:07:14,WIFI,True,0.0,61.8,0,True,20.0,247.3,35
2026-09-29 01:07:15,WIFI,True,0.0,61.8,0,True,20.0,255.9,35
2026-09-29 01:07:16,WIFI,True,0.0,61.8,0,True,20.0,255.9,35
2026-09-29 01:07:17,WIFI,True,0.0,69.3,0,True,20.0,259.1,35
2026-09-29 01:07:18,WIFI,True,0.0,69.3,0,True,20.0,259.1,35
2026-09-29 01:07:19,WIFI,True,0.0,76.8,0,True,20.0,289.8,35
2026-09-29 01:07:20,WIFI,True,0.0,76.8,0,True,20.0,289.8,35
2026-09-29 01:07:21,WIFI,True,0.0,84.5,0,True,0.0,279.8,35
2026-09-29 01:07:22,WIFI,True,0.0,84.5,0,True,0.0,279.8,35
2026-09-29 01:07:23,WIFI,True,0.0,84.4,0,True,0.0,282.1,35
2026-09-29 01:07:24,WIFI,True,0.0,84.4,0,True,0.0,282.1,35
2026-09-29 01:07:25,WIFI,True,0.0,69.9,0,True,0.0,285.8,35
2026-09-29 01:07:26,WIFI,True,0.0,69.9,0,True,0.0,285.8,35
2026-09-29 01:07:27,WIFI,True,0.0,68.4,0,True,0.0,300.9,35
2026-09-29 01:07:28,WIFI,True,0.0,68.4,0,True,0.0,300.9,35
2026-09-29 01:07:29,WIFI,True,0.0,71.8,0,True,0.0,307.5,35
2026-09-29 01:07:30,WIFI,True,0.0,71.8,0,True,0.0,307.5,35
2026-09-29 01:07:31,WIFI,True,0.0,71.1,0,True,0.0,290.9,35
2026-09-29 01:07:32,WIFI,True,0.0,71.1,0,True,0.0,290.9,35
2026-09-29 01:07:33,WIFI,True,0.0,74.6,0,True,0.0,285.3,35
2026-09-29 01:07:34,WIFI,True,0.0,74.6,0,True,0.0,285.3,35
2026-09-29 01:07:35,WIFI,True,0.0,74.7,0,True,0.0,285.3,35
2026-09-29 01:07:36,WIFI,True,0.0,74.7,0,True,0.0,293.2,35
2026-09-29 01:07:37,WIFI,True,0.0,74.7,0,True,0.0,293.2,35
2026-09-29 01:07:39,WIFI,True,0.0,75.3,0,True,0.0,293.2,35
2026-09-29 01:07:40,WIFI,True,0.0,75.3,0,True,20.0,293.2,35
2026-09-29 01:07:41,WIFI,True,0.0,74.2,0,True,20.0,300.8,35
2026-09-29 01:07:42,WIFI,True,0.0,74.2,0,True,20.0,300.8,35
2026-09-29 01:07:43,WIFI,True,0.0,60.5,0,True,20.0,300.8,35
2026-09-29 01:07:44,WIFI,True,0.0,63.7,0,True,40.0,300.8,35
2026-09-29 01:07:45,WIFI,True,0.0,63.7,0,True,40.0,272.3,35
2026-09-29 01:07:46,WIFI,True,0.0,63.7,0,True,40.0,272.3,35
2026-09-29 01:07:47,WIFI,True,0.0,63.6,0,True,40.0,281.3,35
2026-09-29 01:07:48,WIFI,True,0.0,63.6,0,True,40.0,281.3,35
2026-09-29 01:07:49,WIFI,True,0.0,69.4,0,True,40.0,281.3,35
2026-09-29 01:07:50,WIFI,True,0.0,69.4,0,True,40.0,281.3,35
2026-09-29 01:07:51,WIFI,True,0.0,60.9,0,True,40.0,280.3,35
2026-09-29 01:07:52,WIFI,True,0.0,60.9,0,True,40.0,280.3,35
2026-09-29 01:07:53,WIFI,True,0.0,63.6,0,True,40.0,280.3,35
2026-09-29 01:07:55,WIFI,True,0.0,63.6,0,True,40.0,280.3,35
2026-09-29 01:07:56,WIFI,True,0.0,63.6,0,True,40.0,280.3,35
2026-09-29 01:07:57,WIFI,True,0.0,60.2,0,True,40.0,280.3,35
2026-09-29 01:07:58,WIFI,True,0.0,60.2,0,False,60.0,280.3,35
2026-09-29 01:07:59,WIFI,True,0.0,60.2,0,False,60.0,280.3,35
2026-09-29 01:08:00,WIFI,True,0.0,58.6,0,False,60.0,280.3,35
2026-09-29 01:08:01,WIFI,True,0.0,58.6,0,False,60.0,290.5,35
2026-09-29 01:08:02,WIFI,True,0.0,58.6,0,False,60.0,290.5,35
2026-09-29 01:08:03,WIFI,True,0.0,49.5,0,False,60.0,290.5,35
2026-09-29 01:08:04,WIFI,True,0.0,49.5,0,False,60.0,290.5,35
2026-09-29 01:08:05,WIFI,True,0.0,51.7,0,False,60.0,290.5,35
2026-09-29 01:08:06,WIFI,True,0.0,51.7,0,False,80.0,290.5,35
2026-09-29 01:08:07,WIFI,True,0.0,61.3,0,False,80.0,290.5,35
2026-09-29 01:08:08,WIFI,True,0.0,61.3,0,False,80.0,290.5,35
2026-09-29 01:08:09,WIFI,True,0.0,60.4,0,False,60.0,271.3,35
2026-09-29 01:08:10,WIFI,True,0.0,60.4,0,False,60.0,271.3,35
2026-09-29 01:08:11,WIFI,True,0.0,70.3,0,False,60.0,276.0,35
2026-09-29 01:08:12,WIFI,True,0.0,70.3,0,False,60.0,276.0,35
2026-09-29 01:08:13,WIFI,True,0.0,67.3,0,True,40.0,273.5,35
2026-09-29 01:08:14,WIFI,True,0.0,67.3,0,True,40.0,273.5,35
2026-09-29 01:08:15,WIFI,True,0.0,63.7,0,True,20.0,282.6,35
2026-09-29 01:08:16,WIFI,True,0.0,63.7,0,True,20.0,282.6,35
2026-09-29 01:08:17,WIFI,True,0.0,50.2,0,True,0.0,265.2,35
2026-09-29 01:08:18,WIFI,True,0.0,50.2,0,True,0.0,265.2,35
2026-09-29 01:08:19,WIFI,True,0.0,65.5,0,True,0.0,258.7,35
2026-09-29 01:08:20,WIFI,True,0.0,65.5,0,True,0.0,258.7,35
2026-09-29 01:08:21,WIFI,True,0.0,73.8,0,True,0.0,258.7,35
2026-09-29 01:08:23,WIFI,True,0.0,73.8,0,True,0.0,266.1,35
2026-09-29 01:08:24,WIFI,True,0.0,84.8,0,True,0.0,266.1,35
2026-09-29 01:08:25,WIFI,True,0.0,84.8,0,True,0.0,266.1,35
2026-09-29 01:08:26,WIFI,True,0.0,84.8,0,True,20.0,266.1,35
2026-09-29 01:08:27,WIFI,True,0.0,76.1,0,True,20.0,259.0,35
2026-09-29 01:08:28,WIFI,True,0.0,76.1,0,True,20.0,259.0,35
2026-09-29 01:08:29,WIFI,True,0.0,64.3,0,True,20.0,257.9,35
2026-09-29 01:08:30,WIFI,True,0.0,64.3,0,True,20.0,257.9,35
2026-09-29 01:08:31,WIFI,True,0.0,59.7,0,True,20.0,244.8,35
2026-09-29 01:08:32,WIFI,True,0.0,59.7,0,True,20.0,244.8,35
2026-09-29 01:08:33,WIFI,True,0.0,56.4,0,True,20.0,247.1,35
2026-09-29 01:08:34,WIFI,True,0.0,56.4,0,True,20.0,247.1,35
2026-09-29 01:08:35,WIFI,True,0.0,63.7,0,True,0.0,235.8,35
2026-09-29 01:08:36,WIFI,True,0.0,63.7,0,True,0.0,235.8,35
2026-09-29 01:08:37,WIFI,True,0.0,63.9,0,True,0.0,239.4,35
2026-09-29 01:08:38,WIFI,True,0.0,63.9,0,True,0.0,239.4,35
2026-09-29 01:08:39,WIFI,True,0.0,69.2,0,True,0.0,239.4,35
2026-09-29 01:08:40,WIFI,True,0.0,69.2,0,True,0.0,239.4,35
2026-09-29 01:08:41,WIFI,True,0.0,56.1,0,True,20.0,239.4,35
2026-09-29 01:08:42,WIFI,True,0.0,56.1,0,True,20.0,231.1,35
2026-09-29 01:08:44,WIFI,True,0.0,56.1,0,True,20.0,231.1,35
2026-09-29 01:08:45,WIFI,True,0.0,59.5,0,True,20.0,233.2,35
2026-09-29 01:08:46,WIFI,True,0.0,53.2,0,True,20.0,233.2,35
2026-09-29 01:08:47,WIFI,True,0.0,53.2,0,True,20.0,233.2,35
2026-09-29 01:08:48,WIFI,True,0.0,53.2,0,True,40.0,233.2,35
2026-09-29 01:08:49,WIFI,True,0.0,60.7,0,True,40.0,229.5,35
2026-09-29 01:08:50,WIFI,True,0.0,60.5,0,True,40.0,229.5,35
2026-09-29 01:08:51,WIFI,True,0.0,60.5,0,True,20.0,220.5,35
2026-09-29 01:08:52,WIFI,True,0.0,60.5,0,True,20.0,220.5,35
2026-09-29 01:08:53,WIFI,True,0.0,66.1,0,True,20.0,220.5,35
2026-09-29 01:08:54,WIFI,True,0.0,66.1,0,True,40.0,220.5,35
2026-09-29 01:08:55,WIFI,True,0.0,59.8,0,True,40.0,220.0,35
2026-09-29 01:08:56,WIFI,True,0.0,59.8,0,True,40.0,220.0,36
2026-09-29 01:08:57,WIFI,True,0.0,53.4,0,True,20.0,219.8,36
2026-09-29 01:08:58,WIFI,True,0.0,53.4,0,True,20.0,219.8,36
2026-09-29 01:08:59,WIFI,True,0.0,53.2,0,True,20.0,219.8,36
2026-09-29 01:09:00,WIFI,True,0.0,53.2,0,True,20.0,223.7,36
2026-09-29 01:09:01,WIFI,True,0.0,53.2,0,True,20.0,223.7,36
2026-09-29 01:09:03,WIFI,True,0.0,55.7,0,True,20.0,256.2,36
2026-09-29 01:09:04,WIFI,True,0.0,55.7,0,True,20.0,256.2,36
2026-09-29 01:09:05,WIFI,True,0.0,61.0,0,True,20.0,256.2,36
2026-09-29 01:09:06,WIFI,True,0.0,61.0,0,True,20.0,256.2,36
2026-09-29 01:09:07,WIFI,True,0.0,48.4,0,True,20.0,256.2,36
2026-09-29 01:09:09,WIFI,True,0.0,48.4,0,True,40.0,256.2,36
2026-09-29 01:09:10,WIFI,True,0.0,54.0,0,True,40.0,259.6,36
2026-09-29 01:09:11,WIFI,True,0.0,54.0,0,True,40.0,259.6,36
2026-09-29 01:09:12,WIFI,True,0.0,50.4,0,True,40.0,259.6,36
2026-09-29 01:09:13,WIFI,True,0.0,50.4,0,True,40.0,259.6,36
2026-09-29 01:09:14,WIFI,True,0.0,50.4,0,False,60.0,256.2,36
2026-09-29 01:09:15,WIFI,True,0.0,50.4,0,False,60.0,256.2,36
2026-09-29 01:09:16,WIFI,True,0.0,43.2,0,True,40.0,257.2,36
2026-09-29 01:09:17,WIFI,True,0.0,43.2,0,True,40.0,257.2,36
2026-09-29 01:09:18,WIFI,True,0.0,53.8,0,True,20.0,258.7,36
2026-09-29 01:09:19,WIFI,True,0.0,53.8,0,True,20.0,258.7,36
2026-09-29 01:09:20,WIFI,True,0.0,51.7,0,True,20.0,258.7,36
2026-09-29 01:09:21,WIFI,True,0.0,51.7,0,True,20.0,258.7,36
2026-09-29 01:09:22,WIFI,True,0.0,57.5,0,True,40.0,258.7,36
2026-09-29 01:09:23,WIFI,True,0.0,57.5,0,True,20.0,272.7,36
2026-09-29 01:09:24,WIFI,True,0.0,57.2,0,True,20.0,272.7,36
2026-09-29 01:09:25,WIFI,True,0.0,57.2,0,True,20.0,276.5,36
2026-09-29 01:09:26,WIFI,True,0.0,56.9,0,True,20.0,276.5,36
2026-09-29 01:09:27,WIFI,True,0.0,56.9,0,True,20.0,276.5,36
2026-09-29 01:09:29,WIFI,True,0.0,56.9,0,True,40.0,276.5,36
2026-09-29 01:09:30,WIFI,True,0.0,59.5,0,True,40.0,276.5,36
2026-09-29 01:09:31,WIFI,True,0.0,59.5,0,True,40.0,276.5,36
2026-09-29 01:09:32,WIFI,True,0.0,50.0,0,False,60.0,276.5,36
2026-09-29 01:09:33,WIFI,True,0.0,50.0,0,False,60.0,276.5,36
2026-09-29 01:09:34,WIFI,True,0.0,50.0,0,False,60.0,276.5,36
2026-09-29 01:09:35,WIFI,True,0.0,53.9,0,False,60.0,273.2,36
2026-09-29 01:09:36,WIFI,True,0.0,53.9,0,False,60.0,273.2,36
2026-09-29 01:09:38,WIFI,True,0.0,61.4,0,False,60.0,275.5,36
2026-09-29 01:09:39,WIFI,True,0.0,74.4,0,False,60.0,275.5,36
2026-09-29 01:09:40,WIFI,True,0.0,74.4,0,True,40.0,289.7,36
2026-09-29 01:09:41,WIFI,True,0.0,77.0,0,True,40.0,289.7,36
2026-09-29 01:09:42,WIFI,True,0.0,77.0,0,True,40.0,289.7,36
2026-09-29 01:09:43,WIFI,True,0.0,82.0,0,True,40.0,289.7,36
2026-09-29 01:09:44,WIFI,True,0.0,82.0,0,True,40.0,289.7,36
2026-09-29 01:09:45,WIFI,True,0.0,82.0,0,True,40.0,289.7,36
2026-09-29 01:09:46,WIFI,True,0.0,84.8,0,True,40.0,258.0,36
2026-09-29 01:09:47,WIFI,True,0.0,84.8,0,True,40.0,258.0,36
2026-09-29 01:09:48,WIFI,True,0.0,76.9,0,True,40.0,254.1,37
2026-09-29 01:09:49,WIFI,True,0.0,76.9,0,True,40.0,254.1,37
2026-09-29 01:09:50,WIFI,True,0.0,75.6,0,True,40.0,257.0,37
2026-09-29 01:09:52,WIFI,True,0.0,75.6,0,True,40.0,257.0,37
2026-09-29 01:09:53,WIFI,True,0.0,78.3,0,True,20.0,254.0,37
2026-09-29 01:09:54,WIFI,True,0.0,78.3,0,True,20.0,254.0,37
2026-09-29 01:09:55,WIFI,True,0.0,78.5,0,True,20.0,254.0,37
2026-09-29 01:09:56,WIFI,True,0.0,78.5,0,True,20.0,254.0,37
2026-09-29 01:09:57,WIFI,True,0.0,68.1,0,True,20.0,254.0,37
2026-09-29 01:09:58,WIFI,True,0.0,68.1,0,True,40.0,254.0,37
2026-09-29 01:09:59,WIFI,True,0.0,79.0,0,True,40.0,254.0,37
2026-09-29 01:10:00,WIFI,True,0.0,79.0,0,True,40.0,296.4,37
2026-09-29 01:10:01,WIFI,True,0.0,72.3,0,True,40.0,285.3,37
2026-09-29 01:10:02,WIFI,True,0.0,72.3,0,True,40.0,285.3,37
2026-09-29 01:10:03,WIFI,True,0.0,62.8,0,True,40.0,280.1,37
2026-09-29 01:10:04,WIFI,True,0.0,62.8,0,True,40.0,280.1,37
2026-09-29 01:10:05,WIFI,True,0.0,58.1,0,True,20.0,280.8,37
2026-09-29 01:10:06,WIFI,True,0.0,58.1,0,True,20.0,280.8,37
2026-09-29 01:10:08,WIFI,True,0.0,59.6,0,True,0.0,280.7,37
2026-09-29 01:10:09,WIFI,True,0.0,62.0,0,True,0.0,280.7,37
2026-09-29 01:10:10,WIFI,True,0.0,62.0,0,True,0.0,262.2,37
2026-09-29 01:10:11,WIFI,True,0.0,61.7,0,True,0.0,262.2,37
2026-09-29 01:10:12,WIFI,True,0.0,61.7,0,True,0.0,260.2,37
2026-09-29 01:10:13,WIFI,True,0.0,67.4,0,True,0.0,260.2,37
2026-09-29 01:10:14,WIFI,True,0.0,67.4,0,True,0.0,260.2,37
2026-09-29 01:10:15,WIFI,True,0.0,66.4,0,True,20.0,260.2,38
2026-09-29 01:10:16,WIFI,True,0.0,66.4,0,True,20.0,261.9,38
2026-09-29 01:10:17,WIFI,True,0.0,65.1,0,True,20.0,261.9,38
2026-09-29 01:10:18,WIFI,True,0.0,65.1,0,True,20.0,260.7,38
2026-09-29 01:10:19,WIFI,True,0.0,59.7,0,True,20.0,260.7,38
2026-09-29 01:10:20,WIFI,True,0.0,59.7,0,True,20.0,262.1,38
2026-09-29 01:10:21,WIFI,True,0.0,56.7,0,True,20.0,262.1,38
2026-09-29 01:10:22,WIFI,True,0.0,56.7,0,True,20.0,226.5,38
2026-09-29 01:10:23,WIFI,True,0.0,60.7,0,True,20.0,226.5,38
2026-09-29 01:10:24,WIFI,True,0.0,60.7,0,True,20.0,226.5,38
2026-09-29 01:10:25,WIFI,True,0.0,67.9,0,True,20.0,223.6,38
2026-09-29 01:10:26,WIFI,True,0.0,67.9,0,True,20.0,223.6,38
2026-09-29 01:10:27,WIFI,True,0.0,66.6,0,True,20.0,227.5,38
2026-09-29 01:10:28,WIFI,True,0.0,66.6,0,True,20.0,227.5,38
2026-09-29 01:10:29,WIFI,True,0.0,74.9,0,True,20.0,225.7,38
2026-09-29 01:10:30,WIFI,True,0.0,74.9,0,True,20.0,225.7,38
2026-09-29 01:10:31,WIFI,True,0.0,79.9,0,True,20.0,223.2,38
2026-09-29 01:10:32,WIFI,True,0.0,79.9,0,True,20.0,223.2,38
2026-09-29 01:10:33,WIFI,True,0.0,80.1,0,True,20.0,223.2,38
2026-09-29 01:10:34,WIFI,True,0.0,80.1,0,True,20.0,223.2,38
2026-09-29 01:10:35,WIFI,True,0.0,83.3,0,True,20.0,223.2,38
2026-09-29 01:10:36,WIFI,True,0.0,83.3,0,True,20.0,227.3,38
2026-09-29 01:10:37,WIFI,True,0.0,90.7,0,True,20.0,228.4,38
2026-09-29 01:10:38,WIFI,True,0.0,90.7,0,True,20.0,228.4,38
2026-09-29 01:10:39,WIFI,True,0.0,78.0,0,True,20.0,228.4,38
2026-09-29 01:10:40,WIFI,True,0.0,78.0,0,True,20.0,246.4,38
2026-09-29 01:10:41,WIFI,True,0.0,86.3,0,True,20.0,245.2,38
2026-09-29 01:10:42,WIFI,True,0.0,86.3,0,True,20.0,245.2,38
2026-09-29 01:10:43,WIFI,True,0.0,82.3,0,True,0.0,247.1,38
2026-09-29 01:10:44,WIFI,True,0.0,82.3,0,True,0.0,247.1,38
2026-09-29 01:10:45,WIFI,True,0.0,78.5,0,True,0.0,247.1,38
2026-09-29 01:10:47,WIFI,True,0.0,78.5,0,True,0.0,236.8,38
2026-09-29 01:10:48,WIFI,True,0.0,74.9,0,True,0.0,236.4,38
2026-09-29 01:10:49,WIFI,True,0.0,74.9,0,True,0.0,236.4,38
2026-09-29 01:10:50,WIFI,True,0.0,72.7,0,True,0.0,238.5,38
2026-09-29 01:10:51,WIFI,True,0.0,72.7,0,True,0.0,238.5,38
2026-09-29 01:10:52,WIFI,True,0.0,63.2,0,True,0.0,240.6,38
2026-09-29 01:10:53,WIFI,True,0.0,63.2,0,True,0.0,240.6,38
2026-09-29 01:10:54,WIFI,True,0.0,56.4,0,True,0.0,242.4,38
2026-09-29 01:10:55,WIFI,True,0.0,56.4,0,True,0.0,242.4,38
2026-09-29 01:10:56,WIFI,True,0.0,64.3,0,True,0.0,242.4,38
2026-09-29 01:10:57,WIFI,True,0.0,64.3,0,True,0.0,249.5,38
2026-09-29 01:10:58,WIFI,True,0.0,64.3,0,True,0.0,249.5,38
2026-09-29 01:10:59,WIFI,True,0.0,56.9,0,True,0.0,247.7,38
2026-09-29 01:11:00,WIFI,True,0.0,57.3,0,True,0.0,247.7,38
2026-09-29 01:11:01,WIFI,True,0.0,57.3,0,True,0.0,238.2,38
2026-09-29 01:11:02,WIFI,True,0.0,45.6,0,True,0.0,238.2,38
2026-09-29 01:11:03,WIFI,True,0.0,45.6,0,True,0.0,261.2,38
2026-09-29 01:11:04,WIFI,True,0.0,41.7,0,True,0.0,261.2,38
2026-09-29 01:11:05,WIFI,True,0.0,41.7,0,True,0.0,259.1,38
2026-09-29 01:11:06,WIFI,True,0.0,41.7,0,True,0.0,259.1,38
2026-09-29 01:11:07,WIFI,True,0.0,43.0,0,True,0.0,258.5,38
2026-09-29 01:11:08,WIFI,True,0.0,43.0,0,True,0.0,258.5,38
2026-09-29 01:11:09,WIFI,True,0.0,45.4,0,True,0.0,258.5,38
2026-09-29 01:11:10,WIFI,True,0.0,45.4,0,True,0.0,280.5,38
2026-09-29 01:11:11,WIFI,True,0.0,45.4,0,True,0.0,280.5,38
2026-09-29 01:11:12,WIFI,True,0.0,42.4,0,True,0.0,285.9,38
2026-09-29 01:11:14,WIFI,True,0.0,42.4,0,True,0.0,285.9,38
2026-09-29 01:11:15,WIFI,True,0.0,42.0,0,True,0.0,285.9,38
2026-09-29 01:11:16,WIFI,True,0.0,42.0,0,True,0.0,285.9,38
2026-09-29 01:11:17,WIFI,True,0.0,37.5,0,True,0.0,285.9,38
2026-09-29 01:11:18,WIFI,True,0.0,37.5,0,True,0.0,285.9,38
2026-09-29 01:11:19,WIFI,True,0.0,26.5,0,True,20.0,288.9,38
2026-09-29 01:11:20,WIFI,True,0.0,26.5,0,True,20.0,288.9,38
2026-09-29 01:11:21,WIFI,True,0.0,26.9,0,True,20.0,288.9,38
2026-09-29 01:11:22,WIFI,True,0.0,26.9,0,True,20.0,309.7,38
2026-09-29 01:11:23,WIFI,True,0.0,32.1,0,True,20.0,309.7,38
2026-09-29 01:11:24,WIFI,True,0.0,32.1,0,True,20.0,329.4,38
2026-09-29 01:11:25,WIFI,True,0.0,32.1,0,True,20.0,329.4,39
2026-09-29 01:11:26,WIFI,True,0.0,32.3,0,True,20.0,329.4,39
2026-09-29 01:11:27,WIFI,True,0.0,32.3,0,True,40.0,329.4,39
2026-09-29 01:11:28,WIFI,True,0.0,38.9,0,True,40.0,329.4,39
2026-09-29 01:11:29,WIFI,True,0.0,38.9,0,True,40.0,329.4,39
2026-09-29 01:11:30,WIFI,True,0.0,42.7,0,True,40.0,319.5,39
2026-09-29 01:11:31,WIFI,True,0.0,42.7,0,True,40.0,319.5,39
2026-09-29 01:11:32,WIFI,True,0.0,46.2,0,True,40.0,296.9,39
2026-09-29 01:11:33,WIFI,True,0.0,40.9,0,True,40.0,296.9,39
2026-09-29 01:11:34,WIFI,True,0.0,40.9,0,True,40.0,303.5,39
2026-09-29 01:11:35,WIFI,True,0.0,40.9,0,True,40.0,303.5,39
2026-09-29 01:11:36,WIFI,True,0.0,44.0,0,True,20.0,313.5,39
2026-09-29 01:11:37,WIFI,True,0.0,44.0,0,True,20.0,313.5,39
2026-09-29 01:11:38,WIFI,True,0.0,50.6,0,True,20.0,313.5,39
2026-09-29 01:11:39,WIFI,True,0.0,50.6,0,True,20.0,313.5,39
2026-09-29 01:11:40,WIFI,True,0.0,61.0,0,True,20.0,334.9,39
2026-09-29 01:11:41,WIFI,True,0.0,61.0,0,True,20.0,334.9,39
2026-09-29 01:11:42,WIFI,True,0.0,70.9,0,True,20.0,323.7,39
2026-09-29 01:11:43,WIFI,True,0.0,70.9,0,True,20.0,323.7,39
2026-09-29 01:11:45,WIFI,True,0.0,76.9,0,True,20.0,324.3,39
2026-09-29 01:11:46,WIFI,True,0.0,76.9,0,True,20.0,324.3,39
2026-09-29 01:11:47,WIFI,True,0.0,85.4,0,True,20.0,320.2,39
2026-09-29 01:11:48,WIFI,True,0.0,85.4,0,True,20.0,320.2,39
2026-09-29 01:11:49,WIFI,True,0.0,87.2,0,True,0.0,291.0,39
2026-09-29 01:11:50,WIFI,True,0.0,87.2,0,True,0.0,291.0,39
2026-09-29 01:11:51,WIFI,True,0.0,86.9,0,True,0.0,291.0,39
2026-09-29 01:11:52,WIFI,True,0.0,86.9,0,True,20.0,291.0,39
2026-09-29 01:11:53,WIFI,True,0.0,78.1,0,True,20.0,276.5,39
2026-09-29 01:11:54,WIFI,True,0.0,78.1,0,True,20.0,276.5,39
2026-09-29 01:11:55,WIFI,True,0.0,89.7,0,True,20.0,279.1,39
2026-09-29 01:11:56,WIFI,True,0.0,89.7,0,True,20.0,279.1,39
2026-09-29 01:11:57,WIFI,True,0.0,94.9,0,True,20.0,279.1,39
2026-09-29 01:11:58,WIFI,True,0.0,94.9,0,True,20.0,283.6,39
2026-09-29 01:11:59,WIFI,True,0.0,95.8,0,True,20.0,283.6,39
2026-09-29 01:12:00,WIFI,True,0.0,95.8,0,True,20.0,278.6,39
2026-09-29 01:12:01,WIFI,True,0.0,97.2,0,True,20.0,278.6,39
2026-09-29 01:12:02,WIFI,True,0.0,97.2,0,True,0.0,274.9,39
2026-09-29 01:12:03,WIFI,True,0.0,94.6,0,True,0.0,274.9,39
2026-09-29 01:12:04,WIFI,True,0.0,94.6,0,True,0.0,274.9,39
2026-09-29 01:12:06,WIFI,True,0.0,92.4,0,True,20.0,274.9,39
2026-09-29 01:12:07,WIFI,True,0.0,92.4,0,True,40.0,274.9,39
2026-09-29 01:12:08,WIFI,True,0.0,93.9,0,True,40.0,233.4,39
2026-09-29 01:12:09,WIFI,True,0.0,93.9,0,True,40.0,233.4,39
2026-09-29 01:12:11,WIFI,True,0.0,87.7,0,True,40.0,234.9,39
2026-09-29 01:12:12,WIFI,True,0.0,87.7,0,True,40.0,234.9,39
2026-09-29 01:12:13,WIFI,True,0.0,82.9,0,True,40.0,232.6,39
2026-09-29 01:12:14,WIFI,True,0.0,82.9,0,True,40.0,232.6,39
2026-09-29 01:12:15,WIFI,True,0.0,81.2,0,True,20.0,234.3,39
2026-09-29 01:12:16,WIFI,True,0.0,81.2,0,True,20.0,234.3,39
2026-09-29 01:12:17,WIFI,True,0.0,77.8,0,True,20.0,234.3,39
2026-09-29 01:12:18,WIFI,True,0.0,77.8,0,True,20.0,234.3,39
2026-09-29 01:12:19,WIFI,True,0.0,70.6,0,True,20.0,245.7,39
2026-09-29 01:12:20,WIFI,True,0.0,70.6,0,True,20.0,245.7,39
2026-09-29 01:12:21,WIFI,True,0.0,70.9,0,True,20.0,240.0,39
2026-09-29 01:12:22,WIFI,True,0.0,70.9,0,True,20.0,240.0,39
2026-09-29 01:12:23,WIFI,True,0.0,69.9,0,True,20.0,240.0,39
2026-09-29 01:12:24,WIFI,True,0.0,69.9,0,True,40.0,240.0,39
2026-09-29 01:12:25,WIFI,True,0.0,74.8,0,True,40.0,240.0,39
2026-09-29 01:12:26,WIFI,True,0.0,74.8,0,False,60.0,240.0,39
2026-09-29 01:12:27,WIFI,True,0.0,72.5,0,True,40.0,245.7,39
2026-09-29 01:12:28,WIFI,True,0.0,72.5,0,True,40.0,245.7,39
2026-09-29 01:12:29,WIFI,True,0.0,64.8,0,True,40.0,244.8,39
2026-09-29 01:12:30,WIFI,True,0.0,64.8,0,True,40.0,244.8,39
2026-09-29 01:12:31,WIFI,True,0.0,62.4,0,True,40.0,254.1,39
2026-09-29 01:12:32,WIFI,True,0.0,62.4,0,True,40.0,254.1,39
2026-09-29 01:12:33,WIFI,True,0.0,63.7,0,True,20.0,276.6,39
2026-09-29 01:12:34,WIFI,True,0.0,63.7,0,True,20.0,276.6,39
2026-09-29 01:12:35,WIFI,True,0.0,71.2,0,True,0.0,276.1,39
2026-09-29 01:12:36,WIFI,True,0.0,63.4,0,True,0.0,276.1,39
2026-09-29 01:12:37,WIFI,True,0.0,63.4,0,True,0.0,279.8,39
2026-09-29 01:12:39,WIFI,True,0.0,65.0,0,True,0.0,279.8,39
2026-09-29 01:12:40,WIFI,True,0.0,65.0,0,True,0.0,312.6,39
2026-09-29 01:12:41,WIFI,True,0.0,63.4,0,True,0.0,319.3,39
2026-09-29 01:12:42,WIFI,True,0.0,63.4,0,True,0.0,319.3,39
2026-09-29 01:12:43,WIFI,True,0.0,55.7,0,True,0.0,308.7,39
2026-09-29 01:12:44,WIFI,True,0.0,55.7,0,True,0.0,308.7,39
2026-09-29 01:12:45,WIFI,True,0.0,43.1,0,True,0.0,309.0,39
2026-09-29 01:12:46,WIFI,True,0.0,43.1,0,True,0.0,309.0,39
2026-09-29 01:12:47,WIFI,True,0.0,45.6,0,True,0.0,309.0,39
2026-09-29 01:12:48,WIFI,True,0.0,45.6,0,True,20.0,309.0,39
2026-09-29 01:12:49,WIFI,True,0.0,62.9,0,True,20.0,309.0,39
2026-09-29 01:12:50,WIFI,True,0.0,62.9,0,True,40.0,309.0,39
2026-09-29 01:12:52,WIFI,True,0.0,67.2,0,True,40.0,309.0,39
2026-09-29 01:12:53,WIFI,True,0.0,74.2,0,False,60.0,300.3,39
2026-09-29 01:12:54,WIFI,True,0.0,74.2,0,False,60.0,300.3,39
2026-09-29 01:12:55,WIFI,True,0.0,73.1,0,False,60.0,300.3,39
2026-09-29 01:12:56,WIFI,True,0.0,73.1,0,False,60.0,308.3,39
2026-09-29 01:12:57,WIFI,True,0.0,81.6,0,False,60.0,308.3,39
2026-09-29 01:12:58,WIFI,True,0.0,81.6,0,True,40.0,306.5,39
2026-09-29 01:12:59,WIFI,True,0.0,81.6,0,True,40.0,306.5,39
2026-09-29 01:13:00,WIFI,True,0.0,85.1,0,True,20.0,277.9,39
2026-09-29 01:13:01,WIFI,True,0.0,85.1,0,True,20.0,277.9,39
2026-09-29 01:13:02,WIFI,True,0.0,83.0,0,True,20.0,277.9,39
2026-09-29 01:13:03,WIFI,True,0.0,83.0,0,True,0.0,277.3,39
2026-09-29 01:13:04,WIFI,True,0.0,83.0,0,True,0.0,277.3,39
2026-09-29 01:13:05,WIFI,True,0.0,88.3,0,True,0.0,272.8,39
2026-09-29 01:13:06,WIFI,True,0.0,88.3,0,True,0.0,272.8,39
2026-09-29 01:13:07,WIFI,True,0.0,97.2,0,True,0.0,272.8,39
2026-09-29 01:13:08,WIFI,True,0.0,97.2,0,True,0.0,248.3,39
2026-09-29 01:13:09,WIFI,True,0.0,97.2,0,True,0.0,248.3,39
2026-09-29 01:13:10,WIFI,True,0.0,91.3,0,True,0.0,239.7,39
2026-09-29 01:13:11,WIFI,True,0.0,91.3,0,True,0.0,239.7,39
2026-09-29 01:13:12,WIFI,True,0.0,74.7,0,True,0.0,236.6,39
2026-09-29 01:13:13,WIFI,True,0.0,74.7,0,True,0.0,236.6,39
2026-09-29 01:13:14,WIFI,True,0.0,76.7,0,True,0.0,237.0,39
2026-09-29 01:13:15,WIFI,True,0.0,76.7,0,True,0.0,237.0,39
2026-09-29 01:13:16,WIFI,True,0.0,70.7,0,True,0.0,238.6,39
2026-09-29 01:13:17,WIFI,True,0.0,70.7,0,True,0.0,238.6,39
2026-09-29 01:13:18,WIFI,True,0.0,63.8,0,True,0.0,228.9,39
2026-09-29 01:13:19,WIFI,True,0.0,63.8,0,True,0.0,228.9,39
2026-09-29 01:13:20,WIFI,True,0.0,58.2,0,True,0.0,228.9,39
2026-09-29 01:13:22,WIFI,True,0.0,58.2,0,True,0.0,220.5,39
2026-09-29 01:13:23,WIFI,True,0.0,58.2,0,True,0.0,220.5,39
2026-09-29 01:13:24,WIFI,True,0.0,69.0,0,True,0.0,233.5,39
2026-09-29 01:13:25,WIFI,True,0.0,69.0,0,True,0.0,233.5,39
2026-09-29 01:13:26,WIFI,True,0.0,65.3,0,True,0.0,235.6,39
2026-09-29 01:13:27,WIFI,True,0.0,65.3,0,True,0.0,235.6,39
2026-09-29 01:13:28,WIFI,True,0.0,66.2,0,True,0.0,235.9,39
2026-09-29 01:13:29,WIFI,True,0.0,66.2,0,True,0.0,235.9,39
2026-09-29 01:13:30,WIFI,True,0.0,67.6,0,True,0.0,227.9,39
2026-09-29 01:13:31,WIFI,True,0.0,67.6,0,True,0.0,227.9,39
2026-09-29 01:13:32,WIFI,True,0.0,66.2,0,True,0.0,230.2,39
2026-09-29 01:13:34,WIFI,True,0.0,73.5,0,True,0.0,230.2,39
2026-09-29 01:13:35,WIFI,True,0.0,73.5,0,True,0.0,251.3,39
2026-09-29 01:13:36,WIFI,True,0.0,73.5,0,True,0.0,251.3,39
2026-09-29 01:13:37,WIFI,True,0.0,76.8,0,True,0.0,267.2,39
2026-09-29 01:13:38,WIFI,True,0.0,76.8,0,True,0.0,267.2,39
2026-09-29 01:13:39,WIFI,True,0.0,82.8,0,True,0.0,267.2,39
2026-09-29 01:13:40,WIFI,True,0.0,82.8,0,True,0.0,267.1,39
2026-09-29 01:13:41,WIFI,True,0.0,86.6,0,True,0.0,267.1,40
2026-09-29 01:13:42,WIFI,True,0.0,86.6,0,True,0.0,272.0,40
2026-09-29 01:13:43,WIFI,True,0.0,88.0,0,True,0.0,272.0,40
2026-09-29 01:13:44,WIFI,True,0.0,88.0,0,True,0.0,280.1,40
2026-09-29 01:13:45,WIFI,True,0.0,88.0,0,True,0.0,280.1,40
2026-09-29 01:13:46,WIFI,True,0.0,74.0,0,True,0.0,280.1,40
2026-09-29 01:13:48,WIFI,True,0.0,74.0,0,True,20.0,280.1,40
2026-09-29 01:13:49,WIFI,True,0.0,85.8,0,True,20.0,266.6,40
2026-09-29 01:13:50,WIFI,True,0.0,85.8,0,True,20.0,266.6,40
2026-09-29 01:13:51,WIFI,True,0.0,90.3,0,True,20.0,271.4,40
2026-09-29 01:13:52,WIFI,True,0.0,90.3,0,True,20.0,271.4,40
2026-09-29 01:13:53,WIFI,True,0.0,95.5,0,True,20.0,271.9,40
2026-09-29 01:13:54,WIFI,True,0.0,95.5,0,True,20.0,271.9,40
2026-09-29 01:13:55,WIFI,True,0.0,97.9,0,True,20.0,271.9,40
2026-09-29 01:13:56,WIFI,True,0.0,97.9,0,True,40.0,271.9,40
2026-09-29 01:13:57,WIFI,True,0.0,96.1,0,True,40.0,271.9,40
2026-09-29 01:13:58,WIFI,True,0.0,96.1,0,True,40.0,271.9,40
2026-09-29 01:13:59,WIFI,True,0.0,98.6,0,True,40.0,271.9,40
2026-09-29 01:14:00,WIFI,True,0.0,98.6,0,True,40.0,275.1,40
2026-09-29 01:14:01,WIFI,True,0.0,98.6,0,True,40.0,275.1,40
2026-09-29 01:14:02,WIFI,True,0.0,92.1,0,True,40.0,272.7,40
2026-09-29 01:14:03,WIFI,True,0.0,92.1,0,True,40.0,272.7,40
2026-09-29 01:14:04,WIFI,True,0.0,93.8,0,True,40.0,256.9,40
2026-09-29 01:14:05,WIFI,True,0.0,93.8,0,True,40.0,256.9,40
2026-09-29 01:14:06,WIFI,True,0.0,91.2,0,True,20.0,247.6,40
2026-09-29 01:14:07,WIFI,True,0.0,91.2,0,True,20.0,247.6,40
2026-09-29 01:14:09,WIFI,True,0.0,93.0,0,True,0.0,250.2,40
2026-09-29 01:14:10,WIFI,True,0.0,93.0,0,True,0.0,250.2,40
2026-09-29 01:14:11,WIFI,True,0.0,93.0,0,True,0.0,250.2,40
2026-09-29 01:14:12,WIFI,True,0.0,98.4,0,True,0.0,250.2,40
2026-09-29 01:14:13,WIFI,True,0.0,98.4,0,True,20.0,250.2,40
2026-09-29 01:14:14,WIFI,True,0.0,84.5,0,True,20.0,250.2,40
2026-09-29 01:14:16,WIFI,True,0.0,84.5,0,True,40.0,250.2,40
2026-09-29 01:14:17,WIFI,True,0.0,69.0,0,True,40.0,250.2,40
2026-09-29 01:14:18,WIFI,True,0.0,69.0,0,True,40.0,253.5,40
2026-09-29 01:14:19,WIFI,True,0.0,64.4,0,True,40.0,253.5,40
2026-09-29 01:14:20,WIFI,True,0.0,64.4,0,False,60.0,253.5,40
2026-09-29 01:14:21,WIFI,True,0.0,56.0,0,False,60.0,243.1,40
2026-09-29 01:14:22,WIFI,True,0.0,56.0,0,False,60.0,243.1,40
2026-09-29 01:14:23,WIFI,True,0.0,43.9,0,True,40.0,243.7,40
2026-09-29 01:14:24,WIFI,True,0.0,43.9,0,True,40.0,243.7,40
2026-09-29 01:14:26,WIFI,True,0.0,41.4,0,True,20.0,235.8,40
2026-09-29 01:14:27,WIFI,True,0.0,35.3,0,True,20.0,235.8,40
2026-09-29 01:14:28,WIFI,True,0.0,35.3,0,True,20.0,238.3,40
2026-09-29 01:14:29,WIFI,True,0.0,35.3,0,True,20.0,238.3,40
2026-09-29 01:14:30,WIFI,True,0.0,42.3,0,True,0.0,236.0,40
2026-09-29 01:14:31,WIFI,True,0.0,42.3,0,True,0.0,236.0,40
2026-09-29 01:14:33,WIFI,True,0.0,41.0,0,True,0.0,236.0,40
2026-09-29 01:14:34,WIFI,True,0.0,41.0,0,True,20.0,236.0,40
2026-09-29 01:14:35,WIFI,False,20.0,41.0,0,True,20.0,236.0,40
2026-09-29 01:14:36,WIFI,False,20.0,41.0,0,True,40.0,236.0,40
2026-09-29 01:14:37,LOWBITRATE,False,40.0,41.0,0,True,40.0,236.0,40
2026-09-29 01:14:39,LOWBITRATE,False,40.0,41.0,0,False,60.0,236.0,40
2026-09-29 01:14:40,,False,60.0,41.0,0,False,60.0,236.0,40
2026-09-29 01:14:41,,False,60.0,41.0,0,False,80.0,236.0,40
2026-09-29 01:14:42,,False,80.0,41.0,0,False,80.0,236.0,40
2026-09-29 01:14:43,,False,80.0,41.0,0,False,100.0,236.0,40
2026-09-29 01:14:44,,False,100.0,41.0,0,False,100.0,236.0,40
2026-09-29 01:14:45,,False,100.0,41.0,0,False,100.0,236.0,40
2026-09-29 01:14:46,,False,100.0,41.0,0,False,100.0,236.0,40
2026-09-29 01:14:47,,False,100.0,41.0,0,False,100.0,236.0,40
2026-09-29 01:14:48,,False,100.0,41.0,0,False,100.0,236.0,40
2026-09-29 01:14:49,,False,100.0,41.0,0,False,100.0,236.0,40
2026-09-29 01:14:50,,False,100.0,41.0,0,False,100.0,236.0,40
2026-09-29 01:14:52,,False,100.0,41.0,0,False,100.0,236.0,40
2026-09-29 01:14:53,,False,100.0,41.0,0,False,100.0,236.0,40
2026-09-29 01:14:54,,False,100.0,41.0,0,False,100.0,236.0,40
2026-09-29 01:14:55,,False,100.0,41.0,0,False,100.0,236.0,40
2026-09-29 01:14:56,,False,100.0,41.0,0,False,100.0,236.0,40
2026-09-29 01:14:57,,False,100.0,41.0,0,False,100.0,236.0,40
2026-09-29 01:14:58,,False,100.0,41.0,0,False,100.0,236.0,40
2026-09-29 01:15:00,,False,100.0,41.0,0,False,100.0,236.0,40
2026-09-29 01:15:01,,False,100.0,41.0,0,False,100.0,236.0,40
2026-09-29 01:15:02,,False,100.0,41.0,0,False,100.0,236.0,40
2026-09-29 01:15:03,,False,100.0,41.0,0,False,100.0,236.0,40
2026-09-29 01:15:04,,False,100.0,41.0,0,False,100.0,236.0,40
2026-09-29 01:15:05,,False,100.0,41.0,0,False,100.0,236.0,40
2026-09-29 01:15:06,,False,100.0,41.0,0,False,100.0,236.0,40
2026-09-29 01:15:07,,False,100.0,41.0,0,False,100.0,236.0,40
2026-09-29 01:15:08,,False,100.0,41.0,0,False,100.0,236.0,40
2026-09-29 01:15:09,,False,100.0,41.0,0,False,100.0,236.0,40
2026-09-29 01:15:10,,False,100.0,41.0,0,False,100.0,236.0,40
2026-09-29 01:15:11,,False,100.0,41.0,0,False,100.0,236.0,40
2026-09-29 01:15:12,,False,100.0,41.0,0,False,100.0,236.0,40
2026-09-29 01:15:13,,False,100.0,41.0,0,False,100.0,236.0,40
2026-09-29 01:15:14,,False,100.0,41.0,0,False,100.0,236.0,40
2026-09-29 01:15:15,,False,100.0,41.0,0,False,100.0,236.0,40
2026-09-29 01:15:16,,False,100.0,41.0,0,False,100.0,236.0,40
2026-09-29 01:15:17,,False,100.0,41.0,0,False,100.0,236.0,40
2026-09-29 01:15:18,,False,100.0,41.0,0,False,100.0,236.0,40
2026-09-29 01:15:19,,False,100.0,41.0,0,False,100.0,236.0,40
2026-09-29 01:15:20,,False,100.0,41.0,0,False,100.0,236.0,40
2026-09-29 01:15:21,,False,100.0,41.0,0,False,100.0,236.0,40
2026-09-29 01:15:22,,False,100.0,41.0,0,False,100.0,236.0,40
2026-09-29 01:15:23,,False,100.0,41.0,0,False,100.0,236.0,40
2026-09-29 01:15:24,,False,100.0,41.0,0,False,100.0,236.0,40
2026-09-29 01:15:25,,False,100.0,41.0,0,False,100.0,236.0,40
2026-09-29 01:15:26,,False,100.0,41.0,0,False,100.0,236.0,40
2026-09-29 01:15:27,,False,100.0,41.0,0,False,100.0,236.0,40
2026-09-29 01:15:28,,False,100.0,41.0,0,False,100.0,236.0,40
2026-09-29 01:15:29,,False,100.0,41.0,0,False,100.0,236.0,40
2026-09-29 01:15:30,,False,100.0,41.0,0,False,100.0,236.0,40
2026-09-29 01:15:32,,False,100.0,41.0,0,False,100.0,236.0,40
2026-09-29 01:15:33,,False,100.0,41.0,0,False,100.0,236.0,40
2026-09-29 01:15:34,,False,100.0,41.0,0,False,100.0,236.0,40
2026-09-29 01:15:35,,False,100.0,41.0,0,False,100.0,236.0,40
2026-09-29 01:15:36,,False,100.0,41.0,0,False,100.0,236.0,40
2026-09-29 01:15:38,,False,100.0,41.0,0,False,100.0,236.0,40
2026-09-29 01:15:39,,False,100.0,41.0,0,False,100.0,236.0,40
2026-09-29 01:15:40,,False,100.0,41.0,0,False,100.0,236.0,40
2026-09-29 01:15:41,,False,100.0,41.0,0,False,100.0,236.0,40
2026-09-29 01:15:42,,False,100.0,41.0,0,False,100.0,236.0,40
2026-09-29 01:15:43,,False,100.0,41.0,0,False,100.0,236.0,40
2026-09-29 01:15:44,,False,100.0,41.0,0,False,100.0,236.0,40
2026-09-29 01:15:45,,False,100.0,41.0,0,False,100.0,236.0,40
2026-09-29 01:15:46,,False,100.0,41.0,0,False,100.0,236.0,40
2026-09-29 01:15:47,,False,100.0,41.0,0,False,100.0,236.0,40
2026-09-29 01:15:48,,False,100.0,41.0,0,False,100.0,236.0,40
2026-09-29 01:15:49,,False,100.0,41.0,0,False,100.0,236.0,40
2026-09-29 01:15:50,,False,100.0,41.0,0,False,100.0,236.0,40
2026-09-29 01:15:51,,False,100.0,41.0,0,False,100.0,236.0,40
2026-09-29 01:15:52,,False,100.0,41.0,0,False,100.0,236.0,40
2026-09-29 01:15:53,,False,100.0,41.0,0,False,100.0,236.0,40
2026-09-29 01:15:54,,False,100.0,41.0,0,False,100.0,236.0,40
2026-09-29 01:15:55,,False,100.0,41.0,0,False,100.0,236.0,40
2026-09-29 01:15:56,,False,100.0,41.0,0,False,100.0,236.0,40
2026-09-29 01:15:57,,False,100.0,41.0,0,False,100.0,236.0,40
2026-09-29 01:15:58,,False,100.0,41.0,0,False,100.0,236.0,40
2026-09-29 01:15:59,,False,100.0,41.0,0,False,100.0,236.0,40
2026-09-29 01:16:00,,False,100.0,41.0,0,False,100.0,236.0,40
2026-09-29 01:16:01,,False,100.0,41.0,0,False,100.0,236.0,40
2026-09-29 01:16:02,,False,100.0,41.0,0,False,100.0,236.0,40
2026-09-29 01:16:03,,False,100.0,41.0,0,False,100.0,236.0,40
2026-09-29 01:16:04,,False,100.0,41.0,0,False,100.0,236.0,40
2026-09-29 01:16:05,,False,100.0,41.0,0,False,100.0,236.0,40
2026-09-29 01:16:07,,False,100.0,41.0,0,False,100.0,236.0,40
2026-09-29 01:16:08,,False,100.0,41.0,0,False,100.0,236.0,40
2026-09-29 01:16:09,,False,100.0,41.0,0,False,100.0,236.0,40
2026-09-29 01:16:10,,False,100.0,41.0,0,False,100.0,236.0,40
2026-09-29 01:16:12,,False,100.0,41.0,0,False,100.0,236.0,40
2026-09-29 01:16:13,,False,100.0,41.0,0,False,100.0,236.0,40
2026-09-29 01:16:14,,False,100.0,41.0,0,False,100.0,236.0,40
2026-09-29 01:16:15,,False,100.0,41.0,0,False,100.0,236.0,40
2026-09-29 01:16:16,,False,100.0,41.0,0,False,100.0,236.0,40
2026-09-29 01:16:17,,False,100.0,41.0,0,False,100.0,236.0,40
2026-09-29 01:16:18,,False,100.0,41.0,0,False,100.0,236.0,40
2026-09-29 01:16:19,,False,100.0,41.0,0,False,100.0,236.0,40
2026-09-29 01:16:20,,False,100.0,41.0,0,False,100.0,236.0,40
2026-09-29 01:16:21,,False,100.0,41.0,0,False,100.0,236.0,40
2026-09-29 01:16:22,,False,100.0,41.0,0,False,100.0,236.0,40
2026-09-29 01:16:23,,False,100.0,41.0,0,False,100.0,236.0,40
2026-09-29 01:16:25,,False,100.0,41.0,0,False,100.0,236.0,40
2026-09-29 01:16:26,,False,100.0,41.0,0,False,100.0,236.0,40
2026-09-29 01:16:27,,False,100.0,41.0,0,False,100.0,236.0,40
2026-09-29 01:16:28,,False,100.0,41.0,0,False,100.0,236.0,40
2026-09-29 01:16:29,,False,100.0,41.0,0,False,100.0,236.0,40
2026-09-29 01:16:30,,False,100.0,41.0,0,False,100.0,236.0,40
2026-09-29 01:16:31,,False,100.0,41.0,0,False,100.0,236.0,40
2026-09-29 01:16:32,,False,100.0,41.0,0,False,100.0,236.0,40
2026-09-29 01:16:33,,False,100.0,41.0,0,False,100.0,236.0,40
2026-09-29 01:16:34,,False,100.0,41.0,0,False,100.0,236.0,40
2026-09-29 01:16:35,,False,100.0,41.0,0,False,100.0,236.0,40
2026-09-29 01:16:36,,False,100.0,41.0,0,False,100.0,236.0,40
2026-09-29 01:16:37,,False,100.0,41.0,0,False,100.0,236.0,40
2026-09-29 01:16:38,,False,100.0,41.0,0,False,100.0,236.0,40
2026-09-29 01:16:39,,False,100.0,41.0,0,False,100.0,236.0,40
2026-09-29 01:16:40,,False,100.0,41.0,0,False,100.0,236.0,40
2026-09-29 01:16:41,,False,100.0,41.0,0,False,100.0,236.0,40
2026-09-29 01:16:42,,False,100.0,41.0,0,False,100.0,236.0,40
2026-09-29 01:16:43,,False,100.0,41.0,0,False,100.0,236.0,40
2026-09-29 01:16:44,,False,100.0,41.0,0,False,100.0,236.0,40
2026-09-29 01:16:45,,False,100.0,41.0,0,False,100.0,236.0,40
2026-09-29 01:16:46,,False,100.0,41.0,0,False,100.0,236.0,40
2026-09-29 01:16:48,,False,100.0,41.0,0,False,100.0,236.0,40
2026-09-29 01:16:49,,False,100.0,41.0,0,False,100.0,236.0,40
2026-09-29 01:16:50,,False,100.0,41.0,0,False,100.0,236.0,40
2026-09-29 01:16:51,,False,100.0,41.0,0,False,100.0,236.0,40
2026-09-29 01:16:52,,False,100.0,41.0,0,False,100.0,236.0,40
2026-09-29 01:16:53,,False,100.0,41.0,0,False,100.0,236.0,40
2026-09-29 01:16:54,,False,100.0,41.0,0,False,100.0,236.0,40
2026-09-29 01:16:55,,False,100.0,41.0,0,False,100.0,236.0,40
2026-09-29 01:16:56,,False,100.0,41.0,0,False,100.0,236.0,40
2026-09-29 01:16:57,,False,100.0,41.0,0,False,100.0,236.0,40
2026-09-29 01:16:58,,False,100.0,41.0,0,False,100.0,236.0,40
2026-09-29 01:16:59,,False,100.0,41.0,0,False,100.0,236.0,40
2026-09-29 01:17:00,,False,100.0,41.0,0,False,100.0,236.0,40
2026-09-29 01:17:01,,False,100.0,41.0,0,False,100.0,236.0,40
2026-09-29 01:17:02,,False,100.0,41.0,0,False,100.0,236.0,40
2026-09-29 01:17:03,,False,100.0,41.0,0,False,100.0,236.0,40
2026-09-29 01:17:04,,False,100.0,41.0,0,False,100.0,236.0,40
2026-09-29 01:17:06,,False,100.0,41.0,0,False,100.0,236.0,40
2026-09-29 01:17:07,,False,100.0,41.0,0,False,100.0,236.0,40
2026-09-29 01:17:08,,False,100.0,41.0,0,False,100.0,236.0,40
2026-09-29 01:17:09,,False,100.0,41.0,0,False,100.0,236.0,40
2026-09-29 01:17:10,,False,100.0,41.0,0,False,100.0,236.0,40
2026-09-29 01:17:11,,False,100.0,41.0,0,False,100.0,236.0,40
2026-09-29 01:17:12,,False,100.0,41.0,0,False,100.0,236.0,40
2026-09-29 01:17:13,,False,100.0,41.0,0,False,100.0,236.0,40
2026-09-29 01:17:14,,False,100.0,41.0,0,False,100.0,236.0,40
2026-09-29 01:17:15,,False,100.0,41.0,0,False,100.0,236.0,40
2026-09-29 01:17:16,,False,100.0,41.0,0,False,100.0,236.0,40
2026-09-29 01:17:17,,False,100.0,41.0,0,False,100.0,236.0,40
2026-09-29 01:17:18,,False,100.0,41.0,0,False,100.0,236.0,40
2026-09-29 01:17:19,,False,100.0,41.0,0,False,100.0,236.0,40
2026-09-29 01:17:20,,False,100.0,41.0,0,False,100.0,236.0,40
2026-09-29 01:17:21,,False,100.0,41.0,0,False,100.0,236.0,40
2026-09-29 01:17:22,,False,100.0,41.0,0,False,100.0,236.0,40
2026-09-29 01:17:23,,False,100.0,41.0,0,False,100.0,236.0,40
2026-09-29 01:17:25,,False,100.0,41.0,0,False,100.0,236.0,40
2026-09-29 01:17:26,,False,100.0,41.0,0,False,100.0,236.0,40
2026-09-29 01:17:27,,False,100.0,41.0,0,False,100.0,236.0,40
2026-09-29 01:17:28,,False,100.0,41.0,0,False,100.0,236.0,40
2026-09-29 01:17:29,,False,100.0,41.0,0,False,100.0,236.0,40
2026-09-29 01:17:30,,False,100.0,41.0,0,False,100.0,236.0,40
2026-09-29 01:17:31,,False,100.0,41.0,0,False,100.0,236.0,40
2026-09-29 01:17:32,,False,100.0,41.0,0,False,80.0,286.8,40
2026-09-29 01:17:33,,False,100.0,41.0,0,False,80.0,286.8,40
2026-09-29 01:17:34,,False,80.0,23.4,0,False,60.0,282.1,40
2026-09-29 01:17:35,,False,80.0,23.4,0,False,60.0,282.1,40
2026-09-29 01:17:36,,False,60.0,25.3,0,False,60.0,282.1,40
2026-09-29 01:17:37,,False,60.0,25.3,0,True,40.0,274.1,40
2026-09-29 01:17:38,,False,60.0,25.3,0,True,40.0,274.1,40
2026-09-29 01:17:39,LOWBITRATE,False,40.0,27.5,0,True,20.0,272.1,40
2026-09-29 01:17:40,LOWBITRATE,False,40.0,27.5,0,True,20.0,272.1,40
2026-09-29 01:17:41,LOWBITRATE,False,20.0,31.6,0,True,0.0,260.8,40
2026-09-29 01:17:43,LOWBITRATE,False,20.0,31.6,0,True,0.0,260.8,40
2026-09-29 01:17:44,LOWBITRATE,True,0.0,35.1,0,True,0.0,261.6,40
2026-09-29 01:17:45,LOWBITRATE,True,0.0,35.1,0,True,0.0,261.6,40
2026-09-29 01:17:46,LOWBITRATE,True,0.0,43.3,0,True,0.0,263.4,40
2026-09-29 01:17:47,LOWBITRATE,True,0.0,43.3,0,True,0.0,263.4,40
2026-09-29 01:17:48,LOWBITRATE,True,0.0,42.5,0,True,0.0,262.8,40
2026-09-29 01:17:50,WIFI,True,0.0,47.8,0,True,0.0,262.8,40
2026-09-29 01:17:51,WIFI,True,0.0,47.8,0,True,0.0,258.6,40
2026-09-29 01:17:52,WIFI,True,0.0,47.8,0,True,0.0,258.6,40
2026-09-29 01:17:53,WIFI,True,0.0,48.7,0,True,0.0,300.1,40
2026-09-29 01:17:54,WIFI,True,0.0,48.7,0,True,0.0,300.1,40
2026-09-29 01:17:55,WIFI,True,0.0,49.7,0,True,0.0,252.6,41
2026-09-29 01:17:56,WIFI,True,0.0,49.7,0,True,0.0,252.6,41
2026-09-29 01:17:57,WIFI,True,0.0,56.9,0,True,0.0,254.3,41
2026-09-29 01:17:58,WIFI,True,0.0,56.9,0,True,0.0,254.3,41
2026-09-29 01:17:59,WIFI,True,0.0,63.6,0,True,0.0,255.1,41
2026-09-29 01:18:00,WIFI,True,0.0,75.2,0,True,0.0,255.1,41
2026-09-29 01:18:01,WIFI,True,0.0,75.2,0,True,0.0,254.5,41
2026-09-29 01:18:02,WIFI,True,0.0,75.2,0,True,0.0,254.5,41
2026-09-29 01:18:03,WIFI,True,0.0,70.5,0,True,0.0,254.5,41
2026-09-29 01:18:04,WIFI,True,0.0,70.5,0,True,20.0,254.5,41
2026-09-29 01:18:05,WIFI,True,0.0,69.8,0,True,20.0,283.6,41
2026-09-29 01:18:06,WIFI,True,0.0,69.8,0,True,20.0,283.6,41
2026-09-29 01:18:07,WIFI,True,0.0,64.0,0,True,20.0,283.6,41
2026-09-29 01:18:08,WIFI,True,0.0,64.0,0,True,40.0,283.6,41
2026-09-29 01:18:10,WIFI,True,0.0,60.0,0,True,40.0,282.8,41
2026-09-29 01:18:11,WIFI,True,0.0,54.6,0,True,40.0,282.8,41
2026-09-29 01:18:12,WIFI,True,0.0,54.6,0,True,40.0,282.8,41
2026-09-29 01:18:13,WIFI,True,0.0,44.3,0,True,40.0,281.5,41
2026-09-29 01:18:14,WIFI,True,0.0,44.3,0,True,40.0,281.5,41
2026-09-29 01:18:15,WIFI,True,0.0,39.7,0,True,40.0,281.5,41
2026-09-29 01:18:16,WIFI,True,0.0,39.7,0,False,60.0,281.5,41
2026-09-29 01:18:17,WIFI,True,0.0,32.5,0,False,60.0,281.5,41
2026-09-29 01:18:19,WIFI,True,0.0,32.5,0,True,40.0,295.0,41
2026-09-29 01:18:20,WIFI,True,0.0,31.9,0,True,40.0,295.5,41
2026-09-29 01:18:21,WIFI,True,0.0,31.9,0,True,40.0,295.5,41
2026-09-29 01:18:22,WIFI,True,0.0,28.8,0,True,20.0,255.1,41
2026-09-29 01:18:23,WIFI,True,0.0,28.8,0,True,20.0,255.1,41
2026-09-29 01:18:24,WIFI,True,0.0,29.0,0,True,20.0,255.1,41
2026-09-29 01:18:25,WIFI,True,0.0,29.0,0,True,20.0,259.1,41
2026-09-29 01:18:26,WIFI,True,0.0,42.9,0,True,20.0,259.1,41
2026-09-29 01:18:27,WIFI,True,0.0,42.9,0,True,0.0,258.1,41
2026-09-29 01:18:28,WIFI,True,0.0,42.9,0,True,0.0,258.1,41
2026-09-29 01:18:29,WIFI,True,0.0,41.5,0,True,0.0,258.1,41
2026-09-29 01:18:30,WIFI,True,0.0,41.5,0,True,20.0,258.1,41
2026-09-29 01:18:31,WIFI,True,0.0,43.9,0,True,20.0,261.8,41
2026-09-29 01:18:32,WIFI,True,0.0,43.9,0,True,20.0,261.8,41
2026-09-29 01:18:33,WIFI,True,0.0,45.3,0,True,20.0,264.3,41
2026-09-29 01:18:34,WIFI,True,0.0,45.3,0,True,20.0,264.3,41
2026-09-29 01:18:36,WIFI,True,0.0,49.5,0,True,20.0,235.4,41
2026-09-29 01:18:37,WIFI,True,0.0,49.5,0,True,20.0,235.4,41
2026-09-29 01:18:38,WIFI,True,0.0,55.2,0,True,20.0,235.8,41
2026-09-29 01:18:39,WIFI,True,0.0,55.2,0,True,20.0,235.8,41
2026-09-29 01:18:40,WIFI,True,0.0,58.0,0,True,0.0,235.3,41
2026-09-29 01:18:41,WIFI,True,0.0,58.0,0,True,0.0,235.3,41
2026-09-29 01:18:42,WIFI,True,0.0,62.6,0,True,0.0,222.8,41
2026-09-29 01:18:43,WIFI,True,0.0,62.6,0,True,0.0,222.8,41
2026-09-29 01:18:44,WIFI,True,0.0,58.8,0,True,0.0,222.8,41
2026-09-29 01:18:45,WIFI,True,0.0,58.8,0,True,20.0,222.8,41
2026-09-29 01:18:46,WIFI,True,0.0,63.9,0,True,20.0,225.9,41
2026-09-29 01:18:47,WIFI,True,0.0,63.9,0,True,20.0,225.9,41
2026-09-29 01:18:48,WIFI,True,0.0,49.4,0,True,20.0,230.6,41
2026-09-29 01:18:49,WIFI,True,0.0,49.4,0,True,20.0,230.6,41
2026-09-29 01:18:50,WIFI,True,0.0,59.2,0,True,20.0,223.0,41
2026-09-29 01:18:51,WIFI,True,0.0,59.2,0,True,20.0,223.0,41
2026-09-29 01:18:52,WIFI,True,0.0,57.0,0,True,20.0,236.8,41
2026-09-29 01:18:53,WIFI,True,0.0,57.0,0,True,20.0,236.8,41
2026-09-29 01:18:54,WIFI,True,0.0,55.8,0,True,0.0,232.4,41
2026-09-29 01:18:55,WIFI,True,0.0,55.8,0,True,0.0,232.4,41
2026-09-29 01:18:56,WIFI,True,0.0,56.2,0,True,0.0,237.8,41
2026-09-29 01:18:57,WIFI,True,0.0,56.2,0,True,0.0,237.8,41
2026-09-29 01:18:58,WIFI,True,0.0,53.5,0,True,0.0,252.0,41
2026-09-29 01:18:59,WIFI,True,0.0,53.5,0,True,0.0,252.0,41
2026-09-29 01:19:01,WIFI,True,0.0,51.3,0,True,0.0,252.3,41
2026-09-29 01:19:02,WIFI,True,0.0,51.3,0,True,0.0,252.3,41
2026-09-29 01:19:03,WIFI,True,0.0,46.4,0,True,0.0,252.3,41
2026-09-29 01:19:04,WIFI,True,0.0,46.4,0,True,0.0,253.1,41
2026-09-29 01:19:05,WIFI,True,0.0,46.4,0,True,0.0,253.1,41
2026-09-29 01:19:06,WIFI,True,0.0,55.6,0,True,0.0,301.3,41
2026-09-29 01:19:07,WIFI,True,0.0,55.6,0,True,0.0,301.3,41
2026-09-29 01:19:08,WIFI,True,0.0,50.4,0,True,0.0,354.4,41
2026-09-29 01:19:09,WIFI,True,0.0,50.4,0,True,0.0,354.4,41
2026-09-29 01:19:10,WIFI,True,0.0,57.4,0,True,0.0,354.4,41
2026-09-29 01:19:11,WIFI,True,0.0,57.4,0,True,20.0,354.4,41
2026-09-29 01:19:12,WIFI,True,0.0,66.6,0,True,20.0,354.4,41
2026-09-29 01:19:13,WIFI,True,0.0,66.6,0,True,20.0,354.4,41
2026-09-29 01:19:14,WIFI,True,0.0,67.8,0,True,40.0,354.4,41
2026-09-29 01:19:15,WIFI,True,0.0,67.8,0,True,40.0,354.4,41
2026-09-29 01:19:16,WIFI,True,0.0,73.7,0,False,60.0,354.4,41
2026-09-29 01:19:17,WIFI,True,0.0,73.7,0,False,60.0,351.8,41
2026-09-29 01:19:18,WIFI,True,0.0,80.6,0,False,60.0,351.8,41
2026-09-29 01:19:19,WIFI,True,0.0,80.6,0,False,60.0,351.9,41
2026-09-29 01:19:20,WIFI,True,0.0,80.6,0,False,60.0,351.9,41
2026-09-29 01:19:21,WIFI,True,0.0,80.3,0,True,40.0,343.9,41
2026-09-29 01:19:22,WIFI,True,0.0,80.3,0,True,40.0,343.9,41
2026-09-29 01:19:23,WIFI,True,0.0,89.9,0,True,40.0,343.9,41
2026-09-29 01:19:24,WIFI,True,0.0,89.9,0,True,20.0,390.4,41
2026-09-29 01:19:25,WIFI,True,0.0,82.5,0,True,0.0,386.3,41
2026-09-29 01:19:26,WIFI,True,0.0,82.5,0,True,0.0,386.3,41
2026-09-29 01:19:27,WIFI,True,0.0,66.6,0,True,0.0,386.3,41
2026-09-29 01:19:28,WIFI,True,0.0,66.6,0,True,0.0,399.3,41
2026-09-29 01:19:29,WIFI,True,0.0,73.8,0,True,0.0,399.4,41
2026-09-29 01:19:30,WIFI,True,0.0,73.8,0,True,0.0,399.4,41
2026-09-29 01:19:31,WIFI,True,0.0,69.0,0,True,0.0,399.4,41
2026-09-29 01:19:32,WIFI,True,0.0,69.0,0,True,0.0,406.9,41
2026-09-29 01:19:34,WIFI,True,0.0,48.8,0,True,0.0,406.9,41
2026-09-29 01:19:35,WIFI,True,0.0,48.8,0,True,0.0,361.4,41
2026-09-29 01:19:36,WIFI,True,0.0,48.8,0,True,0.0,361.4,41
2026-09-29 01:19:37,WIFI,True,0.0,55.3,0,True,0.0,361.4,41
2026-09-29 01:19:38,WIFI,True,0.0,55.3,0,True,0.0,318.3,41
2026-09-29 01:19:39,WIFI,True,0.0,49.7,0,True,0.0,312.9,41
2026-09-29 01:19:40,WIFI,True,0.0,49.7,0,True,0.0,312.9,41
2026-09-29 01:19:41,WIFI,True,0.0,38.3,0,True,0.0,312.9,41
2026-09-29 01:19:42,WIFI,True,0.0,38.3,0,True,0.0,323.6,41
2026-09-29 01:19:43,WIFI,True,0.0,36.3,0,True,0.0,323.6,41
2026-09-29 01:19:44,WIFI,True,0.0,36.3,0,True,0.0,342.6,41
2026-09-29 01:19:45,WIFI,True,0.0,26.3,0,True,0.0,298.0,41
2026-09-29 01:19:46,WIFI,True,0.0,26.3,0,True,0.0,298.0,41
2026-09-29 01:19:47,WIFI,True,0.0,28.6,0,True,0.0,296.6,41
2026-09-29 01:19:48,WIFI,True,0.0,28.6,0,True,0.0,296.6,41
2026-09-29 01:19:49,WIFI,True,0.0,28.7,0,True,0.0,296.6,41
2026-09-29 01:19:50,WIFI,True,0.0,28.7,0,True,0.0,285.6,41
2026-09-29 01:19:52,WIFI,True,0.0,29.9,0,True,0.0,285.6,41
2026-09-29 01:19:53,WIFI,True,0.0,29.9,0,True,0.0,285.6,41
2026-09-29 01:19:54,WIFI,True,0.0,30.1,0,True,20.0,285.6,41
2026-09-29 01:19:55,WIFI,True,0.0,30.1,0,True,20.0,288.6,41
2026-09-29 01:19:56,WIFI,True,0.0,30.1,0,True,20.0,288.6,41
2026-09-29 01:19:57,WIFI,True,0.0,33.3,0,True,20.0,282.8,41
2026-09-29 01:19:58,WIFI,True,0.0,33.3,0,True,20.0,282.8,41
2026-09-29 01:19:59,WIFI,True,0.0,28.2,0,True,20.0,282.8,41
2026-09-29 01:20:00,WIFI,True,0.0,28.2,0,True,40.0,282.8,41
2026-09-29 01:20:01,WIFI,True,0.0,32.9,0,True,40.0,282.8,41
2026-09-29 01:20:02,WIFI,True,0.0,32.9,0,True,40.0,293.7,41
2026-09-29 01:20:03,WIFI,True,0.0,33.0,0,True,40.0,293.7,41
2026-09-29 01:20:04,WIFI,True,0.0,33.0,0,True,40.0,293.7,41
2026-09-29 01:20:05,WIFI,True,0.0,39.7,0,True,40.0,293.7,41
2026-09-29 01:20:06,WIFI,True,0.0,39.7,0,True,40.0,293.4,41
2026-09-29 01:20:07,WIFI,True,0.0,39.7,0,True,40.0,293.4,41
2026-09-29 01:20:08,WIFI,True,0.0,50.3,0,True,40.0,294.5,41
2026-09-29 01:20:09,WIFI,True,0.0,50.3,0,True,40.0,294.5,41
2026-09-29 01:20:10,WIFI,True,0.0,50.4,0,True,20.0,295.1,41
2026-09-29 01:20:11,WIFI,True,0.0,50.4,0,True,20.0,295.1,41
2026-09-29 01:20:12,WIFI,True,0.0,55.6,0,True,20.0,281.1,41
2026-09-29 01:20:13,WIFI,True,0.0,55.6,0,True,20.0,281.1,41
2026-09-29 01:20:14,WIFI,True,0.0,56.7,0,True,0.0,292.8,41
2026-09-29 01:20:15,WIFI,True,0.0,56.7,0,True,0.0,292.8,41
2026-09-29 01:20:16,WIFI,True,0.0,56.0,0,True,0.0,289.9,41
2026-09-29 01:20:17,WIFI,True,0.0,56.0,0,True,0.0,289.9,41
2026-09-29 01:20:18,WIFI,True,0.0,57.6,0,True,0.0,275.4,41
2026-09-29 01:20:19,WIFI,True,0.0,57.6,0,True,0.0,275.4,41
2026-09-29 01:20:20,WIFI,True,0.0,66.0,0,True,0.0,277.0,41
2026-09-29 01:20:22,WIFI,True,0.0,61.1,0,True,0.0,277.0,41
2026-09-29 01:20:23,WIFI,True,0.0,61.1,0,True,0.0,285.0,41
2026-09-29 01:20:24,WIFI,True,0.0,61.1,0,True,0.0,285.0,41
2026-09-29 01:20:25,WIFI,True,0.0,60.5,0,True,0.0,285.0,41
2026-09-29 01:20:26,WIFI,True,0.0,60.5,0,True,20.0,285.0,41
2026-09-29 01:20:28,WIFI,True,0.0,54.7,0,True,20.0,270.5,41
2026-09-29 01:20:29,WIFI,True,0.0,54.7,0,True,20.0,270.5,41
2026-09-29 01:20:30,WIFI,True,0.0,44.6,0,True,20.0,262.7,41
2026-09-29 01:20:31,WIFI,True,0.0,44.2,0,True,20.0,262.7,41
2026-09-29 01:20:32,WIFI,True,0.0,44.2,0,True,20.0,264.4,41
2026-09-29 01:20:33,WIFI,True,0.0,39.0,0,True,20.0,254.1,41
2026-09-29 01:20:34,WIFI,True,0.0,39.0,0,True,20.0,254.1,41
2026-09-29 01:20:35,WIFI,True,0.0,39.0,0,True,20.0,254.1,41
2026-09-29 01:20:36,WIFI,True,0.0,38.3,0,True,0.0,242.3,41
2026-09-29 01:20:37,WIFI,True,0.0,38.3,0,True,0.0,242.3,41
2026-09-29 01:20:38,WIFI,True,0.0,34.3,0,True,0.0,229.4,41
2026-09-29 01:20:40,WIFI,True,0.0,34.3,0,True,0.0,229.4,41
2026-09-29 01:20:41,WIFI,True,0.0,35.1,0,True,0.0,229.4,42
2026-09-29 01:20:42,WIFI,True,0.0,35.1,0,True,20.0,229.4,42
2026-09-29 01:20:43,WIFI,True,0.0,23.8,0,True,20.0,234.2,42
2026-09-29 01:20:44,WIFI,True,0.0,23.8,0,True,20.0,234.2,42
2026-09-29 01:20:46,WIFI,True,0.0,23.8,0,True,20.0,234.2,42
2026-09-29 01:20:47,WIFI,True,0.0,23.8,0,True,40.0,234.2,42
2026-09-29 01:20:48,WIFI,True,0.0,24.1,0,True,40.0,239.0,42
2026-09-29 01:20:49,WIFI,True,0.0,24.1,0,True,40.0,239.0,42
2026-09-29 01:20:50,WIFI,False,20.0,24.1,0,True,40.0,237.8,42
2026-09-29 01:20:51,WIFI,False,20.0,24.1,0,True,40.0,237.8,42
2026-09-29 01:20:52,LOWBITRATE,False,40.0,24.1,0,True,20.0,231.4,42
2026-09-29 01:20:53,LOWBITRATE,False,40.0,24.1,0,True,20.0,231.4,42
2026-09-29 01:20:54,LOWBITRATE,False,40.0,22.4,0,True,20.0,231.4,42
2026-09-29 01:20:55,LOWBITRATE,False,40.0,22.4,0,True,20.0,245.3,42
2026-09-29 01:20:56,LOWBITRATE,False,40.0,22.9,0,True,20.0,245.3,42
2026-09-29 01:20:57,LOWBITRATE,False,40.0,22.9,0,True,0.0,240.3,42
2026-09-29 01:20:59,LOWBITRATE,False,40.0,22.9,0,True,0.0,240.3,42
2026-09-29 01:21:00,LOWBITRATE,False,40.0,33.5,0,True,0.0,240.3,42
2026-09-29 01:21:01,LOWBITRATE,False,40.0,33.5,0,True,20.0,240.3,42
2026-09-29 01:21:02,LOWBITRATE,False,20.0,48.7,0,True,20.0,240.3,42
2026-09-29 01:21:03,LOWBITRATE,False,20.0,48.7,0,True,40.0,240.3,42
2026-09-29 01:21:04,LOWBITRATE,True,0.0,44.5,0,True,40.0,247.0,42
2026-09-29 01:21:05,LOWBITRATE,True,0.0,44.5,0,True,40.0,247.0,42
2026-09-29 01:21:06,LOWBITRATE,True,0.0,51.8,0,True,40.0,247.8,42
2026-09-29 01:21:07,LOWBITRATE,True,0.0,51.8,0,True,40.0,247.8,42
2026-09-29 01:21:08,LOWBITRATE,True,0.0,59.3,0,True,40.0,247.8,42
2026-09-29 01:21:09,LOWBITRATE,True,0.0,59.3,0,True,40.0,249.2,42
2026-09-29 01:21:10,LOWBITRATE,True,0.0,59.3,0,True,40.0,249.2,42
2026-09-29 01:21:11,WIFI,True,0.0,71.0,0,True,40.0,249.2,42
2026-09-29 01:21:12,WIFI,True,0.0,71.0,0,True,40.0,249.2,42
2026-09-29 01:21:13,WIFI,True,0.0,73.2,0,True,20.0,250.2,42
2026-09-29 01:21:15,WIFI,True,0.0,73.2,0,True,20.0,250.2,42
2026-09-29 01:21:16,WIFI,True,0.0,73.0,0,True,20.0,250.7,42
2026-09-29 01:21:17,WIFI,True,0.0,73.0,0,True,20.0,250.7,42
2026-09-29 01:21:18,WIFI,True,0.0,79.4,0,True,20.0,243.5,42
2026-09-29 01:21:19,WIFI,True,0.0,79.4,0,True,20.0,243.5,42
2026-09-29 01:21:20,WIFI,True,0.0,80.9,0,True,20.0,243.5,42
2026-09-29 01:21:21,WIFI,True,0.0,80.9,0,True,40.0,243.5,42
2026-09-29 01:21:22,WIFI,True,0.0,78.5,0,True,20.0,240.0,42
2026-09-29 01:21:23,WIFI,True,0.0,78.5,0,True,20.0,240.0,42
2026-09-29 01:21:24,WIFI,True,0.0,67.5,0,True,20.0,240.0,42
2026-09-29 01:21:25,WIFI,True,0.0,67.5,0,True,20.0,241.5,42
2026-09-29 01:21:26,WIFI,True,0.0,67.5,0,True,20.0,241.5,42
2026-09-29 01:21:28,WIFI,True,0.0,65.0,0,True,20.0,228.0,42
2026-09-29 01:21:29,WIFI,True,0.0,65.0,0,True,20.0,228.0,42
2026-09-29 01:21:30,WIFI,True,0.0,62.3,0,True,20.0,228.0,42
2026-09-29 01:21:31,WIFI,True,0.0,62.3,0,True,20.0,234.6,42
2026-09-29 01:21:32,WIFI,True,0.0,60.2,0,True,20.0,234.6,42
2026-09-29 01:21:33,WIFI,True,0.0,60.2,0,True,0.0,227.3,42
2026-09-29 01:21:34,WIFI,True,0.0,60.2,0,True,0.0,227.3,42
2026-09-29 01:21:35,WIFI,True,0.0,53.2,0,True,0.0,230.5,42
2026-09-29 01:21:36,WIFI,True,0.0,53.2,0,True,0.0,230.5,42
2026-09-29 01:21:37,WIFI,True,0.0,59.7,0,True,0.0,238.6,42
2026-09-29 01:21:38,WIFI,True,0.0,59.7,0,True,0.0,238.6,42
2026-09-29 01:21:39,WIFI,True,0.0,59.7,0,True,0.0,238.6,43
2026-09-29 01:21:40,WIFI,True,0.0,59.7,0,True,20.0,238.6,43
2026-09-29 01:21:41,WIFI,True,0.0,56.8,0,True,20.0,238.3,43
2026-09-29 01:21:43,WIFI,True,0.0,54.8,0,True,20.0,238.3,43
2026-09-29 01:21:44,WIFI,True,0.0,54.8,0,True,20.0,244.9,43
2026-09-29 01:21:45,WIFI,True,0.0,54.8,0,True,20.0,244.9,43
2026-09-29 01:21:46,WIFI,True,0.0,61.4,0,True,20.0,248.9,43
2026-09-29 01:21:47,WIFI,True,0.0,61.4,0,True,20.0,248.9,43
2026-09-29 01:21:48,WIFI,True,0.0,66.1,0,True,20.0,248.9,43
2026-09-29 01:21:49,WIFI,True,0.0,66.1,0,True,20.0,248.3,43
2026-09-29 01:21:50,WIFI,True,0.0,66.1,0,True,20.0,248.3,43
2026-09-29 01:21:51,WIFI,True,0.0,69.5,0,True,0.0,242.8,43
2026-09-29 01:21:52,WIFI,True,0.0,69.5,0,True,0.0,242.8,43
2026-09-29 01:21:53,WIFI,True,0.0,72.5,0,True,0.0,260.1,43
2026-09-29 01:21:54,WIFI,True,0.0,72.5,0,True,0.0,260.1,43
2026-09-29 01:21:55,WIFI,True,0.0,61.6,0,True,0.0,255.3,43
2026-09-29 01:21:57,WIFI,True,0.0,61.6,0,True,0.0,255.3,43
2026-09-29 01:21:58,WIFI,True,0.0,58.8,0,True,0.0,261.8,43
2026-09-29 01:21:59,WIFI,True,0.0,58.8,0,True,0.0,261.8,43
2026-09-29 01:22:00,WIFI,True,0.0,55.3,0,True,0.0,256.9,43
2026-09-29 01:22:01,WIFI,True,0.0,55.3,0,True,0.0,256.9,43
2026-09-29 01:22:02,WIFI,True,0.0,67.2,0,True,0.0,250.0,43
2026-09-29 01:22:03,WIFI,True,0.0,67.2,0,True,0.0,250.0,43
2026-09-29 01:22:04,WIFI,True,0.0,67.2,0,True,0.0,250.0,43
2026-09-29 01:22:05,WIFI,True,0.0,82.9,0,True,0.0,249.0,43
2026-09-29 01:22:06,WIFI,True,0.0,82.9,0,True,0.0,249.0,43
2026-09-29 01:22:07,WIFI,True,0.0,90.8,0,True,0.0,237.4,43
2026-09-29 01:22:08,WIFI,True,0.0,77.9,0,True,0.0,237.4,43
2026-09-29 01:22:09,WIFI,True,0.0,77.9,0,True,0.0,234.0,43
2026-09-29 01:22:10,WIFI,True,0.0,77.9,0,True,0.0,234.0,43
2026-09-29 01:22:11,WIFI,True,0.0,68.7,0,True,0.0,233.0,43
2026-09-29 01:22:12,WIFI,True,0.0,68.7,0,True,0.0,233.0,43
2026-09-29 01:22:14,WIFI,True,0.0,64.2,0,True,0.0,234.2,43
2026-09-29 01:22:15,WIFI,True,0.0,56.5,0,True,0.0,247.8,43
2026-09-29 01:22:17,WIFI,True,0.0,56.5,0,True,0.0,247.8,43
2026-09-29 01:22:18,WIFI,True,0.0,59.0,0,True,0.0,247.8,43
2026-09-29 01:22:19,WIFI,True,0.0,59.0,0,True,20.0,247.8,43
2026-09-29 01:22:20,WIFI,True,0.0,66.5,0,True,20.0,247.8,43
2026-09-29 01:22:21,WIFI,True,0.0,66.5,0,True,40.0,247.8,43
2026-09-29 01:22:22,WIFI,True,0.0,64.5,0,True,40.0,245.8,43
2026-09-29 01:22:23,WIFI,True,0.0,64.5,0,True,40.0,245.8,43
2026-09-29 01:22:24,WIFI,True,0.0,63.0,0,True,40.0,239.1,43
2026-09-29 01:22:25,WIFI,True,0.0,63.0,0,True,40.0,239.1,43
2026-09-29 01:22:26,WIFI,True,0.0,52.3,0,True,40.0,238.6,43
2026-09-29 01:22:27,WIFI,True,0.0,52.3,0,True,40.0,238.6,43
2026-09-29 01:22:28,WIFI,True,0.0,44.1,0,True,20.0,236.2,43
2026-09-29 01:22:29,WIFI,True,0.0,44.1,0,True,20.0,236.2,43
2026-09-29 01:22:30,WIFI,True,0.0,44.1,0,True,20.0,236.2,43
2026-09-29 01:22:31,WIFI,True,0.0,55.6,0,True,0.0,236.3,43
2026-09-29 01:22:32,WIFI,True,0.0,55.6,0,True,0.0,236.3,43
2026-09-29 01:22:33,WIFI,True,0.0,58.0,0,True,0.0,235.0,43
2026-09-29 01:22:34,WIFI,True,0.0,58.0,0,True,0.0,235.0,43
2026-09-29 01:22:35,WIFI,True,0.0,68.3,0,True,0.0,235.0,43
2026-09-29 01:22:36,WIFI,True,0.0,68.3,0,True,0.0,234.6,43
2026-09-29 01:22:37,WIFI,True,0.0,68.6,0,True,0.0,234.6,43
2026-09-29 01:22:38,WIFI,True,0.0,68.6,0,True,0.0,234.6,43
2026-09-29 01:22:39,WIFI,True,0.0,68.6,0,True,20.0,234.6,43
2026-09-29 01:22:41,WIFI,True,0.0,78.4,0,True,20.0,235.8,43
2026-09-29 01:22:42,WIFI,True,0.0,70.4,0,True,20.0,235.8,43
2026-09-29 01:22:43,WIFI,True,0.0,70.4,0,True,20.0,235.8,43
2026-09-29 01:22:44,WIFI,True,0.0,72.2,0,True,40.0,235.8,43
2026-09-29 01:22:45,WIFI,True,0.0,72.2,0,True,40.0,244.4,43
2026-09-29 01:22:46,WIFI,True,0.0,72.2,0,True,40.0,244.4,43
2026-09-29 01:22:47,WIFI,True,0.0,73.5,0,True,40.0,213.5,43
2026-09-29 01:22:48,WIFI,True,0.0,73.5,0,True,40.0,213.5,43
2026-09-29 01:22:49,WIFI,True,0.0,73.1,0,True,20.0,214.9,43
2026-09-29 01:22:50,WIFI,True,0.0,73.1,0,True,20.0,214.9,43
2026-09-29 01:22:52,WIFI,True,0.0,75.3,0,True,20.0,214.2,43
2026-09-29 01:22:53,WIFI,True,0.0,75.3,0,True,20.0,214.2,43
2026-09-29 01:22:54,WIFI,True,0.0,71.5,0,True,0.0,214.9,43
2026-09-29 01:22:55,WIFI,True,0.0,71.5,0,True,0.0,214.9,43
2026-09-29 01:22:56,WIFI,True,0.0,79.4,0,True,0.0,214.1,43
2026-09-29 01:22:57,WIFI,True,0.0,79.4,0,True,0.0,214.1,43
2026-09-29 01:22:58,WIFI,True,0.0,77.9,0,True,0.0,216.8,43
2026-09-29 01:22:59,WIFI,True,0.0,77.9,0,True,0.0,216.8,43
2026-09-29 01:23:00,WIFI,True,0.0,96.3,0,True,0.0,219.0,43
2026-09-29 01:23:01,WIFI,True,0.0,96.3,0,True,0.0,219.0,43
2026-09-29 01:23:02,WIFI,True,0.0,96.3,0,True,0.0,223.1,43
2026-09-29 01:23:03,WIFI,True,0.0,96.3,0,True,0.0,223.1,43
2026-09-29 01:23:04,WIFI,True,0.0,103.6,0,True,0.0,224.2,43
2026-09-29 01:23:05,WIFI,True,0.0,103.6,0,True,0.0,224.2,43
2026-09-29 01:23:06,WIFI,True,0.0,107.5,0,True,0.0,217.2,43
2026-09-29 01:23:07,WIFI,True,0.0,107.5,0,True,0.0,217.2,43
2026-09-29 01:23:08,WIFI,True,0.0,104.7,0,True,0.0,243.1,43
2026-09-29 01:23:09,WIFI,True,0.0,104.7,0,True,0.0,243.1,43
2026-09-29 01:23:10,WIFI,True,0.0,107.5,0,True,0.0,242.5,43
2026-09-29 01:23:11,WIFI,True,0.0,107.5,0,True,0.0,242.5,43
2026-09-29 01:23:12,WIFI,True,0.0,108.0,0,True,0.0,242.8,43
2026-09-29 01:23:13,WIFI,True,0.0,108.0,0,True,0.0,242.8,43
2026-09-29 01:23:14,WIFI,True,0.0,102.7,0,True,0.0,242.0,43
2026-09-29 01:23:16,WIFI,True,0.0,102.7,0,True,0.0,242.0,43
2026-09-29 01:23:17,WIFI,True,0.0,98.5,0,True,0.0,242.0,43
2026-09-29 01:23:18,WIFI,True,0.0,98.5,0,True,20.0,242.0,43
2026-09-29 01:23:19,WIFI,True,0.0,89.8,0,True,20.0,246.3,43
2026-09-29 01:23:20,WIFI,True,0.0,89.8,0,True,20.0,246.3,43
2026-09-29 01:23:21,WIFI,True,0.0,71.5,0,True,20.0,246.3,43
2026-09-29 01:23:22,WIFI,True,0.0,71.5,0,True,20.0,246.3,43
2026-09-29 01:23:23,WIFI,True,0.0,68.7,0,True,40.0,243.5,43
2026-09-29 01:23:24,WIFI,True,0.0,68.7,0,True,40.0,243.5,43
2026-09-29 01:23:25,WIFI,True,0.0,63.5,0,True,40.0,243.5,43
2026-09-29 01:23:26,WIFI,True,0.0,63.5,0,True,40.0,248.5,43
2026-09-29 01:23:27,WIFI,True,0.0,63.5,0,True,40.0,248.5,43
2026-09-29 01:23:28,WIFI,True,0.0,58.3,0,True,20.0,273.8,43
2026-09-29 01:23:29,WIFI,True,0.0,58.3,0,True,20.0,273.8,43
2026-09-29 01:23:30,WIFI,True,0.0,63.4,0,True,20.0,273.8,43
2026-09-29 01:23:31,WIFI,True,0.0,57.2,0,True,40.0,273.8,43
2026-09-29 01:23:32,WIFI,True,0.0,57.2,0,True,20.0,288.0,43
2026-09-29 01:23:33,WIFI,True,0.0,57.2,0,True,20.0,288.0,43
2026-09-29 01:23:35,WIFI,True,0.0,55.0,0,True,20.0,288.0,44
2026-09-29 01:23:37,WIFI,True,0.0,55.1,0,True,40.0,288.0,44
2026-09-29 01:23:39,WIFI,True,0.0,55.1,0,True,40.0,296.0,44
2026-09-29 01:23:40,WIFI,True,0.0,55.1,0,True,40.0,296.0,44
2026-09-29 01:23:41,WIFI,True,0.0,55.1,0,True,40.0,296.0,44
2026-09-29 01:23:42,WIFI,True,0.0,51.8,0,True,40.0,280.1,44
2026-09-29 01:23:43,WIFI,True,0.0,51.8,0,True,40.0,280.1,44
2026-09-29 01:23:44,WIFI,True,0.0,51.0,0,True,20.0,296.5,44
2026-09-29 01:23:45,WIFI,True,0.0,51.3,0,True,20.0,296.5,44
2026-09-29 01:23:46,WIFI,True,0.0,51.3,0,True,20.0,298.4,44
2026-09-29 01:23:47,WIFI,True,0.0,47.2,0,True,0.0,300.5,44
2026-09-29 01:23:48,WIFI,True,0.0,47.2,0,True,0.0,300.5,44
2026-09-29 01:23:49,WIFI,True,0.0,57.5,0,True,0.0,300.5,44
2026-09-29 01:23:50,WIFI,True,0.0,57.5,0,True,0.0,311.3,44
2026-09-29 01:23:51,WIFI,True,0.0,53.6,0,True,0.0,311.4,44
2026-09-29 01:23:52,WIFI,True,0.0,53.6,0,True,0.0,311.4,44
2026-09-29 01:23:53,WIFI,True,0.0,43.3,0,True,0.0,309.5,44
2026-09-29 01:23:54,WIFI,True,0.0,43.3,0,True,0.0,309.5,44
2026-09-29 01:23:55,WIFI,True,0.0,45.2,0,True,0.0,280.7,44
2026-09-29 01:23:56,WIFI,True,0.0,45.2,0,True,0.0,280.7,44
2026-09-29 01:23:57,WIFI,True,0.0,44.6,0,True,0.0,265.2,44
2026-09-29 01:23:58,WIFI,True,0.0,44.6,0,True,0.0,265.2,44
2026-09-29 01:23:59,WIFI,True,0.0,48.9,0,True,0.0,255.0,44
2026-09-29 01:24:01,WIFI,True,0.0,48.9,0,True,0.0,255.0,44
2026-09-29 01:24:02,WIFI,True,0.0,50.2,0,True,0.0,255.0,44
2026-09-29 01:24:03,WIFI,True,0.0,50.2,0,True,20.0,255.0,44
2026-09-29 01:24:04,WIFI,True,0.0,56.5,0,True,20.0,245.1,44
2026-09-29 01:24:05,WIFI,True,0.0,56.1,0,True,20.0,245.1,44
2026-09-29 01:24:06,WIFI,True,0.0,56.1,0,True,20.0,230.4,44
2026-09-29 01:24:07,WIFI,True,0.0,53.0,0,True,20.0,230.4,44
2026-09-29 01:24:08,WIFI,True,0.0,53.0,0,True,20.0,229.5,44
2026-09-29 01:24:10,WIFI,True,0.0,53.0,0,True,20.0,229.5,44
2026-09-29 01:24:11,WIFI,True,0.0,41.6,0,True,20.0,229.5,44
2026-09-29 01:24:12,WIFI,True,0.0,41.6,0,True,40.0,229.5,44
2026-09-29 01:24:13,WIFI,True,0.0,54.8,0,True,20.0,231.0,44
2026-09-29 01:24:14,WIFI,True,0.0,54.8,0,True,20.0,231.0,44
2026-09-29 01:24:15,WIFI,True,0.0,60.6,0,True,20.0,231.0,44
2026-09-29 01:24:16,WIFI,True,0.0,60.6,0,True,40.0,231.0,44
2026-09-29 01:24:17,WIFI,True,0.0,59.5,0,True,40.0,231.0,44
2026-09-29 01:24:18,WIFI,True,0.0,59.5,0,False,60.0,231.0,44
2026-09-29 01:24:19,WIFI,True,0.0,64.2,0,False,60.0,218.1,44
2026-09-29 01:24:20,WIFI,True,0.0,64.2,0,False,60.0,218.1,44
2026-09-29 01:24:21,WIFI,True,0.0,56.5,0,False,60.0,218.1,44
2026-09-29 01:24:22,WIFI,True,0.0,56.5,0,False,60.0,218.1,44
2026-09-29 01:24:23,WIFI,True,0.0,57.4,0,False,60.0,219.3,44
2026-09-29 01:24:25,WIFI,True,0.0,57.4,0,False,60.0,219.3,44
2026-09-29 01:24:26,WIFI,True,0.0,51.1,0,True,40.0,220.6,44
2026-09-29 01:24:27,WIFI,True,0.0,51.1,0,True,40.0,220.6,44
2026-09-29 01:24:28,WIFI,True,0.0,62.8,0,True,20.0,221.0,44
2026-09-29 01:24:29,WIFI,True,0.0,62.8,0,True,20.0,221.0,44
2026-09-29 01:24:30,WIFI,True,0.0,61.2,0,True,20.0,221.0,44
2026-09-29 01:24:32,WIFI,True,0.0,61.2,0,True,40.0,221.0,44
2026-09-29 01:24:33,WIFI,True,0.0,58.8,0,True,20.0,220.5,44
2026-09-29 01:24:34,WIFI,True,0.0,58.8,0,True,20.0,220.5,44
2026-09-29 01:24:35,WIFI,True,0.0,46.6,0,True,20.0,221.8,44
2026-09-29 01:24:36,WIFI,True,0.0,37.0,0,True,20.0,224.5,44
2026-09-29 01:24:37,WIFI,True,0.0,37.0,0,True,20.0,224.5,44
2026-09-29 01:24:38,WIFI,True,0.0,35.2,0,True,20.0,224.5,44
2026-09-29 01:24:39,WIFI,True,0.0,35.2,0,True,20.0,224.5,44
2026-09-29 01:24:40,WIFI,True,0.0,30.5,0,True,20.0,226.7,44
2026-09-29 01:24:41,WIFI,True,0.0,30.5,0,True,20.0,226.7,44
2026-09-29 01:24:42,WIFI,True,0.0,27.2,0,True,20.0,226.7,44
2026-09-29 01:24:43,WIFI,True,0.0,27.2,0,True,20.0,226.7,44
2026-09-29 01:24:44,WIFI,True,0.0,31.4,0,True,40.0,226.7,45
2026-09-29 01:24:45,WIFI,True,0.0,31.4,0,True,40.0,226.7,45
2026-09-29 01:24:46,WIFI,True,0.0,42.8,0,False,60.0,225.1,45
2026-09-29 01:24:47,WIFI,True,0.0,42.8,0,False,60.0,225.1,45
2026-09-29 01:24:49,WIFI,True,0.0,31.2,0,False,60.0,225.1,45
2026-09-29 01:24:50,WIFI,True,0.0,31.2,0,True,40.0,227.5,45
2026-09-29 01:24:51,WIFI,True,0.0,31.2,0,True,40.0,227.5,45
2026-09-29 01:24:52,WIFI,True,0.0,30.5,0,True,40.0,227.5,45
2026-09-29 01:24:53,WIFI,True,0.0,30.5,0,False,60.0,227.5,45
2026-09-29 01:24:54,WIFI,True,0.0,30.7,0,True,40.0,230.0,45
2026-09-29 01:24:55,WIFI,True,0.0,30.7,0,True,40.0,230.0,45
2026-09-29 01:24:56,WIFI,True,0.0,33.7,0,True,40.0,230.0,45
2026-09-29 01:24:57,WIFI,True,0.0,33.7,0,True,40.0,230.0,45
2026-09-29 01:24:58,WIFI,True,0.0,36.5,0,True,40.0,228.6,45
2026-09-29 01:24:59,WIFI,True,0.0,36.5,0,True,40.0,228.6,45
2026-09-29 01:25:01,WIFI,True,0.0,32.5,0,True,40.0,226.1,45
2026-09-29 01:25:02,WIFI,True,0.0,32.5,0,True,40.0,226.1,46
2026-09-29 01:25:03,WIFI,True,0.0,39.7,0,True,40.0,226.1,46
2026-09-29 01:25:04,WIFI,True,0.0,39.7,0,True,40.0,226.1,46
2026-09-29 01:25:05,WIFI,True,0.0,47.1,0,True,40.0,225.8,46
2026-09-29 01:25:06,WIFI,True,0.0,47.1,0,True,40.0,225.8,46
2026-09-29 01:25:07,WIFI,True,0.0,40.3,0,True,20.0,232.3,46
2026-09-29 01:25:08,WIFI,True,0.0,40.3,0,True,20.0,232.3,46
2026-09-29 01:25:09,WIFI,True,0.0,36.0,0,True,20.0,231.7,46
2026-09-29 01:25:10,WIFI,True,0.0,36.0,0,True,20.0,231.7,46
2026-09-29 01:25:11,WIFI,True,0.0,47.8,0,True,20.0,235.2,46
2026-09-29 01:25:12,WIFI,True,0.0,59.4,0,True,0.0,230.4,46
2026-09-29 01:25:13,WIFI,True,0.0,59.4,0,True,0.0,230.4,46
2026-09-29 01:25:14,WIFI,True,0.0,63.1,0,True,0.0,230.5,46
2026-09-29 01:25:15,WIFI,True,0.0,63.1,0,True,0.0,230.5,46
2026-09-29 01:25:16,WIFI,True,0.0,68.0,0,True,0.0,230.5,46
2026-09-29 01:25:17,WIFI,True,0.0,68.0,0,True,0.0,267.5,46
2026-09-29 01:25:18,WIFI,True,0.0,69.5,0,True,0.0,267.5,46
2026-09-29 01:25:19,WIFI,True,0.0,69.5,0,True,0.0,262.3,46
2026-09-29 01:25:20,WIFI,True,0.0,70.9,0,True,0.0,262.3,46
2026-09-29 01:25:21,WIFI,True,0.0,70.9,0,True,0.0,265.1,46
2026-09-29 01:25:22,WIFI,True,0.0,70.9,0,True,0.0,265.1,46
2026-09-29 01:25:23,WIFI,True,0.0,70.1,0,True,0.0,264.3,46
2026-09-29 01:25:24,WIFI,True,0.0,70.1,0,True,0.0,264.3,46
2026-09-29 01:25:25,WIFI,True,0.0,73.7,0,True,0.0,264.3,46
2026-09-29 01:25:26,WIFI,True,0.0,73.7,0,True,20.0,264.3,46
2026-09-29 01:25:27,WIFI,True,0.0,75.7,0,True,20.0,314.4,46
2026-09-29 01:25:28,WIFI,True,0.0,75.7,0,True,20.0,314.4,46
2026-09-29 01:25:29,WIFI,True,0.0,72.0,0,True,20.0,314.4,46
2026-09-29 01:25:30,WIFI,True,0.0,72.0,0,True,20.0,314.4,46
2026-09-29 01:25:31,WIFI,True,0.0,60.2,0,True,40.0,314.4,47
2026-09-29 01:25:32,WIFI,True,0.0,60.2,0,True,40.0,314.4,47
2026-09-29 01:25:33,WIFI,True,0.0,49.2,0,False,60.0,314.4,47
2026-09-29 01:25:34,WIFI,True,0.0,49.2,0,False,60.0,314.4,47
2026-09-29 01:25:36,WIFI,True,0.0,46.1,0,False,80.0,314.4,47
2026-09-29 01:25:37,WIFI,True,0.0,46.1,0,False,60.0,317.3,47
2026-09-29 01:25:38,WIFI,True,0.0,46.1,0,False,60.0,317.3,47
2026-09-29 01:25:39,WIFI,True,0.0,44.2,0,False,60.0,317.9,47
2026-09-29 01:25:40,WIFI,True,0.0,44.2,0,False,60.0,317.9,47
2026-09-29 01:25:41,WIFI,True,0.0,51.3,0,True,40.0,311.8,47
2026-09-29 01:25:42,WIFI,True,0.0,51.3,0,True,40.0,311.8,47
2026-09-29 01:25:43,WIFI,True,0.0,52.9,0,True,20.0,332.8,47
2026-09-29 01:25:44,WIFI,True,0.0,52.9,0,True,20.0,332.8,47
2026-09-29 01:25:45,WIFI,True,0.0,56.7,0,True,0.0,333.2,47
2026-09-29 01:25:46,WIFI,True,0.0,56.7,0,True,0.0,333.2,47
2026-09-29 01:25:47,WIFI,True,0.0,55.0,0,True,0.0,333.2,47
2026-09-29 01:25:48,WIFI,True,0.0,55.0,0,True,0.0,291.6,47
2026-09-29 01:25:49,WIFI,True,0.0,50.6,0,True,0.0,291.6,47
2026-09-29 01:25:50,WIFI,True,0.0,50.6,0,True,0.0,294.9,47
2026-09-29 01:25:51,WIFI,True,0.0,50.6,0,True,0.0,294.9,47
2026-09-29 01:25:52,WIFI,True,0.0,63.6,0,True,0.0,294.9,47
2026-09-29 01:25:53,WIFI,True,0.0,63.6,0,True,20.0,294.9,47
2026-09-29 01:25:54,WIFI,True,0.0,65.5,0,True,20.0,294.9,47
2026-09-29 01:25:55,WIFI,True,0.0,72.6,0,True,40.0,294.9,47
2026-09-29 01:25:56,WIFI,True,0.0,72.6,0,True,40.0,291.2,47
2026-09-29 01:25:57,WIFI,True,0.0,72.6,0,True,40.0,291.2,47
2026-09-29 01:25:59,WIFI,True,0.0,77.0,0,True,40.0,291.2,47
2026-09-29 01:26:00,WIFI,True,0.0,71.4,0,False,60.0,291.2,47
2026-09-29 01:26:01,WIFI,True,0.0,71.4,0,False,60.0,305.1,47
2026-09-29 01:26:02,WIFI,True,0.0,71.4,0,False,60.0,305.1,47
2026-09-29 01:26:03,WIFI,True,0.0,74.6,0,True,40.0,254.6,47
2026-09-29 01:26:04,WIFI,True,0.0,74.6,0,True,40.0,254.6,47
2026-09-29 01:26:05,WIFI,True,0.0,82.3,0,True,20.0,256.2,47
2026-09-29 01:26:06,WIFI,True,0.0,82.3,0,True,20.0,256.2,47
2026-09-29 01:26:08,WIFI,True,0.0,83.3,0,True,20.0,256.2,47
2026-09-29 01:26:09,WIFI,True,0.0,74.5,0,True,40.0,256.2,47
2026-09-29 01:26:10,WIFI,True,0.0,74.5,0,True,20.0,260.6,47
2026-09-29 01:26:11,WIFI,True,0.0,80.5,0,True,20.0,260.6,47
2026-09-29 01:26:12,WIFI,True,0.0,80.5,0,True,20.0,263.6,47
2026-09-29 01:26:13,WIFI,True,0.0,80.5,0,True,20.0,263.6,47
2026-09-29 01:26:14,WIFI,True,0.0,69.7,0,True,20.0,243.8,47
2026-09-29 01:26:15,WIFI,True,0.0,69.7,0,True,20.0,243.8,47
2026-09-29 01:26:16,WIFI,True,0.0,67.7,0,True,20.0,243.8,47
2026-09-29 01:26:17,WIFI,True,0.0,67.7,0,True,40.0,243.8,47
2026-09-29 01:26:18,WIFI,True,0.0,71.5,0,True,20.0,243.0,47
2026-09-29 01:26:19,WIFI,True,0.0,67.1,0,True,20.0,243.0,47
2026-09-29 01:26:21,WIFI,True,0.0,67.1,0,True,20.0,245.5,47
2026-09-29 01:26:22,WIFI,True,0.0,77.0,0,True,20.0,245.5,47
2026-09-29 01:26:23,WIFI,True,0.0,77.0,0,True,20.0,242.6,47
2026-09-29 01:26:24,WIFI,True,0.0,77.0,0,True,20.0,242.6,47
2026-09-29 01:26:25,WIFI,True,0.0,63.6,0,True,20.0,244.5,47
2026-09-29 01:26:26,WIFI,True,0.0,63.6,0,True,20.0,244.5,47
2026-09-29 01:26:27,WIFI,True,0.0,60.9,0,True,0.0,229.5,47
2026-09-29 01:26:28,WIFI,True,0.0,60.9,0,True,0.0,229.5,47
2026-09-29 01:26:29,WIFI,True,0.0,60.5,0,True,0.0,229.5,47
2026-09-29 01:26:30,WIFI,True,0.0,60.5,0,True,20.0,229.5,47
2026-09-29 01:26:31,WIFI,True,0.0,63.0,0,True,20.0,246.0,47
2026-09-29 01:26:32,WIFI,True,0.0,63.0,0,True,20.0,246.0,47
2026-09-29 01:26:33,WIFI,True,0.0,67.9,0,True,20.0,235.5,47
2026-09-29 01:26:34,WIFI,True,0.0,67.9,0,True,20.0,235.5,47
2026-09-29 01:26:35,WIFI,True,0.0,62.0,0,True,20.0,235.5,47
2026-09-29 01:26:36,WIFI,True,0.0,62.0,0,True,40.0,235.5,47
2026-09-29 01:26:37,WIFI,True,0.0,71.8,0,True,40.0,238.2,47
2026-09-29 01:26:38,WIFI,True,0.0,71.8,0,True,40.0,238.2,47
2026-09-29 01:26:39,WIFI,True,0.0,60.0,0,True,20.0,235.6,47
2026-09-29 01:26:40,WIFI,True,0.0,60.0,0,True,20.0,235.6,47
2026-09-29 01:26:41,WIFI,True,0.0,59.4,0,True,20.0,235.6,47
2026-09-29 01:26:42,WIFI,True,0.0,59.4,0,True,40.0,235.6,47
2026-09-29 01:26:43,WIFI,True,0.0,49.7,0,True,40.0,235.2,47
2026-09-29 01:26:44,WIFI,True,0.0,49.7,0,True,40.0,235.2,47
2026-09-29 01:26:46,WIFI,True,0.0,48.5,0,True,20.0,244.5,47
2026-09-29 01:26:47,WIFI,True,0.0,48.5,0,True,20.0,244.5,47
2026-09-29 01:26:48,WIFI,True,0.0,40.9,0,True,20.0,249.2,47
2026-09-29 01:26:49,WIFI,True,0.0,40.9,0,True,20.0,249.2,47
2026-09-29 01:26:50,WIFI,True,0.0,29.8,0,True,20.0,249.2,47
2026-09-29 01:26:51,WIFI,True,0.0,29.8,0,True,40.0,249.2,47
2026-09-29 01:26:52,WIFI,True,0.0,35.6,0,True,40.0,249.2,47
2026-09-29 01:26:53,WIFI,True,0.0,35.6,0,True,40.0,249.2,47
2026-09-29 01:26:54,WIFI,True,0.0,30.5,0,True,40.0,255.4,47
2026-09-29 01:26:55,WIFI,True,0.0,30.5,0,True,40.0,255.4,47
2026-09-29 01:26:56,WIFI,True,0.0,30.7,0,True,40.0,257.0,47
2026-09-29 01:26:57,WIFI,True,0.0,30.7,0,True,40.0,257.0,47
2026-09-29 01:26:58,WIFI,True,0.0,26.8,0,True,40.0,255.6,47
2026-09-29 01:26:59,WIFI,True,0.0,26.8,0,True,40.0,255.6,47
2026-09-29 01:27:00,WIFI,True,0.0,28.3,0,True,20.0,249.2,47
2026-09-29 01:27:01,WIFI,True,0.0,28.3,0,True,20.0,249.2,48
2026-09-29 01:27:02,WIFI,True,0.0,32.3,0,True,0.0,249.0,48
2026-09-29 01:27:03,WIFI,True,0.0,32.3,0,True,0.0,249.0,48
2026-09-29 01:27:04,WIFI,True,0.0,30.7,0,True,0.0,247.8,48
2026-09-29 01:27:05,WIFI,True,0.0,30.7,0,True,0.0,247.8,48
2026-09-29 01:27:06,WIFI,True,0.0,42.0,0,True,0.0,247.8,48
2026-09-29 01:27:07,WIFI,True,0.0,42.0,0,True,20.0,247.8,48
2026-09-29 01:27:08,WIFI,True,0.0,47.1,0,True,20.0,247.4,48
2026-09-29 01:27:09,WIFI,True,0.0,47.1,0,True,20.0,247.4,48
2026-09-29 01:27:10,WIFI,True,0.0,56.1,0,True,20.0,252.5,48
2026-09-29 01:27:11,WIFI,True,0.0,56.1,0,True,20.0,252.5,48
2026-09-29 01:27:12,WIFI,True,0.0,60.8,0,True,20.0,243.5,48
2026-09-29 01:27:13,WIFI,True,0.0,60.8,0,True,20.0,243.5,48
2026-09-29 01:27:14,WIFI,True,0.0,55.1,0,True,20.0,242.1,48
2026-09-29 01:27:15,WIFI,True,0.0,55.1,0,True,20.0,242.1,48
2026-09-29 01:27:16,WIFI,True,0.0,55.2,0,True,0.0,239.3,48
2026-09-29 01:27:17,WIFI,True,0.0,55.2,0,True,0.0,239.3,48
2026-09-29 01:27:19,WIFI,True,0.0,59.7,0,True,0.0,238.9,48
2026-09-29 01:27:20,WIFI,True,0.0,59.7,0,True,0.0,238.9,48
2026-09-29 01:27:21,WIFI,True,0.0,58.5,0,True,0.0,238.9,48
2026-09-29 01:27:22,WIFI,True,0.0,58.5,0,True,20.0,238.9,48
2026-09-29 01:27:23,WIFI,True,0.0,54.6,0,True,20.0,245.4,48
2026-09-29 01:27:24,WIFI,True,0.0,54.6,0,True,20.0,245.4,48
2026-09-29 01:27:25,WIFI,True,0.0,71.5,0,True,20.0,240.5,48
2026-09-29 01:27:26,WIFI,True,0.0,71.5,0,True,20.0,240.5,48
2026-09-29 01:27:27,WIFI,True,0.0,63.4,0,True,20.0,243.4,48
2026-09-29 01:27:28,WIFI,True,0.0,63.4,0,True,20.0,243.4,48
2026-09-29 01:27:29,WIFI,True,0.0,59.2,0,True,20.0,243.2,48
2026-09-29 01:27:30,WIFI,True,0.0,59.2,0,True,20.0,243.2,48
2026-09-29 01:27:31,WIFI,True,0.0,59.5,0,True,0.0,243.9,48
2026-09-29 01:27:32,WIFI,True,0.0,59.5,0,True,0.0,243.9,48
2026-09-29 01:27:33,WIFI,True,0.0,49.1,0,True,0.0,243.9,48
2026-09-29 01:27:34,WIFI,True,0.0,49.1,0,True,20.0,243.9,48
2026-09-29 01:27:35,WIFI,True,0.0,51.1,0,True,20.0,243.9,48
2026-09-29 01:27:37,WIFI,True,0.0,51.1,0,True,40.0,243.9,48
2026-09-29 01:27:38,WIFI,True,0.0,59.9,0,True,40.0,246.7,48
2026-09-29 01:27:39,WIFI,True,0.0,55.7,0,True,40.0,246.7,48
2026-09-29 01:27:40,WIFI,True,0.0,55.7,0,True,40.0,261.0,48
2026-09-29 01:27:41,WIFI,True,0.0,55.7,0,True,40.0,261.0,48
2026-09-29 01:27:42,WIFI,True,0.0,65.1,0,True,40.0,261.0,48
2026-09-29 01:27:43,WIFI,True,0.0,65.1,0,False,60.0,261.0,48
2026-09-29 01:27:44,WIFI,True,0.0,67.4,0,True,40.0,263.5,48
2026-09-29 01:27:45,WIFI,True,0.0,67.4,0,True,40.0,263.5,48
2026-09-29 01:27:47,WIFI,True,0.0,68.3,0,True,20.0,260.4,48
2026-09-29 01:27:48,WIFI,True,0.0,68.3,0,True,20.0,260.4,48
2026-09-29 01:27:49,WIFI,True,0.0,67.8,0,True,20.0,258.3,48
2026-09-29 01:27:50,WIFI,True,0.0,70.7,0,True,20.0,258.3,48
2026-09-29 01:27:51,WIFI,True,0.0,70.7,0,True,20.0,259.7,48
2026-09-29 01:27:52,WIFI,True,0.0,70.7,0,True,20.0,259.7,48
2026-09-29 01:27:53,WIFI,True,0.0,68.1,0,True,20.0,259.7,48
2026-09-29 01:27:54,WIFI,True,0.0,68.1,0,True,20.0,259.7,48
2026-09-29 01:27:55,WIFI,True,0.0,73.9,0,True,20.0,259.7,48
2026-09-29 01:27:56,WIFI,True,0.0,73.9,0,True,40.0,259.7,48
2026-09-29 01:27:57,WIFI,True,0.0,85.8,0,True,40.0,254.8,48
2026-09-29 01:27:58,WIFI,True,0.0,85.8,0,True,40.0,254.8,48
2026-09-29 01:27:59,WIFI,True,0.0,87.0,0,True,40.0,254.8,48
2026-09-29 01:28:00,WIFI,True,0.0,87.0,0,True,40.0,255.1,48
2026-09-29 01:28:01,WIFI,True,0.0,87.0,0,True,40.0,255.1,48
2026-09-29 01:28:02,WIFI,True,0.0,91.1,0,True,40.0,255.1,48
2026-09-29 01:28:03,WIFI,True,0.0,91.1,0,False,60.0,255.1,48
2026-09-29 01:28:04,WIFI,True,0.0,91.1,0,True,40.0,249.5,48
2026-09-29 01:28:05,WIFI,False,20.0,91.1,0,True,40.0,249.5,48
2026-09-29 01:28:06,LOWBITRATE,False,20.0,91.1,0,True,40.0,249.5,48
2026-09-29 01:28:08,LOWBITRATE,False,40.0,91.1,0,True,20.0,277.5,48
2026-09-29 01:28:09,LOWBITRATE,False,40.0,91.1,0,True,20.0,277.5,48
2026-09-29 01:28:10,LOWBITRATE,False,40.0,91.1,0,True,20.0,269.4,48
2026-09-29 01:28:11,LOWBITRATE,False,40.0,88.5,0,True,20.0,269.4,48
2026-09-29 01:28:12,LOWBITRATE,False,40.0,88.5,0,True,20.0,269.4,48
2026-09-29 01:28:13,LOWBITRATE,False,40.0,70.6,0,True,40.0,269.4,48
2026-09-29 01:28:14,LOWBITRATE,False,40.0,70.6,0,True,20.0,285.2,48
2026-09-29 01:28:15,LOWBITRATE,False,40.0,70.6,0,True,20.0,285.2,48
2026-09-29 01:28:16,LOWBITRATE,False,20.0,67.9,0,True,20.0,282.5,48
2026-09-29 01:28:17,LOWBITRATE,False,20.0,67.9,0,True,20.0,282.5,48
2026-09-29 01:28:18,LOWBITRATE,True,0.0,71.9,0,True,20.0,282.5,48
2026-09-29 01:28:19,LOWBITRATE,True,0.0,71.9,0,True,40.0,282.5,48
2026-09-29 01:28:21,LOWBITRATE,True,0.0,74.6,0,True,40.0,282.5,48
2026-09-29 01:28:22,LOWBITRATE,True,0.0,74.6,0,False,60.0,282.5,48
2026-09-29 01:28:23,WIFI,True,0.0,68.0,0,False,60.0,282.5,48
2026-09-29 01:28:24,WIFI,True,0.0,68.0,0,False,60.0,282.5,48
2026-09-29 01:28:25,WIFI,True,0.0,61.4,0,False,60.0,286.5,48
2026-09-29 01:28:26,WIFI,True,0.0,61.4,0,False,60.0,286.5,48
2026-09-29 01:28:27,WIFI,True,0.0,56.9,0,False,60.0,286.5,48
2026-09-29 01:28:28,WIFI,True,0.0,56.9,0,False,80.0,286.5,48
2026-09-29 01:28:29,WIFI,True,0.0,50.7,0,False,60.0,288.3,48
2026-09-29 01:28:30,WIFI,True,0.0,50.7,0,False,60.0,288.3,48
2026-09-29 01:28:31,WIFI,True,0.0,48.8,0,True,40.0,290.9,48
2026-09-29 01:28:32,WIFI,True,0.0,48.8,0,True,40.0,290.9,48
2026-09-29 01:28:33,WIFI,True,0.0,48.8,0,True,20.0,290.4,48
2026-09-29 01:28:34,WIFI,True,0.0,48.8,0,True,20.0,290.4,48
2026-09-29 01:28:35,WIFI,True,0.0,49.3,0,True,20.0,287.8,48
2026-09-29 01:28:36,WIFI,True,0.0,49.3,0,True,20.0,287.8,48
2026-09-29 01:28:37,WIFI,True,0.0,49.6,0,True,0.0,289.8,48
2026-09-29 01:28:38,WIFI,True,0.0,49.6,0,True,0.0,289.8,48
2026-09-29 01:28:39,WIFI,True,0.0,41.4,0,True,0.0,265.3,48
2026-09-29 01:28:40,WIFI,True,0.0,41.4,0,True,0.0,265.3,48
2026-09-29 01:28:41,WIFI,True,0.0,32.2,0,True,0.0,265.0,48
2026-09-29 01:28:42,WIFI,True,0.0,32.2,0,True,0.0,265.0,48
2026-09-29 01:28:43,WIFI,True,0.0,30.1,0,True,0.0,234.9,48
2026-09-29 01:28:44,WIFI,True,0.0,30.1,0,True,0.0,234.9,48
2026-09-29 01:28:45,WIFI,True,0.0,29.9,0,True,0.0,234.9,48
2026-09-29 01:28:46,WIFI,True,0.0,29.9,0,True,20.0,234.9,48
2026-09-29 01:28:47,WIFI,True,0.0,33.7,0,True,20.0,229.0,48
2026-09-29 01:28:49,WIFI,True,0.0,33.7,0,True,20.0,229.0,48
2026-09-29 01:28:50,WIFI,True,0.0,29.5,0,True,20.0,224.3,48
2026-09-29 01:28:51,WIFI,True,0.0,29.5,0,True,20.0,224.3,48
2026-09-29 01:28:52,WIFI,True,0.0,25.3,0,True,20.0,223.5,48
2026-09-29 01:28:53,WIFI,True,0.0,25.3,0,True,20.0,223.5,48
2026-09-29 01:28:54,WIFI,True,0.0,25.4,0,True,20.0,214.8,48
2026-09-29 01:28:55,WIFI,True,0.0,25.4,0,True,20.0,214.8,48
2026-09-29 01:28:56,WIFI,True,0.0,24.7,0,True,0.0,216.1,48
2026-09-29 01:28:57,WIFI,True,0.0,24.7,0,True,0.0,216.1,48
2026-09-29 01:28:58,WIFI,True,0.0,26.3,0,True,0.0,216.1,48
2026-09-29 01:28:59,WIFI,True,0.0,26.3,0,True,0.0,216.1,48
2026-09-29 01:29:00,WIFI,True,0.0,26.3,0,True,20.0,216.1,48
2026-09-29 01:29:01,WIFI,True,0.0,33.3,0,True,20.0,217.1,48
2026-09-29 01:29:02,WIFI,True,0.0,33.3,0,True,20.0,217.1,48
2026-09-29 01:29:03,WIFI,True,0.0,43.9,0,True,20.0,212.9,48
2026-09-29 01:29:04,WIFI,True,0.0,44.0,0,True,20.0,212.9,48
2026-09-29 01:29:05,WIFI,True,0.0,44.0,0,True,20.0,210.9,48
2026-09-29 01:29:06,WIFI,True,0.0,43.6,0,True,20.0,210.9,48
2026-09-29 01:29:07,WIFI,True,0.0,43.6,0,True,20.0,219.4,48
2026-09-29 01:29:08,WIFI,True,0.0,43.6,0,True,20.0,219.4,48
2026-09-29 01:29:09,WIFI,True,0.0,41.9,0,True,20.0,219.4,48
2026-09-29 01:29:10,WIFI,True,0.0,41.9,0,True,20.0,219.4,48
2026-09-29 01:29:11,WIFI,True,0.0,55.1,0,True,20.0,221.6,48
2026-09-29 01:29:12,WIFI,True,0.0,55.1,0,True,20.0,221.6,48
2026-09-29 01:29:13,WIFI,True,0.0,55.1,0,True,20.0,221.6,48
2026-09-29 01:29:14,WIFI,False,20.0,55.1,0,True,20.0,221.6,48
2026-09-29 01:29:15,LOWBITRATE,False,20.0,52.2,0,True,40.0,222.1,48
2026-09-29 01:29:16,LOWBITRATE,False,20.0,52.2,0,True,40.0,222.1,48
2026-09-29 01:29:17,LOWBITRATE,False,20.0,57.0,0,True,40.0,222.1,48
2026-09-29 01:29:18,LOWBITRATE,False,20.0,57.0,0,True,40.0,222.1,48
2026-09-29 01:29:19,,False,20.0,66.2,0,False,60.0,222.1,48
2026-09-29 01:29:20,,False,20.0,66.2,0,False,60.0,222.1,48
2026-09-29 01:29:21,,False,20.0,76.1,0,False,60.0,222.1,48
2026-09-29 01:29:22,,False,20.0,76.1,0,False,60.0,228.6,48
2026-09-29 01:29:23,,False,20.0,76.1,0,False,60.0,228.6,48
2026-09-29 01:29:24,,True,0.0,71.5,0,True,40.0,227.5,48
2026-09-29 01:29:25,,True,0.0,71.5,0,True,40.0,227.5,48
2026-09-29 01:29:26,WIFI,True,0.0,65.2,0,True,40.0,228.9,48
2026-09-29 01:29:27,WIFI,True,0.0,65.2,0,True,40.0,228.9,48
2026-09-29 01:29:28,WIFI,True,0.0,74.0,0,True,40.0,228.9,48
2026-09-29 01:29:29,WIFI,True,0.0,74.0,0,True,40.0,228.9,48
2026-09-29 01:29:30,WIFI,True,0.0,77.4,0,True,40.0,228.9,48
2026-09-29 01:29:31,WIFI,True,0.0,77.4,0,True,40.0,228.9,48
2026-09-29 01:29:32,WIFI,True,0.0,70.2,0,True,40.0,228.9,48
2026-09-29 01:29:33,WIFI,True,0.0,70.2,0,True,40.0,227.7,48
2026-09-29 01:29:34,WIFI,True,0.0,70.2,0,True,40.0,227.7,48
2026-09-29 01:29:36,WIFI,True,0.0,57.7,0,True,40.0,227.7,48
2026-09-29 01:29:37,WIFI,True,0.0,61.7,0,False,60.0,227.7,48
2026-09-29 01:29:38,WIFI,True,0.0,61.7,0,False,60.0,225.9,48
2026-09-29 01:29:39,WIFI,True,0.0,64.4,0,False,60.0,225.9,48
2026-09-29 01:29:40,WIFI,True,0.0,64.4,0,False,60.0,225.9,48
2026-09-29 01:29:41,WIFI,True,0.0,72.0,0,False,60.0,225.9,48
2026-09-29 01:29:42,WIFI,True,0.0,72.0,0,True,40.0,228.9,48
2026-09-29 01:29:43,WIFI,True,0.0,72.0,0,True,40.0,228.9,48
2026-09-29 01:29:45,WIFI,True,0.0,62.0,0,True,40.0,238.8,48
2026-09-29 01:29:46,WIFI,True,0.0,62.9,0,True,40.0,238.8,48
2026-09-29 01:29:47,WIFI,True,0.0,62.9,0,True,20.0,230.5,48
2026-09-29 01:29:48,WIFI,True,0.0,62.9,0,True,20.0,230.5,48
2026-09-29 01:29:49,WIFI,True,0.0,59.6,0,True,20.0,227.6,48
2026-09-29 01:29:50,WIFI,True,0.0,59.6,0,True,20.0,227.6,48
2026-09-29 01:29:51,WIFI,True,0.0,60.9,0,True,20.0,227.6,48
2026-09-29 01:29:52,WIFI,True,0.0,60.9,0,True,20.0,227.6,48
2026-09-29 01:29:53,WIFI,True,0.0,53.3,0,True,20.0,227.6,48
2026-09-29 01:29:54,WIFI,True,0.0,53.3,0,True,20.0,226.3,48
2026-09-29 01:29:55,WIFI,True,0.0,60.0,0,True,20.0,226.3,48
2026-09-29 01:29:56,WIFI,True,0.0,60.0,0,True,20.0,219.9,48
2026-09-29 01:29:57,WIFI,True,0.0,64.0,0,True,20.0,219.9,48
2026-09-29 01:29:58,WIFI,True,0.0,64.0,0,True,20.0,219.6,48
2026-09-29 01:29:59,WIFI,True,0.0,65.9,0,True,20.0,219.6,48
2026-09-29 01:30:00,WIFI,True,0.0,65.9,0,True,20.0,217.7,48
2026-09-29 01:30:01,WIFI,True,0.0,64.0,0,True,20.0,217.7,48
2026-09-29 01:30:02,WIFI,True,0.0,64.0,0,True,0.0,219.3,48
2026-09-29 01:30:03,WIFI,True,0.0,53.0,0,True,0.0,220.2,48
2026-09-29 01:30:04,WIFI,True,0.0,53.0,0,True,0.0,220.2,48
2026-09-29 01:30:05,WIFI,True,0.0,61.9,0,True,0.0,218.1,48
2026-09-29 01:30:06,WIFI,True,0.0,61.9,0,True,0.0,218.1,48
2026-09-29 01:30:07,WIFI,True,0.0,64.3,0,True,0.0,217.6,48
2026-09-29 01:30:08,WIFI,True,0.0,64.3,0,True,0.0,217.6,48
2026-09-29 01:30:09,WIFI,True,0.0,64.3,0,True,0.0,217.6,48
2026-09-29 01:30:10,WIFI,True,0.0,70.1,0,True,0.0,217.6,48
2026-09-29 01:30:11,WIFI,True,0.0,70.1,0,True,20.0,217.6,48
2026-09-29 01:30:12,WIFI,True,0.0,61.8,0,True,20.0,217.9,48
2026-09-29 01:30:13,WIFI,True,0.0,61.8,0,True,20.0,217.9,48
2026-09-29 01:30:14,WIFI,True,0.0,60.0,0,True,20.0,219.3,48
2026-09-29 01:30:15,WIFI,True,0.0,60.0,0,True,20.0,219.3,48
2026-09-29 01:30:16,WIFI,True,0.0,66.9,0,True,20.0,228.2,48
2026-09-29 01:30:17,WIFI,True,0.0,66.9,0,True,20.0,228.2,48
2026-09-29 01:30:19,WIFI,True,0.0,74.6,0,True,20.0,230.3,48
2026-09-29 01:30:20,WIFI,True,0.0,74.6,0,True,20.0,230.3,48
2026-09-29 01:30:21,WIFI,True,0.0,71.1,0,True,0.0,230.6,48
2026-09-29 01:30:22,WIFI,True,0.0,70.8,0,True,0.0,230.6,48
2026-09-29 01:30:23,WIFI,True,0.0,70.8,0,True,0.0,237.0,48
2026-09-29 01:30:24,WIFI,True,0.0,70.8,0,True,0.0,237.0,48
2026-09-29 01:30:26,WIFI,True,0.0,78.6,0,True,0.0,237.0,48
2026-09-29 01:30:27,WIFI,True,0.0,78.6,0,True,20.0,237.0,48
2026-09-29 01:30:28,WIFI,True,0.0,79.0,0,True,20.0,236.3,48
2026-09-29 01:30:29,WIFI,True,0.0,79.0,0,True,20.0,236.3,48
2026-09-29 01:30:30,WIFI,True,0.0,78.0,0,True,20.0,235.6,48
2026-09-29 01:30:31,WIFI,True,0.0,78.0,0,True,20.0,235.6,48
2026-09-29 01:30:32,WIFI,True,0.0,71.2,0,True,20.0,249.7,48
2026-09-29 01:30:33,WIFI,True,0.0,71.2,0,True,20.0,249.7,48
2026-09-29 01:30:34,WIFI,True,0.0,71.4,0,True,20.0,249.2,48
2026-09-29 01:30:35,WIFI,True,0.0,71.4,0,True,20.0,249.2,48
2026-09-29 01:30:36,WIFI,True,0.0,70.7,0,True,0.0,249.0,48
2026-09-29 01:30:37,WIFI,True,0.0,70.7,0,True,0.0,249.0,48
2026-09-29 01:30:38,WIFI,True,0.0,56.6,0,True,0.0,251.7,48
2026-09-29 01:30:39,WIFI,True,0.0,56.6,0,True,0.0,251.7,48
2026-09-29 01:30:40,WIFI,True,0.0,44.8,0,True,0.0,245.7,48
2026-09-29 01:30:41,WIFI,True,0.0,44.8,0,True,0.0,245.7,48
2026-09-29 01:30:42,WIFI,True,0.0,42.0,0,True,0.0,247.8,48
2026-09-29 01:30:43,WIFI,True,0.0,42.0,0,True,0.0,247.8,48
2026-09-29 01:30:44,WIFI,True,0.0,37.1,0,True,0.0,246.5,48
2026-09-29 01:30:45,WIFI,True,0.0,37.1,0,True,0.0,246.5,48
2026-09-29 01:30:46,WIFI,True,0.0,29.8,0,True,0.0,241.1,48
2026-09-29 01:30:47,WIFI,True,0.0,29.8,0,True,0.0,241.1,48
2026-09-29 01:30:48,WIFI,True,0.0,20.7,0,True,0.0,242.5,48
2026-09-29 01:30:49,WIFI,True,0.0,20.7,0,True,0.0,242.5,48
2026-09-29 01:30:50,WIFI,True,0.0,23.9,0,True,0.0,242.5,48
2026-09-29 01:30:51,WIFI,True,0.0,23.9,0,True,0.0,248.7,48
2026-09-29 01:30:52,WIFI,True,0.0,23.9,0,True,0.0,248.7,48
2026-09-29 01:30:53,WIFI,True,0.0,28.1,0,True,0.0,248.7,48
2026-09-29 01:30:54,WIFI,True,0.0,28.1,0,True,20.0,248.7,48
2026-09-29 01:30:55,WIFI,True,0.0,31.0,0,True,20.0,280.5,48
2026-09-29 01:30:56,WIFI,True,0.0,31.0,0,True,20.0,280.5,48
2026-09-29 01:30:58,WIFI,True,0.0,36.6,0,True,20.0,270.2,48
2026-09-29 01:30:59,WIFI,True,0.0,36.6,0,True,20.0,270.2,48
2026-09-29 01:31:00,WIFI,True,0.0,38.3,0,True,20.0,270.4,48
2026-09-29 01:31:01,WIFI,True,0.0,38.3,0,True,20.0,270.4,48
2026-09-29 01:31:02,WIFI,True,0.0,39.9,0,True,20.0,270.4,48
2026-09-29 01:31:03,WIFI,True,0.0,39.9,0,True,40.0,270.4,48
2026-09-29 01:31:04,WIFI,True,0.0,40.1,0,True,20.0,268.6,48
2026-09-29 01:31:05,WIFI,True,0.0,40.1,0,True,20.0,268.6,48
2026-09-29 01:31:06,WIFI,True,0.0,40.8,0,True,20.0,268.6,48
2026-09-29 01:31:07,WIFI,True,0.0,40.8,0,True,40.0,268.6,48
2026-09-29 01:31:08,WIFI,True,0.0,35.2,0,True,40.0,275.8,48
2026-09-29 01:31:09,WIFI,True,0.0,35.2,0,True,40.0,275.8,48
2026-09-29 01:31:10,WIFI,True,0.0,33.1,0,True,40.0,284.5,48
2026-09-29 01:31:11,WIFI,True,0.0,33.1,0,True,40.0,284.5,48
2026-09-29 01:31:12,WIFI,True,0.0,25.3,0,True,40.0,284.5,48
2026-09-29 01:31:13,WIFI,True,0.0,25.3,0,True,40.0,284.5,48
2026-09-29 01:31:14,WIFI,True,0.0,21.0,0,True,40.0,285.2,48
2026-09-29 01:31:15,WIFI,True,0.0,21.0,0,True,40.0,285.2,48
2026-09-29 01:31:16,WIFI,True,0.0,23.7,0,True,40.0,285.2,48
2026-09-29 01:31:17,WIFI,True,0.0,23.7,0,True,20.0,297.8,48
2026-09-29 01:31:18,WIFI,True,0.0,23.0,0,True,20.0,297.8,48
2026-09-29 01:31:19,WIFI,True,0.0,23.0,0,True,20.0,297.7,48
2026-09-29 01:31:20,WIFI,True,0.0,23.0,0,True,20.0,297.7,48
2026-09-29 01:31:21,WIFI,True,0.0,29.7,0,True,20.0,291.3,48
2026-09-29 01:31:22,WIFI,True,0.0,29.7,0,True,20.0,291.3,48
2026-09-29 01:31:23,WIFI,True,0.0,43.7,0,True,0.0,253.8,48
2026-09-29 01:31:24,WIFI,True,0.0,43.7,0,True,0.0,253.8,48
2026-09-29 01:31:25,WIFI,True,0.0,50.6,0,True,0.0,253.8,48
2026-09-29 01:31:26,WIFI,True,0.0,50.6,0,True,0.0,253.8,48
2026-09-29 01:31:27,WIFI,True,0.0,50.6,0,True,20.0,253.8,48
2026-09-29 01:31:28,WIFI,True,0.0,49.4,0,True,20.0,253.8,48
2026-09-29 01:31:29,WIFI,True,0.0,49.4,0,True,40.0,253.8,48
2026-09-29 01:31:30,WIFI,True,0.0,50.4,0,True,40.0,253.8,48
2026-09-29 01:31:31,WIFI,True,0.0,50.4,0,True,40.0,261.5,48
2026-09-29 01:31:32,WIFI,True,0.0,58.1,0,True,40.0,261.5,48
2026-09-29 01:31:33,WIFI,True,0.0,58.1,0,True,40.0,261.1,48
2026-09-29 01:31:35,WIFI,True,0.0,59.0,0,True,40.0,261.1,48
2026-09-29 01:31:36,WIFI,True,0.0,59.0,0,True,40.0,260.4,48
2026-09-29 01:31:37,WIFI,True,0.0,59.0,0,True,40.0,260.4,48
2026-09-29 01:31:38,WIFI,True,0.0,59.0,0,True,40.0,260.4,48
2026-09-29 01:31:39,WIFI,False,20.0,59.0,0,True,40.0,260.4,48
2026-09-29 01:31:40,LOWBITRATE,False,20.0,63.0,0,True,20.0,250.7,48
2026-09-29 01:31:41,LOWBITRATE,False,20.0,63.0,0,True,20.0,250.7,48
2026-09-29 01:31:42,LOWBITRATE,False,20.0,55.3,0,True,20.0,247.8,48
2026-09-29 01:31:43,LOWBITRATE,False,20.0,55.3,0,True,20.0,247.8,48
2026-09-29 01:31:44,LOWBITRATE,False,20.0,50.1,0,True,20.0,258.9,48
2026-09-29 01:31:45,LOWBITRATE,False,20.0,50.1,0,True,20.0,258.9,48
2026-09-29 01:31:46,LOWBITRATE,False,20.0,47.0,0,True,20.0,243.0,48
2026-09-29 01:31:47,LOWBITRATE,False,20.0,47.0,0,True,20.0,243.0,48
2026-09-29 01:31:48,LOWBITRATE,True,0.0,30.7,0,True,0.0,248.1,48
2026-09-29 01:31:49,LOWBITRATE,True,0.0,30.7,0,True,0.0,248.1,48
2026-09-29 01:31:50,LOWBITRATE,True,0.0,25.7,0,True,0.0,248.1,48
2026-09-29 01:31:51,LOWBITRATE,True,0.0,25.7,0,True,0.0,250.4,48
2026-09-29 01:31:52,LOWBITRATE,True,0.0,25.7,0,True,0.0,250.4,48
2026-09-29 01:31:53,LOWBITRATE,False,20.0,25.7,0,True,0.0,250.4,48
2026-09-29 01:31:54,LOWBITRATE,False,20.0,25.7,0,True,20.0,250.4,48
2026-09-29 01:31:55,LOWBITRATE,False,40.0,25.7,0,True,20.0,250.4,48
2026-09-29 01:31:56,LOWBITRATE,False,40.0,25.7,0,True,40.0,250.4,48
2026-09-29 01:31:57,LOWBITRATE,False,60.0,25.7,0,True,40.0,250.4,48
2026-09-29 01:31:58,,False,60.0,25.7,0,False,60.0,250.4,48
2026-09-29 01:31:59,,False,80.0,25.7,0,False,60.0,250.4,48
2026-09-29 01:32:00,,False,80.0,25.7,0,False,80.0,250.4,48
2026-09-29 01:32:01,,False,100.0,25.7,0,False,80.0,250.4,48
2026-09-29 01:32:02,,False,100.0,25.7,0,False,100.0,250.4,48
2026-09-29 01:32:03,,False,100.0,25.7,0,False,100.0,250.4,48
2026-09-29 01:32:05,,False,100.0,25.7,0,False,100.0,250.4,48
2026-09-29 01:32:06,,False,100.0,25.7,0,False,100.0,250.4,48
2026-09-29 01:32:07,,False,100.0,25.7,0,False,100.0,250.4,48
2026-09-29 01:32:08,,False,100.0,25.7,0,False,100.0,250.4,48
2026-09-29 01:32:09,,False,100.0,25.7,0,False,100.0,250.4,48
2026-09-29 01:32:10,,False,100.0,25.7,0,False,100.0,250.4,48
2026-09-29 01:32:11,,False,100.0,25.7,0,False,100.0,250.4,48
2026-09-29 01:32:12,,False,100.0,25.7,0,False,100.0,250.4,48
2026-09-29 01:32:13,,False,100.0,25.7,0,False,100.0,250.4,48
2026-09-29 01:32:14,,False,100.0,25.7,0,False,100.0,250.4,48
2026-09-29 01:32:15,,False,100.0,25.7,0,False,100.0,250.4,48
2026-09-29 01:32:16,,False,100.0,25.7,0,False,100.0,250.4,48
2026-09-29 01:32:17,,False,100.0,25.7,0,False,100.0,250.4,48
2026-09-29 01:32:18,,False,100.0,25.7,0,False,100.0,250.4,48
2026-09-29 01:32:19,,False,100.0,25.7,0,False,100.0,250.4,48
2026-09-29 01:32:20,,False,100.0,25.7,0,False,100.0,250.4,48
2026-09-29 01:32:21,,False,100.0,25.7,0,False,100.0,250.4,48
2026-09-29 01:32:22,,False,100.0,25.7,0,False,100.0,250.4,48
2026-09-29 01:32:23,,False,100.0,25.7,0,False,100.0,250.4,48
2026-09-29 01:32:24,,False,100.0,25.7,0,False,100.0,250.4,48
2026-09-29 01:32:25,,False,100.0,25.7,0,False,100.0,250.4,48
2026-09-29 01:32:26,,False,100.0,25.7,0,False,100.0,250.4,48
2026-09-29 01:32:27,,False,100.0,25.7,0,False,100.0,250.4,48
2026-09-29 01:32:28,,False,100.0,25.7,0,False,100.0,250.4,48
2026-09-29 01:32:29,,False,100.0,25.7,0,False,100.0,250.4,48
2026-09-29 01:32:30,,False,100.0,25.7,0,False,100.0,250.4,48
2026-09-29 01:32:31,,False,100.0,25.7,0,False,100.0,250.4,48
2026-09-29 01:32:32,,False,100.0,25.7,0,False,100.0,250.4,48
2026-09-29 01:32:34,,False,100.0,25.7,0,False,100.0,250.4,48
2026-09-29 01:32:35,,False,100.0,25.7,0,False,100.0,250.4,48
2026-09-29 01:32:36,,False,100.0,25.7,0,False,100.0,250.4,48
2026-09-29 01:32:37,,False,100.0,25.7,0,False,100.0,250.4,48
2026-09-29 01:32:38,,False,100.0,25.7,0,False,100.0,250.4,48
2026-09-29 01:32:41,,False,100.0,25.7,0,False,100.0,250.4,48
2026-09-29 01:32:42,,False,100.0,25.7,0,False,100.0,250.4,48
2026-09-29 01:32:43,,False,100.0,25.7,0,False,100.0,250.4,48
2026-09-29 01:32:44,,False,100.0,25.7,0,False,100.0,250.4,48
2026-09-29 01:32:45,,False,100.0,25.7,0,False,100.0,250.4,48
2026-09-29 01:32:46,,False,100.0,25.7,0,False,100.0,250.4,48
2026-09-29 01:32:48,,False,100.0,25.7,0,False,100.0,250.4,48
2026-09-29 01:32:49,,False,100.0,25.7,0,False,100.0,250.4,48
2026-09-29 01:32:50,,False,100.0,25.7,0,False,100.0,250.4,48
2026-09-29 01:32:51,,False,100.0,25.7,0,False,100.0,250.4,48
2026-09-29 01:32:52,,False,100.0,25.7,0,False,100.0,250.4,48
2026-09-29 01:32:53,,False,100.0,25.7,0,False,100.0,250.4,48
2026-09-29 01:32:54,,False,100.0,25.7,0,False,100.0,250.4,48
2026-09-29 01:32:55,,False,100.0,25.7,0,False,100.0,250.4,48
2026-09-29 01:32:56,,False,100.0,25.7,0,False,100.0,250.4,48
2026-09-29 01:32:57,,False,100.0,25.7,0,False,100.0,250.4,48
2026-09-29 01:32:58,,False,100.0,25.7,0,False,100.0,250.4,48
2026-09-29 01:32:59,,False,100.0,25.7,0,False,100.0,250.4,48
2026-09-29 01:33:00,,False,100.0,25.7,0,False,100.0,250.4,48
2026-09-29 01:33:01,,False,100.0,25.7,0,False,100.0,250.4,48
2026-09-29 01:33:02,,False,100.0,25.7,0,False,100.0,250.4,48
2026-09-29 01:33:03,,False,100.0,25.7,0,False,100.0,250.4,48
2026-09-29 01:33:04,,False,100.0,25.7,0,False,100.0,250.4,48
2026-09-29 01:33:05,,False,100.0,25.7,0,False,100.0,250.4,48
2026-09-29 01:33:06,,False,100.0,25.7,0,False,100.0,250.4,48
2026-09-29 01:33:07,,False,100.0,25.7,0,False,100.0,250.4,48
2026-09-29 01:33:08,,False,100.0,25.7,0,False,100.0,250.4,48
2026-09-29 01:33:09,,False,100.0,25.7,0,False,100.0,250.4,48
2026-09-29 01:33:10,,False,100.0,25.7,0,False,100.0,250.4,48
2026-09-29 01:33:11,,False,100.0,25.7,0,False,100.0,250.4,48
2026-09-29 01:33:12,,False,100.0,25.7,0,False,100.0,250.4,48
2026-09-29 01:33:13,,False,100.0,25.7,0,False,100.0,250.4,48
2026-09-29 01:33:14,,False,100.0,25.7,0,False,100.0,250.4,48
2026-09-29 01:33:15,,False,100.0,25.7,0,False,100.0,250.4,48
2026-09-29 01:33:16,,False,100.0,25.7,0,False,100.0,250.4,48
2026-09-29 01:33:17,,False,100.0,25.7,0,False,100.0,250.4,48
2026-09-29 01:33:18,,False,100.0,25.7,0,False,100.0,250.4,48
2026-09-29 01:33:19,,False,100.0,25.7,0,False,100.0,250.4,48
2026-09-29 01:33:21,,False,100.0,25.7,0,False,100.0,250.4,48
2026-09-29 01:33:22,,False,100.0,25.7,0,False,100.0,250.4,48
2026-09-29 01:33:23,,False,100.0,25.7,0,False,100.0,250.4,48
2026-09-29 01:33:24,,False,100.0,25.7,0,False,100.0,250.4,48
2026-09-29 01:33:25,,False,100.0,25.7,0,False,100.0,250.4,48
2026-09-29 01:33:26,,False,100.0,25.7,0,False,100.0,250.4,48
2026-09-29 01:33:27,,False,100.0,25.7,0,False,100.0,250.4,48
2026-09-29 01:33:28,,False,100.0,25.7,0,False,100.0,250.4,48
2026-09-29 01:33:29,,False,100.0,25.7,0,False,100.0,250.4,48
2026-09-29 01:33:30,,False,100.0,25.7,0,False,100.0,250.4,48
2026-09-29 01:33:31,,False,100.0,25.7,0,False,100.0,250.4,48
2026-09-29 01:33:32,,False,100.0,25.7,0,False,100.0,250.4,48
2026-09-29 01:33:34,,False,100.0,25.7,0,False,100.0,250.4,48
2026-09-29 01:33:35,,False,100.0,25.7,0,False,100.0,250.4,48
2026-09-29 01:33:36,,False,100.0,25.7,0,False,100.0,250.4,48
2026-09-29 01:33:37,,False,100.0,25.7,0,False,100.0,250.4,48
2026-09-29 01:33:38,,False,100.0,25.7,0,False,100.0,250.4,48
2026-09-29 01:33:39,,False,100.0,25.7,0,False,100.0,250.4,48
2026-09-29 01:33:40,,False,100.0,25.7,0,False,100.0,250.4,48
2026-09-29 01:33:41,,False,100.0,25.7,0,False,100.0,250.4,48
2026-09-29 01:33:42,,False,100.0,25.7,0,False,100.0,250.4,48
2026-09-29 01:33:43,,False,100.0,25.7,0,False,100.0,250.4,48
2026-09-29 01:33:44,,False,100.0,25.7,0,False,100.0,250.4,48
2026-09-29 01:33:45,,False,100.0,25.7,0,False,100.0,250.4,48
2026-09-29 01:33:46,,False,100.0,25.7,0,False,100.0,250.4,48
2026-09-29 01:33:47,,False,100.0,25.7,0,False,100.0,250.4,48
2026-09-29 01:33:49,,False,100.0,25.7,0,False,100.0,250.4,48
2026-09-29 01:33:50,,False,100.0,25.7,0,False,100.0,250.4,48
2026-09-29 01:33:51,,False,100.0,25.7,0,False,100.0,250.4,48
2026-09-29 01:33:52,,False,100.0,25.7,0,False,100.0,250.4,48
2026-09-29 01:33:53,,False,100.0,25.7,0,False,100.0,250.4,48
2026-09-29 01:33:54,,False,100.0,25.7,0,False,100.0,250.4,48
2026-09-29 01:33:55,,False,100.0,25.7,0,False,100.0,250.4,48
2026-09-29 01:33:56,,False,100.0,25.7,0,False,100.0,250.4,48
2026-09-29 01:33:57,,False,100.0,25.7,0,False,100.0,250.4,48
2026-09-29 01:33:58,,False,100.0,25.7,0,False,100.0,250.4,48
2026-09-29 01:33:59,,False,100.0,25.7,0,False,100.0,250.4,48
2026-09-29 01:34:00,,False,100.0,25.7,0,False,100.0,250.4,48
2026-09-29 01:34:01,,False,100.0,25.7,0,False,100.0,250.4,48
2026-09-29 01:34:02,,False,100.0,25.7,0,False,100.0,250.4,48
2026-09-29 01:34:03,,False,100.0,25.7,0,False,100.0,250.4,48
2026-09-29 01:34:04,,False,100.0,25.7,0,False,100.0,250.4,48
2026-09-29 01:34:05,,False,100.0,25.7,0,False,100.0,250.4,48
2026-09-29 01:34:06,,False,100.0,25.7,0,False,100.0,250.4,48
2026-09-29 01:34:07,,False,100.0,25.7,0,False,100.0,250.4,48
2026-09-29 01:34:09,,False,100.0,25.7,0,False,100.0,250.4,48
2026-09-29 01:34:10,,False,100.0,25.7,0,False,100.0,250.4,48
2026-09-29 01:34:11,,False,100.0,25.7,0,False,100.0,250.4,48
2026-09-29 01:34:12,,False,100.0,25.7,0,False,100.0,250.4,48
2026-09-29 01:34:13,,False,100.0,25.7,0,False,100.0,250.4,48
2026-09-29 01:34:14,,False,100.0,25.7,0,False,100.0,250.4,48
2026-09-29 01:34:15,,False,100.0,25.7,0,False,100.0,250.4,48
2026-09-29 01:34:16,,False,100.0,25.7,0,False,100.0,250.4,48
2026-09-29 01:34:17,,False,100.0,25.7,0,False,100.0,250.4,48
2026-09-29 01:34:18,,False,100.0,25.7,0,False,100.0,250.4,48
2026-09-29 01:34:19,,False,100.0,25.7,0,False,100.0,250.4,48
2026-09-29 01:34:20,,False,100.0,25.7,0,False,100.0,250.4,48
2026-09-29 01:34:21,,False,100.0,25.7,0,False,100.0,250.4,48
2026-09-29 01:34:22,,False,100.0,25.7,0,False,100.0,250.4,48
2026-09-29 01:34:23,,False,100.0,25.7,0,False,100.0,250.4,48
2026-09-29 01:34:24,,False,100.0,25.7,0,False,100.0,250.4,48
2026-09-29 01:34:26,,False,100.0,25.7,0,False,100.0,250.4,48
2026-09-29 01:34:27,,False,100.0,25.7,0,False,100.0,250.4,48
2026-09-29 01:34:28,,False,100.0,25.7,0,False,100.0,250.4,48
2026-09-29 01:34:29,,False,100.0,25.7,0,False,100.0,250.4,48
2026-09-29 01:34:30,,False,100.0,25.7,0,False,100.0,250.4,48
2026-09-29 01:34:31,,False,100.0,25.7,0,False,100.0,250.4,48
2026-09-29 01:34:32,,False,100.0,25.7,0,False,100.0,250.4,48
2026-09-29 01:34:33,,False,100.0,25.7,0,False,100.0,250.4,48
2026-09-29 01:34:34,,False,100.0,25.7,0,False,100.0,250.4,48
2026-09-29 01:34:36,,False,100.0,25.7,0,False,100.0,250.4,48
2026-09-29 01:34:37,,False,100.0,25.7,0,False,100.0,250.4,48
2026-09-29 01:34:38,,False,100.0,25.7,0,False,100.0,250.4,48
2026-09-29 01:34:39,,False,100.0,25.7,0,False,100.0,250.4,48
2026-09-29 01:34:40,,False,100.0,25.7,0,False,100.0,250.4,48
2026-09-29 01:34:41,,False,100.0,25.7,0,False,100.0,250.4,48
2026-09-29 01:34:42,,False,100.0,25.7,0,False,100.0,250.4,48
2026-09-29 01:34:43,,False,100.0,25.7,0,False,100.0,250.4,48
2026-09-29 01:34:44,,False,100.0,25.7,0,False,100.0,250.4,48
2026-09-29 01:34:45,,False,100.0,25.7,0,False,100.0,250.4,48
2026-09-29 01:34:46,,False,100.0,25.7,0,False,100.0,250.4,48
2026-09-29 01:34:47,,False,100.0,25.7,0,False,100.0,250.4,48
2026-09-29 01:34:48,,False,100.0,25.7,0,False,100.0,250.4,48
2026-09-29 01:34:49,,False,100.0,25.7,0,False,100.0,250.4,48
2026-09-29 01:34:50,,False,100.0,25.7,0,False,100.0,250.4,48
2026-09-29 01:34:51,,False,100.0,25.7,0,False,100.0,250.4,48
2026-09-29 01:34:52,,False,100.0,25.7,0,False,100.0,250.4,48
2026-09-29 01:34:54,,False,100.0,25.7,0,False,100.0,250.4,48
2026-09-29 01:34:55,,False,100.0,25.7,0,False,100.0,250.4,48
2026-09-29 01:34:56,,False,100.0,25.7,0,False,100.0,250.4,48
2026-09-29 01:34:57,,False,100.0,25.7,0,False,100.0,250.4,48
2026-09-29 01:34:58,,False,100.0,25.7,0,False,100.0,250.4,48
2026-09-29 01:34:59,,False,100.0,25.7,0,False,100.0,250.4,48
2026-09-29 01:35:00,,False,100.0,25.7,0,False,100.0,250.4,48
2026-09-29 01:35:01,,False,100.0,25.7,0,False,100.0,250.4,48
2026-09-29 01:35:02,,False,100.0,25.7,0,False,100.0,250.4,48
2026-09-29 01:35:03,,False,100.0,25.7,0,False,100.0,250.4,48
2026-09-29 01:35:04,,False,100.0,25.7,0,False,100.0,250.4,48
2026-09-29 01:35:05,,False,100.0,25.7,0,False,100.0,250.4,48
2026-09-29 01:35:06,,False,100.0,25.7,0,False,100.0,250.4,48
2026-09-29 01:35:07,,False,100.0,25.7,0,False,100.0,250.4,48
2026-09-29 01:35:08,,False,100.0,25.7,0,False,100.0,250.4,48
2026-09-29 01:35:09,,False,100.0,25.7,0,False,100.0,250.4,48
2026-09-29 01:35:10,,False,100.0,25.7,0,False,100.0,250.4,48
2026-09-29 01:35:11,,False,100.0,25.7,0,False,100.0,250.4,48
2026-09-29 01:35:12,,False,100.0,25.7,0,False,100.0,250.4,48
2026-09-29 01:35:13,,False,100.0,25.7,0,False,100.0,250.4,48
2026-09-29 01:35:14,,False,100.0,25.7,0,False,100.0,250.4,48
2026-09-29 01:35:15,,False,100.0,25.7,0,False,100.0,250.4,48
2026-09-29 01:35:16,,False,100.0,25.7,0,False,100.0,250.4,48
2026-09-29 01:35:17,,False,100.0,25.7,0,False,100.0,250.4,48
2026-09-29 01:35:18,,False,100.0,25.7,0,False,100.0,250.4,48
2026-09-29 01:35:19,,False,100.0,25.7,0,False,100.0,250.4,48
2026-09-29 01:35:20,,False,100.0,25.7,0,False,100.0,250.4,48
2026-09-29 01:35:21,,False,100.0,25.7,0,False,100.0,250.4,48
2026-09-29 01:35:23,,False,100.0,25.7,0,False,100.0,250.4,48
2026-09-29 01:35:24,,False,100.0,25.7,0,False,100.0,250.4,48
2026-09-29 01:35:25,,False,100.0,25.7,0,False,100.0,250.4,48
2026-09-29 01:35:26,,False,100.0,25.7,0,False,100.0,250.4,48
2026-09-29 01:35:27,,False,100.0,25.7,0,False,100.0,250.4,48
2026-09-29 01:35:28,,False,100.0,25.7,0,False,100.0,250.4,48
2026-09-29 01:35:29,,False,100.0,25.7,0,False,100.0,250.4,48
2026-09-29 01:35:30,,False,100.0,25.7,0,False,100.0,250.4,48
2026-09-29 01:35:31,,False,100.0,25.7,0,False,100.0,250.4,48
2026-09-29 01:35:32,,False,100.0,25.7,0,False,100.0,250.4,48
2026-09-29 01:35:33,,False,100.0,25.7,0,False,100.0,250.4,48
2026-09-29 01:35:34,,False,100.0,25.7,0,False,100.0,250.4,48
2026-09-29 01:35:35,,False,100.0,25.7,0,False,100.0,250.4,48
2026-09-29 01:35:37,,False,100.0,25.7,0,False,100.0,250.4,48
2026-09-29 01:35:38,,False,100.0,25.7,0,False,100.0,250.4,48
2026-09-29 01:35:39,,False,100.0,25.7,0,False,100.0,250.4,48
2026-09-29 01:35:40,,False,100.0,25.7,0,False,100.0,250.4,48
2026-09-29 01:35:41,,False,100.0,25.7,0,False,100.0,250.4,48
2026-09-29 01:35:42,,False,100.0,25.7,0,False,100.0,250.4,48
2026-09-29 01:35:43,,False,100.0,25.7,0,False,100.0,250.4,48
2026-09-29 01:35:44,,False,100.0,25.7,0,False,100.0,250.4,48
2026-09-29 01:35:45,,False,100.0,25.7,0,False,100.0,250.4,48
2026-09-29 01:35:47,,False,100.0,25.7,0,False,100.0,250.4,48
2026-09-29 01:35:48,,False,100.0,25.7,0,False,100.0,250.4,48
2026-09-29 01:35:49,,False,100.0,25.7,0,False,100.0,250.4,48
2026-09-29 01:35:50,,False,100.0,25.7,0,False,100.0,250.4,48
2026-09-29 01:35:51,,False,100.0,25.7,0,False,100.0,250.4,48
2026-09-29 01:35:52,,False,100.0,25.7,0,False,100.0,250.4,48
2026-09-29 01:35:53,,False,100.0,25.7,0,False,100.0,250.4,48
2026-09-29 01:35:54,,False,100.0,25.7,0,False,100.0,250.4,48
2026-09-29 01:35:55,,False,100.0,25.7,0,False,100.0,250.4,48
2026-09-29 01:35:56,,False,100.0,25.7,0,False,100.0,250.4,48
2026-09-29 01:35:57,,False,100.0,25.7,0,False,100.0,250.4,48
2026-09-29 01:35:59,,False,100.0,25.7,0,False,100.0,250.4,48
2026-09-29 01:36:00,,False,100.0,25.7,0,False,100.0,250.4,48
2026-09-29 01:36:01,,False,100.0,25.7,0,False,100.0,250.4,48
2026-09-29 01:36:02,,False,100.0,25.7,0,False,100.0,250.4,48
2026-09-29 01:36:03,,False,100.0,25.7,0,False,100.0,250.4,48
2026-09-29 01:36:04,,False,100.0,25.7,0,False,100.0,250.4,48
2026-09-29 01:36:05,,False,100.0,25.7,0,False,100.0,250.4,48
2026-09-29 01:36:06,,False,100.0,25.7,0,False,100.0,250.4,48
2026-09-29 01:36:07,,False,100.0,25.7,0,False,100.0,250.4,48
2026-09-29 01:36:08,,False,100.0,25.7,0,False,100.0,250.4,48
2026-09-29 01:36:09,,False,100.0,25.7,0,False,100.0,250.4,48
2026-09-29 01:36:10,,False,100.0,25.7,0,False,100.0,250.4,48
2026-09-29 01:36:11,,False,100.0,25.7,0,False,100.0,250.4,48
2026-09-29 01:36:12,,False,100.0,25.7,0,False,100.0,250.4,48
2026-09-29 01:36:13,,False,100.0,25.7,0,False,100.0,250.4,48
2026-09-29 01:36:14,,False,100.0,25.7,0,False,100.0,250.4,48
2026-09-29 01:36:15,,False,100.0,25.7,0,False,100.0,250.4,48
2026-09-29 01:36:16,,False,100.0,25.7,0,False,100.0,250.4,48
2026-09-29 01:36:17,,False,100.0,25.7,0,False,100.0,250.4,48
2026-09-29 01:36:18,,False,100.0,25.7,0,False,100.0,250.4,48
2026-09-29 01:36:19,,False,100.0,25.7,0,False,100.0,250.4,48
2026-09-29 01:36:20,,False,100.0,25.7,0,False,100.0,250.4,48
2026-09-29 01:36:21,,False,100.0,25.7,0,False,100.0,250.4,48
2026-09-29 01:36:22,,False,100.0,25.7,0,False,100.0,250.4,48
2026-09-29 01:36:23,,False,100.0,25.7,0,False,100.0,250.4,48
2026-09-29 01:36:24,,False,100.0,25.7,0,False,100.0,250.4,48
2026-09-29 01:36:25,,False,100.0,25.7,0,False,100.0,250.4,48
2026-09-29 01:36:26,,False,100.0,25.7,0,False,100.0,250.4,48
2026-09-29 01:36:27,,False,100.0,25.7,0,False,100.0,250.4,48
2026-09-29 01:36:28,,False,100.0,25.7,0,False,100.0,250.4,48
2026-09-29 01:36:30,,False,100.0,25.7,0,False,100.0,250.4,48
2026-09-29 01:36:31,,False,100.0,25.7,0,False,100.0,250.4,48
2026-09-29 01:36:32,,False,100.0,25.7,0,False,100.0,250.4,48
2026-09-29 01:36:33,,False,100.0,25.7,0,False,100.0,250.4,48
2026-09-29 01:36:34,,False,100.0,25.7,0,False,100.0,250.4,48
2026-09-29 01:36:35,,False,100.0,25.7,0,False,100.0,250.4,48
2026-09-29 01:36:37,,False,100.0,25.7,0,False,100.0,250.4,48
2026-09-29 01:36:39,,False,100.0,25.7,0,False,100.0,250.4,48
2026-09-29 01:36:40,,False,100.0,25.7,0,False,100.0,250.4,48
2026-09-29 01:36:41,,False,100.0,25.7,0,False,100.0,250.4,48
2026-09-29 01:36:42,,False,100.0,25.7,0,False,100.0,250.4,48
2026-09-29 01:36:43,,False,100.0,25.7,0,False,100.0,250.4,48
2026-09-29 01:36:44,,False,100.0,25.7,0,False,100.0,250.4,48
2026-09-29 01:36:45,,False,100.0,25.7,0,False,100.0,250.4,48
2026-09-29 01:36:46,,False,100.0,25.7,0,False,100.0,250.4,48
2026-09-29 01:36:47,,False,100.0,25.7,0,False,100.0,250.4,48
2026-09-29 01:36:48,,False,100.0,25.7,0,False,100.0,250.4,48
2026-09-29 01:36:49,,False,100.0,25.7,0,False,100.0,250.4,48
2026-09-29 01:36:50,,False,100.0,25.7,0,False,100.0,250.4,48
2026-09-29 01:36:51,,False,100.0,25.7,0,False,100.0,250.4,48
2026-09-29 01:36:52,,False,100.0,25.7,0,False,100.0,250.4,48
2026-09-29 01:36:54,,False,100.0,25.7,0,False,100.0,250.4,48
2026-09-29 01:36:55,,False,100.0,25.7,0,False,100.0,250.4,48
2026-09-29 01:36:56,,False,100.0,25.7,0,False,100.0,250.4,48
2026-09-29 01:36:57,,False,100.0,25.7,0,False,100.0,250.4,48
2026-09-29 01:36:58,,False,100.0,25.7,0,False,100.0,250.4,48
2026-09-29 01:36:59,,False,100.0,25.7,0,False,100.0,250.4,48
2026-09-29 01:37:00,,False,100.0,25.7,0,False,100.0,250.4,48
2026-09-29 01:37:01,,False,100.0,25.7,0,False,100.0,250.4,48
2026-09-29 01:37:02,,False,100.0,25.7,0,False,100.0,250.4,48
2026-09-29 01:37:03,,False,100.0,25.7,0,False,100.0,250.4,48
2026-09-29 01:37:04,,False,100.0,25.7,0,False,100.0,250.4,48
2026-09-29 01:37:05,,False,100.0,25.7,0,False,100.0,250.4,48
2026-09-29 01:37:06,,False,100.0,25.7,0,False,100.0,250.4,48
2026-09-29 01:37:07,,False,100.0,25.7,0,False,100.0,250.4,48
2026-09-29 01:37:08,,False,100.0,25.7,0,False,100.0,250.4,48
2026-09-29 01:37:09,,False,100.0,25.7,0,False,100.0,250.4,48
2026-09-29 01:37:10,,False,100.0,25.7,0,False,100.0,250.4,48
2026-09-29 01:37:11,,False,100.0,25.7,0,False,100.0,250.4,48
2026-09-29 01:37:12,,False,100.0,25.7,0,False,100.0,250.4,48
2026-09-29 01:37:13,,False,100.0,25.7,0,False,100.0,250.4,48
2026-09-29 01:37:15,,False,100.0,25.7,0,False,100.0,250.4,48
2026-09-29 01:37:16,,False,100.0,25.7,0,False,100.0,250.4,48
2026-09-29 01:37:17,,False,100.0,25.7,0,False,100.0,250.4,48
2026-09-29 01:37:18,,False,100.0,25.7,0,False,100.0,250.4,48
2026-09-29 01:37:19,,False,100.0,25.7,0,False,100.0,250.4,48
2026-09-29 01:37:20,,False,100.0,25.7,0,False,100.0,250.4,48
2026-09-29 01:37:21,,False,100.0,25.7,0,False,100.0,250.4,48
2026-09-29 01:37:22,,False,100.0,25.7,0,False,100.0,250.4,48
2026-09-29 01:37:23,,False,100.0,25.7,0,False,100.0,250.4,48
2026-09-29 01:37:24,,False,100.0,25.7,0,False,100.0,250.4,48
2026-09-29 01:37:25,,False,100.0,25.7,0,False,100.0,250.4,48
2026-09-29 01:37:26,,False,100.0,25.7,0,False,100.0,250.4,48
2026-09-29 01:37:27,,False,100.0,25.7,0,False,100.0,250.4,48
2026-09-29 01:37:28,,False,100.0,25.7,0,False,100.0,250.4,48
2026-09-29 01:37:29,,False,100.0,25.7,0,False,100.0,250.4,48
2026-09-29 01:37:30,,False,100.0,25.7,0,False,100.0,250.4,48
2026-09-29 01:37:31,,False,100.0,25.7,0,False,100.0,250.4,48
2026-09-29 01:37:32,,False,100.0,25.7,0,False,100.0,250.4,48
2026-09-29 01:37:33,,False,100.0,25.7,0,False,100.0,250.4,48
2026-09-29 01:37:34,,False,100.0,25.7,0,False,100.0,250.4,48
2026-09-29 01:37:35,,False,100.0,25.7,0,False,100.0,250.4,48
2026-09-29 01:37:36,,False,100.0,25.7,0,False,100.0,250.4,48
2026-09-29 01:37:37,,False,100.0,25.7,0,False,100.0,250.4,48
2026-09-29 01:37:38,,False,100.0,25.7,0,False,100.0,250.4,48
2026-09-29 01:37:39,,False,100.0,25.7,0,False,100.0,250.4,48
2026-09-29 01:37:42,,False,100.0,25.7,0,False,100.0,250.4,48
2026-09-29 01:37:43,,False,100.0,25.7,0,False,100.0,250.4,48
2026-09-29 01:37:44,,False,100.0,25.7,0,False,100.0,250.4,48
2026-09-29 01:37:45,,False,100.0,25.7,0,False,100.0,250.4,48
2026-09-29 01:37:46,,False,100.0,25.7,0,False,100.0,250.4,48
2026-09-29 01:37:48,,False,100.0,25.7,0,False,100.0,250.4,48
2026-09-29 01:37:49,,False,100.0,25.7,0,False,100.0,250.4,48
2026-09-29 01:37:50,,False,100.0,25.7,0,False,100.0,250.4,48
2026-09-29 01:37:51,,False,100.0,25.7,0,False,100.0,250.4,48
2026-09-29 01:37:52,,False,100.0,25.7,0,False,100.0,250.4,48
2026-09-29 01:37:54,,False,100.0,25.7,0,False,100.0,250.4,48
2026-09-29 01:37:56,,False,100.0,25.7,0,False,100.0,250.4,48
2026-09-29 01:37:58,,False,100.0,25.7,0,False,100.0,250.4,48
2026-09-29 01:37:59,,False,100.0,25.7,0,False,100.0,250.4,48
2026-09-29 01:38:00,,False,100.0,25.7,0,False,100.0,250.4,48
2026-09-29 01:38:01,,False,100.0,25.7,0,False,100.0,250.4,48
2026-09-29 01:38:02,,False,100.0,25.7,0,False,100.0,250.4,48
2026-09-29 01:38:03,,False,100.0,25.7,0,False,100.0,250.4,48
2026-09-29 01:38:04,,False,100.0,25.7,0,False,100.0,250.4,48
2026-09-29 01:38:05,,False,100.0,25.7,0,False,100.0,250.4,48
2026-09-29 01:38:06,,False,100.0,25.7,0,False,100.0,250.4,48
2026-09-29 01:38:07,,False,100.0,25.7,0,False,100.0,250.4,48
2026-09-29 01:38:08,,False,100.0,25.7,0,False,100.0,250.4,48
2026-09-29 01:38:10,,False,100.0,25.7,0,False,100.0,250.4,48
2026-09-29 01:38:11,,False,100.0,25.7,0,False,100.0,250.4,48
2026-09-29 01:38:12,,False,100.0,25.7,0,False,100.0,250.4,48
2026-09-29 01:38:14,,False,100.0,25.7,0,False,100.0,250.4,48
2026-09-29 01:38:15,,False,100.0,25.7,0,False,100.0,250.4,48
2026-09-29 01:38:16,,False,100.0,25.7,0,False,100.0,250.4,48
2026-09-29 01:38:17,,False,100.0,25.7,0,False,100.0,250.4,48
2026-09-29 01:38:18,,False,100.0,25.7,0,False,100.0,250.4,48
2026-09-29 01:38:19,,False,100.0,25.7,0,False,100.0,250.4,48
2026-09-29 01:38:20,,False,100.0,25.7,0,False,100.0,250.4,48
2026-09-29 01:38:21,,False,100.0,25.7,0,False,100.0,250.4,48
2026-09-29 01:38:22,,False,100.0,25.7,0,False,100.0,250.4,48
2026-09-29 01:38:23,,False,100.0,25.7,0,False,100.0,250.4,48
2026-09-29 01:38:24,,False,100.0,25.7,0,False,100.0,250.4,48
2026-09-29 01:38:25,,False,100.0,25.7,0,False,100.0,250.4,48
2026-09-29 01:38:26,,False,100.0,25.7,0,False,100.0,250.4,48
2026-09-29 01:38:27,,False,100.0,25.7,0,False,100.0,250.4,48
2026-09-29 01:38:28,,False,100.0,25.7,0,False,100.0,250.4,48
2026-09-29 01:38:29,,False,100.0,25.7,0,False,100.0,250.4,48
2026-09-29 01:38:30,,False,100.0,25.7,0,False,100.0,250.4,48
2026-09-29 01:38:31,,False,100.0,25.7,0,False,100.0,250.4,48
2026-09-29 01:38:32,,False,100.0,25.7,0,False,100.0,250.4,48
2026-09-29 01:38:33,,False,100.0,25.7,0,False,100.0,250.4,48
2026-09-29 01:38:34,,False,100.0,25.7,0,False,100.0,250.4,48
2026-09-29 01:38:35,,False,100.0,25.7,0,False,100.0,250.4,48
2026-09-29 01:38:36,,False,100.0,25.7,0,False,100.0,250.4,48
2026-09-29 01:38:37,,False,100.0,25.7,0,False,100.0,250.4,48
2026-09-29 01:38:38,,False,100.0,25.7,0,False,100.0,250.4,48
2026-09-29 01:38:39,,False,100.0,25.7,0,False,100.0,250.4,48
2026-09-29 01:38:41,,False,100.0,25.7,0,False,100.0,250.4,48
2026-09-29 01:38:42,,False,100.0,25.7,0,False,100.0,250.4,48
2026-09-29 01:38:43,,False,100.0,25.7,0,False,100.0,250.4,48
2026-09-29 01:38:44,,False,100.0,25.7,0,False,100.0,250.4,48
2026-09-29 01:38:45,,False,100.0,25.7,0,False,100.0,250.4,48
2026-09-29 01:38:46,,False,100.0,25.7,0,False,100.0,250.4,48
2026-09-29 01:38:47,,False,100.0,25.7,0,False,100.0,250.4,48
2026-09-29 01:38:48,,False,100.0,25.7,0,False,100.0,250.4,48
2026-09-29 01:38:49,,False,100.0,25.7,0,False,100.0,250.4,48
2026-09-29 01:38:50,,False,100.0,25.7,0,False,100.0,250.4,48
2026-09-29 01:38:51,,False,100.0,25.7,0,False,100.0,250.4,48
2026-09-29 01:38:52,,False,100.0,25.7,0,False,100.0,250.4,48
2026-09-29 01:38:53,,False,100.0,25.7,0,False,100.0,250.4,48
2026-09-29 01:38:54,,False,100.0,25.7,0,False,100.0,250.4,48
2026-09-29 01:38:55,,False,100.0,25.7,0,False,100.0,250.4,48
2026-09-29 01:38:58,,False,100.0,25.7,0,False,100.0,250.4,48
2026-09-29 01:38:59,,False,100.0,25.7,0,False,100.0,250.4,48
2026-09-29 01:39:00,,False,100.0,25.7,0,False,100.0,250.4,48
2026-09-29 01:39:01,,False,100.0,25.7,0,False,100.0,250.4,48
2026-09-29 01:39:02,,False,100.0,25.7,0,False,100.0,250.4,48
2026-09-29 01:39:03,,False,100.0,25.7,0,False,100.0,250.4,48
2026-09-29 01:39:04,,False,100.0,25.7,0,False,100.0,250.4,48
2026-09-29 01:39:06,,False,100.0,25.7,0,False,100.0,250.4,48
2026-09-29 01:39:07,,False,100.0,25.7,0,False,100.0,250.4,48
2026-09-29 01:39:08,,False,100.0,25.7,0,False,100.0,250.4,48
2026-09-29 01:39:09,,False,100.0,25.7,0,False,100.0,250.4,48
2026-09-29 01:39:10,,False,100.0,25.7,0,False,100.0,250.4,48
2026-09-29 01:39:11,,False,100.0,25.7,0,False,100.0,250.4,48
2026-09-29 01:39:12,,False,100.0,25.7,0,False,100.0,250.4,48
2026-09-29 01:39:13,,False,100.0,25.7,0,False,100.0,250.4,48
2026-09-29 01:39:14,,False,100.0,25.7,0,False,100.0,250.4,48
2026-09-29 01:39:15,,False,100.0,25.7,0,False,100.0,250.4,48
2026-09-29 01:39:16,,False,100.0,25.7,0,False,100.0,250.4,48
2026-09-29 01:39:17,,False,100.0,25.7,0,False,100.0,250.4,48
2026-09-29 01:39:18,,False,100.0,25.7,0,False,100.0,250.4,48
2026-09-29 01:39:19,,False,100.0,25.7,0,False,100.0,250.4,48
2026-09-29 01:39:20,,False,100.0,25.7,0,False,100.0,250.4,48
2026-09-29 01:39:21,,False,100.0,25.7,0,False,100.0,250.4,48
2026-09-29 01:39:22,,False,100.0,25.7,0,False,100.0,250.4,48
2026-09-29 01:39:23,,False,100.0,25.7,0,False,100.0,250.4,48
2026-09-29 01:39:24,,False,100.0,25.7,0,False,100.0,250.4,48
2026-09-29 01:39:25,,False,100.0,25.7,0,False,100.0,250.4,48
2026-09-29 01:39:26,,False,100.0,25.7,0,False,100.0,250.4,48
2026-09-29 01:39:27,,False,100.0,25.7,0,False,100.0,250.4,48
2026-09-29 01:39:28,,False,100.0,25.7,0,False,100.0,250.4,48
2026-09-29 01:39:29,,False,100.0,25.7,0,False,100.0,250.4,48
2026-09-29 01:39:30,,False,100.0,25.7,0,False,100.0,250.4,48
2026-09-29 01:39:31,,False,100.0,25.7,0,False,100.0,250.4,48
2026-09-29 01:39:32,,False,100.0,25.7,0,False,100.0,250.4,48
2026-09-29 01:39:34,,False,100.0,25.7,0,False,100.0,250.4,48
2026-09-29 01:39:35,,False,100.0,25.7,0,False,100.0,250.4,48
2026-09-29 01:39:36,,False,100.0,25.7,0,False,100.0,250.4,48
2026-09-29 01:39:37,,False,100.0,25.7,0,False,100.0,250.4,48
2026-09-29 01:39:38,,False,100.0,25.7,0,False,100.0,250.4,48
2026-09-29 01:39:39,,False,100.0,25.7,0,False,100.0,250.4,48
2026-09-29 01:39:40,,False,100.0,25.7,0,False,100.0,250.4,48
2026-09-29 01:39:41,,False,100.0,25.7,0,False,100.0,250.4,48
2026-09-29 01:39:42,,False,100.0,25.7,0,False,100.0,250.4,48
2026-09-29 01:39:43,,False,100.0,25.7,0,False,100.0,250.4,48
2026-09-29 01:39:44,,False,100.0,25.7,0,False,100.0,250.4,48
2026-09-29 01:39:45,,False,100.0,25.7,0,False,100.0,250.4,48
2026-09-29 01:39:46,,False,100.0,25.7,0,False,100.0,250.4,48
2026-09-29 01:39:47,,False,100.0,25.7,0,False,100.0,250.4,48
2026-09-29 01:39:49,,False,100.0,25.7,0,False,100.0,250.4,48
2026-09-29 01:39:50,,False,100.0,25.7,0,False,100.0,250.4,48
2026-09-29 01:39:51,,False,100.0,25.7,0,False,100.0,250.4,48
2026-09-29 01:39:52,,False,100.0,25.7,0,False,100.0,250.4,48
2026-09-29 01:39:53,,False,100.0,25.7,0,False,100.0,250.4,48
2026-09-29 01:39:54,,False,100.0,25.7,0,False,100.0,250.4,48
2026-09-29 01:39:55,,False,100.0,25.7,0,False,100.0,250.4,48
2026-09-29 01:39:56,,False,100.0,25.7,0,False,100.0,250.4,48
2026-09-29 01:39:58,,False,100.0,25.7,0,False,100.0,250.4,48
2026-09-29 01:39:59,,False,100.0,25.7,0,False,100.0,250.4,48
2026-09-29 01:40:00,,False,100.0,25.7,0,False,100.0,250.4,48
2026-09-29 01:40:01,,False,100.0,25.7,0,False,100.0,250.4,48
2026-09-29 01:40:02,,False,100.0,25.7,0,False,100.0,250.4,48
2026-09-29 01:40:03,,False,100.0,25.7,0,False,100.0,250.4,48
2026-09-29 01:40:05,,False,100.0,25.7,0,False,100.0,250.4,48
2026-09-29 01:40:06,,False,100.0,25.7,0,False,100.0,250.4,48
2026-09-29 01:40:07,,False,100.0,25.7,0,False,100.0,250.4,48
2026-09-29 01:40:08,,False,100.0,25.7,0,False,100.0,250.4,48
2026-09-29 01:40:09,,False,100.0,25.7,0,False,100.0,250.4,48
2026-09-29 01:40:10,,False,100.0,25.7,0,False,100.0,250.4,48
2026-09-29 01:40:11,,False,100.0,25.7,0,False,100.0,250.4,48
2026-09-29 01:40:12,,False,100.0,25.7,0,False,100.0,250.4,48
2026-09-29 01:40:13,,False,100.0,25.7,0,False,100.0,250.4,48
2026-09-29 01:40:14,,False,100.0,25.7,0,False,100.0,250.4,48
2026-09-29 01:40:15,,False,100.0,25.7,0,False,100.0,250.4,48
2026-09-29 01:40:16,,False,100.0,25.7,0,False,100.0,250.4,48
2026-09-29 01:40:17,,False,100.0,25.7,0,False,100.0,250.4,48
2026-09-29 01:40:18,,False,100.0,25.7,0,False,100.0,250.4,48
2026-09-29 01:40:19,,False,100.0,25.7,0,False,100.0,250.4,48
2026-09-29 01:40:20,,False,100.0,25.7,0,False,100.0,250.4,48
2026-09-29 01:40:22,,False,100.0,25.7,0,False,100.0,250.4,48
2026-09-29 01:40:23,,False,100.0,25.7,0,False,100.0,250.4,48
2026-09-29 01:40:24,,False,100.0,25.7,0,False,100.0,250.4,48
2026-09-29 01:40:25,,False,100.0,25.7,0,False,100.0,250.4,48
2026-09-29 01:40:26,,False,100.0,25.7,0,False,100.0,250.4,48
2026-09-29 01:40:27,,False,100.0,25.7,0,False,100.0,250.4,48
2026-09-29 01:40:28,,False,100.0,25.7,0,False,100.0,250.4,48
2026-09-29 01:40:30,,False,100.0,25.7,0,False,100.0,250.4,48
2026-09-29 01:40:32,,False,100.0,25.7,0,False,100.0,250.4,48
2026-09-29 01:40:34,,False,100.0,25.7,0,False,100.0,250.4,48
2026-09-29 01:40:35,,False,100.0,25.7,0,False,100.0,250.4,48
2026-09-29 01:40:36,,False,100.0,25.7,0,False,100.0,250.4,48
2026-09-29 01:40:37,,False,100.0,25.7,0,False,100.0,250.4,48
2026-09-29 01:40:38,,False,100.0,25.7,0,False,100.0,250.4,48
2026-09-29 01:40:39,,False,100.0,25.7,0,False,100.0,250.4,48
2026-09-29 01:40:40,,False,100.0,25.7,0,False,100.0,250.4,48
2026-09-29 01:40:41,,False,100.0,25.7,0,False,100.0,250.4,48
2026-09-29 01:40:42,,False,100.0,25.7,0,False,100.0,250.4,48
2026-09-29 01:40:43,,False,100.0,25.7,0,False,100.0,250.4,48
2026-09-29 01:40:45,,False,100.0,25.7,0,False,100.0,250.4,48
2026-09-29 01:40:46,,False,100.0,25.7,0,False,100.0,250.4,48
2026-09-29 01:40:47,,False,100.0,25.7,0,False,100.0,250.4,48
2026-09-29 01:40:48,,False,100.0,25.7,0,False,100.0,250.4,48
2026-09-29 01:40:50,,False,100.0,25.7,0,False,100.0,250.4,48
2026-09-29 01:40:51,,False,100.0,25.7,0,False,100.0,250.4,48
2026-09-29 01:40:52,,False,100.0,25.7,0,False,100.0,250.4,48
2026-09-29 01:40:53,,False,100.0,25.7,0,False,100.0,250.4,48
2026-09-29 01:40:54,,False,100.0,25.7,0,False,100.0,250.4,48
2026-09-29 01:40:55,,False,100.0,25.7,0,False,100.0,250.4,48
2026-09-29 01:40:56,,False,100.0,25.7,0,False,100.0,250.4,48
2026-09-29 01:40:57,,False,100.0,25.7,0,False,100.0,250.4,48
2026-09-29 01:40:58,,False,100.0,25.7,0,False,100.0,250.4,48
2026-09-29 01:40:59,,False,100.0,25.7,0,False,100.0,250.4,48
2026-09-29 01:41:00,,False,100.0,25.7,0,False,100.0,250.4,48
2026-09-29 01:41:01,,False,100.0,25.7,0,False,100.0,250.4,48
2026-09-29 01:41:02,,False,100.0,25.7,0,False,100.0,250.4,48
2026-09-29 01:41:03,,False,100.0,25.7,0,False,100.0,250.4,48
2026-09-29 01:41:04,,False,100.0,25.7,0,False,100.0,250.4,48
2026-09-29 01:41:05,,False,100.0,25.7,0,False,100.0,250.4,48
2026-09-29 01:41:06,,False,100.0,25.7,0,False,100.0,250.4,48
2026-09-29 01:41:07,,False,100.0,25.7,0,False,100.0,250.4,48
2026-09-29 01:41:08,,False,100.0,25.7,0,False,100.0,250.4,48
2026-09-29 01:41:09,,False,100.0,25.7,0,False,100.0,250.4,48
2026-09-29 01:41:10,,False,100.0,25.7,0,False,100.0,250.4,48
2026-09-29 01:41:11,,False,100.0,25.7,0,False,100.0,250.4,48
2026-09-29 01:41:12,,False,100.0,25.7,0,False,100.0,250.4,48
2026-09-29 01:41:13,,False,100.0,25.7,0,False,100.0,250.4,48
2026-09-29 01:41:14,,False,100.0,25.7,0,False,100.0,250.4,48
2026-09-29 01:41:15,,False,100.0,25.7,0,False,100.0,250.4,48
2026-09-29 01:41:16,,False,100.0,25.7,0,False,100.0,250.4,48
2026-09-29 01:41:17,,False,100.0,25.7,0,False,100.0,250.4,48
2026-09-29 01:41:18,,False,100.0,25.7,0,False,100.0,250.4,48
2026-09-29 01:41:19,,False,100.0,25.7,0,False,100.0,250.4,48
2026-09-29 01:41:20,,False,100.0,25.7,0,False,100.0,250.4,48
2026-09-29 01:41:21,,False,100.0,25.7,0,False,100.0,250.4,48
2026-09-29 01:41:22,,False,100.0,25.7,0,False,100.0,250.4,48
2026-09-29 01:41:23,,False,100.0,25.7,0,False,100.0,250.4,48
2026-09-29 01:41:24,,False,100.0,25.7,0,False,100.0,250.4,48
2026-09-29 01:41:25,,False,100.0,25.7,0,False,100.0,250.4,48
2026-09-29 01:41:26,,False,100.0,25.7,0,False,100.0,250.4,48
2026-09-29 01:41:27,,False,100.0,25.7,0,False,100.0,250.4,48
2026-09-29 01:41:28,,False,100.0,25.7,0,False,100.0,250.4,48
2026-09-29 01:41:29,,False,100.0,25.7,0,False,100.0,250.4,48
2026-09-29 01:41:30,,False,100.0,25.7,0,False,100.0,250.4,48
2026-09-29 01:41:31,,False,100.0,25.7,0,False,100.0,250.4,48
2026-09-29 01:41:32,,False,100.0,25.7,0,False,100.0,250.4,48
2026-09-29 01:41:33,,False,100.0,25.7,0,False,100.0,250.4,48
2026-09-29 01:41:34,,False,100.0,25.7,0,False,100.0,250.4,48
2026-09-29 01:41:35,,False,100.0,25.7,0,False,100.0,250.4,48
2026-09-29 01:41:36,,False,100.0,25.7,0,False,100.0,250.4,48
2026-09-29 01:41:37,,False,100.0,25.7,0,False,100.0,250.4,48
2026-09-29 01:41:38,,False,100.0,25.7,0,False,100.0,250.4,48
2026-09-29 01:41:39,,False,100.0,25.7,0,False,100.0,250.4,48
2026-09-29 01:41:40,,False,100.0,25.7,0,False,100.0,250.4,48
2026-09-29 01:41:41,,False,100.0,25.7,0,False,100.0,250.4,48
2026-09-29 01:41:42,,False,100.0,25.7,0,False,100.0,250.4,48
2026-09-29 01:41:44,,False,100.0,25.7,0,False,100.0,250.4,48
2026-09-29 01:41:45,,False,100.0,25.7,0,False,100.0,250.4,48
2026-09-29 01:41:46,,False,100.0,25.7,0,False,100.0,250.4,48
2026-09-29 01:41:47,,False,100.0,25.7,0,False,100.0,250.4,48
2026-09-29 01:41:48,,False,100.0,25.7,0,False,100.0,250.4,48
2026-09-29 01:41:49,,False,100.0,25.7,0,False,100.0,250.4,48
2026-09-29 01:41:50,,False,100.0,25.7,0,False,100.0,250.4,48
2026-09-29 01:41:51,,False,100.0,25.7,0,False,100.0,250.4,48
2026-09-29 01:41:52,,False,100.0,25.7,0,False,100.0,250.4,48
2026-09-29 01:41:53,,False,100.0,25.7,0,False,100.0,250.4,48
2026-09-29 01:41:54,,False,100.0,25.7,0,False,100.0,250.4,48
2026-09-29 01:41:55,,False,100.0,25.7,0,False,100.0,250.4,48
2026-09-29 01:41:57,,False,100.0,25.7,0,False,100.0,250.4,48
2026-09-29 01:41:58,,False,100.0,25.7,0,False,100.0,250.4,48
2026-09-29 01:41:59,,False,100.0,25.7,0,False,100.0,250.4,48
2026-09-29 01:42:00,,False,100.0,25.7,0,False,100.0,250.4,48
2026-09-29 01:42:01,,False,100.0,25.7,0,False,100.0,250.4,48
2026-09-29 01:42:02,,False,100.0,25.7,0,False,100.0,250.4,48
2026-09-29 01:42:03,,False,100.0,25.7,0,False,100.0,250.4,48
2026-09-29 01:42:04,,False,100.0,25.7,0,False,100.0,250.4,48
2026-09-29 01:42:05,,False,100.0,25.7,0,False,100.0,250.4,48
2026-09-29 01:42:06,,False,100.0,25.7,0,False,100.0,250.4,48
2026-09-29 01:42:07,,False,100.0,25.7,0,False,100.0,250.4,48
2026-09-29 01:42:08,,False,100.0,25.7,0,False,100.0,250.4,48
2026-09-29 01:42:09,,False,100.0,25.7,0,False,100.0,250.4,48
2026-09-29 01:42:10,,False,100.0,25.7,0,False,100.0,250.4,48
2026-09-29 01:42:11,,False,100.0,25.7,0,False,100.0,250.4,48
2026-09-29 01:42:12,,False,100.0,25.7,0,False,100.0,250.4,48
2026-09-29 01:42:13,,False,100.0,25.7,0,False,100.0,250.4,48
2026-09-29 01:42:15,,False,100.0,25.7,0,False,100.0,250.4,48
2026-09-29 01:42:16,,False,100.0,25.7,0,False,100.0,250.4,48
2026-09-29 01:42:17,,False,100.0,25.7,0,False,100.0,250.4,48
2026-09-29 01:42:18,,False,100.0,25.7,0,False,100.0,250.4,48
2026-09-29 01:42:19,,False,100.0,25.7,0,False,100.0,250.4,48
2026-09-29 01:42:20,,False,100.0,25.7,0,False,100.0,250.4,48
2026-09-29 01:42:21,,False,100.0,25.7,0,False,100.0,250.4,48
2026-09-29 01:42:22,,False,100.0,25.7,0,False,100.0,250.4,48
2026-09-29 01:42:23,,False,100.0,25.7,0,False,100.0,250.4,48
2026-09-29 01:42:24,,False,100.0,25.7,0,False,100.0,250.4,48
2026-09-29 01:42:25,,False,100.0,25.7,0,False,100.0,250.4,48
2026-09-29 01:42:26,,False,100.0,25.7,0,False,100.0,250.4,48
2026-09-29 01:42:27,,False,100.0,25.7,0,False,100.0,250.4,48
2026-09-29 01:42:28,,False,100.0,25.7,0,False,100.0,250.4,48
2026-09-29 01:42:29,,False,100.0,25.7,0,False,100.0,250.4,48
2026-09-29 01:42:30,,False,100.0,25.7,0,False,100.0,250.4,48
2026-09-29 01:42:31,,False,100.0,25.7,0,False,100.0,250.4,48
2026-09-29 01:42:33,,False,100.0,25.7,0,False,100.0,250.4,48
2026-09-29 01:42:34,,False,100.0,25.7,0,False,100.0,250.4,48
2026-09-29 01:42:35,,False,100.0,25.7,0,False,100.0,250.4,48
2026-09-29 01:42:36,,False,100.0,25.7,0,False,100.0,250.4,48
2026-09-29 01:42:37,,False,100.0,25.7,0,False,100.0,250.4,48
2026-09-29 01:42:38,,False,100.0,25.7,0,False,100.0,250.4,48
2026-09-29 01:42:39,,False,100.0,25.7,0,False,100.0,250.4,48
2026-09-29 01:42:40,,False,100.0,25.7,0,False,100.0,250.4,48
2026-09-29 01:42:42,,False,100.0,25.7,0,False,100.0,250.4,48
2026-09-29 01:42:43,,False,100.0,25.7,0,False,100.0,250.4,48
2026-09-29 01:42:44,,False,100.0,25.7,0,False,100.0,250.4,48
2026-09-29 01:42:45,,False,100.0,25.7,0,False,100.0,250.4,48
2026-09-29 01:42:46,,False,100.0,25.7,0,False,100.0,250.4,48
2026-09-29 01:42:47,,False,100.0,25.7,0,False,100.0,250.4,48
2026-09-29 01:42:48,,False,100.0,25.7,0,False,100.0,250.4,48
2026-09-29 01:42:49,,False,100.0,25.7,0,False,100.0,250.4,48
2026-09-29 01:42:50,,False,100.0,25.7,0,False,100.0,250.4,48
2026-09-29 01:42:51,,False,100.0,25.7,0,False,100.0,250.4,48
2026-09-29 01:42:52,,False,100.0,25.7,0,False,100.0,250.4,48
2026-09-29 01:42:53,,False,100.0,25.7,0,False,100.0,250.4,48
2026-09-29 01:42:54,,False,100.0,25.7,0,False,100.0,250.4,48
2026-09-29 01:42:55,,False,100.0,25.7,0,False,100.0,250.4,48
2026-09-29 01:42:56,,False,100.0,25.7,0,False,100.0,250.4,48
2026-09-29 01:42:57,,False,100.0,25.7,0,False,100.0,250.4,48
2026-09-29 01:42:59,,False,100.0,25.7,0,False,100.0,250.4,48
2026-09-29 01:43:00,,False,100.0,25.7,0,False,100.0,250.4,48
2026-09-29 01:43:01,,False,100.0,25.7,0,False,100.0,250.4,48
2026-09-29 01:43:02,,False,100.0,25.7,0,False,100.0,250.4,48
2026-09-29 01:43:03,,False,100.0,25.7,0,False,100.0,250.4,48
2026-09-29 01:43:04,,False,100.0,25.7,0,False,100.0,250.4,48
2026-09-29 01:43:05,,False,100.0,25.7,0,False,100.0,250.4,48
2026-09-29 01:43:06,,False,100.0,25.7,0,False,100.0,250.4,48
2026-09-29 01:43:07,,False,100.0,25.7,0,False,100.0,250.4,48
2026-09-29 01:43:08,,False,100.0,25.7,0,False,100.0,250.4,48
2026-09-29 01:43:09,,False,100.0,25.7,0,False,100.0,250.4,48
2026-09-29 01:43:10,,False,100.0,25.7,0,False,100.0,250.4,48
2026-09-29 01:43:11,,False,100.0,25.7,0,False,100.0,250.4,48
2026-09-29 01:43:12,,False,100.0,25.7,0,False,100.0,250.4,48
2026-09-29 01:43:13,,False,100.0,25.7,0,False,100.0,250.4,48
2026-09-29 01:43:15,,False,100.0,25.7,0,False,100.0,250.4,48
2026-09-29 01:43:16,,False,100.0,25.7,0,False,100.0,250.4,48
2026-09-29 01:43:17,,False,100.0,25.7,0,False,100.0,250.4,48
2026-09-29 01:43:18,,False,100.0,25.7,0,False,100.0,250.4,48
2026-09-29 01:43:19,,False,100.0,25.7,0,False,100.0,250.4,48
2026-09-29 01:43:20,,False,100.0,25.7,0,False,100.0,250.4,48
2026-09-29 01:43:21,,False,100.0,25.7,0,False,100.0,250.4,48
2026-09-29 01:43:22,,False,100.0,25.7,0,False,100.0,250.4,48
2026-09-29 01:43:23,,False,100.0,25.7,0,False,100.0,250.4,48
2026-09-29 01:43:24,,False,100.0,25.7,0,False,100.0,250.4,48
2026-09-29 01:43:25,,False,100.0,25.7,0,False,100.0,250.4,48
2026-09-29 01:43:26,,False,100.0,25.7,0,False,100.0,250.4,48
2026-09-29 01:43:27,,False,100.0,25.7,0,False,100.0,250.4,48
2026-09-29 01:43:28,,False,100.0,25.7,0,False,100.0,250.4,48
2026-09-29 01:43:29,,False,100.0,25.7,0,False,100.0,250.4,48
2026-09-29 01:43:30,,False,100.0,25.7,0,False,100.0,250.4,48
2026-09-29 01:43:31,,False,100.0,25.7,0,False,100.0,250.4,48
2026-09-29 01:43:32,,False,100.0,25.7,0,False,100.0,250.4,48
2026-09-29 01:43:34,,False,100.0,25.7,0,False,100.0,250.4,48
2026-09-29 01:43:35,,False,100.0,25.7,0,False,100.0,250.4,48
2026-09-29 01:43:36,,False,100.0,25.7,0,False,100.0,250.4,48
2026-09-29 01:43:37,,False,100.0,25.7,0,False,100.0,250.4,48
2026-09-29 01:43:39,,False,100.0,25.7,0,False,100.0,250.4,48
2026-09-29 01:43:40,,False,100.0,25.7,0,False,100.0,250.4,48
2026-09-29 01:43:41,,False,100.0,25.7,0,False,100.0,250.4,48
2026-09-29 01:43:42,,False,100.0,25.7,0,False,100.0,250.4,48
2026-09-29 01:43:43,,False,100.0,25.7,0,False,100.0,250.4,48
2026-09-29 01:43:44,,False,100.0,25.7,0,False,100.0,250.4,48
2026-09-29 01:43:45,,False,100.0,25.7,0,False,100.0,250.4,48
2026-09-29 01:43:46,,False,100.0,25.7,0,False,100.0,250.4,48
2026-09-29 01:43:47,,False,100.0,25.7,0,False,100.0,250.4,48
2026-09-29 01:43:48,,False,100.0,25.7,0,False,100.0,250.4,48
2026-09-29 01:43:49,,False,100.0,25.7,0,False,100.0,250.4,48
2026-09-29 01:43:50,,False,100.0,25.7,0,False,100.0,250.4,48
2026-09-29 01:43:51,,False,100.0,25.7,0,False,100.0,250.4,48
2026-09-29 01:43:52,,False,100.0,25.7,0,False,100.0,250.4,48
2026-09-29 01:43:54,,False,100.0,25.7,0,False,100.0,250.4,48
2026-09-29 01:43:55,,False,100.0,25.7,0,False,100.0,250.4,48
2026-09-29 01:43:56,,False,100.0,25.7,0,False,100.0,250.4,48
2026-09-29 01:43:57,,False,100.0,25.7,0,False,100.0,250.4,48
2026-09-29 01:43:58,,False,100.0,25.7,0,False,100.0,250.4,48
2026-09-29 01:43:59,,False,100.0,25.7,0,False,100.0,250.4,48
2026-09-29 01:44:00,,False,100.0,25.7,0,False,100.0,250.4,48
2026-09-29 01:44:01,,False,100.0,25.7,0,False,100.0,250.4,48
2026-09-29 01:44:02,,False,100.0,25.7,0,False,100.0,250.4,48
2026-09-29 01:44:03,,False,100.0,25.7,0,False,100.0,250.4,48
2026-09-29 01:44:04,,False,100.0,25.7,0,False,100.0,250.4,48
2026-09-29 01:44:05,,False,100.0,25.7,0,False,100.0,250.4,48
2026-09-29 01:44:06,,False,100.0,25.7,0,False,100.0,250.4,48
2026-09-29 01:44:07,,False,100.0,25.7,0,False,100.0,250.4,48
2026-09-29 01:44:08,,False,100.0,25.7,0,False,100.0,250.4,48
2026-09-29 01:44:09,,False,100.0,25.7,0,False,100.0,250.4,48
2026-09-29 01:44:10,,False,100.0,25.7,0,False,100.0,250.4,48
2026-09-29 01:44:11,,False,100.0,25.7,0,False,100.0,250.4,48
2026-09-29 01:44:12,,False,100.0,25.7,0,False,100.0,250.4,48
2026-09-29 01:44:13,,False,100.0,25.7,0,False,100.0,250.4,48
2026-09-29 01:44:14,,False,100.0,25.7,0,False,100.0,250.4,48
2026-09-29 01:44:15,,False,100.0,25.7,0,False,100.0,250.4,48
2026-09-29 01:44:16,,False,100.0,25.7,0,False,100.0,250.4,48
2026-09-29 01:44:17,,False,100.0,25.7,0,False,100.0,250.4,48
2026-09-29 01:44:18,,False,100.0,25.7,0,False,100.0,250.4,48
2026-09-29 01:44:19,,False,100.0,25.7,0,False,100.0,250.4,48
2026-09-29 01:44:20,,False,100.0,25.7,0,False,100.0,250.4,48
2026-09-29 01:44:21,,False,100.0,25.7,0,False,100.0,250.4,48
2026-09-29 01:44:22,,False,100.0,25.7,0,False,100.0,250.4,48
2026-09-29 01:44:23,,False,100.0,25.7,0,False,100.0,250.4,48
2026-09-29 01:44:24,,False,100.0,25.7,0,False,100.0,250.4,48
2026-09-29 01:44:25,,False,100.0,25.7,0,False,100.0,250.4,48
2026-09-29 01:44:26,,False,100.0,25.7,0,False,100.0,250.4,48
2026-09-29 01:44:27,,False,100.0,25.7,0,False,100.0,250.4,48
2026-09-29 01:44:28,,False,100.0,25.7,0,False,100.0,250.4,48
2026-09-29 01:44:29,,False,100.0,25.7,0,False,100.0,250.4,48
2026-09-29 01:44:30,,False,100.0,25.7,0,False,100.0,250.4,48
2026-09-29 01:44:31,,False,100.0,25.7,0,False,100.0,250.4,48
2026-09-29 01:44:32,,False,80.0,25.7,0,False,80.0,242.6,48
2026-09-29 01:44:33,,False,80.0,25.7,0,False,80.0,242.6,48
2026-09-29 01:44:34,,False,60.0,24.0,0,False,60.0,235.0,48
2026-09-29 01:44:35,,False,60.0,24.0,0,False,60.0,235.0,48
2026-09-29 01:44:36,,False,40.0,20.3,0,True,40.0,239.9,48
2026-09-29 01:44:37,,False,40.0,20.3,0,True,40.0,239.9,48
2026-09-29 01:44:39,LOWBITRATE,False,20.0,19.3,0,True,20.0,254.4,48
2026-09-29 01:44:40,LOWBITRATE,False,20.0,19.3,0,True,20.0,254.4,48
2026-09-29 01:44:41,LOWBITRATE,True,0.0,15.5,0,True,0.0,255.0,48
2026-09-29 01:44:42,LOWBITRATE,True,0.0,15.5,0,True,0.0,255.0,49
2026-09-29 01:44:43,LOWBITRATE,True,0.0,16.8,0,True,0.0,254.7,49
2026-09-29 01:44:44,LOWBITRATE,True,0.0,16.8,0,True,0.0,254.7,49
2026-09-29 01:44:45,LOWBITRATE,True,0.0,24.2,0,True,0.0,244.9,49
2026-09-29 01:44:46,LOWBITRATE,True,0.0,24.2,0,True,0.0,244.9,49
2026-09-29 01:44:47,WIFI,True,0.0,24.9,0,True,0.0,246.4,49
2026-09-29 01:44:48,WIFI,True,0.0,24.9,0,True,0.0,246.4,49
2026-09-29 01:44:49,WIFI,True,0.0,35.9,0,True,0.0,246.4,49
2026-09-29 01:44:50,WIFI,True,0.0,35.9,0,True,20.0,246.4,49
2026-09-29 01:44:51,WIFI,True,0.0,40.6,0,True,20.0,239.4,49
2026-09-29 01:44:53,WIFI,True,0.0,40.6,0,True,20.0,239.4,49
2026-09-29 01:44:54,WIFI,True,0.0,45.7,0,True,20.0,239.0,49
2026-09-29 01:44:55,WIFI,True,0.0,45.7,0,True,20.0,239.0,49
2026-09-29 01:44:56,WIFI,True,0.0,56.2,0,True,20.0,237.3,49
2026-09-29 01:44:57,WIFI,True,0.0,56.2,0,True,20.0,237.3,49
2026-09-29 01:44:58,WIFI,True,0.0,66.7,0,True,20.0,237.3,49
2026-09-29 01:44:59,WIFI,True,0.0,66.7,0,True,40.0,237.3,49
2026-09-29 01:45:00,WIFI,True,0.0,74.1,0,True,20.0,238.0,49
2026-09-29 01:45:01,WIFI,True,0.0,74.1,0,True,20.0,238.0,49
2026-09-29 01:45:02,WIFI,True,0.0,75.5,0,True,20.0,238.0,49
2026-09-29 01:45:03,WIFI,True,0.0,75.5,0,True,40.0,238.0,49
2026-09-29 01:45:04,WIFI,True,0.0,76.1,0,True,40.0,248.4,49
2026-09-29 01:45:05,WIFI,True,0.0,76.1,0,True,40.0,248.4,49
2026-09-29 01:45:06,WIFI,True,0.0,81.2,0,True,40.0,248.4,49
2026-09-29 01:45:07,WIFI,True,0.0,81.2,0,True,40.0,259.5,49
2026-09-29 01:45:08,WIFI,True,0.0,84.1,0,True,40.0,259.5,49
2026-09-29 01:45:09,WIFI,True,0.0,84.1,0,True,20.0,261.2,49
2026-09-29 01:45:10,WIFI,True,0.0,76.1,0,True,20.0,261.2,49
2026-09-29 01:45:11,WIFI,True,0.0,76.1,0,True,20.0,253.6,49
2026-09-29 01:45:12,WIFI,True,0.0,77.9,0,True,20.0,253.6,49
2026-09-29 01:45:13,WIFI,True,0.0,77.9,0,True,20.0,253.6,49
2026-09-29 01:45:14,WIFI,True,0.0,85.9,0,True,20.0,253.6,49
2026-09-29 01:45:15,WIFI,True,0.0,85.9,0,True,20.0,253.8,49
2026-09-29 01:45:16,WIFI,True,0.0,76.1,0,True,20.0,253.8,49
2026-09-29 01:45:17,WIFI,True,0.0,76.1,0,True,20.0,253.4,49
2026-09-29 01:45:18,WIFI,True,0.0,61.6,0,True,20.0,253.4,49
2026-09-29 01:45:19,WIFI,True,0.0,61.6,0,True,20.0,253.4,49
2026-09-29 01:45:20,WIFI,True,0.0,58.7,0,True,40.0,258.0,49
2026-09-29 01:45:21,WIFI,True,0.0,58.7,0,True,40.0,258.0,49
2026-09-29 01:45:22,WIFI,True,0.0,64.9,0,True,20.0,258.9,49
2026-09-29 01:45:23,WIFI,True,0.0,64.9,0,True,20.0,258.9,49
2026-09-29 01:45:24,WIFI,True,0.0,73.6,0,True,20.0,262.1,49
2026-09-29 01:45:25,WIFI,True,0.0,73.6,0,True,20.0,262.1,49
2026-09-29 01:45:26,WIFI,True,0.0,66.5,0,True,20.0,261.0,49
2026-09-29 01:45:27,WIFI,True,0.0,66.5,0,True,20.0,261.0,49
2026-09-29 01:45:28,WIFI,True,0.0,66.3,0,True,20.0,261.0,49
2026-09-29 01:45:29,WIFI,True,0.0,66.3,0,True,20.0,261.0,49
2026-09-29 01:45:30,WIFI,True,0.0,73.4,0,True,20.0,248.7,49
2026-09-29 01:45:31,WIFI,True,0.0,73.4,0,True,20.0,248.7,49
2026-09-29 01:45:32,WIFI,True,0.0,65.7,0,True,20.0,223.7,49
2026-09-29 01:45:33,WIFI,True,0.0,65.7,0,True,20.0,223.7,49
2026-09-29 01:45:34,WIFI,True,0.0,59.6,0,True,20.0,223.7,49
2026-09-29 01:45:35,WIFI,True,0.0,59.6,0,True,20.0,223.7,49
2026-09-29 01:45:36,WIFI,True,0.0,71.5,0,True,40.0,222.7,49
2026-09-29 01:45:37,WIFI,True,0.0,71.5,0,True,40.0,222.7,49
2026-09-29 01:45:38,WIFI,True,0.0,73.6,0,True,20.0,222.2,49
2026-09-29 01:45:39,WIFI,True,0.0,73.6,0,True,20.0,222.2,49
2026-09-29 01:45:40,WIFI,True,0.0,79.4,0,True,20.0,222.3,49
2026-09-29 01:45:41,WIFI,True,0.0,79.4,0,True,20.0,222.3,49
2026-09-29 01:45:42,WIFI,True,0.0,74.5,0,True,20.0,222.5,49
2026-09-29 01:45:43,WIFI,True,0.0,74.5,0,True,20.0,222.5,49
2026-09-29 01:45:44,WIFI,True,0.0,65.1,0,True,0.0,218.3,49
2026-09-29 01:45:45,WIFI,True,0.0,65.1,0,True,0.0,218.3,49
2026-09-29 01:45:46,WIFI,True,0.0,71.0,0,True,0.0,216.9,49
2026-09-29 01:45:47,WIFI,True,0.0,71.0,0,True,0.0,216.9,49
2026-09-29 01:45:48,WIFI,True,0.0,66.9,0,True,0.0,215.1,49
2026-09-29 01:45:49,WIFI,True,0.0,66.9,0,True,0.0,215.1,49
2026-09-29 01:45:50,WIFI,True,0.0,65.5,0,True,0.0,214.6,49
2026-09-29 01:45:51,WIFI,True,0.0,65.5,0,True,0.0,214.6,49
2026-09-29 01:45:52,WIFI,True,0.0,64.5,0,True,0.0,212.0,49
2026-09-29 01:45:53,WIFI,True,0.0,64.5,0,True,0.0,212.0,49
2026-09-29 01:45:54,WIFI,True,0.0,64.1,0,True,0.0,210.8,49
2026-09-29 01:45:55,WIFI,True,0.0,64.1,0,True,0.0,210.8,49
2026-09-29 01:45:56,WIFI,True,0.0,61.9,0,True,0.0,208.7,49
2026-09-29 01:45:57,WIFI,True,0.0,61.9,0,True,0.0,208.7,49
2026-09-29 01:45:58,WIFI,True,0.0,64.2,0,True,0.0,208.4,49
2026-09-29 01:45:59,WIFI,True,0.0,64.2,0,True,0.0,208.4,49
2026-09-29 01:46:00,WIFI,True,0.0,60.2,0,True,0.0,209.7,49
2026-09-29 01:46:02,WIFI,True,0.0,60.2,0,True,0.0,209.7,49
2026-09-29 01:46:03,WIFI,True,0.0,58.0,0,True,0.0,210.5,49
2026-09-29 01:46:04,WIFI,True,0.0,58.0,0,True,0.0,210.5,49
2026-09-29 01:46:05,WIFI,True,0.0,57.8,0,True,0.0,213.4,49
2026-09-29 01:46:06,WIFI,True,0.0,57.8,0,True,0.0,213.4,49
2026-09-29 01:46:07,WIFI,True,0.0,55.1,0,True,0.0,212.8,49
2026-09-29 01:46:08,WIFI,True,0.0,55.1,0,True,0.0,212.8,49
2026-09-29 01:46:09,WIFI,True,0.0,54.1,0,True,0.0,222.6,49
2026-09-29 01:46:10,WIFI,True,0.0,54.1,0,True,0.0,222.6,49
2026-09-29 01:46:11,WIFI,True,0.0,55.7,0,True,0.0,222.2,49
2026-09-29 01:46:12,WIFI,True,0.0,55.7,0,True,0.0,222.2,49
2026-09-29 01:46:13,WIFI,True,0.0,58.1,0,True,0.0,222.9,49
2026-09-29 01:46:14,WIFI,True,0.0,58.1,0,True,0.0,222.9,49
2026-09-29 01:46:15,WIFI,True,0.0,64.9,0,True,0.0,222.9,49
2026-09-29 01:46:16,WIFI,True,0.0,64.9,0,True,0.0,222.7,49
2026-09-29 01:46:17,WIFI,True,0.0,54.9,0,True,0.0,222.7,49
2026-09-29 01:46:18,WIFI,True,0.0,54.9,0,True,0.0,223.5,49
2026-09-29 01:46:19,WIFI,True,0.0,50.6,0,True,0.0,223.5,49
2026-09-29 01:46:20,WIFI,True,0.0,50.6,0,True,0.0,249.1,49
2026-09-29 01:46:21,WIFI,True,0.0,45.8,0,True,0.0,249.1,49
2026-09-29 01:46:22,WIFI,True,0.0,45.8,0,True,0.0,269.9,49
2026-09-29 01:46:23,WIFI,True,0.0,45.4,0,True,0.0,268.4,49
2026-09-29 01:46:24,WIFI,True,0.0,45.4,0,True,0.0,268.4,49
2026-09-29 01:46:25,WIFI,True,0.0,48.4,0,True,0.0,267.5,49
2026-09-29 01:46:26,WIFI,True,0.0,48.4,0,True,0.0,267.5,49
2026-09-29 01:46:27,WIFI,True,0.0,41.8,0,True,0.0,267.5,49
2026-09-29 01:46:28,WIFI,True,0.0,41.8,0,True,0.0,267.5,49
2026-09-29 01:46:29,WIFI,True,0.0,41.8,0,True,20.0,267.5,49
2026-09-29 01:46:31,WIFI,True,0.0,39.2,0,True,20.0,279.6,49
2026-09-29 01:46:32,WIFI,True,0.0,39.2,0,True,20.0,279.6,49
2026-09-29 01:46:33,WIFI,True,0.0,33.6,0,True,20.0,278.7,49
2026-09-29 01:46:34,WIFI,True,0.0,33.6,0,True,20.0,278.7,49
2026-09-29 01:46:36,WIFI,True,0.0,39.9,0,True,20.0,281.4,49
2026-09-29 01:46:37,WIFI,True,0.0,39.9,0,True,20.0,281.4,49
2026-09-29 01:46:38,WIFI,True,0.0,35.8,0,True,20.0,295.8,49
2026-09-29 01:46:39,WIFI,True,0.0,35.7,0,True,20.0,295.8,49
2026-09-29 01:46:40,WIFI,True,0.0,35.7,0,True,20.0,295.8,49
2026-09-29 01:46:42,WIFI,True,0.0,41.1,0,True,20.0,295.8,49
2026-09-29 01:46:43,WIFI,True,0.0,41.1,0,True,20.0,314.0,49
2026-09-29 01:46:44,WIFI,True,0.0,60.3,0,True,20.0,314.0,49
2026-09-29 01:46:46,WIFI,True,0.0,60.3,0,True,20.0,314.0,49
2026-09-29 01:46:47,WIFI,True,0.0,60.3,0,True,40.0,314.0,49
2026-09-29 01:46:48,WIFI,True,0.0,79.1,0,True,40.0,327.5,49
2026-09-29 01:46:49,WIFI,True,0.0,79.1,0,True,40.0,327.5,49
2026-09-29 01:46:50,WIFI,False,20.0,79.1,0,True,40.0,327.5,49
2026-09-29 01:46:51,WIFI,False,20.0,79.1,0,False,60.0,327.5,49
2026-09-29 01:46:52,,False,40.0,79.1,0,False,60.0,327.5,49
2026-09-29 01:46:53,,False,40.0,79.1,0,False,60.0,327.5,49
2026-09-29 01:46:54,,False,40.0,79.1,0,False,60.0,327.5,49
2026-09-29 01:46:55,,False,60.0,79.1,0,False,60.0,327.5,49
2026-09-29 01:46:58,,False,60.0,79.1,0,False,80.0,327.5,49
2026-09-29 01:46:59,,False,80.0,79.1,0,False,80.0,327.5,49
2026-09-29 01:47:01,,False,80.0,79.1,0,False,80.0,327.5,49
2026-09-29 01:47:02,,False,80.0,79.1,0,False,80.0,327.5,49
2026-09-29 01:47:04,,False,100.0,79.1,0,False,80.0,327.5,49
2026-09-29 01:47:05,,False,100.0,79.1,0,False,100.0,327.5,49
2026-09-29 01:47:06,,False,100.0,79.1,0,False,100.0,327.5,49
2026-09-29 01:47:07,,False,100.0,79.1,0,False,100.0,327.5,49
2026-09-29 01:47:08,,False,100.0,79.1,0,False,100.0,327.5,49
2026-09-29 01:47:09,,False,100.0,79.1,0,False,100.0,327.5,49
2026-09-29 01:47:10,,False,100.0,79.1,0,False,100.0,327.5,49
2026-09-29 01:47:11,,False,100.0,79.1,0,False,100.0,327.5,49
2026-09-29 01:47:12,,False,100.0,79.1,0,False,100.0,327.5,49
2026-09-29 01:47:14,,False,100.0,79.1,0,False,100.0,327.5,49
2026-09-29 01:47:15,,False,100.0,79.1,0,False,100.0,327.5,49
2026-09-29 01:47:16,,False,100.0,79.1,0,False,100.0,327.5,49
2026-09-29 01:47:17,,False,100.0,79.1,0,False,100.0,327.5,49
2026-09-29 01:47:19,,False,100.0,79.1,0,False,100.0,327.5,49
2026-09-29 01:47:20,,False,100.0,79.1,0,False,100.0,327.5,49
2026-09-29 01:47:23,,False,100.0,79.1,0,False,100.0,327.5,49
2026-09-29 01:47:24,,False,100.0,79.1,0,False,100.0,327.5,49
2026-09-29 01:47:25,,False,100.0,79.1,0,False,100.0,327.5,49
2026-09-29 01:47:26,,False,100.0,79.1,0,False,100.0,327.5,49
2026-09-29 01:47:27,,False,100.0,79.1,0,False,100.0,327.5,49
2026-09-29 01:47:28,,False,100.0,79.1,0,False,100.0,327.5,49
2026-09-29 01:47:30,,False,100.0,79.1,0,False,100.0,327.5,49
2026-09-29 01:47:31,,False,100.0,79.1,0,False,100.0,327.5,49
2026-09-29 01:47:32,,False,100.0,79.1,0,False,100.0,327.5,49
2026-09-29 01:47:33,,False,100.0,79.1,0,False,100.0,327.5,49
2026-09-29 01:47:34,,False,100.0,79.1,0,False,100.0,327.5,49
2026-09-29 01:47:35,,False,100.0,79.1,0,False,100.0,327.5,49
2026-09-29 01:47:36,,False,100.0,79.1,0,False,100.0,327.5,49
2026-09-29 01:47:37,,False,100.0,79.1,0,False,100.0,327.5,49
2026-09-29 01:47:38,,False,100.0,79.1,0,False,100.0,327.5,49
2026-09-29 01:47:40,,False,100.0,79.1,0,False,100.0,327.5,49
2026-09-29 01:47:41,,False,100.0,79.1,0,False,100.0,327.5,49
2026-09-29 01:47:42,,False,100.0,79.1,0,False,100.0,327.5,49
2026-09-29 01:47:44,,False,100.0,79.1,0,False,100.0,327.5,49
2026-09-29 01:47:45,,False,100.0,79.1,0,False,100.0,327.5,49
2026-09-29 01:47:47,,False,100.0,79.1,0,False,100.0,327.5,49
2026-09-29 01:47:48,,False,100.0,79.1,0,False,100.0,327.5,49
2026-09-29 01:47:49,,False,100.0,79.1,0,False,100.0,327.5,49
2026-09-29 01:47:50,,False,100.0,79.1,0,False,100.0,327.5,49
2026-09-29 01:47:52,,False,100.0,79.1,0,False,100.0,327.5,49
2026-09-29 01:47:53,,False,100.0,79.1,0,False,100.0,327.5,49
2026-09-29 01:47:54,,False,100.0,79.1,0,False,100.0,327.5,49
2026-09-29 01:47:55,,False,100.0,79.1,0,False,100.0,327.5,49
2026-09-29 01:47:57,,False,100.0,79.1,0,False,100.0,327.5,49
2026-09-29 01:47:58,,False,100.0,79.1,0,False,100.0,327.5,49
2026-09-29 01:47:59,,False,100.0,79.1,0,False,100.0,327.5,49
2026-09-29 01:48:00,,False,100.0,79.1,0,False,100.0,327.5,49
2026-09-29 01:48:01,,False,100.0,79.1,0,False,100.0,327.5,49
2026-09-29 01:48:02,,False,100.0,79.1,0,False,100.0,327.5,49
2026-09-29 01:48:03,,False,100.0,79.1,0,False,100.0,327.5,49
2026-09-29 01:48:04,,False,100.0,79.1,0,False,100.0,327.5,49
2026-09-29 01:48:05,,False,100.0,79.1,0,False,100.0,327.5,49
2026-09-29 01:48:06,,False,100.0,79.1,0,False,100.0,327.5,49
2026-09-29 01:48:07,,False,100.0,79.1,0,False,100.0,327.5,49
2026-09-29 01:48:08,,False,100.0,79.1,0,False,100.0,327.5,49
2026-09-29 01:48:09,,False,100.0,79.1,0,False,100.0,327.5,49
2026-09-29 01:48:10,,False,100.0,79.1,0,False,100.0,327.5,49
2026-09-29 01:48:11,,False,100.0,79.1,0,False,100.0,327.5,49
2026-09-29 01:48:12,,False,100.0,79.1,0,False,100.0,327.5,49
2026-09-29 01:48:13,,False,100.0,79.1,0,False,100.0,327.5,49
2026-09-29 01:48:14,,False,100.0,79.1,0,False,100.0,327.5,49
2026-09-29 01:48:15,,False,100.0,79.1,0,False,100.0,327.5,49
2026-09-29 01:48:16,,False,100.0,79.1,0,False,100.0,327.5,49
2026-09-29 01:48:17,,False,100.0,79.1,0,False,100.0,327.5,49
2026-09-29 01:48:18,,False,100.0,79.1,0,False,100.0,327.5,49
2026-09-29 01:48:19,,False,100.0,79.1,0,False,100.0,327.5,49
2026-09-29 01:48:20,,False,100.0,79.1,0,False,100.0,327.5,49
2026-09-29 01:48:21,,False,100.0,79.1,0,False,100.0,327.5,49
2026-09-29 01:48:22,,False,100.0,79.1,0,False,100.0,327.5,49
2026-09-29 01:48:23,,False,100.0,79.1,0,False,100.0,327.5,49
2026-09-29 01:48:24,,False,100.0,79.1,0,False,100.0,327.5,49
2026-09-29 01:48:25,,False,100.0,79.1,0,False,100.0,327.5,49
2026-09-29 01:48:26,,False,100.0,79.1,0,False,100.0,327.5,49
2026-09-29 01:48:27,,False,100.0,79.1,0,False,100.0,327.5,49
2026-09-29 01:48:28,,False,100.0,79.1,0,False,100.0,327.5,49
2026-09-29 01:48:29,,False,100.0,79.1,0,False,100.0,327.5,49
2026-09-29 01:48:30,,False,100.0,79.1,0,False,100.0,327.5,49
2026-09-29 01:48:31,,False,100.0,79.1,0,False,100.0,327.5,49
2026-09-29 01:48:32,,False,100.0,79.1,0,False,100.0,327.5,49
2026-09-29 01:48:33,,False,100.0,79.1,0,False,100.0,327.5,49
2026-09-29 01:48:34,,False,100.0,79.1,0,False,100.0,327.5,49
2026-09-29 01:48:35,,False,100.0,79.1,0,False,100.0,327.5,49
2026-09-29 01:48:36,,False,100.0,79.1,0,False,100.0,327.5,49
2026-09-29 01:48:37,,False,100.0,79.1,0,False,100.0,327.5,49
2026-09-29 01:48:38,,False,100.0,79.1,0,False,100.0,327.5,49
2026-09-29 01:48:39,,False,100.0,79.1,0,False,100.0,327.5,49
2026-09-29 01:48:40,,False,100.0,79.1,0,False,100.0,327.5,49
2026-09-29 01:48:41,,False,100.0,79.1,0,False,100.0,327.5,49
2026-09-29 01:48:42,,False,100.0,79.1,0,False,100.0,327.5,49
2026-09-29 01:48:43,,False,100.0,79.1,0,False,100.0,327.5,49
2026-09-29 01:48:44,,False,100.0,79.1,0,False,100.0,327.5,49
2026-09-29 01:48:45,,False,100.0,79.1,0,False,100.0,327.5,49
2026-09-29 01:48:46,,False,100.0,79.1,0,False,100.0,327.5,49
2026-09-29 01:48:47,,False,100.0,79.1,0,False,100.0,327.5,49
2026-09-29 01:48:48,,False,100.0,79.1,0,False,100.0,327.5,49
2026-09-29 01:48:49,,False,100.0,79.1,0,False,100.0,327.5,49
2026-09-29 01:48:50,,False,100.0,79.1,0,False,100.0,327.5,49
2026-09-29 01:48:51,,False,100.0,79.1,0,False,100.0,327.5,49
2026-09-29 01:48:52,,False,100.0,79.1,0,False,100.0,327.5,49
2026-09-29 01:48:53,,False,100.0,79.1,0,False,100.0,327.5,49
2026-09-29 01:48:54,,False,100.0,79.1,0,False,100.0,327.5,49
2026-09-29 01:48:55,,False,100.0,79.1,0,False,100.0,327.5,49
2026-09-29 01:48:56,,False,100.0,79.1,0,False,100.0,327.5,49
2026-09-29 01:48:57,,False,100.0,79.1,0,False,100.0,327.5,49
2026-09-29 01:48:58,,False,100.0,79.1,0,False,100.0,327.5,49
2026-09-29 01:48:59,,False,100.0,79.1,0,False,100.0,327.5,49
2026-09-29 01:49:01,,False,100.0,79.1,0,False,100.0,327.5,49
2026-09-29 01:49:02,,False,100.0,79.1,0,False,100.0,327.5,49
2026-09-29 01:49:03,,False,100.0,79.1,0,False,100.0,327.5,49
2026-09-29 01:49:04,,False,100.0,79.1,0,False,100.0,327.5,49
2026-09-29 01:49:05,,False,100.0,79.1,0,False,100.0,327.5,49
2026-09-29 01:49:06,,False,100.0,79.1,0,False,100.0,327.5,49
2026-09-29 01:49:07,,False,100.0,79.1,0,False,100.0,327.5,49
2026-09-29 01:49:08,,False,100.0,79.1,0,False,100.0,327.5,49
2026-09-29 01:49:09,,False,100.0,79.1,0,False,100.0,327.5,49
2026-09-29 01:49:10,,False,100.0,79.1,0,False,100.0,327.5,49
2026-09-29 01:49:11,,False,100.0,79.1,0,False,100.0,327.5,49
2026-09-29 01:49:12,,False,100.0,79.1,0,False,100.0,327.5,49
2026-09-29 01:49:13,,False,100.0,79.1,0,False,100.0,327.5,49
2026-09-29 01:49:14,,False,100.0,79.1,0,False,100.0,327.5,49
2026-09-29 01:49:15,,False,100.0,79.1,0,False,100.0,327.5,49
2026-09-29 01:49:16,,False,100.0,79.1,0,False,100.0,327.5,49
2026-09-29 01:49:17,,False,100.0,79.1,0,False,100.0,327.5,49
2026-09-29 01:49:18,,False,100.0,79.1,0,False,100.0,327.5,49
2026-09-29 01:49:19,,False,100.0,79.1,0,False,100.0,327.5,49
2026-09-29 01:49:20,,False,100.0,79.1,0,False,100.0,327.5,49
2026-09-29 01:49:21,,False,100.0,79.1,0,False,100.0,327.5,49
2026-09-29 01:49:22,,False,100.0,79.1,0,False,100.0,327.5,49
2026-09-29 01:49:23,,False,100.0,79.1,0,False,100.0,327.5,49
2026-09-29 01:49:24,,False,100.0,79.1,0,False,100.0,327.5,49
2026-09-29 01:49:25,,False,100.0,79.1,0,False,100.0,327.5,49
2026-09-29 01:49:26,,False,100.0,79.1,0,False,100.0,327.5,49
2026-09-29 01:49:27,,False,100.0,79.1,0,False,100.0,327.5,49
2026-09-29 01:49:28,,False,100.0,79.1,0,False,100.0,327.5,49
2026-09-29 01:49:29,,False,100.0,79.1,0,False,100.0,327.5,49
2026-09-29 01:49:30,,False,100.0,79.1,0,False,100.0,327.5,49
2026-09-29 01:49:31,,False,100.0,79.1,0,False,100.0,327.5,49
2026-09-29 01:49:32,,False,100.0,79.1,0,False,100.0,327.5,49
2026-09-29 01:49:33,,False,100.0,79.1,0,False,100.0,327.5,49
2026-09-29 01:49:34,,False,100.0,79.1,0,False,100.0,327.5,49
2026-09-29 01:49:35,,False,100.0,79.1,0,False,100.0,327.5,49
2026-09-29 01:49:36,,False,100.0,79.1,0,False,100.0,327.5,49
2026-09-29 01:49:37,,False,100.0,79.1,0,False,100.0,327.5,49
2026-09-29 01:49:38,,False,100.0,79.1,0,False,100.0,327.5,49
2026-09-29 01:49:39,,False,100.0,79.1,0,False,100.0,327.5,49
2026-09-29 01:49:40,,False,100.0,79.1,0,False,100.0,327.5,49
2026-09-29 01:49:41,,False,100.0,79.1,0,False,100.0,327.5,49
2026-09-29 01:49:42,,False,100.0,79.1,0,False,100.0,327.5,49
2026-09-29 01:49:43,,False,100.0,79.1,0,False,100.0,327.5,49
2026-09-29 01:49:44,,False,100.0,79.1,0,False,100.0,327.5,49
2026-09-29 01:49:45,,False,100.0,79.1,0,False,100.0,327.5,49
2026-09-29 01:49:46,,False,100.0,79.1,0,False,100.0,327.5,49
2026-09-29 01:49:47,,False,100.0,79.1,0,False,100.0,327.5,49
2026-09-29 01:49:48,,False,100.0,79.1,0,False,100.0,327.5,49
2026-09-29 01:49:49,,False,100.0,79.1,0,False,100.0,327.5,49
2026-09-29 01:49:50,,False,100.0,79.1,0,False,100.0,327.5,49
2026-09-29 01:49:51,,False,100.0,79.1,0,False,100.0,327.5,49
2026-09-29 01:52:10,,False,100.0,,0,False,100.0,,0
2026-09-29 01:52:11,,False,100.0,,0,False,100.0,,0
2026-09-29 01:52:12,,False,100.0,,0,False,100.0,,0
2026-09-29 01:52:13,,False,100.0,,0,False,100.0,,0
2026-09-29 01:52:15,,False,100.0,,0,False,100.0,,0
2026-09-29 01:52:16,,False,100.0,,0,False,100.0,,0
2026-09-29 01:52:18,,False,100.0,,0,False,100.0,,0
2026-09-29 01:52:19,,False,100.0,,0,False,100.0,,0
2026-09-29 01:52:20,,False,100.0,,0,False,100.0,,0
2026-09-29 01:52:21,,False,100.0,,0,False,100.0,,0
2026-09-29 01:52:22,,False,100.0,,0,False,100.0,,0
2026-09-29 01:52:23,,False,100.0,,0,False,100.0,,0
2026-09-29 01:52:24,,False,100.0,,0,False,100.0,,0
2026-09-29 01:52:25,,False,100.0,,0,False,100.0,,0
2026-09-29 01:52:26,,False,100.0,,0,False,100.0,,0
2026-09-29 01:52:27,,False,80.0,12.7,0,False,100.0,,0
2026-09-29 01:52:28,,False,80.0,12.7,0,False,80.0,347.9,0
2026-09-29 01:52:29,,False,80.0,12.7,0,False,80.0,347.9,0
2026-09-29 01:52:30,,False,60.0,37.7,0,False,80.0,347.9,0
2026-09-29 01:52:32,,False,60.0,37.7,0,False,60.0,404.7,0
2026-09-29 01:52:33,,False,40.0,46.5,0,False,60.0,404.7,0
2026-09-29 01:52:34,,False,40.0,46.5,0,False,60.0,404.7,0
2026-09-29 01:52:35,,False,20.0,42.2,0,False,60.0,404.7,0
2026-09-29 01:52:36,,False,20.0,42.2,0,False,60.0,404.7,0
2026-09-29 01:52:37,,False,20.0,42.2,0,False,60.0,404.7,0
2026-09-29 01:52:38,,False,20.0,42.2,0,False,60.0,404.7,0
2026-09-29 01:52:39,,True,0.0,50.2,0,True,40.0,357.3,0
2026-09-29 01:52:40,,True,0.0,50.2,0,True,40.0,357.3,0
2026-09-29 01:52:41,WIFI,True,0.0,57.7,0,True,40.0,322.4,0
2026-09-29 01:52:42,WIFI,True,0.0,57.7,0,True,40.0,322.4,0
2026-09-29 01:52:43,WIFI,True,0.0,68.9,0,True,40.0,303.4,0
2026-09-29 01:52:44,WIFI,True,0.0,68.9,0,True,40.0,303.4,0
2026-09-29 01:52:45,WIFI,True,0.0,66.2,0,True,40.0,303.4,0
2026-09-29 01:52:46,WIFI,True,0.0,66.2,0,True,40.0,303.4,0
2026-09-29 01:52:47,WIFI,True,0.0,68.5,0,True,20.0,288.5,0
2026-09-29 01:52:48,WIFI,True,0.0,68.5,0,True,20.0,288.5,0
2026-09-29 01:52:49,WIFI,True,0.0,65.3,0,True,20.0,278.2,0
2026-09-29 01:52:50,WIFI,True,0.0,65.3,0,True,20.0,278.2,0
2026-09-29 01:52:51,WIFI,True,0.0,69.7,0,True,20.0,270.1,0
2026-09-29 01:52:52,WIFI,True,0.0,69.7,0,True,20.0,270.1,0
2026-09-29 01:52:53,WIFI,True,0.0,65.0,0,True,20.0,263.8,0
2026-09-29 01:52:54,WIFI,True,0.0,65.0,0,True,20.0,263.8,0
2026-09-29 01:52:55,WIFI,True,0.0,63.1,0,True,0.0,257.2,0
2026-09-29 01:52:56,WIFI,True,0.0,63.1,0,True,0.0,257.2,0
2026-09-29 01:52:57,WIFI,True,0.0,69.2,0,True,0.0,257.2,0
2026-09-29 01:52:58,WIFI,True,0.0,69.2,0,True,20.0,257.2,0
2026-09-29 01:52:59,WIFI,True,0.0,61.8,0,True,20.0,243.5,0
2026-09-29 01:53:01,WIFI,True,0.0,61.8,0,True,20.0,243.5,0
2026-09-29 01:53:02,WIFI,True,0.0,58.5,0,True,20.0,243.5,0
2026-09-29 01:53:03,WIFI,True,0.0,58.5,0,True,40.0,243.5,0
2026-09-29 01:53:04,WIFI,True,0.0,49.5,0,True,40.0,220.7,0
2026-09-29 01:53:06,WIFI,True,0.0,49.5,0,True,40.0,220.7,0
2026-09-29 01:53:07,WIFI,True,0.0,46.0,0,True,40.0,217.8,0
2026-09-29 01:53:08,WIFI,True,0.0,46.0,0,True,40.0,217.8,0
2026-09-29 01:53:09,WIFI,True,0.0,43.8,0,True,20.0,226.1,0
2026-09-29 01:53:10,WIFI,True,0.0,43.8,0,True,20.0,226.1,0
2026-09-29 01:53:11,WIFI,True,0.0,40.8,0,True,20.0,225.3,0
2026-09-29 01:53:12,WIFI,True,0.0,40.8,0,True,20.0,225.3,0
2026-09-29 01:53:13,WIFI,True,0.0,40.8,0,True,20.0,225.3,0
2026-09-29 01:53:14,WIFI,True,0.0,48.5,0,True,0.0,225.1,0
2026-09-29 01:53:15,WIFI,True,0.0,48.5,0,True,0.0,225.1,0
2026-09-29 01:53:16,WIFI,True,0.0,61.3,0,True,0.0,225.1,0
2026-09-29 01:53:17,WIFI,True,0.0,61.3,0,True,20.0,225.1,0
2026-09-29 01:53:18,WIFI,True,0.0,61.1,0,True,20.0,226.8,0
2026-09-29 01:53:19,WIFI,True,0.0,61.1,0,True,20.0,226.8,0
2026-09-29 01:53:20,WIFI,True,0.0,65.1,0,True,20.0,226.1,0
2026-09-29 01:53:22,WIFI,True,0.0,65.1,0,True,20.0,226.1,0
2026-09-29 01:53:23,WIFI,True,0.0,65.3,0,True,20.0,226.2,0
2026-09-29 01:53:24,WIFI,True,0.0,65.3,0,True,20.0,226.2,0
2026-09-29 01:53:25,WIFI,True,0.0,71.4,0,True,20.0,229.0,0
2026-09-29 01:53:26,WIFI,True,0.0,71.4,0,True,20.0,229.0,0
2026-09-29 01:53:27,WIFI,True,0.0,68.2,0,True,20.0,229.0,0
2026-09-29 01:53:28,WIFI,True,0.0,68.2,0,True,0.0,230.7,0
2026-09-29 01:53:29,WIFI,True,0.0,68.2,0,True,0.0,230.7,0
2026-09-29 01:53:30,WIFI,True,0.0,76.4,0,True,0.0,236.0,0
2026-09-29 01:53:31,WIFI,True,0.0,76.4,0,True,0.0,236.0,0
2026-09-29 01:53:32,WIFI,True,0.0,74.6,0,True,0.0,236.0,0
2026-09-29 01:53:34,WIFI,True,0.0,74.6,0,True,0.0,235.5,0
2026-09-29 01:53:35,WIFI,True,0.0,75.7,0,True,0.0,227.8,0
2026-09-29 01:53:38,WIFI,True,0.0,75.7,0,True,0.0,227.8,0
2026-09-29 01:53:39,WIFI,True,0.0,64.3,0,True,0.0,226.5,1
2026-09-29 01:53:40,WIFI,True,0.0,64.3,0,True,0.0,226.5,1
2026-09-29 01:53:41,WIFI,True,0.0,61.9,0,True,0.0,226.5,1
2026-09-29 01:53:42,WIFI,True,0.0,61.9,0,True,0.0,284.3,1
2026-09-29 01:53:43,WIFI,True,0.0,61.9,0,True,0.0,284.3,1
2026-09-29 01:53:44,WIFI,True,0.0,69.0,0,True,0.0,283.4,1
2026-09-29 01:53:45,WIFI,True,0.0,69.0,0,True,0.0,283.4,1
2026-09-29 01:53:46,WIFI,True,0.0,57.3,0,True,0.0,283.4,1
2026-09-29 01:53:47,WIFI,True,0.0,57.3,0,True,20.0,283.4,1
2026-09-29 01:53:48,WIFI,True,0.0,57.3,0,True,20.0,283.4,1
2026-09-29 01:53:49,WIFI,True,0.0,62.5,0,True,20.0,283.4,1
2026-09-29 01:53:50,WIFI,True,0.0,62.5,0,True,20.0,322.2,1
2026-09-29 01:53:51,WIFI,True,0.0,62.5,0,True,20.0,322.2,1
2026-09-29 01:53:52,WIFI,True,0.0,62.5,0,True,20.0,322.2,1
2026-09-29 01:53:53,WIFI,False,20.0,62.5,0,True,20.0,322.2,1
2026-09-29 01:53:54,LOWBITRATE,False,20.0,62.5,0,True,40.0,322.2,1
2026-09-29 01:53:55,LOWBITRATE,False,40.0,62.5,0,True,40.0,322.2,1
2026-09-29 01:53:56,LOWBITRATE,False,40.0,62.5,0,False,60.0,322.2,1
2026-09-29 01:53:57,,False,40.0,92.7,0,False,60.0,322.2,1
2026-09-29 01:53:58,,False,40.0,92.7,0,False,80.0,322.2,1
2026-09-29 01:54:00,,False,40.0,93.3,0,False,60.0,322.4,1
2026-09-29 01:54:02,,False,40.0,89.0,0,False,60.0,321.5,1
2026-09-29 01:54:03,,False,40.0,89.0,0,False,60.0,321.5,1
2026-09-29 01:54:04,,False,20.0,89.7,0,False,60.0,321.5,1
2026-09-29 01:54:05,,False,20.0,89.7,0,False,60.0,321.5,1
2026-09-29 01:54:06,,False,20.0,89.7,0,False,60.0,321.5,1
2026-09-29 01:54:07,,False,20.0,89.7,0,False,60.0,321.5,1
2026-09-29 01:54:08,,False,20.0,88.9,0,True,40.0,337.8,1
2026-09-29 01:54:09,,False,20.0,88.9,0,True,40.0,337.8,1
2026-09-29 01:54:10,LOWBITRATE,False,20.0,92.3,0,True,40.0,337.8,1
2026-09-29 01:54:11,LOWBITRATE,False,20.0,92.3,0,True,40.0,330.8,1
2026-09-29 01:54:12,LOWBITRATE,False,20.0,92.3,0,True,40.0,330.8,1
2026-09-29 01:54:13,LOWBITRATE,False,20.0,81.9,0,True,40.0,330.8,1
2026-09-29 01:54:14,LOWBITRATE,False,20.0,81.9,0,True,40.0,330.8,1
2026-09-29 01:54:15,,False,20.0,71.6,0,False,60.0,330.8,1
2026-09-29 01:54:16,,False,20.0,71.6,0,True,40.0,335.9,1
2026-09-29 01:54:17,LOWBITRATE,True,0.0,71.7,0,True,40.0,335.9,1
2026-09-29 01:54:18,LOWBITRATE,True,0.0,71.7,0,True,20.0,335.5,1
2026-09-29 01:54:19,LOWBITRATE,True,0.0,71.7,0,True,20.0,335.5,1
2026-09-29 01:54:20,LOWBITRATE,True,0.0,66.5,0,True,20.0,335.5,1
2026-09-29 01:54:22,LOWBITRATE,True,0.0,66.5,0,True,20.0,335.5,1
2026-09-29 01:54:23,LOWBITRATE,True,0.0,25.1,0,True,40.0,335.5,1
2026-09-29 01:54:24,LOWBITRATE,True,0.0,25.1,0,True,40.0,343.0,1
2026-09-29 01:54:25,LOWBITRATE,True,0.0,25.1,0,True,40.0,343.0,1
2026-09-29 01:54:26,WIFI,True,0.0,35.2,0,True,20.0,290.6,1
2026-09-29 01:54:27,WIFI,True,0.0,35.2,0,True,20.0,290.6,1
2026-09-29 01:54:28,WIFI,True,0.0,33.9,0,True,20.0,289.3,1
2026-09-29 01:54:29,WIFI,True,0.0,33.9,0,True,20.0,289.3,1
2026-09-29 01:54:30,WIFI,True,0.0,29.4,0,True,20.0,254.5,1
2026-09-29 01:54:31,WIFI,True,0.0,29.4,0,True,20.0,254.5,1
2026-09-29 01:54:32,WIFI,True,0.0,34.6,0,True,0.0,254.7,1
2026-09-29 01:54:35,WIFI,True,0.0,34.6,0,True,0.0,254.7,1
2026-09-29 01:54:37,WIFI,True,0.0,33.5,0,True,0.0,259.1,1
2026-09-29 01:54:39,WIFI,True,0.0,50.5,0,True,0.0,259.1,1
2026-09-29 01:54:41,WIFI,True,0.0,50.5,0,True,0.0,247.5,1
2026-09-29 01:54:42,WIFI,True,0.0,50.3,0,True,0.0,247.4,1
2026-09-29 01:54:43,WIFI,True,0.0,50.3,0,True,0.0,247.4,1
2026-09-29 01:54:44,WIFI,True,0.0,50.1,0,True,0.0,247.4,1
2026-09-29 01:54:45,WIFI,True,0.0,50.1,0,True,0.0,247.4,1
2026-09-29 01:54:46,WIFI,True,0.0,50.1,0,True,0.0,247.1,1
2026-09-29 01:54:47,WIFI,True,0.0,50.1,0,True,0.0,247.1,1
2026-09-29 01:54:48,WIFI,True,0.0,100.8,0,True,0.0,255.7,1
2026-09-29 01:54:49,WIFI,True,0.0,100.8,0,True,0.0,255.7,1
2026-09-29 01:54:50,WIFI,True,0.0,100.8,0,True,0.0,255.7,1
2026-09-29 01:54:51,WIFI,True,0.0,104.9,0,True,0.0,255.7,1
2026-09-29 01:54:52,WIFI,True,0.0,104.9,0,True,0.0,255.7,1
2026-09-29 01:54:53,WIFI,True,0.0,94.2,0,True,20.0,249.3,1
2026-09-29 01:54:55,WIFI,True,0.0,94.2,0,True,20.0,249.3,1
2026-09-29 01:54:56,WIFI,True,0.0,100.8,0,True,20.0,249.3,1
2026-09-29 01:54:58,WIFI,True,0.0,100.8,0,True,40.0,249.3,1
2026-09-29 01:54:59,WIFI,True,0.0,111.7,0,True,40.0,243.1,1
2026-09-29 01:55:00,WIFI,True,0.0,111.7,0,True,40.0,243.1,1
2026-09-29 01:55:01,WIFI,True,0.0,106.5,0,True,40.0,243.1,1
2026-09-29 01:55:02,WIFI,True,0.0,106.5,0,True,40.0,243.1,1
2026-09-29 01:55:03,WIFI,True,0.0,106.5,0,True,40.0,329.7,1
2026-09-29 01:55:04,WIFI,True,0.0,106.5,0,True,40.0,329.7,1
2026-09-29 01:55:05,WIFI,True,0.0,107.8,0,True,40.0,329.7,1
2026-09-29 01:55:06,WIFI,True,0.0,107.8,0,True,20.0,325.2,1
2026-09-29 01:55:07,WIFI,True,0.0,107.8,0,True,20.0,325.2,1
2026-09-29 01:55:08,WIFI,True,0.0,90.2,0,True,20.0,324.5,1
2026-09-29 01:55:09,WIFI,True,0.0,90.2,0,True,20.0,324.5,1
2026-09-29 01:55:10,WIFI,True,0.0,90.5,0,True,20.0,324.5,1
2026-09-29 01:55:11,WIFI,True,0.0,90.5,0,True,20.0,324.5,1
2026-09-29 01:55:12,WIFI,True,0.0,90.4,0,True,20.0,319.9,1
2026-09-29 01:55:13,WIFI,True,0.0,90.4,0,True,20.0,319.9,1
2026-09-29 01:55:14,WIFI,True,0.0,39.3,0,True,20.0,313.3,1
2026-09-29 01:55:15,WIFI,True,0.0,39.3,0,True,20.0,313.3,1
2026-09-29 01:55:16,WIFI,True,0.0,41.7,0,True,20.0,312.6,1
2026-09-29 01:55:17,WIFI,True,0.0,41.7,0,True,20.0,312.6,1
2026-09-29 01:55:18,WIFI,True,0.0,51.2,0,True,20.0,306.1,1
2026-09-29 01:55:19,WIFI,True,0.0,51.2,0,True,20.0,306.1,1
2026-09-29 01:55:20,WIFI,True,0.0,45.6,0,True,0.0,296.4,1
2026-09-29 01:55:21,WIFI,True,0.0,45.6,0,True,0.0,296.4,1
2026-09-29 01:55:22,WIFI,True,0.0,40.5,0,True,0.0,294.6,1
2026-09-29 01:55:23,WIFI,True,0.0,40.5,0,True,0.0,294.6,1
2026-09-29 01:55:25,WIFI,True,0.0,48.1,0,True,0.0,296.0,1
2026-09-29 01:55:27,WIFI,True,0.0,43.4,0,True,0.0,296.0,1
2026-09-29 01:55:28,WIFI,True,0.0,43.4,0,True,0.0,212.2,1
2026-09-29 01:55:29,WIFI,True,0.0,43.4,0,True,0.0,212.2,1
2026-09-29 01:55:30,WIFI,True,0.0,50.4,0,True,0.0,212.2,1
2026-09-29 01:55:31,WIFI,True,0.0,50.4,0,True,0.0,217.0,1
2026-09-29 01:55:32,WIFI,True,0.0,56.0,0,True,0.0,217.0,1
2026-09-29 01:55:33,WIFI,True,0.0,56.0,0,True,0.0,216.7,1
2026-09-29 01:55:34,WIFI,True,0.0,56.0,0,True,0.0,216.7,1
2026-09-29 01:55:35,WIFI,True,0.0,56.0,0,True,0.0,216.7,1
2026-09-29 01:55:36,WIFI,True,0.0,76.0,0,True,0.0,216.5,1
2026-09-29 01:55:37,WIFI,True,0.0,76.0,0,True,0.0,216.5,1
2026-09-29 01:55:38,WIFI,True,0.0,98.6,0,True,0.0,216.5,1
2026-09-29 01:55:39,WIFI,True,0.0,98.6,0,True,0.0,216.5,1
2026-09-29 01:55:40,WIFI,True,0.0,98.6,0,True,20.0,216.5,1
2026-09-29 01:55:41,WIFI,True,0.0,95.4,0,True,20.0,217.3,1
2026-09-29 01:55:42,WIFI,True,0.0,95.4,0,True,20.0,217.3,1
2026-09-29 01:55:43,WIFI,True,0.0,94.1,0,True,20.0,217.5,1
2026-09-29 01:55:44,WIFI,True,0.0,94.1,0,True,20.0,217.5,1
2026-09-29 01:55:45,WIFI,True,0.0,93.6,0,True,20.0,217.8,1
2026-09-29 01:55:47,WIFI,True,0.0,93.6,0,True,20.0,217.8,1
2026-09-29 01:55:48,WIFI,True,0.0,93.9,0,True,20.0,218.0,1
2026-09-29 01:55:49,WIFI,True,0.0,93.9,0,True,20.0,218.0,1
2026-09-29 01:55:50,WIFI,True,0.0,97.6,0,True,0.0,219.3,1
2026-09-29 01:55:51,WIFI,True,0.0,97.6,0,True,0.0,219.3,1
2026-09-29 01:55:52,WIFI,True,0.0,97.4,0,True,0.0,219.3,1
2026-09-29 01:55:53,WIFI,True,0.0,97.4,0,True,20.0,219.3,1
2026-09-29 01:55:54,WIFI,True,0.0,98.8,0,True,20.0,218.9,1
2026-09-29 01:55:55,WIFI,True,0.0,98.8,0,True,20.0,218.9,2
2026-09-29 01:55:56,WIFI,True,0.0,104.8,0,True,20.0,216.8,2
2026-09-29 01:55:57,WIFI,True,0.0,104.8,0,True,20.0,216.8,2
2026-09-29 01:55:58,WIFI,True,0.0,91.2,0,True,20.0,213.3,2
2026-09-29 01:55:59,WIFI,True,0.0,91.2,0,True,20.0,213.3,2
2026-09-29 01:56:00,WIFI,True,0.0,79.0,0,True,20.0,214.4,2
2026-09-29 01:56:01,WIFI,True,0.0,79.0,0,True,20.0,214.4,2
2026-09-29 01:56:02,WIFI,True,0.0,75.6,0,True,0.0,214.3,2
2026-09-29 01:56:03,WIFI,True,0.0,75.6,0,True,0.0,214.3,2
2026-09-29 01:56:04,WIFI,True,0.0,74.7,0,True,0.0,213.7,2
2026-09-29 01:56:05,WIFI,True,0.0,74.7,0,True,0.0,213.7,2
2026-09-29 01:56:06,WIFI,True,0.0,81.1,0,True,0.0,216.5,2
2026-09-29 01:56:07,WIFI,True,0.0,81.1,0,True,0.0,216.5,2
2026-09-29 01:56:08,WIFI,True,0.0,91.2,0,True,0.0,222.0,2
2026-09-29 01:56:09,WIFI,True,0.0,91.2,0,True,0.0,222.0,2
2026-09-29 01:56:10,WIFI,True,0.0,89.4,0,True,0.0,227.1,2
2026-09-29 01:56:11,WIFI,True,0.0,89.4,0,True,0.0,227.1,2
2026-09-29 01:56:12,WIFI,True,0.0,102.2,0,True,0.0,231.7,2
2026-09-29 01:56:13,WIFI,True,0.0,102.2,0,True,0.0,231.7,2
2026-09-29 01:56:14,WIFI,True,0.0,99.6,0,True,0.0,231.7,2
2026-09-29 01:56:15,WIFI,True,0.0,99.6,0,True,20.0,231.7,2
2026-09-29 01:56:16,WIFI,True,0.0,96.8,0,True,20.0,231.7,2
2026-09-29 01:56:17,WIFI,True,0.0,96.8,0,True,20.0,231.7,2
2026-09-29 01:56:18,WIFI,True,0.0,103.5,0,True,20.0,231.7,2
2026-09-29 01:56:19,WIFI,True,0.0,103.5,0,True,40.0,231.7,2
2026-09-29 01:56:20,WIFI,True,0.0,100.3,0,True,40.0,232.7,2
2026-09-29 01:56:21,WIFI,True,0.0,100.3,0,True,40.0,232.7,2
2026-09-29 01:56:22,WIFI,True,0.0,112.0,0,True,40.0,232.7,2
2026-09-29 01:56:23,WIFI,True,0.0,112.0,0,False,60.0,232.7,2
2026-09-29 01:56:24,WIFI,True,0.0,110.3,0,True,40.0,234.1,2
2026-09-29 01:56:25,WIFI,True,0.0,110.3,0,True,40.0,234.1,2
2026-09-29 01:56:26,WIFI,True,0.0,113.1,0,True,40.0,236.2,2
2026-09-29 01:56:27,WIFI,True,0.0,113.1,0,True,40.0,236.2,2
2026-09-29 01:56:28,WIFI,True,0.0,99.8,0,True,20.0,236.8,2
2026-09-29 01:56:29,WIFI,True,0.0,99.8,0,True,20.0,236.8,2
2026-09-29 01:56:30,WIFI,True,0.0,107.1,0,True,20.0,243.0,2
2026-09-29 01:56:31,WIFI,True,0.0,107.1,0,True,20.0,243.0,2
2026-09-29 01:56:32,WIFI,True,0.0,104.6,0,True,0.0,241.1,2
2026-09-29 01:56:33,WIFI,True,0.0,104.6,0,True,0.0,241.1,2
2026-09-29 01:56:34,WIFI,True,0.0,99.3,0,True,0.0,235.6,2
2026-09-29 01:56:35,WIFI,True,0.0,99.3,0,True,0.0,235.6,2
2026-09-29 01:56:36,WIFI,True,0.0,97.9,0,True,0.0,231.6,2
2026-09-29 01:56:37,WIFI,True,0.0,97.9,0,True,0.0,231.6,2
2026-09-29 01:56:38,WIFI,True,0.0,86.3,0,True,0.0,229.6,2
2026-09-29 01:56:39,WIFI,True,0.0,86.3,0,True,0.0,229.6,2
2026-09-29 01:56:40,WIFI,True,0.0,83.2,0,True,0.0,229.6,2
2026-09-29 01:56:41,WIFI,True,0.0,83.2,0,True,0.0,229.6,2
2026-09-29 01:56:42,WIFI,True,0.0,82.6,0,True,0.0,229.0,2
2026-09-29 01:56:43,WIFI,True,0.0,82.6,0,True,0.0,229.0,2
2026-09-29 01:56:44,WIFI,True,0.0,86.6,0,True,0.0,226.8,2
2026-09-29 01:56:45,WIFI,True,0.0,86.6,0,True,0.0,226.8,2
2026-09-29 01:56:46,WIFI,True,0.0,88.5,0,True,0.0,227.6,2
2026-09-29 01:56:47,WIFI,True,0.0,88.5,0,True,0.0,227.6,2
2026-09-29 01:56:48,WIFI,True,0.0,92.2,0,True,0.0,227.5,2
2026-09-29 01:56:49,WIFI,True,0.0,92.2,0,True,0.0,227.5,2
2026-09-29 01:56:50,WIFI,True,0.0,85.8,0,True,0.0,221.3,2
2026-09-29 01:56:51,WIFI,True,0.0,85.8,0,True,0.0,221.3,2
2026-09-29 01:56:52,WIFI,True,0.0,78.9,0,True,0.0,220.5,2
2026-09-29 01:56:53,WIFI,True,0.0,78.9,0,True,0.0,220.5,2
2026-09-29 01:56:54,WIFI,True,0.0,87.0,0,True,0.0,221.0,2
2026-09-29 01:56:55,WIFI,True,0.0,87.0,0,True,0.0,221.0,2
2026-09-29 01:56:56,WIFI,True,0.0,92.0,0,True,0.0,220.8,2
2026-09-29 01:56:57,WIFI,True,0.0,92.0,0,True,0.0,220.8,3
2026-09-29 01:56:58,WIFI,True,0.0,94.2,0,True,0.0,218.4,3
2026-09-29 01:56:59,WIFI,True,0.0,94.2,0,True,0.0,218.4,3
2026-09-29 01:57:00,WIFI,True,0.0,100.2,0,True,0.0,218.4,3
2026-09-29 01:57:01,WIFI,True,0.0,100.2,0,True,20.0,218.4,3
2026-09-29 01:57:02,WIFI,True,0.0,102.3,0,True,20.0,220.3,3
2026-09-29 01:57:03,WIFI,True,0.0,102.3,0,True,20.0,220.3,3
2026-09-29 01:57:04,WIFI,True,0.0,98.3,0,True,20.0,220.3,3
2026-09-29 01:57:05,WIFI,True,0.0,98.3,0,True,40.0,220.3,3
2026-09-29 01:57:06,WIFI,True,0.0,94.2,0,True,40.0,219.6,3
2026-09-29 01:57:07,WIFI,True,0.0,94.2,0,True,40.0,219.6,3
2026-09-29 01:57:08,WIFI,True,0.0,91.6,0,True,40.0,220.2,3
2026-09-29 01:57:09,WIFI,True,0.0,91.6,0,True,40.0,220.2,3
2026-09-29 01:57:10,WIFI,True,0.0,89.5,0,True,40.0,220.2,3
2026-09-29 01:57:11,WIFI,True,0.0,89.5,0,True,40.0,220.2,3
2026-09-29 01:57:12,WIFI,True,0.0,89.5,0,True,40.0,220.2,3
2026-09-29 01:57:14,WIFI,True,0.0,86.0,0,True,40.0,217.0,3
2026-09-29 01:57:15,WIFI,True,0.0,77.3,0,True,20.0,232.0,3
2026-09-29 01:57:16,WIFI,True,0.0,77.3,0,True,20.0,232.0,3
2026-09-29 01:57:17,WIFI,True,0.0,77.1,0,True,20.0,231.9,4
2026-09-29 01:57:18,WIFI,True,0.0,77.1,0,True,20.0,231.9,4
2026-09-29 01:57:19,WIFI,True,0.0,77.1,0,True,20.0,232.4,4
2026-09-29 01:57:20,WIFI,True,0.0,77.1,0,True,20.0,232.4,4
2026-09-29 01:57:21,WIFI,True,0.0,75.1,0,True,0.0,232.2,4
2026-09-29 01:57:22,WIFI,True,0.0,75.1,0,True,0.0,232.2,4
2026-09-29 01:57:23,WIFI,True,0.0,71.7,0,True,0.0,232.2,4
2026-09-29 01:57:24,WIFI,True,0.0,71.7,0,True,20.0,232.2,4
2026-09-29 01:57:25,WIFI,True,0.0,70.0,0,True,20.0,232.2,4
2026-09-29 01:57:26,WIFI,True,0.0,70.0,0,True,40.0,232.2,4
2026-09-29 01:57:27,WIFI,True,0.0,67.5,0,True,40.0,232.2,4
2026-09-29 01:57:28,WIFI,True,0.0,67.5,0,False,60.0,232.2,4
2026-09-29 01:57:29,WIFI,True,0.0,75.2,0,False,60.0,231.9,4
2026-09-29 01:57:30,WIFI,True,0.0,75.2,0,False,60.0,231.9,4
2026-09-29 01:57:31,WIFI,True,0.0,72.6,0,False,60.0,234.8,4
2026-09-29 01:57:32,WIFI,True,0.0,72.6,0,False,60.0,234.8,4
2026-09-29 01:57:33,WIFI,True,0.0,73.0,0,True,40.0,250.2,4
2026-09-29 01:57:34,WIFI,True,0.0,73.0,0,True,40.0,250.2,4
2026-09-29 01:57:35,WIFI,True,0.0,86.2,0,True,20.0,251.7,4
2026-09-29 01:57:36,WIFI,True,0.0,86.2,0,True,20.0,251.7,4
2026-09-29 01:57:37,WIFI,True,0.0,74.5,0,True,0.0,251.5,4
2026-09-29 01:57:43,,False,100.0,,0,False,100.0,,0
2026-09-29 01:57:44,,True,0.0,66.2,0,True,0.0,204.5,0
2026-09-29 01:57:45,WIFI,True,0.0,66.2,0,True,0.0,204.5,0
2026-09-29 01:57:46,WIFI,True,0.0,94.6,0,True,0.0,204.5,0
2026-09-29 01:57:47,WIFI,True,0.0,94.6,0,True,50.0,204.5,0
2026-09-29 01:57:48,WIFI,True,0.0,82.1,0,True,50.0,204.5,0
2026-09-29 01:57:49,WIFI,True,0.0,82.1,0,False,66.7,204.5,0
2026-09-29 01:57:50,WIFI,True,0.0,85.9,0,True,50.0,207.7,0
2026-09-29 01:57:51,WIFI,True,0.0,75.7,0,True,50.0,207.7,0
2026-09-29 01:57:52,WIFI,True,0.0,75.7,0,True,40.0,210.8,0
2026-09-29 01:57:53,WIFI,True,0.0,75.7,0,True,40.0,210.8,0
2026-09-29 01:57:54,WIFI,True,0.0,76.5,0,True,40.0,210.9,0
2026-09-29 01:57:55,WIFI,True,0.0,76.5,0,True,40.0,210.9,0
2026-09-29 01:57:56,WIFI,True,0.0,82.3,0,True,20.0,210.9,0
2026-09-29 01:57:57,WIFI,True,0.0,79.0,0,True,20.0,210.9,1
2026-09-29 01:57:58,WIFI,True,0.0,79.0,0,True,0.0,211.3,1
2026-09-29 01:57:59,WIFI,True,0.0,79.0,0,True,0.0,211.3,1
2026-09-29 01:58:00,WIFI,True,0.0,82.1,0,True,0.0,211.3,1
2026-09-29 01:58:01,WIFI,True,0.0,78.0,0,True,0.0,211.3,1
2026-09-29 01:58:02,WIFI,True,0.0,78.0,0,True,0.0,211.3,1
2026-09-29 01:58:03,WIFI,True,0.0,80.3,0,True,0.0,211.3,1
2026-09-29 01:58:04,WIFI,True,0.0,80.3,0,True,0.0,211.3,2
2026-09-29 01:58:05,WIFI,True,0.0,80.5,0,True,20.0,211.3,2
2026-09-29 01:58:06,WIFI,True,0.0,80.5,0,True,20.0,211.3,2
2026-09-29 01:58:07,WIFI,True,0.0,80.5,0,True,40.0,211.3,2
2026-09-29 01:58:08,WIFI,True,0.0,91.1,0,True,40.0,216.5,2
2026-09-29 01:58:09,WIFI,True,0.0,82.1,0,True,40.0,216.5,2
2026-09-29 01:58:10,WIFI,True,0.0,82.1,0,True,40.0,216.1,2
2026-09-29 01:58:11,WIFI,True,0.0,79.5,0,True,40.0,216.1,2
2026-09-29 01:58:12,WIFI,True,0.0,79.5,0,True,40.0,217.1,2
2026-09-29 01:58:13,WIFI,True,0.0,77.9,0,True,40.0,217.1,2
2026-09-29 01:58:14,WIFI,True,0.0,77.9,0,True,20.0,217.1,2
2026-09-29 01:58:15,WIFI,True,0.0,75.3,0,True,20.0,217.1,2
2026-09-29 01:58:16,WIFI,True,0.0,75.3,0,True,0.0,217.4,2
2026-09-29 01:58:17,WIFI,True,0.0,70.8,0,True,0.0,217.4,2
2026-09-29 01:58:18,WIFI,True,0.0,70.8,0,True,0.0,217.5,2
2026-09-29 01:58:19,WIFI,True,0.0,66.9,0,True,0.0,217.5,2
2026-09-29 01:58:20,WIFI,True,0.0,66.9,0,True,0.0,217.8,2
2026-09-29 01:58:22,WIFI,True,0.0,72.8,0,True,0.0,217.4,2
2026-09-29 01:58:23,WIFI,True,0.0,72.8,0,True,0.0,217.4,2
2026-09-29 01:58:24,WIFI,True,0.0,77.3,0,True,0.0,217.4,2
2026-09-29 01:58:25,WIFI,True,0.0,77.3,0,True,0.0,217.4,2
2026-09-29 01:58:26,WIFI,True,0.0,73.4,0,True,20.0,217.5,2
2026-09-29 01:58:27,WIFI,True,0.0,73.4,0,True,20.0,217.5,2
2026-09-29 01:58:28,WIFI,True,0.0,68.7,0,True,20.0,217.1,2
2026-09-29 01:58:29,WIFI,True,0.0,68.7,0,True,20.0,217.1,2
2026-09-29 01:58:30,WIFI,True,0.0,73.7,0,True,20.0,212.5,2
2026-09-29 01:58:31,WIFI,True,0.0,73.7,0,True,20.0,212.5,3
2026-09-29 01:58:32,WIFI,True,0.0,82.9,0,True,20.0,213.2,3
2026-09-29 01:58:33,WIFI,True,0.0,82.9,0,True,20.0,213.2,3
2026-09-29 01:58:34,WIFI,True,0.0,77.9,0,True,0.0,212.6,3
2026-09-29 01:58:35,WIFI,True,0.0,77.9,0,True,0.0,212.6,3
2026-09-29 01:58:36,WIFI,True,0.0,76.0,0,True,0.0,212.6,3
2026-09-29 01:58:37,WIFI,True,0.0,76.0,0,True,0.0,212.6,3
2026-09-29 01:58:38,WIFI,True,0.0,85.0,0,True,20.0,212.6,3
2026-09-29 01:58:39,WIFI,True,0.0,85.0,0,True,20.0,212.6,3
2026-09-29 01:58:40,WIFI,True,0.0,82.4,0,True,40.0,212.8,3
2026-09-29 01:58:41,WIFI,True,0.0,82.4,0,True,40.0,212.8,3
2026-09-29 01:58:42,WIFI,True,0.0,81.0,0,True,40.0,212.8,3
2026-09-29 01:58:43,WIFI,True,0.0,81.0,0,True,40.0,212.8,3
2026-09-29 01:58:44,WIFI,True,0.0,80.1,0,False,60.0,213.2,3
2026-09-29 01:58:45,WIFI,True,0.0,80.1,0,False,60.0,213.2,3
2026-09-29 01:58:46,WIFI,True,0.0,77.6,0,True,40.0,213.1,3
2026-09-29 01:58:47,WIFI,True,0.0,77.6,0,True,40.0,213.1,3
2026-09-29 01:58:48,WIFI,True,0.0,76.3,0,True,20.0,213.2,3
2026-09-29 01:58:49,WIFI,True,0.0,76.3,0,True,20.0,213.2,3
2026-09-29 01:58:50,WIFI,True,0.0,75.4,0,True,20.0,213.4,3
2026-09-29 01:58:51,WIFI,True,0.0,75.4,0,True,20.0,213.4,3
2026-09-29 01:58:52,WIFI,True,0.0,73.1,0,True,0.0,212.2,3
2026-09-29 01:58:53,WIFI,True,0.0,73.1,0,True,0.0,212.2,3
2026-09-29 01:58:54,WIFI,True,0.0,73.0,0,True,0.0,212.7,3
2026-09-29 01:58:55,WIFI,True,0.0,73.0,0,True,0.0,212.7,3
2026-09-29 01:58:56,WIFI,True,0.0,72.9,0,True,0.0,212.5,3
2026-09-29 01:58:57,WIFI,True,0.0,72.9,0,True,0.0,212.5,3
2026-09-29 01:58:58,WIFI,True,0.0,73.5,0,True,0.0,213.4,3
2026-09-29 01:58:59,WIFI,True,0.0,73.5,0,True,0.0,213.4,3
2026-09-29 01:59:00,WIFI,True,0.0,73.6,0,True,0.0,213.7,3
2026-09-29 01:59:01,WIFI,True,0.0,73.6,0,True,0.0,213.7,3
2026-09-29 01:59:02,WIFI,True,0.0,71.7,0,True,0.0,214.9,3
2026-09-29 01:59:03,WIFI,True,0.0,71.7,0,True,0.0,214.9,3
2026-09-29 01:59:04,WIFI,True,0.0,70.6,0,True,0.0,214.9,3
2026-09-29 01:59:05,WIFI,True,0.0,70.6,0,True,0.0,214.9,3
2026-09-29 01:59:06,WIFI,True,0.0,65.3,0,True,20.0,213.3,3
2026-09-29 01:59:07,WIFI,True,0.0,65.3,0,True,20.0,213.3,3
2026-09-29 01:59:08,WIFI,True,0.0,63.0,0,True,20.0,218.6,3
2026-09-29 01:59:09,WIFI,True,0.0,63.0,0,True,20.0,218.6,3
2026-09-29 01:59:10,WIFI,True,0.0,68.0,0,True,20.0,218.3,3
2026-09-29 01:59:11,WIFI,True,0.0,68.0,0,True,20.0,218.3,3
2026-09-29 01:59:12,WIFI,True,0.0,65.8,0,True,20.0,218.3,3
2026-09-29 01:59:13,WIFI,True,0.0,65.8,0,True,20.0,218.3,3
2026-09-29 01:59:14,WIFI,True,0.0,75.0,0,True,20.0,218.3,3
2026-09-29 01:59:15,WIFI,True,0.0,75.0,0,True,20.0,218.3,3
2026-09-29 01:59:16,WIFI,True,0.0,71.3,0,True,20.0,219.1,3
2026-09-29 01:59:17,WIFI,True,0.0,71.3,0,True,20.0,219.1,3
2026-09-29 01:59:18,WIFI,True,0.0,68.3,0,True,20.0,219.1,3
2026-09-29 01:59:19,WIFI,True,0.0,68.3,0,True,20.0,219.1,3
2026-09-29 01:59:20,WIFI,True,0.0,74.9,0,True,40.0,219.5,3
2026-09-29 01:59:21,WIFI,True,0.0,74.9,0,True,40.0,219.5,3
2026-09-29 01:59:22,WIFI,True,0.0,72.7,0,True,40.0,219.5,3
2026-09-29 01:59:23,WIFI,True,0.0,72.7,0,True,40.0,219.5,3
2026-09-29 01:59:24,WIFI,True,0.0,67.2,0,True,40.0,219.4,3
2026-09-29 01:59:25,WIFI,True,0.0,67.2,0,True,40.0,219.4,3
2026-09-29 01:59:26,WIFI,True,0.0,78.2,0,True,40.0,218.0,3
2026-09-29 01:59:27,WIFI,True,0.0,78.2,0,True,40.0,218.0,3
2026-09-29 01:59:28,WIFI,True,0.0,75.8,0,True,20.0,218.4,3
2026-09-29 01:59:29,WIFI,True,0.0,75.8,0,True,20.0,218.4,3
2026-09-29 01:59:30,WIFI,True,0.0,78.9,0,True,20.0,219.7,3
2026-09-29 01:59:31,WIFI,True,0.0,78.9,0,True,20.0,219.7,3
2026-09-29 01:59:32,WIFI,True,0.0,78.2,0,True,0.0,220.1,3
2026-09-29 01:59:33,WIFI,True,0.0,78.2,0,True,0.0,220.1,3
2026-09-29 01:59:34,WIFI,True,0.0,72.2,0,True,0.0,215.2,3
2026-09-29 01:59:35,WIFI,True,0.0,72.2,0,True,0.0,215.2,3
2026-09-29 01:59:36,WIFI,True,0.0,85.2,0,True,0.0,219.9,3
2026-09-29 01:59:37,WIFI,True,0.0,85.2,0,True,0.0,219.9,3
2026-09-29 01:59:38,WIFI,True,0.0,82.9,0,True,0.0,219.9,3
2026-09-29 01:59:39,WIFI,True,0.0,82.9,0,True,20.0,219.9,3
2026-09-29 01:59:40,WIFI,True,0.0,81.0,0,True,20.0,219.7,3
2026-09-29 01:59:41,WIFI,True,0.0,81.0,0,True,20.0,219.7,3
2026-09-29 01:59:42,WIFI,True,0.0,77.1,0,True,20.0,220.5,3
2026-09-29 01:59:43,WIFI,True,0.0,77.1,0,True,20.0,220.5,3
2026-09-29 01:59:44,WIFI,True,0.0,89.9,0,True,20.0,226.6,3
2026-09-29 01:59:45,WIFI,True,0.0,89.9,0,True,20.0,226.6,3
2026-09-29 01:59:46,WIFI,True,0.0,89.7,0,True,20.0,226.3,3
2026-09-29 01:59:47,WIFI,True,0.0,89.7,0,True,20.0,226.3,3
2026-09-29 01:59:48,WIFI,True,0.0,90.0,0,True,0.0,226.0,3
2026-09-29 01:59:49,WIFI,True,0.0,90.0,0,True,0.0,226.0,3
2026-09-29 01:59:50,WIFI,True,0.0,86.6,0,True,0.0,225.5,3
2026-09-29 01:59:51,WIFI,True,0.0,86.6,0,True,0.0,225.5,3
2026-09-29 01:59:52,WIFI,True,0.0,94.8,0,True,0.0,224.4,3
2026-09-29 01:59:53,WIFI,True,0.0,94.8,0,True,0.0,224.4,3
2026-09-29 01:59:54,WIFI,True,0.0,97.2,0,True,0.0,224.7,3
2026-09-29 01:59:55,WIFI,True,0.0,97.2,0,True,0.0,224.7,3
2026-09-29 01:59:56,WIFI,True,0.0,91.1,0,True,0.0,224.7,3
2026-09-29 01:59:57,WIFI,True,0.0,91.1,0,True,20.0,224.7,3
2026-09-29 01:59:58,WIFI,True,0.0,90.0,0,True,20.0,224.7,3
2026-09-29 01:59:59,WIFI,True,0.0,90.0,0,True,40.0,224.7,3
2026-09-29 02:00:00,WIFI,True,0.0,90.3,0,True,40.0,224.3,3
2026-09-29 02:00:01,WIFI,True,0.0,90.3,0,True,40.0,224.3,3
2026-09-29 02:00:02,WIFI,True,0.0,92.9,0,True,40.0,219.8,3
2026-09-29 02:00:04,WIFI,True,0.0,92.9,0,True,40.0,219.8,3
2026-09-29 02:00:05,WIFI,True,0.0,74.9,0,True,40.0,219.7,3
2026-09-29 02:00:06,WIFI,True,0.0,74.9,0,True,40.0,219.7,3
2026-09-29 02:00:07,WIFI,True,0.0,75.2,0,True,20.0,219.9,3
2026-09-29 02:00:08,WIFI,True,0.0,75.2,0,True,20.0,219.9,3
2026-09-29 02:00:09,WIFI,True,0.0,75.7,0,True,20.0,219.9,3
2026-09-29 02:00:10,WIFI,True,0.0,75.7,0,True,20.0,219.9,3
2026-09-29 02:00:11,WIFI,True,0.0,74.6,0,True,20.0,213.9,3
2026-09-29 02:00:12,WIFI,True,0.0,74.6,0,True,20.0,213.9,3
2026-09-29 02:00:13,WIFI,True,0.0,74.5,0,True,20.0,215.3,3
2026-09-29 02:00:14,WIFI,True,0.0,74.5,0,True,20.0,215.3,3
2026-09-29 02:00:15,WIFI,True,0.0,71.7,0,True,20.0,222.6,3
2026-09-29 02:00:16,WIFI,True,0.0,71.7,0,True,20.0,222.6,3
2026-09-29 02:00:17,WIFI,True,0.0,71.4,0,True,20.0,226.6,3
2026-09-29 02:00:18,WIFI,True,0.0,71.4,0,True,20.0,226.6,3
2026-09-29 02:00:19,WIFI,True,0.0,76.2,0,True,0.0,241.1,3
2026-09-29 02:00:20,WIFI,True,0.0,76.2,0,True,0.0,241.1,3
2026-09-29 02:00:21,WIFI,True,0.0,73.4,0,True,0.0,241.1,3
2026-09-29 02:00:22,WIFI,True,0.0,73.4,0,True,20.0,241.1,3
2026-09-29 02:00:23,WIFI,True,0.0,76.3,0,True,20.0,242.5,3
2026-09-29 02:00:24,WIFI,True,0.0,76.3,0,True,20.0,242.5,3
2026-09-29 02:00:25,WIFI,True,0.0,79.7,0,True,20.0,243.8,3
2026-09-29 02:00:26,WIFI,True,0.0,79.7,0,True,20.0,243.8,3
2026-09-29 02:00:27,WIFI,True,0.0,73.7,0,True,20.0,243.8,4
2026-09-29 02:00:28,WIFI,True,0.0,73.7,0,True,40.0,243.8,4
2026-09-29 02:00:29,WIFI,True,0.0,72.2,0,True,40.0,244.2,4
2026-09-29 02:00:30,WIFI,True,0.0,72.2,0,True,40.0,244.2,4
2026-09-29 02:00:31,WIFI,True,0.0,68.1,0,True,20.0,245.2,4
2026-09-29 02:00:32,WIFI,True,0.0,68.1,0,True,20.0,245.2,4
2026-09-29 02:00:33,WIFI,True,0.0,58.1,0,True,20.0,245.5,4
2026-09-29 02:00:34,WIFI,True,0.0,58.1,0,True,20.0,245.5,4
2026-09-29 02:00:35,WIFI,True,0.0,56.1,0,True,20.0,245.3,4
2026-09-29 02:00:36,WIFI,True,0.0,56.1,0,True,20.0,245.3,4
2026-09-29 02:00:37,WIFI,True,0.0,48.7,0,True,20.0,245.3,4
2026-09-29 02:00:38,WIFI,True,0.0,48.7,0,True,20.0,245.3,4
2026-09-29 02:00:39,WIFI,True,0.0,41.3,0,True,20.0,248.9,4
2026-09-29 02:00:40,WIFI,True,0.0,41.3,0,True,20.0,248.9,4
2026-09-29 02:00:41,WIFI,True,0.0,35.9,0,True,20.0,241.9,4
2026-09-29 02:00:42,WIFI,True,0.0,35.9,0,True,20.0,241.9,4
2026-09-29 02:00:43,WIFI,True,0.0,33.4,0,True,20.0,241.9,4
2026-09-29 02:00:44,WIFI,True,0.0,33.4,0,True,40.0,241.9,4
2026-09-29 02:00:45,WIFI,True,0.0,31.4,0,True,40.0,244.0,4
2026-09-29 02:00:46,WIFI,True,0.0,31.4,0,True,40.0,244.0,4
2026-09-29 02:00:47,WIFI,True,0.0,27.2,0,True,20.0,239.8,4
2026-09-29 02:00:48,WIFI,True,0.0,27.2,0,True,20.0,239.8,4
2026-09-29 02:00:49,WIFI,False,20.0,27.2,0,True,20.0,239.8,4
2026-09-29 02:00:50,WIFI,False,20.0,27.2,0,True,20.0,239.8,4
2026-09-29 02:00:51,LOWBITRATE,False,40.0,27.2,0,True,40.0,239.8,4
2026-09-29 02:00:52,LOWBITRATE,False,40.0,27.2,0,False,60.0,239.8,4
2026-09-29 02:00:53,,False,60.0,27.2,0,False,60.0,239.8,4
2026-09-29 02:00:54,,False,60.0,27.2,0,False,60.0,239.8,4
2026-09-29 02:00:55,,False,80.0,27.2,0,False,60.0,239.8,4
2026-09-29 02:00:56,,False,80.0,27.2,0,False,80.0,239.8,4
2026-09-29 02:00:57,,False,100.0,27.2,0,False,80.0,239.8,4
2026-09-29 02:00:58,,False,100.0,27.2,0,False,100.0,239.8,4
2026-09-29 02:00:59,,False,100.0,27.2,0,False,100.0,239.8,4
2026-09-29 02:01:00,,False,100.0,27.2,0,False,100.0,239.8,4
2026-09-29 02:01:01,,False,100.0,27.2,0,False,100.0,239.8,4
2026-09-29 02:01:02,,False,100.0,27.2,0,False,100.0,239.8,4
2026-09-29 02:01:03,,False,100.0,27.2,0,False,100.0,239.8,4
2026-09-29 02:01:04,,False,100.0,27.2,0,False,100.0,239.8,4
2026-09-29 02:01:05,,False,100.0,27.2,0,False,100.0,239.8,4
2026-09-29 02:01:06,,False,100.0,27.2,0,False,100.0,239.8,4
2026-09-29 02:01:07,,False,80.0,23.1,0,False,80.0,246.7,4
2026-09-29 02:01:08,,False,80.0,23.1,0,False,80.0,246.7,4
2026-09-29 02:01:09,,False,60.0,20.0,0,False,80.0,246.7,4
2026-09-29 02:01:10,,False,60.0,20.0,0,False,80.0,246.7,4
2026-09-29 02:01:11,,False,40.0,18.1,0,False,60.0,251.7,4
2026-09-29 02:01:12,,False,40.0,18.1,0,False,60.0,251.7,4
2026-09-29 02:01:13,,False,20.0,17.5,0,False,60.0,251.7,4
2026-09-29 02:01:14,,False,20.0,17.5,0,False,60.0,251.7,4
2026-09-29 02:01:15,,True,0.0,15.7,0,True,40.0,253.7,4
2026-09-29 02:01:16,,True,0.0,15.7,0,True,40.0,253.7,4
2026-09-29 02:01:17,WIFI,True,0.0,15.5,0,True,40.0,255.3,4
2026-09-29 02:01:18,WIFI,True,0.0,15.5,0,True,40.0,255.3,4
2026-09-29 02:01:19,WIFI,True,0.0,16.1,0,True,20.0,256.2,4
2026-09-29 02:01:20,WIFI,True,0.0,16.1,0,True,20.0,256.2,4
2026-09-29 02:01:21,WIFI,True,0.0,13.9,0,True,20.0,261.5,4
2026-09-29 02:01:22,WIFI,True,0.0,13.9,0,True,20.0,261.5,4
2026-09-29 02:01:23,WIFI,True,0.0,13.0,0,True,0.0,258.4,4
2026-09-29 02:01:24,WIFI,True,0.0,13.0,0,True,0.0,258.4,4
2026-09-29 02:01:25,WIFI,True,0.0,19.3,0,True,0.0,258.4,4
2026-09-29 02:01:26,WIFI,True,0.0,19.3,0,True,0.0,324.6,4
2026-09-29 02:01:27,WIFI,True,0.0,28.1,0,True,0.0,318.8,4
2026-09-29 02:01:28,WIFI,True,0.0,28.1,0,True,0.0,318.8,4
2026-09-29 02:01:29,WIFI,True,0.0,31.1,0,True,0.0,308.0,4
2026-09-29 02:01:30,WIFI,True,0.0,31.1,0,True,0.0,308.0,4
2026-09-29 02:01:31,WIFI,True,0.0,42.2,0,True,0.0,299.7,4
2026-09-29 02:01:33,WIFI,True,0.0,42.2,0,True,0.0,299.7,4
2026-09-29 02:01:34,WIFI,True,0.0,53.4,0,True,0.0,313.1,4
2026-09-29 02:01:35,WIFI,True,0.0,53.4,0,True,0.0,313.1,4
2026-09-29 02:01:37,WIFI,True,0.0,64.2,0,True,0.0,313.1,4
2026-09-29 02:01:38,WIFI,True,0.0,75.4,0,True,20.0,311.2,4
2026-09-29 02:01:39,WIFI,True,0.0,75.4,0,True,20.0,311.2,4
2026-09-29 02:01:40,WIFI,True,0.0,82.5,0,True,20.0,308.3,4
2026-09-29 02:01:41,WIFI,True,0.0,82.5,0,True,20.0,308.3,4
2026-09-29 02:01:42,WIFI,True,0.0,82.5,0,True,20.0,308.3,4
2026-09-29 02:01:43,WIFI,True,0.0,90.6,0,True,20.0,306.0,4
2026-09-29 02:01:44,WIFI,True,0.0,90.6,0,True,20.0,306.0,4
2026-09-29 02:01:45,WIFI,True,0.0,91.5,0,True,20.0,306.0,4
2026-09-29 02:01:46,WIFI,True,0.0,91.5,0,True,20.0,306.0,4
2026-09-29 02:01:47,WIFI,True,0.0,92.7,0,True,20.0,301.0,4
2026-09-29 02:01:48,WIFI,True,0.0,92.7,0,True,20.0,301.0,4
2026-09-29 02:01:49,WIFI,True,0.0,87.4,0,True,20.0,299.7,4
2026-09-29 02:01:50,WIFI,True,0.0,87.4,0,True,20.0,299.7,4
2026-09-29 02:01:51,WIFI,True,0.0,93.9,0,True,20.0,299.7,4
2026-09-29 02:01:53,WIFI,True,0.0,93.9,0,True,40.0,299.7,4
2026-09-29 02:01:54,WIFI,True,0.0,85.2,0,True,40.0,234.8,4
2026-09-29 02:01:55,WIFI,True,0.0,85.2,0,True,40.0,234.8,4
2026-09-29 02:01:56,WIFI,True,0.0,78.2,0,True,40.0,234.8,5
2026-09-29 02:01:57,WIFI,True,0.0,78.2,0,True,40.0,234.8,5
2026-09-29 02:01:58,WIFI,True,0.0,77.7,0,True,40.0,234.6,5
2026-09-29 02:01:59,WIFI,True,0.0,77.7,0,True,40.0,234.6,5
2026-09-29 02:02:00,WIFI,True,0.0,68.8,0,True,40.0,233.7,5
2026-09-29 02:02:01,WIFI,True,0.0,68.8,0,True,40.0,233.7,5
2026-09-29 02:02:02,WIFI,True,0.0,69.4,0,True,20.0,233.7,5
2026-09-29 02:02:03,WIFI,True,0.0,69.4,0,True,20.0,233.7,5
2026-09-29 02:02:04,WIFI,True,0.0,82.6,0,True,20.0,225.8,5
2026-09-29 02:02:05,WIFI,True,0.0,82.6,0,True,20.0,225.8,5
2026-09-29 02:02:06,WIFI,True,0.0,86.4,0,True,0.0,224.8,5
2026-09-29 02:02:07,WIFI,True,0.0,86.4,0,True,0.0,224.8,5
2026-09-29 02:02:08,WIFI,True,0.0,85.9,0,True,0.0,224.8,5
2026-09-29 02:02:09,WIFI,True,0.0,85.9,0,True,20.0,224.8,5
2026-09-29 02:02:10,WIFI,True,0.0,94.4,0,True,20.0,226.5,5
2026-09-29 02:02:11,WIFI,True,0.0,94.4,0,True,20.0,226.5,5
2026-09-29 02:02:12,WIFI,True,0.0,90.6,0,True,20.0,227.6,5
2026-09-29 02:02:13,WIFI,True,0.0,90.6,0,True,20.0,227.6,5
2026-09-29 02:02:14,WIFI,True,0.0,99.3,0,True,20.0,227.4,5
2026-09-29 02:02:15,WIFI,True,0.0,99.3,0,True,20.0,227.4,5
2026-09-29 02:02:16,WIFI,True,0.0,106.7,0,True,20.0,228.8,5
2026-09-29 02:02:17,WIFI,True,0.0,106.7,0,True,20.0,228.8,5
2026-09-29 02:02:18,WIFI,True,0.0,102.2,0,True,0.0,227.1,5
2026-09-29 02:02:19,WIFI,True,0.0,102.2,0,True,0.0,227.1,5
2026-09-29 02:02:20,WIFI,True,0.0,106.6,0,True,0.0,226.8,5
2026-09-29 02:02:21,WIFI,True,0.0,106.6,0,True,0.0,226.8,5
2026-09-29 02:02:22,WIFI,True,0.0,100.0,0,True,0.0,225.9,5
2026-09-29 02:02:23,WIFI,True,0.0,100.0,0,True,0.0,225.9,5
2026-09-29 02:02:25,WIFI,True,0.0,88.4,0,True,0.0,224.7,5
2026-09-29 02:02:26,WIFI,True,0.0,93.7,0,True,0.0,224.7,5
2026-09-29 02:02:28,WIFI,True,0.0,93.7,0,True,0.0,306.4,5
2026-09-29 02:02:29,WIFI,True,0.0,93.7,0,True,0.0,306.4,5
2026-09-29 02:02:30,WIFI,True,0.0,98.3,0,True,0.0,314.5,5
2026-09-29 02:02:31,WIFI,True,0.0,91.4,0,True,0.0,314.5,5
2026-09-29 02:02:32,WIFI,True,0.0,91.4,0,True,0.0,314.7,5
2026-09-29 02:02:33,WIFI,True,0.0,85.4,0,True,0.0,314.7,5
2026-09-29 02:02:35,WIFI,True,0.0,85.4,0,True,0.0,316.3,5
2026-09-29 02:02:36,WIFI,True,0.0,84.5,0,True,0.0,315.5,5
2026-09-29 02:02:37,WIFI,True,0.0,84.5,0,True,0.0,315.5,5
2026-09-29 02:02:38,WIFI,True,0.0,86.1,0,True,0.0,315.5,5
2026-09-29 02:02:39,WIFI,True,0.0,86.1,0,True,0.0,315.5,5
2026-09-29 02:02:40,WIFI,True,0.0,86.1,0,True,20.0,315.5,5
2026-09-29 02:02:41,WIFI,True,0.0,89.1,0,True,20.0,313.3,5
2026-09-29 02:02:42,WIFI,True,0.0,89.1,0,True,20.0,313.3,5
2026-09-29 02:02:43,WIFI,True,0.0,92.1,0,True,20.0,320.0,5
2026-09-29 02:02:44,WIFI,True,0.0,92.1,0,True,20.0,320.0,5
2026-09-29 02:02:45,WIFI,True,0.0,98.5,0,True,20.0,320.0,5
2026-09-29 02:02:46,WIFI,True,0.0,98.5,0,True,40.0,320.0,5
2026-09-29 02:02:48,WIFI,True,0.0,89.7,0,True,40.0,320.0,5
2026-09-29 02:02:49,WIFI,True,0.0,89.7,0,False,60.0,320.0,5
2026-09-29 02:02:50,WIFI,True,0.0,79.5,0,True,40.0,324.4,5
2026-09-29 02:02:51,WIFI,True,0.0,79.5,0,True,40.0,324.4,6
2026-09-29 02:02:53,WIFI,True,0.0,76.0,0,True,40.0,325.4,6
2026-09-29 02:02:54,WIFI,True,0.0,80.2,0,True,40.0,325.4,6
2026-09-29 02:02:55,WIFI,True,0.0,80.2,0,True,40.0,328.1,6
2026-09-29 02:02:56,WIFI,True,0.0,80.2,0,True,40.0,328.1,6
2026-09-29 02:02:57,WIFI,True,0.0,88.7,0,True,40.0,328.1,6
2026-09-29 02:02:58,WIFI,True,0.0,88.7,0,True,40.0,328.1,6
2026-09-29 02:02:59,WIFI,True,0.0,88.7,0,True,40.0,328.1,6
2026-09-29 02:03:00,WIFI,True,0.0,86.6,0,True,40.0,328.1,6
2026-09-29 02:03:01,WIFI,True,0.0,86.6,0,True,40.0,328.1,6
2026-09-29 02:03:02,WIFI,True,0.0,76.3,0,True,40.0,328.1,6
2026-09-29 02:03:03,WIFI,True,0.0,76.3,0,False,60.0,328.1,6
2026-09-29 02:03:04,WIFI,True,0.0,74.4,0,False,60.0,328.1,6
2026-09-29 02:03:05,WIFI,True,0.0,74.4,0,False,80.0,328.1,6
2026-09-29 02:03:06,WIFI,True,0.0,73.9,0,False,80.0,242.4,6
2026-09-29 02:03:07,WIFI,True,0.0,73.9,0,False,80.0,242.4,6
2026-09-29 02:03:08,WIFI,True,0.0,69.1,0,False,60.0,234.6,6
2026-09-29 02:03:09,WIFI,True,0.0,69.1,0,False,60.0,234.6,6
2026-09-29 02:03:10,WIFI,True,0.0,74.7,0,True,40.0,233.3,6
2026-09-29 02:03:11,WIFI,True,0.0,74.7,0,True,40.0,233.3,6
2026-09-29 02:03:12,WIFI,True,0.0,84.0,0,True,40.0,233.3,6
2026-09-29 02:03:13,WIFI,True,0.0,84.0,0,True,40.0,233.3,6
2026-09-29 02:03:14,WIFI,True,0.0,79.6,0,True,20.0,231.0,6
2026-09-29 02:03:15,WIFI,True,0.0,79.6,0,True,20.0,231.0,6
2026-09-29 02:03:16,WIFI,True,0.0,78.0,0,True,20.0,231.5,6
2026-09-29 02:03:17,WIFI,True,0.0,78.0,0,True,20.0,231.5,6
2026-09-29 02:03:18,WIFI,True,0.0,81.3,0,True,20.0,231.5,6
2026-09-29 02:03:19,WIFI,True,0.0,81.3,0,True,40.0,231.5,6
2026-09-29 02:03:20,WIFI,True,0.0,73.0,0,True,40.0,231.5,6
2026-09-29 02:03:21,WIFI,True,0.0,73.0,0,False,60.0,231.5,6
2026-09-29 02:03:22,WIFI,True,0.0,69.9,0,False,60.0,231.5,6
2026-09-29 02:03:23,WIFI,True,0.0,69.9,0,False,60.0,231.5,6
2026-09-29 02:03:24,WIFI,True,0.0,75.1,0,False,60.0,233.5,6
2026-09-29 02:03:25,WIFI,True,0.0,75.1,0,False,60.0,233.5,6
2026-09-29 02:03:26,WIFI,True,0.0,79.8,0,False,60.0,230.9,6
2026-09-29 02:03:27,WIFI,True,0.0,79.8,0,False,60.0,230.9,6
2026-09-29 02:03:28,WIFI,True,0.0,86.2,0,True,40.0,227.0,6
2026-09-29 02:03:29,WIFI,True,0.0,86.2,0,True,40.0,227.0,6
2026-09-29 02:03:30,WIFI,True,0.0,82.4,0,True,20.0,227.1,6
2026-09-29 02:03:31,WIFI,True,0.0,82.4,0,True,20.0,227.1,6
2026-09-29 02:03:32,WIFI,True,0.0,79.9,0,True,0.0,226.3,6
2026-09-29 02:03:33,WIFI,True,0.0,79.9,0,True,0.0,226.3,6
2026-09-29 02:03:34,WIFI,True,0.0,75.6,0,True,0.0,218.9,6
2026-09-29 02:03:35,WIFI,True,0.0,75.6,0,True,0.0,218.9,7
2026-09-29 02:03:36,WIFI,True,0.0,71.5,0,True,0.0,227.7,7
2026-09-29 02:03:37,WIFI,True,0.0,71.5,0,True,0.0,227.7,7
2026-09-29 02:03:38,WIFI,True,0.0,70.9,0,True,0.0,227.9,7
2026-09-29 02:03:39,WIFI,True,0.0,70.9,0,True,0.0,227.9,7
2026-09-29 02:03:40,WIFI,True,0.0,76.4,0,True,0.0,232.2,7
2026-09-29 02:03:41,WIFI,True,0.0,76.4,0,True,0.0,232.2,7
2026-09-29 02:03:42,WIFI,True,0.0,76.5,0,True,0.0,232.2,7
2026-09-29 02:03:43,WIFI,True,0.0,76.5,0,True,20.0,232.2,7
2026-09-29 02:03:44,WIFI,True,0.0,68.1,0,True,20.0,232.1,7
2026-09-29 02:03:46,WIFI,True,0.0,68.1,0,True,20.0,232.1,7
2026-09-29 02:03:47,WIFI,True,0.0,60.2,0,True,20.0,230.5,7
2026-09-29 02:03:48,WIFI,True,0.0,60.2,0,True,20.0,230.5,7
2026-09-29 02:03:49,WIFI,True,0.0,61.7,0,True,20.0,226.9,7
2026-09-29 02:03:50,WIFI,True,0.0,61.7,0,True,20.0,226.9,7
2026-09-29 02:03:51,WIFI,True,0.0,74.5,0,True,20.0,231.7,7
2026-09-29 02:03:52,WIFI,True,0.0,74.5,0,True,20.0,231.7,7
2026-09-29 02:03:53,WIFI,True,0.0,76.8,0,True,0.0,231.7,7
2026-09-29 02:03:54,WIFI,True,0.0,76.8,0,True,0.0,231.7,7
2026-09-29 02:03:55,WIFI,True,0.0,88.5,0,True,0.0,231.5,7
2026-09-29 02:03:56,WIFI,True,0.0,88.5,0,True,0.0,231.5,7
2026-09-29 02:03:57,WIFI,True,0.0,89.5,0,True,0.0,231.0,7
2026-09-29 02:03:58,WIFI,True,0.0,89.5,0,True,0.0,231.0,7
2026-09-29 02:03:59,WIFI,True,0.0,87.9,0,True,0.0,222.5,7
2026-09-29 02:04:00,WIFI,True,0.0,87.9,0,True,0.0,222.5,7
2026-09-29 02:04:01,WIFI,True,0.0,95.1,0,True,0.0,223.7,7
2026-09-29 02:04:02,WIFI,True,0.0,95.1,0,True,0.0,223.7,7
2026-09-29 02:04:03,WIFI,True,0.0,94.4,0,True,0.0,219.6,7
2026-09-29 02:04:04,WIFI,True,0.0,94.4,0,True,0.0,219.6,7
2026-09-29 02:04:05,WIFI,True,0.0,100.3,0,True,0.0,219.8,7
2026-09-29 02:04:06,WIFI,True,0.0,100.3,0,True,0.0,219.8,7
2026-09-29 02:04:07,WIFI,True,0.0,110.8,0,True,0.0,224.2,7
2026-09-29 02:04:08,WIFI,True,0.0,110.8,0,True,0.0,224.2,7
2026-09-29 02:04:09,WIFI,True,0.0,106.3,0,True,0.0,224.4,7
2026-09-29 02:04:10,WIFI,True,0.0,106.3,0,True,0.0,224.4,7
2026-09-29 02:04:11,WIFI,True,0.0,101.0,0,True,0.0,219.8,7
2026-09-29 02:04:12,WIFI,True,0.0,101.0,0,True,0.0,219.8,7
2026-09-29 02:04:13,WIFI,True,0.0,96.0,0,True,0.0,219.6,7
2026-09-29 02:04:14,WIFI,True,0.0,96.0,0,True,0.0,219.6,7
2026-09-29 02:04:15,WIFI,True,0.0,84.3,0,True,0.0,218.7,7
2026-09-29 02:04:16,WIFI,True,0.0,84.3,0,True,0.0,218.7,7
2026-09-29 02:04:17,WIFI,True,0.0,91.7,0,True,0.0,220.1,7
2026-09-29 02:04:18,WIFI,True,0.0,91.7,0,True,0.0,220.1,7
2026-09-29 02:04:19,WIFI,True,0.0,88.2,0,True,0.0,225.7,7
2026-09-29 02:04:20,WIFI,True,0.0,88.2,0,True,0.0,225.7,7
2026-09-29 02:04:21,WIFI,True,0.0,84.8,0,True,0.0,225.5,7
2026-09-29 02:04:22,WIFI,True,0.0,84.8,0,True,0.0,225.5,7
2026-09-29 02:04:23,WIFI,True,0.0,85.1,0,True,0.0,237.2,7
2026-09-29 02:04:24,WIFI,True,0.0,85.1,0,True,0.0,237.2,7
2026-09-29 02:04:25,WIFI,True,0.0,80.3,0,True,0.0,240.0,7
2026-09-29 02:04:26,WIFI,True,0.0,80.3,0,True,0.0,240.0,7
2026-09-29 02:04:27,WIFI,True,0.0,72.5,0,True,0.0,236.4,7
2026-09-29 02:04:28,WIFI,True,0.0,72.5,0,True,0.0,236.4,7
2026-09-29 02:04:29,WIFI,True,0.0,69.5,0,True,0.0,236.6,7
2026-09-29 02:04:30,WIFI,True,0.0,69.5,0,True,0.0,236.6,7
2026-09-29 02:04:31,WIFI,True,0.0,65.6,0,True,0.0,236.6,7
2026-09-29 02:04:32,WIFI,True,0.0,65.6,0,True,20.0,236.6,7
2026-09-29 02:04:33,WIFI,True,0.0,60.9,0,True,20.0,236.6,7
2026-09-29 02:04:34,WIFI,True,0.0,60.9,0,True,40.0,236.6,7
2026-09-29 02:04:35,WIFI,True,0.0,61.3,0,True,40.0,236.3,7
2026-09-29 02:04:36,WIFI,True,0.0,61.3,0,True,40.0,236.3,7
2026-09-29 02:04:37,WIFI,True,0.0,57.7,0,True,40.0,236.3,7
2026-09-29 02:04:38,WIFI,True,0.0,57.7,0,True,40.0,236.3,7
2026-09-29 02:04:39,WIFI,True,0.0,60.2,0,True,40.0,236.6,7
2026-09-29 02:04:40,WIFI,True,0.0,60.2,0,True,40.0,236.6,7
2026-09-29 02:04:41,WIFI,True,0.0,57.9,0,True,20.0,234.5,7
2026-09-29 02:04:42,WIFI,True,0.0,57.9,0,True,20.0,234.5,7
2026-09-29 02:04:43,WIFI,True,0.0,69.2,0,True,20.0,234.5,7
2026-09-29 02:04:44,WIFI,True,0.0,69.2,0,True,20.0,234.5,7
2026-09-29 02:04:45,WIFI,True,0.0,74.2,0,True,20.0,234.6,7
2026-09-29 02:04:46,WIFI,True,0.0,74.2,0,True,20.0,234.6,7
2026-09-29 02:04:47,WIFI,True,0.0,65.1,0,True,20.0,237.9,7
2026-09-29 02:04:48,WIFI,True,0.0,65.1,0,True,20.0,237.9,7
2026-09-29 02:04:49,WIFI,True,0.0,73.4,0,True,20.0,229.8,7
2026-09-29 02:04:50,WIFI,True,0.0,73.4,0,True,20.0,229.8,7
2026-09-29 02:04:51,WIFI,True,0.0,68.5,0,True,20.0,230.2,7
2026-09-29 02:04:52,WIFI,True,0.0,68.5,0,True,20.0,230.2,7
2026-09-29 02:04:53,WIFI,True,0.0,69.0,0,True,0.0,231.9,7
2026-09-29 02:04:54,WIFI,True,0.0,69.0,0,True,0.0,231.9,7
2026-09-29 02:04:55,WIFI,True,0.0,73.9,0,True,0.0,231.9,7
2026-09-29 02:04:56,WIFI,True,0.0,73.9,0,True,0.0,231.9,7
2026-09-29 02:04:57,WIFI,True,0.0,69.2,0,True,0.0,231.9,7
2026-09-29 02:04:58,WIFI,True,0.0,69.2,0,True,20.0,231.9,7
2026-09-29 02:04:59,WIFI,True,0.0,65.1,0,True,20.0,231.9,7
2026-09-29 02:05:00,WIFI,True,0.0,65.1,0,True,20.0,231.9,7
2026-09-29 02:05:01,WIFI,True,0.0,62.8,0,True,20.0,231.9,7
2026-09-29 02:05:02,WIFI,True,0.0,62.8,0,True,20.0,231.9,7
2026-09-29 02:05:03,WIFI,True,0.0,54.7,0,True,20.0,231.9,7
2026-09-29 02:05:04,WIFI,True,0.0,54.7,0,True,40.0,231.9,7
2026-09-29 02:05:05,WIFI,True,0.0,46.8,0,True,40.0,231.6,7
2026-09-29 02:05:06,WIFI,True,0.0,46.8,0,True,40.0,231.6,7
2026-09-29 02:05:07,WIFI,True,0.0,49.8,0,True,20.0,231.9,7
2026-09-29 02:05:08,WIFI,True,0.0,49.8,0,True,20.0,231.9,7
2026-09-29 02:05:09,WIFI,True,0.0,39.7,0,True,20.0,227.6,7
2026-09-29 02:05:10,WIFI,True,0.0,39.7,0,True,20.0,227.6,7
2026-09-29 02:05:11,WIFI,True,0.0,37.6,0,True,20.0,223.1,7
2026-09-29 02:05:12,WIFI,True,0.0,37.6,0,True,20.0,223.1,7
2026-09-29 02:05:13,WIFI,True,0.0,37.6,0,True,0.0,219.3,7
2026-09-29 02:05:14,WIFI,True,0.0,37.6,0,True,0.0,219.3,7
2026-09-29 02:05:15,WIFI,True,0.0,37.0,0,True,0.0,215.8,7
2026-09-29 02:05:16,WIFI,True,0.0,37.0,0,True,0.0,215.8,7
2026-09-29 02:05:17,WIFI,True,0.0,33.3,0,True,0.0,214.0,7
2026-09-29 02:05:18,WIFI,True,0.0,33.3,0,True,0.0,214.0,7
2026-09-29 02:05:19,WIFI,True,0.0,29.0,0,True,0.0,213.5,7
2026-09-29 02:05:20,WIFI,True,0.0,29.0,0,True,0.0,213.5,7
2026-09-29 02:05:21,WIFI,True,0.0,24.4,0,True,0.0,213.4,7
2026-09-29 02:05:22,WIFI,True,0.0,24.4,0,True,0.0,213.4,7
2026-09-29 02:05:23,WIFI,True,0.0,21.4,0,True,0.0,213.8,7
2026-09-29 02:05:24,WIFI,True,0.0,21.4,0,True,0.0,213.8,7
2026-09-29 02:05:25,WIFI,True,0.0,19.7,0,True,0.0,213.6,7
2026-09-29 02:05:26,WIFI,True,0.0,19.7,0,True,0.0,213.6,7
2026-09-29 02:05:27,WIFI,True,0.0,16.0,0,True,0.0,223.6,7
2026-09-29 02:05:28,WIFI,True,0.0,16.0,0,True,0.0,223.6,7
2026-09-29 02:05:29,WIFI,True,0.0,14.2,0,True,0.0,222.0,7
2026-09-29 02:05:30,WIFI,True,0.0,14.2,0,True,0.0,222.0,7
2026-09-29 02:05:31,WIFI,True,0.0,14.0,0,True,0.0,229.4,7
2026-09-29 02:05:32,WIFI,True,0.0,14.0,0,True,0.0,229.4,7
2026-09-29 02:05:33,WIFI,True,0.0,13.8,0,True,0.0,229.4,8
2026-09-29 02:05:34,WIFI,True,0.0,13.8,0,True,20.0,229.4,8
2026-09-29 02:05:35,WIFI,True,0.0,9.0,0,True,20.0,236.7,8
2026-09-29 02:05:36,WIFI,True,0.0,9.0,0,True,20.0,236.7,8
2026-09-29 02:05:37,WIFI,True,0.0,9.1,0,True,20.0,243.0,8
2026-09-29 02:05:38,WIFI,True,0.0,9.1,0,True,20.0,243.0,8
2026-09-29 02:05:40,WIFI,True,0.0,9.9,0,True,20.0,243.0,8
2026-09-29 02:05:41,WIFI,True,0.0,9.9,0,True,40.0,243.0,8
2026-09-29 02:05:42,WIFI,True,0.0,10.2,0,True,40.0,246.0,8
2026-09-29 02:05:43,WIFI,True,0.0,10.2,0,True,40.0,246.0,8
2026-09-29 02:05:44,WIFI,True,0.0,10.0,0,True,20.0,248.8,8
2026-09-29 02:05:45,WIFI,True,0.0,10.0,0,True,20.0,248.8,8
2026-09-29 02:05:46,WIFI,True,0.0,10.7,0,True,20.0,250.6,8
2026-09-29 02:05:47,WIFI,True,0.0,10.7,0,True,20.0,250.6,8
2026-09-29 02:05:48,WIFI,True,0.0,11.1,0,True,20.0,250.6,8
2026-09-29 02:05:49,WIFI,True,0.0,11.1,0,True,40.0,250.6,8
2026-09-29 02:05:50,WIFI,True,0.0,11.1,0,True,20.0,251.6,9
2026-09-29 02:05:51,WIFI,True,0.0,11.1,0,True,20.0,251.6,9
2026-09-29 02:05:52,WIFI,True,0.0,11.3,0,True,20.0,252.1,9
2026-09-29 02:05:53,WIFI,True,0.0,11.3,0,True,20.0,252.1,9
2026-09-29 02:05:54,WIFI,True,0.0,11.5,0,True,20.0,252.1,9
2026-09-29 02:05:55,WIFI,True,0.0,11.5,0,True,40.0,252.1,9
2026-09-29 02:05:56,WIFI,True,0.0,11.5,0,True,40.0,245.0,9
2026-09-29 02:05:57,WIFI,True,0.0,11.5,0,True,40.0,245.0,9
2026-09-29 02:05:58,WIFI,True,0.0,12.6,0,True,20.0,244.9,9
2026-09-29 02:05:59,WIFI,True,0.0,12.6,0,True,20.0,244.9,9
2026-09-29 02:06:00,WIFI,True,0.0,17.2,0,True,20.0,239.9,9
2026-09-29 02:06:01,WIFI,True,0.0,17.2,0,True,20.0,239.9,9
2026-09-29 02:06:02,WIFI,True,0.0,19.4,0,True,20.0,239.9,9
2026-09-29 02:06:03,WIFI,True,0.0,19.4,0,True,40.0,239.9,9
2026-09-29 02:06:04,WIFI,True,0.0,21.0,0,True,20.0,234.7,9
2026-09-29 02:06:05,WIFI,True,0.0,21.0,0,True,20.0,234.7,9
2026-09-29 02:06:06,WIFI,True,0.0,27.1,0,True,20.0,233.5,9
2026-09-29 02:06:07,WIFI,True,0.0,27.1,0,True,20.0,233.5,9
2026-09-29 02:06:08,WIFI,True,0.0,27.5,0,True,20.0,234.3,9
2026-09-29 02:06:09,WIFI,True,0.0,27.5,0,True,20.0,234.3,9
2026-09-29 02:06:10,WIFI,True,0.0,30.9,0,True,20.0,234.3,9
2026-09-29 02:06:11,WIFI,True,0.0,30.9,0,True,40.0,234.3,9
2026-09-29 02:06:12,WIFI,True,0.0,31.2,0,True,20.0,237.2,9
2026-09-29 02:06:13,WIFI,True,0.0,31.2,0,True,20.0,237.2,9
2026-09-29 02:06:14,WIFI,True,0.0,40.8,0,True,20.0,235.2,9
2026-09-29 02:06:15,WIFI,True,0.0,40.8,0,True,20.0,235.2,9
2026-09-29 02:06:16,WIFI,True,0.0,41.4,0,True,20.0,235.2,9
2026-09-29 02:06:17,WIFI,True,0.0,41.4,0,True,40.0,235.2,9
2026-09-29 02:06:18,WIFI,False,20.0,41.4,0,True,40.0,235.2,9
2026-09-29 02:06:19,WIFI,False,20.0,41.4,0,False,60.0,235.2,9
2026-09-29 02:06:20,,False,40.0,41.4,0,False,60.0,235.2,9
2026-09-29 02:06:21,,False,40.0,41.4,0,False,60.0,235.2,9
2026-09-29 02:06:22,,False,60.0,41.4,0,False,60.0,235.2,9
2026-09-29 02:06:23,,False,60.0,41.4,0,False,80.0,235.2,9
2026-09-29 02:06:24,,False,80.0,41.4,0,False,80.0,235.2,9
2026-09-29 02:06:25,,False,80.0,41.4,0,False,100.0,235.2,9
2026-09-29 02:06:26,,False,100.0,41.4,0,False,100.0,235.2,9
2026-09-29 02:06:27,,False,100.0,41.4,0,False,100.0,235.2,9
2026-09-29 02:06:28,,False,100.0,41.4,0,False,100.0,235.2,9
2026-09-29 02:06:29,,False,100.0,41.4,0,False,100.0,235.2,9
2026-09-29 02:06:30,,False,100.0,41.4,0,False,100.0,235.2,9
2026-09-29 02:06:31,,False,100.0,41.4,0,False,100.0,235.2,9
2026-09-29 02:06:32,,False,100.0,41.4,0,False,100.0,235.2,9
2026-09-29 02:06:33,,False,100.0,41.4,0,False,100.0,235.2,9
2026-09-29 02:06:34,,False,100.0,41.4,0,False,100.0,235.2,9
2026-09-29 02:06:35,,False,100.0,41.4,0,False,100.0,235.2,9
2026-09-29 02:06:36,,False,100.0,41.4,0,False,100.0,235.2,9
2026-09-29 02:06:37,,False,100.0,41.4,0,False,100.0,235.2,9
2026-09-29 02:06:38,,False,100.0,41.4,0,False,100.0,235.2,9
2026-09-29 02:06:39,,False,100.0,41.4,0,False,100.0,235.2,9
2026-09-29 02:06:40,,False,100.0,41.4,0,False,100.0,235.2,9
2026-09-29 02:06:41,,False,100.0,41.4,0,False,100.0,235.2,9
2026-09-29 02:06:42,,False,100.0,41.4,0,False,100.0,235.2,9
2026-09-29 02:06:43,,False,100.0,41.4,0,False,100.0,235.2,9
2026-09-29 02:06:44,,False,100.0,41.4,0,False,100.0,235.2,9
2026-09-29 02:06:45,,False,100.0,41.4,0,False,100.0,235.2,9
2026-09-29 02:06:46,,False,100.0,41.4,0,False,100.0,235.2,9
2026-09-29 02:06:47,,False,100.0,41.4,0,False,100.0,235.2,9
2026-09-29 02:06:48,,False,100.0,41.4,0,False,100.0,235.2,9
2026-09-29 02:06:49,,False,100.0,41.4,0,False,100.0,235.2,9
2026-09-29 02:06:50,,False,100.0,41.4,0,False,100.0,235.2,9
2026-09-29 02:06:51,,False,100.0,41.4,0,False,100.0,235.2,9
2026-09-29 02:06:52,,False,100.0,41.4,0,False,100.0,235.2,9
2026-09-29 02:06:53,,False,100.0,41.4,0,False,100.0,235.2,9
2026-09-29 02:06:54,,False,100.0,41.4,0,False,100.0,235.2,9
2026-09-29 02:06:55,,False,100.0,41.4,0,False,100.0,235.2,9
2026-09-29 02:06:56,,False,100.0,41.4,0,False,100.0,235.2,9
2026-09-29 02:06:57,,False,100.0,41.4,0,False,100.0,235.2,9
2026-09-29 02:06:58,,False,100.0,41.4,0,False,100.0,235.2,9
2026-09-29 02:06:59,,False,100.0,41.4,0,False,100.0,235.2,9
2026-09-29 02:07:00,,False,100.0,41.4,0,False,100.0,235.2,9
2026-09-29 02:07:01,,False,100.0,41.4,0,False,100.0,235.2,9
2026-09-29 02:07:02,,False,100.0,41.4,0,False,100.0,235.2,9
2026-09-29 02:07:04,,False,100.0,41.4,0,False,100.0,235.2,9
2026-09-29 02:07:05,,False,100.0,41.4,0,False,100.0,235.2,9
2026-09-29 02:07:06,,False,100.0,41.4,0,False,100.0,235.2,9
2026-09-29 02:07:07,,False,100.0,41.4,0,False,100.0,235.2,9
2026-09-29 02:07:08,,False,100.0,41.4,0,False,100.0,235.2,9
2026-09-29 02:07:09,,False,100.0,41.4,0,False,100.0,235.2,9
2026-09-29 02:07:10,,False,100.0,41.4,0,False,100.0,235.2,9
2026-09-29 02:07:11,,False,100.0,41.4,0,False,100.0,235.2,9
2026-09-29 02:07:12,,False,100.0,41.4,0,False,100.0,235.2,9
2026-09-29 02:07:13,,False,100.0,41.4,0,False,100.0,235.2,9
2026-09-29 02:07:14,,False,100.0,41.4,0,False,100.0,235.2,9
2026-09-29 02:07:15,,False,100.0,41.4,0,False,100.0,235.2,9
2026-09-29 02:07:16,,False,100.0,41.4,0,False,100.0,235.2,9
2026-09-29 02:07:17,,False,100.0,41.4,0,False,100.0,235.2,9
2026-09-29 02:07:18,,False,100.0,41.4,0,False,100.0,235.2,9
2026-09-29 02:07:19,,False,100.0,41.4,0,False,100.0,235.2,9
2026-09-29 02:07:20,,False,100.0,41.4,0,False,100.0,235.2,9
2026-09-29 02:07:21,,False,100.0,41.4,0,False,100.0,235.2,9
2026-09-29 02:07:22,,False,100.0,41.4,0,False,100.0,235.2,9
2026-09-29 02:07:23,,False,100.0,41.4,0,False,100.0,235.2,9
2026-09-29 02:07:24,,False,100.0,41.4,0,False,100.0,235.2,9
2026-09-29 02:07:25,,False,100.0,41.4,0,False,100.0,235.2,9
2026-09-29 02:07:26,,False,100.0,41.4,0,False,100.0,235.2,9
2026-09-29 02:07:27,,False,100.0,41.4,0,False,100.0,235.2,9
2026-09-29 02:07:28,,False,100.0,41.4,0,False,100.0,235.2,9
2026-09-29 02:07:29,,False,100.0,41.4,0,False,100.0,235.2,9
2026-09-29 02:07:30,,False,100.0,41.4,0,False,100.0,235.2,9
2026-09-29 02:07:31,,False,100.0,41.4,0,False,100.0,235.2,9
2026-09-29 02:07:32,,False,100.0,41.4,0,False,100.0,235.2,9
2026-09-29 02:07:33,,False,100.0,41.4,0,False,100.0,235.2,9
2026-09-29 02:07:35,,False,100.0,41.4,0,False,100.0,235.2,9
2026-09-29 02:07:36,,False,100.0,41.4,0,False,100.0,235.2,9
2026-09-29 02:07:37,,False,100.0,41.4,0,False,100.0,235.2,9
2026-09-29 02:07:38,,False,100.0,41.4,0,False,100.0,235.2,9
2026-09-29 02:07:39,,False,100.0,41.4,0,False,100.0,235.2,9
2026-09-29 02:07:40,,False,100.0,41.4,0,False,100.0,235.2,9
2026-09-29 02:07:42,,False,100.0,41.4,0,False,100.0,235.2,9
2026-09-29 02:07:43,,False,100.0,41.4,0,False,100.0,235.2,9
2026-09-29 02:07:44,,False,100.0,41.4,0,False,100.0,235.2,9
2026-09-29 02:07:45,,False,100.0,41.4,0,False,100.0,235.2,9
2026-09-29 02:07:46,,False,100.0,41.4,0,False,100.0,235.2,9
2026-09-29 02:07:47,,False,100.0,41.4,0,False,100.0,235.2,9
2026-09-29 02:07:48,,False,100.0,41.4,0,False,100.0,235.2,9
2026-09-29 02:07:49,,False,100.0,41.4,0,False,100.0,235.2,9
2026-09-29 02:07:50,,False,100.0,41.4,0,False,100.0,235.2,9
2026-09-29 02:07:51,,False,100.0,41.4,0,False,100.0,235.2,9
2026-09-29 02:07:52,,False,100.0,41.4,0,False,100.0,235.2,9
2026-09-29 02:07:53,,False,100.0,41.4,0,False,100.0,235.2,9
2026-09-29 02:07:54,,False,100.0,41.4,0,False,100.0,235.2,9
2026-09-29 02:07:55,,False,100.0,41.4,0,False,100.0,235.2,9
2026-09-29 02:07:56,,False,100.0,41.4,0,False,100.0,235.2,9
2026-09-29 02:07:57,,False,100.0,41.4,0,False,100.0,235.2,9
2026-09-29 02:07:58,,False,100.0,41.4,0,False,100.0,235.2,9
2026-09-29 02:07:59,,False,100.0,41.4,0,False,100.0,235.2,9
2026-09-29 02:08:00,,False,100.0,41.4,0,False,100.0,235.2,9
2026-09-29 02:08:01,,False,100.0,41.4,0,False,100.0,235.2,9
2026-09-29 02:08:02,,False,100.0,41.4,0,False,100.0,235.2,9
2026-09-29 02:08:03,,False,100.0,41.4,0,False,100.0,235.2,9
2026-09-29 02:08:04,,False,100.0,41.4,0,False,100.0,235.2,9
2026-09-29 02:08:05,,False,100.0,41.4,0,False,100.0,235.2,9
2026-09-29 02:08:06,,False,100.0,41.4,0,False,100.0,235.2,9
2026-09-29 02:08:07,,False,100.0,41.4,0,False,100.0,235.2,9
2026-09-29 02:08:08,,False,100.0,41.4,0,False,100.0,235.2,9
2026-09-29 02:08:09,,False,100.0,41.4,0,False,100.0,235.2,9
2026-09-29 02:08:10,,False,100.0,41.4,0,False,100.0,235.2,9
2026-09-29 02:08:11,,False,100.0,41.4,0,False,100.0,235.2,9
2026-09-29 02:08:12,,False,100.0,41.4,0,False,100.0,235.2,9
2026-09-29 02:08:13,,False,100.0,41.4,0,False,100.0,235.2,9
2026-09-29 02:08:14,,False,100.0,41.4,0,False,100.0,235.2,9
2026-09-29 02:08:15,,False,100.0,41.4,0,False,100.0,235.2,9
2026-09-29 02:08:16,,False,100.0,41.4,0,False,100.0,235.2,9
2026-09-29 02:08:17,,False,100.0,41.4,0,False,100.0,235.2,9
2026-09-29 02:08:18,,False,100.0,41.4,0,False,100.0,235.2,9
2026-09-29 02:08:19,,False,100.0,41.4,0,False,100.0,235.2,9
2026-09-29 02:08:20,,False,100.0,41.4,0,False,100.0,235.2,9
2026-09-29 02:08:21,,False,100.0,41.4,0,False,100.0,235.2,9
2026-09-29 02:08:22,,False,100.0,41.4,0,False,100.0,235.2,9
2026-09-29 02:08:23,,False,100.0,41.4,0,False,100.0,235.2,9
2026-09-29 02:08:24,,False,100.0,41.4,0,False,100.0,235.2,9
2026-09-29 02:08:25,,False,100.0,41.4,0,False,100.0,235.2,9
2026-09-29 02:08:26,,False,100.0,41.4,0,False,100.0,235.2,9
2026-09-29 02:08:27,,False,100.0,41.4,0,False,100.0,235.2,9
2026-09-29 02:08:28,,False,100.0,41.4,0,False,100.0,235.2,9
2026-09-29 02:08:30,,False,100.0,41.4,0,False,100.0,235.2,9
2026-09-29 02:08:31,,False,100.0,41.4,0,False,100.0,235.2,9
2026-09-29 02:08:32,,False,100.0,41.4,0,False,100.0,235.2,9
2026-09-29 02:08:33,,False,100.0,41.4,0,False,100.0,235.2,9
2026-09-29 02:08:34,,False,100.0,41.4,0,False,100.0,235.2,9
2026-09-29 02:08:35,,False,100.0,41.4,0,False,100.0,235.2,9
2026-09-29 02:08:36,,False,100.0,41.4,0,False,100.0,235.2,9
2026-09-29 02:08:37,,False,100.0,41.4,0,False,100.0,235.2,9
2026-09-29 02:08:38,,False,100.0,41.4,0,False,100.0,235.2,9
2026-09-29 02:08:39,,False,100.0,41.4,0,False,100.0,235.2,9
2026-09-29 02:08:40,,False,100.0,41.4,0,False,100.0,235.2,9
2026-09-29 02:08:41,,False,100.0,41.4,0,False,100.0,235.2,9
2026-09-29 02:08:42,,False,100.0,41.4,0,False,100.0,235.2,9
2026-09-29 02:08:43,,False,100.0,41.4,0,False,100.0,235.2,9
2026-09-29 02:08:44,,False,100.0,41.4,0,False,100.0,235.2,9
2026-09-29 02:08:45,,False,100.0,41.4,0,False,100.0,235.2,9
2026-09-29 02:08:46,,False,100.0,41.4,0,False,100.0,235.2,9
2026-09-29 02:08:47,,False,100.0,41.4,0,False,100.0,235.2,9
2026-09-29 02:08:48,,False,100.0,41.4,0,False,100.0,235.2,9
2026-09-29 02:08:49,,False,100.0,41.4,0,False,100.0,235.2,9
2026-09-29 02:08:50,,False,100.0,41.4,0,False,100.0,235.2,9
2026-09-29 02:08:51,,False,100.0,41.4,0,False,100.0,235.2,9
2026-09-29 02:08:52,,False,100.0,41.4,0,False,100.0,235.2,9
2026-09-29 02:08:53,,False,100.0,41.4,0,False,100.0,235.2,9
2026-09-29 02:08:54,,False,100.0,41.4,0,False,100.0,235.2,9
2026-09-29 02:08:55,,False,100.0,41.4,0,False,100.0,235.2,9
2026-09-29 02:08:56,,False,100.0,41.4,0,False,100.0,235.2,9
2026-09-29 02:08:57,,False,100.0,41.4,0,False,100.0,235.2,9
2026-09-29 02:08:58,,False,100.0,41.4,0,False,100.0,235.2,9
2026-09-29 02:08:59,,False,100.0,41.4,0,False,100.0,235.2,9
2026-09-29 02:09:00,,False,100.0,41.4,0,False,100.0,235.2,9
2026-09-29 02:09:01,,False,100.0,41.4,0,False,100.0,235.2,9
2026-09-29 02:09:02,,False,100.0,41.4,0,False,100.0,235.2,9
2026-09-29 02:09:03,,False,100.0,41.4,0,False,100.0,235.2,9
2026-09-29 02:09:04,,False,100.0,41.4,0,False,100.0,235.2,9
2026-09-29 02:09:05,,False,100.0,41.4,0,False,100.0,235.2,9
2026-09-29 02:09:06,,False,100.0,41.4,0,False,100.0,235.2,9
2026-09-29 02:09:07,,False,100.0,41.4,0,False,100.0,235.2,9
2026-09-29 02:09:08,,False,100.0,41.4,0,False,100.0,235.2,9
2026-09-29 02:09:09,,False,100.0,41.4,0,False,100.0,235.2,9
2026-09-29 02:09:10,,False,100.0,41.4,0,False,100.0,235.2,9
2026-09-29 02:09:11,,False,100.0,41.4,0,False,100.0,235.2,9
2026-09-29 02:09:12,,False,100.0,41.4,0,False,100.0,235.2,9
2026-09-29 02:09:13,,False,100.0,41.4,0,False,100.0,235.2,9
2026-09-29 02:09:14,,False,100.0,41.4,0,False,100.0,235.2,9
2026-09-29 02:09:15,,False,100.0,41.4,0,False,100.0,235.2,9
2026-09-29 02:09:16,,False,100.0,41.4,0,False,100.0,235.2,9
2026-09-29 02:09:17,,False,100.0,41.4,0,False,100.0,235.2,9
2026-09-29 02:09:18,,False,100.0,41.4,0,False,100.0,235.2,9
2026-09-29 02:09:19,,False,100.0,41.4,0,False,100.0,235.2,9
2026-09-29 02:09:20,,False,100.0,41.4,0,False,100.0,235.2,9
2026-09-29 02:09:21,,False,100.0,41.4,0,False,100.0,235.2,9
2026-09-29 02:09:22,,False,100.0,41.4,0,False,100.0,235.2,9
2026-09-29 02:09:23,,False,100.0,41.4,0,False,100.0,235.2,9
2026-09-29 02:09:24,,False,100.0,41.4,0,False,100.0,235.2,9
2026-09-29 02:09:25,,False,100.0,41.4,0,False,100.0,235.2,9
2026-09-29 02:09:26,,False,100.0,41.4,0,False,100.0,235.2,9
2026-09-29 02:09:27,,False,100.0,41.4,0,False,100.0,235.2,9
2026-09-29 02:09:28,,False,100.0,41.4,0,False,100.0,235.2,9
2026-09-29 02:09:29,,False,100.0,41.4,0,False,100.0,235.2,9
2026-09-29 02:09:31,,False,100.0,41.4,0,False,100.0,235.2,9
2026-09-29 02:09:32,,False,100.0,41.4,0,False,100.0,235.2,9
2026-09-29 02:09:33,,False,100.0,41.4,0,False,100.0,235.2,9
2026-09-29 02:09:34,,False,100.0,41.4,0,False,100.0,235.2,9
2026-09-29 02:09:35,,False,100.0,41.4,0,False,100.0,235.2,9
2026-09-29 02:09:36,,False,100.0,41.4,0,False,100.0,235.2,9
2026-09-29 02:09:37,,False,100.0,41.4,0,False,100.0,235.2,9
2026-09-29 02:09:38,,False,100.0,41.4,0,False,100.0,235.2,9
2026-09-29 02:09:39,,False,100.0,41.4,0,False,100.0,235.2,9
2026-09-29 02:09:40,,False,100.0,41.4,0,False,100.0,235.2,9
2026-09-29 02:09:41,,False,100.0,41.4,0,False,100.0,235.2,9
2026-09-29 02:09:42,,False,100.0,41.4,0,False,100.0,235.2,9
2026-09-29 02:09:43,,False,100.0,41.4,0,False,100.0,235.2,9
2026-09-29 02:09:44,,False,100.0,41.4,0,False,100.0,235.2,9
2026-09-29 02:09:45,,False,100.0,41.4,0,False,100.0,235.2,9
2026-09-29 02:09:46,,False,100.0,41.4,0,False,100.0,235.2,9
2026-09-29 02:09:47,,False,100.0,41.4,0,False,100.0,235.2,9
2026-09-29 02:09:48,,False,100.0,41.4,0,False,100.0,235.2,9
2026-09-29 02:09:49,,False,100.0,41.4,0,False,100.0,235.2,9
2026-09-29 02:09:50,,False,100.0,41.4,0,False,100.0,235.2,9
2026-09-29 02:09:51,,False,100.0,41.4,0,False,100.0,235.2,9
2026-09-29 02:09:52,,False,100.0,41.4,0,False,100.0,235.2,9
2026-09-29 02:09:53,,False,100.0,41.4,0,False,100.0,235.2,9
2026-09-29 02:09:54,,False,100.0,41.4,0,False,100.0,235.2,9
2026-09-29 02:09:55,,False,100.0,41.4,0,False,100.0,235.2,9
2026-09-29 02:09:56,,False,100.0,41.4,0,False,100.0,235.2,9
2026-09-29 02:09:57,,False,100.0,41.4,0,False,100.0,235.2,9
2026-09-29 02:09:58,,False,100.0,41.4,0,False,100.0,235.2,9
2026-09-29 02:09:59,,False,100.0,41.4,0,False,100.0,235.2,9
2026-09-29 02:10:00,,False,100.0,41.4,0,False,100.0,235.2,9
2026-09-29 02:10:01,,False,100.0,41.4,0,False,100.0,235.2,9
2026-09-29 02:10:02,,False,100.0,41.4,0,False,100.0,235.2,9
2026-09-29 02:10:03,,False,100.0,41.4,0,False,100.0,235.2,9
2026-09-29 02:10:04,,False,100.0,41.4,0,False,100.0,235.2,9
2026-09-29 02:10:05,,False,100.0,41.4,0,False,100.0,235.2,9
2026-09-29 02:10:06,,False,100.0,41.4,0,False,100.0,235.2,9
2026-09-29 02:10:07,,False,100.0,41.4,0,False,100.0,235.2,9
2026-09-29 02:10:08,,False,100.0,41.4,0,False,100.0,235.2,9
2026-09-29 02:10:09,,False,100.0,41.4,0,False,100.0,235.2,9
2026-09-29 02:10:10,,False,100.0,41.4,0,False,100.0,235.2,9
2026-09-29 02:10:11,,False,100.0,41.4,0,False,100.0,235.2,9
2026-09-29 02:10:12,,False,100.0,41.4,0,False,100.0,235.2,9
2026-09-29 02:10:13,,False,100.0,41.4,0,False,100.0,235.2,9
2026-09-29 02:10:14,,False,100.0,41.4,0,False,100.0,235.2,9
2026-09-29 02:10:15,,False,100.0,41.4,0,False,100.0,235.2,9
2026-09-29 02:10:16,,False,100.0,41.4,0,False,100.0,235.2,9
2026-09-29 02:10:17,,False,100.0,41.4,0,False,100.0,235.2,9
2026-09-29 02:10:18,,False,100.0,41.4,0,False,100.0,235.2,9
2026-09-29 02:10:19,,False,100.0,41.4,0,False,100.0,235.2,9
2026-09-29 02:10:20,,False,100.0,41.4,0,False,100.0,235.2,9
2026-09-29 02:10:21,,False,100.0,41.4,0,False,100.0,235.2,9
2026-09-29 02:10:22,,False,100.0,41.4,0,False,100.0,235.2,9
2026-09-29 02:10:23,,False,100.0,41.4,0,False,100.0,235.2,9
2026-09-29 02:10:24,,False,100.0,41.4,0,False,100.0,235.2,9
2026-09-29 02:10:25,,False,100.0,41.4,0,False,100.0,235.2,9
2026-09-29 02:10:26,,False,100.0,41.4,0,False,100.0,235.2,9
2026-09-29 02:10:27,,False,100.0,41.4,0,False,100.0,235.2,9
2026-09-29 02:10:28,,False,100.0,41.4,0,False,100.0,235.2,9
2026-09-29 02:10:29,,False,100.0,41.4,0,False,100.0,235.2,9
2026-09-29 02:10:30,,False,100.0,41.4,0,False,100.0,235.2,9
2026-09-29 02:10:31,,False,100.0,41.4,0,False,100.0,235.2,9
2026-09-29 02:10:32,,False,100.0,41.4,0,False,100.0,235.2,9
2026-09-29 02:10:33,,False,100.0,41.4,0,False,100.0,235.2,9
2026-09-29 02:10:34,,False,100.0,41.4,0,False,100.0,235.2,9
2026-09-29 02:10:35,,False,100.0,41.4,0,False,100.0,235.2,9
2026-09-29 02:10:36,,False,100.0,41.4,0,False,100.0,235.2,9
2026-09-29 02:10:37,,False,100.0,41.4,0,False,100.0,235.2,9
2026-09-29 02:10:38,,False,100.0,41.4,0,False,100.0,235.2,9
2026-09-29 02:10:39,,False,100.0,41.4,0,False,100.0,235.2,9
2026-09-29 02:10:40,,False,100.0,41.4,0,False,100.0,235.2,9
2026-09-29 02:10:41,,False,100.0,41.4,0,False,100.0,235.2,9
2026-09-29 02:10:42,,False,100.0,41.4,0,False,100.0,235.2,9
2026-09-29 02:10:43,,False,100.0,41.4,0,False,100.0,235.2,9
2026-09-29 02:10:44,,False,100.0,41.4,0,False,100.0,235.2,9
2026-09-29 02:10:45,,False,100.0,41.4,0,False,100.0,235.2,9
2026-09-29 02:10:46,,False,100.0,41.4,0,False,100.0,235.2,9
2026-09-29 02:10:47,,False,100.0,41.4,0,False,100.0,235.2,9
2026-09-29 02:10:48,,False,100.0,41.4,0,False,100.0,235.2,9
2026-09-29 02:10:49,,False,100.0,41.4,0,False,100.0,235.2,9
2026-09-29 02:10:50,,False,100.0,41.4,0,False,100.0,235.2,9
2026-09-29 02:10:51,,False,100.0,41.4,0,False,100.0,235.2,9
2026-09-29 02:10:52,,False,100.0,41.4,0,False,100.0,235.2,9
2026-09-29 02:10:53,,False,100.0,41.4,0,False,100.0,235.2,9
2026-09-29 02:10:54,,False,100.0,41.4,0,False,100.0,235.2,9
2026-09-29 02:10:55,,False,100.0,41.4,0,False,100.0,235.2,9
2026-09-29 02:10:56,,False,100.0,41.4,0,False,100.0,235.2,9
2026-09-29 02:10:57,,False,100.0,41.4,0,False,100.0,235.2,9
2026-09-29 02:10:58,,False,100.0,41.4,0,False,100.0,235.2,9
2026-09-29 02:10:59,,False,100.0,41.4,0,False,100.0,235.2,9
2026-09-29 02:11:00,,False,100.0,41.4,0,False,100.0,235.2,9
2026-09-29 02:11:01,,False,100.0,41.4,0,False,100.0,235.2,9
2026-09-29 02:11:02,,False,100.0,41.4,0,False,100.0,235.2,9
2026-09-29 02:11:03,,False,100.0,41.4,0,False,100.0,235.2,9
2026-09-29 02:11:04,,False,100.0,41.4,0,False,100.0,235.2,9
2026-09-29 02:11:05,,False,100.0,41.4,0,False,100.0,235.2,9
2026-09-29 02:11:06,,False,100.0,41.4,0,False,100.0,235.2,9
2026-09-29 02:11:07,,False,100.0,41.4,0,False,100.0,235.2,9
2026-09-29 02:11:08,,False,100.0,41.4,0,False,100.0,235.2,9
2026-09-29 02:11:09,,False,100.0,41.4,0,False,100.0,235.2,9
2026-09-29 02:11:11,,False,100.0,41.4,0,False,100.0,235.2,9
2026-09-29 02:11:12,,False,100.0,41.4,0,False,100.0,235.2,9
2026-09-29 02:11:13,,False,100.0,41.4,0,False,100.0,235.2,9
2026-09-29 02:11:14,,False,100.0,41.4,0,False,100.0,235.2,9
2026-09-29 02:11:15,,False,100.0,41.4,0,False,100.0,235.2,9
2026-09-29 02:11:16,,False,100.0,41.4,0,False,100.0,235.2,9
2026-09-29 02:11:17,,False,100.0,41.4,0,False,100.0,235.2,9
2026-09-29 02:11:18,,False,100.0,41.4,0,False,100.0,235.2,9
2026-09-29 02:11:19,,False,100.0,41.4,0,False,100.0,235.2,9
2026-09-29 02:11:20,,False,100.0,41.4,0,False,100.0,235.2,9
2026-09-29 02:11:21,,False,100.0,41.4,0,False,100.0,235.2,9
2026-09-29 02:11:22,,False,100.0,41.4,0,False,100.0,235.2,9
2026-09-29 02:11:23,,False,100.0,41.4,0,False,100.0,235.2,9
2026-09-29 02:11:24,,False,100.0,41.4,0,False,100.0,235.2,9
2026-09-29 02:11:25,,False,100.0,41.4,0,False,100.0,235.2,9
2026-09-29 02:11:26,,False,100.0,41.4,0,False,100.0,235.2,9
2026-09-29 02:11:27,,False,100.0,41.4,0,False,100.0,235.2,9
2026-09-29 02:11:28,,False,100.0,41.4,0,False,100.0,235.2,9
2026-09-29 02:11:29,,False,100.0,41.4,0,False,100.0,235.2,9
2026-09-29 02:11:30,,False,100.0,41.4,0,False,100.0,235.2,9
2026-09-29 02:11:31,,False,100.0,41.4,0,False,100.0,235.2,9
2026-09-29 02:11:32,,False,100.0,41.4,0,False,100.0,235.2,9
2026-09-29 02:11:33,,False,100.0,41.4,0,False,100.0,235.2,9
2026-09-29 02:11:34,,False,100.0,41.4,0,False,100.0,235.2,9
2026-09-29 02:11:35,,False,100.0,41.4,0,False,100.0,235.2,9
2026-09-29 02:11:36,,False,100.0,41.4,0,False,100.0,235.2,9
2026-09-29 02:11:37,,False,100.0,41.4,0,False,100.0,235.2,9
2026-09-29 02:11:38,,False,100.0,41.4,0,False,100.0,235.2,9
2026-09-29 02:11:39,,False,100.0,41.4,0,False,100.0,235.2,9
2026-09-29 02:11:40,,False,100.0,41.4,0,False,100.0,235.2,9
2026-09-29 02:11:41,,False,100.0,41.4,0,False,100.0,235.2,9
2026-09-29 02:11:42,,False,100.0,41.4,0,False,100.0,235.2,9
2026-09-29 02:11:43,,False,100.0,41.4,0,False,100.0,235.2,9
2026-09-29 02:11:44,,False,100.0,41.4,0,False,100.0,235.2,9
2026-09-29 02:11:45,,False,100.0,41.4,0,False,100.0,235.2,9
2026-09-29 02:11:46,,False,100.0,41.4,0,False,100.0,235.2,9
2026-09-29 02:11:47,,False,100.0,41.4,0,False,100.0,235.2,9
2026-09-29 02:11:48,,False,100.0,41.4,0,False,100.0,235.2,9
2026-09-29 02:11:49,,False,100.0,41.4,0,False,100.0,235.2,9
2026-09-29 02:11:50,,False,100.0,41.4,0,False,100.0,235.2,9
2026-09-29 02:11:51,,False,100.0,41.4,0,False,100.0,235.2,9
2026-09-29 02:11:52,,False,100.0,41.4,0,False,100.0,235.2,9
2026-09-29 02:11:53,,False,100.0,41.4,0,False,100.0,235.2,9
2026-09-29 02:11:54,,False,100.0,41.4,0,False,100.0,235.2,9
2026-09-29 02:11:55,,False,100.0,41.4,0,False,100.0,235.2,9
2026-09-29 02:11:56,,False,100.0,41.4,0,False,100.0,235.2,9
2026-09-29 02:11:57,,False,100.0,41.4,0,False,100.0,235.2,9
2026-09-29 02:11:58,,False,100.0,41.4,0,False,100.0,235.2,9
2026-09-29 02:11:59,,False,100.0,41.4,0,False,100.0,235.2,9
2026-09-29 02:12:00,,False,100.0,41.4,0,False,100.0,235.2,9
2026-09-29 02:12:01,,False,100.0,41.4,0,False,100.0,235.2,9
2026-09-29 02:12:02,,False,100.0,41.4,0,False,100.0,235.2,9
2026-09-29 02:12:03,,False,100.0,41.4,0,False,100.0,235.2,9
2026-09-29 02:12:04,,False,100.0,41.4,0,False,100.0,235.2,9
2026-09-29 02:12:05,,False,100.0,41.4,0,False,100.0,235.2,9
2026-09-29 02:12:06,,False,100.0,41.4,0,False,100.0,235.2,9
2026-09-29 02:12:07,,False,100.0,41.4,0,False,100.0,235.2,9
2026-09-29 02:12:08,,False,100.0,41.4,0,False,100.0,235.2,9
2026-09-29 02:12:09,,False,100.0,41.4,0,False,100.0,235.2,9
2026-09-29 02:12:10,,False,100.0,41.4,0,False,100.0,235.2,9
2026-09-29 02:12:11,,False,100.0,41.4,0,False,100.0,235.2,9
2026-09-29 02:12:12,,False,100.0,41.4,0,False,100.0,235.2,9
2026-09-29 02:12:13,,False,100.0,41.4,0,False,100.0,235.2,9
2026-09-29 02:12:14,,False,100.0,41.4,0,False,100.0,235.2,9
2026-09-29 02:12:15,,False,100.0,41.4,0,False,100.0,235.2,9
2026-09-29 02:12:16,,False,100.0,41.4,0,False,100.0,235.2,9
2026-09-29 02:12:17,,False,100.0,41.4,0,False,100.0,235.2,9
2026-09-29 02:12:18,,False,100.0,41.4,0,False,100.0,235.2,9
2026-09-29 02:12:19,,False,100.0,41.4,0,False,100.0,235.2,9
2026-09-29 02:12:20,,False,100.0,41.4,0,False,100.0,235.2,9
2026-09-29 02:12:21,,False,100.0,41.4,0,False,100.0,235.2,9
2026-09-29 02:12:22,,False,100.0,41.4,0,False,100.0,235.2,9
2026-09-29 02:12:23,,False,100.0,41.4,0,False,100.0,235.2,9
2026-09-29 02:12:24,,False,100.0,41.4,0,False,100.0,235.2,9
2026-09-29 02:12:25,,False,100.0,41.4,0,False,100.0,235.2,9
2026-09-29 02:12:26,,False,100.0,41.4,0,False,100.0,235.2,9
2026-09-29 02:12:27,,False,100.0,41.4,0,False,100.0,235.2,9
2026-09-29 02:12:28,,False,100.0,41.4,0,False,100.0,235.2,9
2026-09-29 02:12:29,,False,100.0,41.4,0,False,100.0,235.2,9
2026-09-29 02:12:30,,False,100.0,41.4,0,False,100.0,235.2,9
2026-09-29 02:12:31,,False,100.0,41.4,0,False,100.0,235.2,9
2026-09-29 02:12:32,,False,100.0,41.4,0,False,100.0,235.2,9
2026-09-29 02:12:33,,False,100.0,41.4,0,False,100.0,235.2,9
2026-09-29 02:12:35,,False,100.0,41.4,0,False,100.0,235.2,9
2026-09-29 02:12:36,,False,100.0,41.4,0,False,100.0,235.2,9
2026-09-29 02:12:37,,False,100.0,41.4,0,False,100.0,235.2,9
2026-09-29 02:12:38,,False,100.0,41.4,0,False,100.0,235.2,9
2026-09-29 02:12:39,,False,100.0,41.4,0,False,100.0,235.2,9
2026-09-29 02:12:40,,False,100.0,41.4,0,False,100.0,235.2,9
2026-09-29 02:12:41,,False,100.0,41.4,0,False,100.0,235.2,9
2026-09-29 02:12:42,,False,100.0,41.4,0,False,100.0,235.2,9
2026-09-29 02:12:43,,False,100.0,41.4,0,False,100.0,235.2,9
2026-09-29 02:12:44,,False,100.0,41.4,0,False,100.0,235.2,9
2026-09-29 02:12:45,,False,100.0,41.4,0,False,100.0,235.2,9
2026-09-29 02:12:46,,False,100.0,41.4,0,False,100.0,235.2,9
2026-09-29 02:12:47,,False,100.0,41.4,0,False,100.0,235.2,9
2026-09-29 02:12:54,,False,100.0,,0,False,100.0,,0
2026-09-29 02:12:55,,False,100.0,,0,False,100.0,,0
2026-09-29 02:12:56,,False,100.0,,0,False,100.0,,0
2026-09-29 02:12:57,,False,100.0,,0,False,100.0,,0
2026-09-29 02:12:58,,False,100.0,,0,False,100.0,,0
2026-09-29 02:12:59,,False,100.0,,0,False,100.0,,0
2026-09-29 02:13:00,,False,100.0,,0,False,100.0,,0
2026-09-29 02:13:01,,False,100.0,,0,False,100.0,,0
2026-09-29 02:13:02,,False,100.0,,0,False,100.0,,0
2026-09-29 02:13:03,,False,100.0,,0,False,100.0,,0
2026-09-29 02:13:04,,False,100.0,,0,False,100.0,,0
2026-09-29 02:13:05,,False,100.0,,0,False,100.0,,0
2026-09-29 02:13:06,,False,100.0,,0,False,100.0,,0
2026-09-29 02:13:07,,False,100.0,,0,False,100.0,,0
2026-09-29 02:13:08,,False,100.0,,0,False,100.0,,0
2026-09-29 02:13:09,,False,100.0,,0,False,100.0,,0
2026-09-29 02:13:10,,False,100.0,,0,False,100.0,,0
2026-09-29 02:13:11,,False,100.0,,0,False,100.0,,0
2026-09-29 02:13:12,,False,100.0,,0,False,100.0,,0
2026-09-29 02:13:13,,False,100.0,,0,False,100.0,,0
2026-09-29 02:13:14,,False,100.0,,0,False,100.0,,0
2026-09-29 02:13:15,,False,100.0,,0,False,100.0,,0
2026-09-29 02:13:16,,False,80.0,13.6,0,False,100.0,,0
2026-09-29 02:13:17,,False,80.0,13.6,0,False,80.0,211.4,0
2026-09-29 02:13:18,,False,80.0,13.6,0,False,80.0,211.4,0
2026-09-29 02:13:19,,False,60.0,21.7,0,False,60.0,212.6,0
2026-09-29 02:13:20,,False,40.0,19.2,0,False,60.0,212.6,0
2026-09-29 02:13:21,,False,40.0,19.2,0,True,40.0,219.2,0
2026-09-29 02:13:22,LOWBITRATE,False,40.0,19.2,0,True,40.0,219.2,0
2026-09-29 02:13:23,LOWBITRATE,False,20.0,35.9,0,True,40.0,219.2,0
2026-09-29 02:13:24,LOWBITRATE,False,20.0,35.9,0,True,40.0,219.2,0
2026-09-29 02:13:25,LOWBITRATE,True,0.0,55.0,0,True,20.0,221.0,0
2026-09-29 02:13:26,LOWBITRATE,True,0.0,47.0,0,True,20.0,221.0,0
2026-09-29 02:13:27,LOWBITRATE,True,0.0,47.0,0,True,20.0,225.9,0
2026-09-29 02:13:28,LOWBITRATE,True,0.0,47.0,0,True,20.0,225.9,0
2026-09-29 02:13:29,LOWBITRATE,True,0.0,55.0,0,True,20.0,221.6,0
2026-09-29 02:13:30,WIFI,True,0.0,55.0,0,True,20.0,221.6,0
2026-09-29 02:13:31,WIFI,True,0.0,65.7,0,True,20.0,221.6,0
2026-09-29 02:13:32,WIFI,True,0.0,67.0,0,True,40.0,221.6,0
2026-09-29 02:13:33,WIFI,True,0.0,67.0,0,True,20.0,222.2,0
2026-09-29 02:13:34,WIFI,True,0.0,61.4,0,True,20.0,222.2,0
2026-09-29 02:13:35,WIFI,True,0.0,61.4,0,True,20.0,222.3,0
2026-09-29 02:13:36,WIFI,True,0.0,66.0,0,True,20.0,222.3,0
2026-09-29 02:13:37,WIFI,True,0.0,66.0,0,True,20.0,222.3,0
2026-09-29 02:13:38,WIFI,True,0.0,72.3,0,True,20.0,222.3,0
2026-09-29 02:13:39,WIFI,True,0.0,72.3,0,True,20.0,221.8,0
2026-09-29 02:13:40,WIFI,True,0.0,83.1,0,True,20.0,221.8,0
2026-09-29 02:13:41,WIFI,True,0.0,83.1,0,True,0.0,221.9,0
2026-09-29 02:13:42,WIFI,True,0.0,86.1,0,True,0.0,221.9,0
2026-09-29 02:13:43,WIFI,True,0.0,86.1,0,True,0.0,223.0,0
2026-09-29 02:13:44,WIFI,True,0.0,78.4,0,True,0.0,223.0,0
2026-09-29 02:13:45,WIFI,True,0.0,78.4,0,True,0.0,220.6,0
2026-09-29 02:13:46,WIFI,True,0.0,86.0,0,True,0.0,220.6,0
2026-09-29 02:13:47,WIFI,True,0.0,86.0,0,True,0.0,220.6,0
2026-09-29 02:13:48,WIFI,True,0.0,77.1,0,True,20.0,220.6,0
2026-09-29 02:13:49,WIFI,True,0.0,77.1,0,True,20.0,221.5,0
2026-09-29 02:13:50,WIFI,True,0.0,63.8,0,True,20.0,221.5,0
2026-09-29 02:13:51,WIFI,True,0.0,63.8,0,True,20.0,221.1,0
2026-09-29 02:13:52,WIFI,True,0.0,57.5,0,True,20.0,221.1,0
2026-09-29 02:13:53,WIFI,True,0.0,57.5,0,True,20.0,222.5,0
2026-09-29 02:13:54,WIFI,True,0.0,62.3,0,True,20.0,222.5,0
2026-09-29 02:13:55,WIFI,True,0.0,62.3,0,True,20.0,222.5,0
2026-09-29 02:13:56,WIFI,True,0.0,65.6,0,True,20.0,221.1,0
2026-09-29 02:13:57,WIFI,True,0.0,65.6,0,True,20.0,221.1,0
2026-09-29 02:13:58,WIFI,True,0.0,72.9,0,True,20.0,221.1,0
2026-09-29 02:13:59,WIFI,True,0.0,72.9,0,True,20.0,221.1,0
2026-09-29 02:14:01,WIFI,True,0.0,67.6,0,True,40.0,224.0,0
2026-09-29 02:14:02,WIFI,True,0.0,67.6,0,True,40.0,224.0,0
2026-09-29 02:14:03,WIFI,True,0.0,66.5,0,True,40.0,223.5,0
2026-09-29 02:14:04,WIFI,True,0.0,66.5,0,True,40.0,223.5,0
2026-09-29 02:14:05,WIFI,True,0.0,74.6,0,True,40.0,223.5,0
2026-09-29 02:14:06,WIFI,True,0.0,74.6,0,True,40.0,223.5,1
2026-09-29 02:14:07,WIFI,True,0.0,69.4,0,True,40.0,222.8,1
2026-09-29 02:14:08,WIFI,True,0.0,69.4,0,True,40.0,222.8,1
2026-09-29 02:14:09,WIFI,True,0.0,79.6,0,True,40.0,222.8,1
2026-09-29 02:14:10,WIFI,True,0.0,79.6,0,True,40.0,222.8,1
2026-09-29 02:14:11,WIFI,True,0.0,84.1,0,True,40.0,223.1,1
2026-09-29 02:14:12,WIFI,True,0.0,84.1,0,True,40.0,223.1,1
2026-09-29 02:14:13,WIFI,True,0.0,90.7,0,True,40.0,226.6,1
2026-09-29 02:14:14,WIFI,True,0.0,90.7,0,True,40.0,226.6,1
2026-09-29 02:14:15,WIFI,True,0.0,86.5,0,True,20.0,229.6,1
2026-09-29 02:14:16,WIFI,True,0.0,86.5,0,True,20.0,229.6,1
2026-09-29 02:14:17,WIFI,True,0.0,86.0,0,True,20.0,229.6,1
2026-09-29 02:14:18,WIFI,True,0.0,86.0,0,True,20.0,229.6,1
2026-09-29 02:14:19,WIFI,True,0.0,70.4,0,True,20.0,226.7,1
2026-09-29 02:14:20,WIFI,True,0.0,70.4,0,True,20.0,226.7,1
2026-09-29 02:14:21,WIFI,True,0.0,72.4,0,True,20.0,229.9,1
2026-09-29 02:14:22,WIFI,True,0.0,72.4,0,True,20.0,229.9,1
2026-09-29 02:14:23,WIFI,True,0.0,64.8,0,True,20.0,229.9,1
2026-09-29 02:14:24,WIFI,True,0.0,64.8,0,True,40.0,229.9,1
2026-09-29 02:14:25,WIFI,True,0.0,57.8,0,True,40.0,229.9,1
2026-09-29 02:14:26,WIFI,True,0.0,57.8,0,True,40.0,229.9,1
2026-09-29 02:14:27,WIFI,True,0.0,65.8,0,True,20.0,230.1,1
2026-09-29 02:14:28,WIFI,True,0.0,65.8,0,True,20.0,230.1,2
2026-09-29 02:14:29,WIFI,True,0.0,69.7,0,True,20.0,228.7,2
2026-09-29 02:14:30,WIFI,True,0.0,69.7,0,True,20.0,228.7,2
2026-09-29 02:14:31,WIFI,True,0.0,72.7,0,True,20.0,228.3,2
2026-09-29 02:14:32,WIFI,True,0.0,72.7,0,True,20.0,228.3,2
2026-09-29 02:14:33,WIFI,True,0.0,66.2,0,True,0.0,237.8,2
2026-09-29 02:14:34,WIFI,True,0.0,66.2,0,True,0.0,237.8,2
2026-09-29 02:14:35,WIFI,True,0.0,66.1,0,True,0.0,237.5,2
2026-09-29 02:14:36,WIFI,True,0.0,66.1,0,True,0.0,237.5,2
2026-09-29 02:14:37,WIFI,True,0.0,67.2,0,True,0.0,232.8,2
2026-09-29 02:14:38,WIFI,True,0.0,67.2,0,True,0.0,232.8,2
2026-09-29 02:14:39,WIFI,True,0.0,69.0,0,True,0.0,230.8,2
2026-09-29 02:14:40,WIFI,True,0.0,69.0,0,True,0.0,230.8,2
2026-09-29 02:14:41,WIFI,True,0.0,77.3,0,True,0.0,236.3,2
2026-09-29 02:14:42,WIFI,True,0.0,77.3,0,True,0.0,236.3,2
2026-09-29 02:14:43,WIFI,True,0.0,75.3,0,True,0.0,230.6,2
2026-09-29 02:14:44,WIFI,True,0.0,75.3,0,True,0.0,230.6,2
2026-09-29 02:14:45,WIFI,True,0.0,82.8,0,True,0.0,232.5,2
2026-09-29 02:14:46,WIFI,True,0.0,82.8,0,True,0.0,232.5,2
2026-09-29 02:14:47,WIFI,True,0.0,78.2,0,True,0.0,237.4,2
2026-09-29 02:14:48,WIFI,True,0.0,78.2,0,True,0.0,237.4,2
2026-09-29 02:14:49,WIFI,True,0.0,64.9,0,True,0.0,234.8,2
2026-09-29 02:14:50,WIFI,True,0.0,64.9,0,True,0.0,234.8,2
2026-09-29 02:14:51,WIFI,True,0.0,62.1,0,True,0.0,234.4,2
2026-09-29 02:14:52,WIFI,True,0.0,62.1,0,True,0.0,234.4,2
2026-09-29 02:14:53,WIFI,True,0.0,68.3,0,True,0.0,225.3,2
2026-09-29 02:14:54,WIFI,True,0.0,68.3,0,True,0.0,225.3,2
2026-09-29 02:14:55,WIFI,True,0.0,78.0,0,True,0.0,231.5,2
2026-09-29 02:14:56,WIFI,True,0.0,78.0,0,True,0.0,231.5,2
2026-09-29 02:14:57,WIFI,True,0.0,72.2,0,True,0.0,232.6,2
2026-09-29 02:14:58,WIFI,True,0.0,72.2,0,True,0.0,232.6,2
2026-09-29 02:14:59,WIFI,True,0.0,77.5,0,True,0.0,233.3,2
2026-09-29 02:15:00,WIFI,True,0.0,77.5,0,True,0.0,233.3,2
2026-09-29 02:15:01,WIFI,True,0.0,72.5,0,True,0.0,231.9,2
2026-09-29 02:15:02,WIFI,True,0.0,72.5,0,True,0.0,231.9,2
2026-09-29 02:15:03,WIFI,True,0.0,73.3,0,True,0.0,233.9,2
2026-09-29 02:15:04,WIFI,True,0.0,73.3,0,True,0.0,233.9,2
2026-09-29 02:15:05,WIFI,True,0.0,67.1,0,True,0.0,233.1,2
2026-09-29 02:15:06,WIFI,True,0.0,67.1,0,True,0.0,233.1,2
2026-09-29 02:15:07,WIFI,True,0.0,74.1,0,True,0.0,229.7,2
2026-09-29 02:15:08,WIFI,True,0.0,74.1,0,True,0.0,229.7,2
2026-09-29 02:15:09,WIFI,True,0.0,79.4,0,True,0.0,230.0,2
2026-09-29 02:15:10,WIFI,True,0.0,79.4,0,True,0.0,230.0,2
2026-09-29 02:15:11,WIFI,True,0.0,85.0,0,True,0.0,230.6,2
2026-09-29 02:15:13,WIFI,True,0.0,85.0,0,True,0.0,230.6,2
2026-09-29 02:15:14,WIFI,True,0.0,81.4,0,True,0.0,231.3,2
2026-09-29 02:15:15,WIFI,True,0.0,81.4,0,True,0.0,231.3,2
2026-09-29 02:15:16,WIFI,True,0.0,71.2,0,True,0.0,224.6,2
2026-09-29 02:15:17,WIFI,True,0.0,71.2,0,True,0.0,224.6,2
2026-09-29 02:15:18,WIFI,True,0.0,74.0,0,True,0.0,225.5,2
2026-09-29 02:15:19,WIFI,True,0.0,74.0,0,True,0.0,225.5,2
2026-09-29 02:15:20,WIFI,True,0.0,67.1,0,True,0.0,230.3,2
2026-09-29 02:15:21,WIFI,True,0.0,67.1,0,True,0.0,230.3,2
2026-09-29 02:15:22,WIFI,True,0.0,61.6,0,True,0.0,227.6,2
2026-09-29 02:15:23,WIFI,True,0.0,61.6,0,True,0.0,227.6,2
2026-09-29 02:15:24,WIFI,True,0.0,64.6,0,True,0.0,225.6,2
2026-09-29 02:15:25,WIFI,True,0.0,64.6,0,True,0.0,225.6,2
2026-09-29 02:15:26,WIFI,True,0.0,59.6,0,True,0.0,224.3,2
2026-09-29 02:15:27,WIFI,True,0.0,59.6,0,True,0.0,224.3,2
2026-09-29 02:15:29,WIFI,True,0.0,47.5,0,True,0.0,230.1,2
2026-09-29 02:15:30,WIFI,True,0.0,41.7,0,True,0.0,230.1,2
2026-09-29 02:15:31,WIFI,True,0.0,41.7,0,True,0.0,243.5,2
2026-09-29 02:15:32,WIFI,True,0.0,31.4,0,True,0.0,243.5,2
2026-09-29 02:15:33,WIFI,True,0.0,31.4,0,True,0.0,245.1,2
2026-09-29 02:15:34,WIFI,True,0.0,28.7,0,True,0.0,245.1,2
2026-09-29 02:15:35,WIFI,True,0.0,28.7,0,True,0.0,244.4,2
2026-09-29 02:15:36,WIFI,True,0.0,34.8,0,True,0.0,244.4,2
2026-09-29 02:15:37,WIFI,True,0.0,34.8,0,True,0.0,245.5,2
2026-09-29 02:15:38,WIFI,True,0.0,28.6,0,True,0.0,245.5,2
2026-09-29 02:15:39,WIFI,True,0.0,28.6,0,True,0.0,245.5,2
2026-09-29 02:15:40,WIFI,True,0.0,28.3,0,True,20.0,245.5,2
2026-09-29 02:15:41,WIFI,True,0.0,28.3,0,True,20.0,245.7,2
2026-09-29 02:15:42,WIFI,True,0.0,23.2,0,True,20.0,245.7,2
2026-09-29 02:15:43,WIFI,True,0.0,23.2,0,True,20.0,255.4,2
2026-09-29 02:15:44,WIFI,True,0.0,31.3,0,True,20.0,255.0,2
2026-09-29 02:15:45,WIFI,True,0.0,31.3,0,True,20.0,255.0,2
2026-09-29 02:15:46,WIFI,True,0.0,29.5,0,True,20.0,258.9,2
2026-09-29 02:15:47,WIFI,True,0.0,29.5,0,True,20.0,258.9,2
2026-09-29 02:15:48,WIFI,True,0.0,37.0,0,True,20.0,258.9,2
2026-09-29 02:15:49,WIFI,True,0.0,37.0,0,True,20.0,258.9,2
2026-09-29 02:15:50,WIFI,True,0.0,47.2,0,True,20.0,259.0,2
2026-09-29 02:15:51,WIFI,True,0.0,47.2,0,True,20.0,259.0,2
2026-09-29 02:15:52,WIFI,True,0.0,53.0,0,True,20.0,251.1,2
2026-09-29 02:15:53,WIFI,True,0.0,53.0,0,True,20.0,251.1,2
2026-09-29 02:15:54,WIFI,True,0.0,61.2,0,True,20.0,251.1,2
2026-09-29 02:15:55,WIFI,True,0.0,61.2,0,True,20.0,251.1,2
2026-09-29 02:15:56,WIFI,True,0.0,67.5,0,True,40.0,251.1,2
2026-09-29 02:15:57,WIFI,True,0.0,67.5,0,True,40.0,251.1,2
2026-09-29 02:15:58,WIFI,True,0.0,72.6,0,True,40.0,237.3,2
2026-09-29 02:15:59,WIFI,True,0.0,72.6,0,True,40.0,237.3,2
2026-09-29 02:16:00,WIFI,True,0.0,82.7,0,True,40.0,235.6,2
2026-09-29 02:16:01,WIFI,True,0.0,82.7,0,True,40.0,235.6,2
2026-09-29 02:16:02,WIFI,True,0.0,84.4,0,True,40.0,234.2,2
2026-09-29 02:16:03,WIFI,True,0.0,84.4,0,True,40.0,234.2,2
2026-09-29 02:16:04,WIFI,True,0.0,73.1,0,True,20.0,234.1,2
2026-09-29 02:16:05,WIFI,True,0.0,73.1,0,True,20.0,234.1,2
2026-09-29 02:16:06,WIFI,True,0.0,83.0,0,True,20.0,234.1,2
2026-09-29 02:16:07,WIFI,True,0.0,83.0,0,True,20.0,234.1,2
2026-09-29 02:16:08,WIFI,True,0.0,78.7,0,True,20.0,234.1,2
2026-09-29 02:16:09,WIFI,True,0.0,78.7,0,True,40.0,234.1,2
2026-09-29 02:16:10,WIFI,True,0.0,78.5,0,True,40.0,232.4,2
2026-09-29 02:16:11,WIFI,True,0.0,78.5,0,True,40.0,232.4,2
2026-09-29 02:16:12,WIFI,True,0.0,73.7,0,True,40.0,216.6,2
2026-09-29 02:16:13,WIFI,True,0.0,73.7,0,True,40.0,216.6,2
2026-09-29 02:16:14,WIFI,True,0.0,65.4,0,True,40.0,216.0,2
2026-09-29 02:16:15,WIFI,True,0.0,65.4,0,True,40.0,216.0,2
2026-09-29 02:16:16,WIFI,True,0.0,52.8,0,True,20.0,211.5,2
2026-09-29 02:16:17,WIFI,True,0.0,52.8,0,True,20.0,211.5,2
2026-09-29 02:16:18,WIFI,True,0.0,47.9,0,True,0.0,211.9,2
2026-09-29 02:16:19,WIFI,True,0.0,47.9,0,True,0.0,211.9,2
2026-09-29 02:16:20,WIFI,True,0.0,37.8,0,True,0.0,211.9,2
2026-09-29 02:16:21,WIFI,True,0.0,37.8,0,True,0.0,211.9,2
2026-09-29 02:16:22,WIFI,True,0.0,35.8,0,True,0.0,212.5,2
2026-09-29 02:16:23,WIFI,True,0.0,35.8,0,True,0.0,212.5,2
2026-09-29 02:16:24,WIFI,True,0.0,36.0,0,True,0.0,212.5,2
2026-09-29 02:16:25,WIFI,True,0.0,36.0,0,True,0.0,212.5,2
2026-09-29 02:16:26,WIFI,True,0.0,29.0,0,True,0.0,212.5,2
2026-09-29 02:16:27,WIFI,True,0.0,29.0,0,True,20.0,212.5,2
2026-09-29 02:16:28,WIFI,True,0.0,25.4,0,True,20.0,216.2,2
2026-09-29 02:16:29,WIFI,True,0.0,25.4,0,True,20.0,216.2,2
2026-09-29 02:16:30,WIFI,True,0.0,14.4,0,True,20.0,216.2,2
2026-09-29 02:16:31,WIFI,True,0.0,14.4,0,True,40.0,216.2,2
2026-09-29 02:16:32,WIFI,True,0.0,13.5,0,True,40.0,216.2,2
2026-09-29 02:16:33,WIFI,True,0.0,13.5,0,False,60.0,216.2,2
2026-09-29 02:16:34,WIFI,True,0.0,13.2,0,False,60.0,217.1,2
2026-09-29 02:16:35,WIFI,True,0.0,13.2,0,False,60.0,217.1,2
2026-09-29 02:16:36,WIFI,True,0.0,14.4,0,False,60.0,217.1,2
2026-09-29 02:16:37,WIFI,True,0.0,14.4,0,False,60.0,217.1,2
2026-09-29 02:16:38,WIFI,True,0.0,15.1,0,False,60.0,217.1,2
2026-09-29 02:16:39,WIFI,True,0.0,15.1,0,False,60.0,217.1,2
2026-09-29 02:16:40,WIFI,True,0.0,15.2,0,False,60.0,217.1,2
2026-09-29 02:16:41,WIFI,True,0.0,15.2,0,False,60.0,217.1,2
2026-09-29 02:16:42,WIFI,True,0.0,14.7,0,False,60.0,217.1,2
2026-09-29 02:16:43,WIFI,True,0.0,14.7,0,False,60.0,217.1,2
2026-09-29 02:16:44,WIFI,True,0.0,14.0,0,False,60.0,217.4,2
2026-09-29 02:16:46,WIFI,True,0.0,14.0,0,False,60.0,217.4,2
2026-09-29 02:16:47,WIFI,True,0.0,11.0,0,True,40.0,218.8,2
2026-09-29 02:16:48,WIFI,True,0.0,11.0,0,True,40.0,218.8,2
2026-09-29 02:16:49,WIFI,True,0.0,11.2,0,True,40.0,219.5,2
2026-09-29 02:16:50,WIFI,True,0.0,11.2,0,True,40.0,219.5,2
2026-09-29 02:16:51,WIFI,True,0.0,11.9,0,True,20.0,218.9,2
2026-09-29 02:16:52,WIFI,True,0.0,11.9,0,True,20.0,218.9,2
2026-09-29 02:16:53,WIFI,True,0.0,12.7,0,True,0.0,219.6,2
2026-09-29 02:16:54,WIFI,True,0.0,12.7,0,True,0.0,219.6,2
2026-09-29 02:16:55,WIFI,True,0.0,13.2,0,True,0.0,221.0,2
2026-09-29 02:16:56,WIFI,True,0.0,13.2,0,True,0.0,221.0,2
2026-09-29 02:16:57,WIFI,True,0.0,12.7,0,True,0.0,221.8,2
2026-09-29 02:16:58,WIFI,True,0.0,12.7,0,True,0.0,221.8,2
2026-09-29 02:16:59,WIFI,True,0.0,12.9,0,True,0.0,221.8,2
2026-09-29 02:17:00,WIFI,True,0.0,12.9,0,True,20.0,221.8,2
2026-09-29 02:17:01,WIFI,True,0.0,13.3,0,True,20.0,261.3,2
2026-09-29 02:17:02,WIFI,True,0.0,13.3,0,True,20.0,261.3,2
2026-09-29 02:17:03,WIFI,True,0.0,15.8,0,True,20.0,281.3,2
2026-09-29 02:17:04,WIFI,True,0.0,15.8,0,True,20.0,281.3,2
2026-09-29 02:17:05,WIFI,True,0.0,20.5,0,True,20.0,283.2,2
2026-09-29 02:17:06,WIFI,True,0.0,20.5,0,True,20.0,283.2,2
2026-09-29 02:17:07,WIFI,True,0.0,21.1,0,True,20.0,283.5,2
2026-09-29 02:17:08,WIFI,True,0.0,21.1,0,True,20.0,283.5,2
2026-09-29 02:17:09,WIFI,True,0.0,20.8,0,True,0.0,282.4,2
2026-09-29 02:17:10,WIFI,True,0.0,20.8,0,True,0.0,282.4,2
2026-09-29 02:17:11,WIFI,True,0.0,20.7,0,True,0.0,282.1,2
2026-09-29 02:17:12,WIFI,True,0.0,20.7,0,True,0.0,282.1,2
2026-09-29 02:17:13,WIFI,True,0.0,23.7,0,True,0.0,282.1,2
2026-09-29 02:17:14,WIFI,True,0.0,23.7,0,True,20.0,282.1,2
2026-09-29 02:17:15,WIFI,True,0.0,25.5,0,True,20.0,282.1,2
2026-09-29 02:17:16,WIFI,True,0.0,25.5,0,True,40.0,282.1,2
2026-09-29 02:17:17,WIFI,True,0.0,29.7,0,True,40.0,283.9,2
2026-09-29 02:17:18,WIFI,True,0.0,29.7,0,True,40.0,283.9,2
2026-09-29 02:17:19,WIFI,True,0.0,29.7,0,True,40.0,283.9,2
2026-09-29 02:17:20,WIFI,True,0.0,29.7,0,True,40.0,296.0,2
2026-09-29 02:17:21,WIFI,True,0.0,29.7,0,True,40.0,296.0,2
2026-09-29 02:17:22,WIFI,True,0.0,29.2,0,True,40.0,300.5,2
2026-09-29 02:17:23,WIFI,True,0.0,29.2,0,True,40.0,300.5,2
2026-09-29 02:17:24,WIFI,True,0.0,27.0,0,True,20.0,305.1,2
2026-09-29 02:17:25,WIFI,True,0.0,27.0,0,True,20.0,305.1,2
2026-09-29 02:17:26,WIFI,True,0.0,23.1,0,True,0.0,268.0,2
2026-09-29 02:17:27,WIFI,True,0.0,23.1,0,True,0.0,268.0,2
2026-09-29 02:17:28,WIFI,True,0.0,22.6,0,True,0.0,268.0,2
2026-09-29 02:17:29,WIFI,True,0.0,22.6,0,True,20.0,268.0,2
2026-09-29 02:17:30,WIFI,True,0.0,23.3,0,True,20.0,245.7,2
2026-09-29 02:17:31,WIFI,True,0.0,23.3,0,True,20.0,245.7,2
2026-09-29 02:17:32,WIFI,True,0.0,22.8,0,True,20.0,245.7,2
2026-09-29 02:17:33,WIFI,True,0.0,22.8,0,True,40.0,245.7,2
2026-09-29 02:17:34,WIFI,True,0.0,19.0,0,True,40.0,243.3,2
2026-09-29 02:17:35,WIFI,True,0.0,19.0,0,True,40.0,243.3,2
2026-09-29 02:17:37,WIFI,True,0.0,16.5,0,True,40.0,242.3,2
2026-09-29 02:17:38,WIFI,True,0.0,16.5,0,True,40.0,242.3,2
2026-09-29 02:17:39,WIFI,True,0.0,11.6,0,True,20.0,241.9,2
2026-09-29 02:17:40,WIFI,True,0.0,11.6,0,True,20.0,241.9,2
2026-09-29 02:17:41,WIFI,True,0.0,10.8,0,True,20.0,241.4,2
2026-09-29 02:17:42,WIFI,True,0.0,10.8,0,True,20.0,241.4,2
2026-09-29 02:17:43,WIFI,True,0.0,10.9,0,True,0.0,239.8,2
2026-09-29 02:17:44,WIFI,True,0.0,10.9,0,True,0.0,239.8,2
2026-09-29 02:17:45,WIFI,True,0.0,10.4,0,True,0.0,227.3,2
2026-09-29 02:17:46,WIFI,True,0.0,10.4,0,True,0.0,227.3,2
2026-09-29 02:17:47,WIFI,True,0.0,10.3,0,True,0.0,221.0,2
2026-09-29 02:17:48,WIFI,True,0.0,10.3,0,True,0.0,221.0,2
2026-09-29 02:17:49,WIFI,True,0.0,10.1,0,True,0.0,220.8,2
2026-09-29 02:17:50,WIFI,True,0.0,10.1,0,True,0.0,220.8,2
2026-09-29 02:17:51,WIFI,True,0.0,9.0,0,True,0.0,215.8,2
2026-09-29 02:17:52,WIFI,True,0.0,9.0,0,True,0.0,215.8,2
2026-09-29 02:17:53,WIFI,True,0.0,10.0,0,True,0.0,215.8,2
2026-09-29 02:17:54,WIFI,True,0.0,10.0,0,True,20.0,215.8,2
2026-09-29 02:17:55,WIFI,True,0.0,11.1,0,True,20.0,215.6,2
2026-09-29 02:17:56,WIFI,True,0.0,11.1,0,True,20.0,215.6,2
2026-09-29 02:17:57,WIFI,True,0.0,11.7,0,True,20.0,216.0,2
2026-09-29 02:17:58,WIFI,True,0.0,11.7,0,True,20.0,216.0,2
2026-09-29 02:17:59,WIFI,True,0.0,11.5,0,True,20.0,217.1,2
2026-09-29 02:18:00,WIFI,True,0.0,11.5,0,True,20.0,217.1,2
2026-09-29 02:18:01,WIFI,True,0.0,12.0,0,True,20.0,217.5,2
2026-09-29 02:18:02,WIFI,True,0.0,12.0,0,True,20.0,217.5,2
2026-09-29 02:18:03,WIFI,True,0.0,11.9,0,True,0.0,217.5,2
2026-09-29 02:18:04,WIFI,True,0.0,11.9,0,True,0.0,217.5,2
2026-09-29 02:18:05,WIFI,True,0.0,12.5,0,True,0.0,219.0,2
2026-09-29 02:18:06,WIFI,True,0.0,12.5,0,True,0.0,219.0,2
2026-09-29 02:18:07,WIFI,True,0.0,14.3,0,True,0.0,219.4,2
2026-09-29 02:18:08,WIFI,True,0.0,14.3,0,True,0.0,219.4,2
2026-09-29 02:18:09,WIFI,True,0.0,14.3,0,True,0.0,219.4,2
2026-09-29 02:18:10,WIFI,True,0.0,14.3,0,True,20.0,219.4,2
2026-09-29 02:18:11,WIFI,True,0.0,15.1,0,True,20.0,219.6,2
2026-09-29 02:18:12,WIFI,True,0.0,15.1,0,True,20.0,219.6,2
2026-09-29 02:18:13,WIFI,True,0.0,14.5,0,True,20.0,219.6,2
2026-09-29 02:18:14,WIFI,True,0.0,14.5,0,True,40.0,219.6,2
2026-09-29 02:18:15,WIFI,True,0.0,14.3,0,True,40.0,214.7,2
2026-09-29 02:18:16,WIFI,True,0.0,14.3,0,True,40.0,214.7,2
2026-09-29 02:18:17,WIFI,True,0.0,14.0,0,True,40.0,214.9,2
2026-09-29 02:18:18,WIFI,True,0.0,14.0,0,True,40.0,214.9,2
2026-09-29 02:18:19,WIFI,True,0.0,14.6,0,True,20.0,215.0,2
2026-09-29 02:18:20,WIFI,True,0.0,14.6,0,True,20.0,215.0,2
2026-09-29 02:18:21,WIFI,True,0.0,14.1,0,True,20.0,215.0,2
2026-09-29 02:18:22,WIFI,True,0.0,14.1,0,True,40.0,215.0,2
2026-09-29 02:18:23,WIFI,True,0.0,14.1,0,True,20.0,213.4,2
2026-09-29 02:18:24,WIFI,True,0.0,14.1,0,True,20.0,213.4,2
2026-09-29 02:18:25,WIFI,True,0.0,13.4,0,True,20.0,212.4,2
2026-09-29 02:18:26,WIFI,True,0.0,13.4,0,True,20.0,212.4,2
2026-09-29 02:18:27,WIFI,True,0.0,11.0,0,True,20.0,212.2,2
2026-09-29 02:18:28,WIFI,True,0.0,11.0,0,True,20.0,212.2,2
2026-09-29 02:18:29,WIFI,True,0.0,11.2,0,True,20.0,212.9,2
2026-09-29 02:18:30,WIFI,True,0.0,11.2,0,True,20.0,212.9,2
2026-09-29 02:18:31,WIFI,True,0.0,11.3,0,True,0.0,211.1,2
2026-09-29 02:18:32,WIFI,True,0.0,11.3,0,True,0.0,211.1,2
2026-09-29 02:18:33,WIFI,True,0.0,10.8,0,True,0.0,211.5,2
2026-09-29 02:18:34,WIFI,True,0.0,10.8,0,True,0.0,211.5,2
2026-09-29 02:18:35,WIFI,True,0.0,10.0,0,True,0.0,211.7,2
2026-09-29 02:18:36,WIFI,True,0.0,10.0,0,True,0.0,211.7,2
2026-09-29 02:18:37,WIFI,True,0.0,10.3,0,True,0.0,217.8,2
2026-09-29 02:18:38,WIFI,True,0.0,10.3,0,True,0.0,217.8,2
2026-09-29 02:18:39,WIFI,True,0.0,9.8,0,True,0.0,220.8,2
2026-09-29 02:18:40,WIFI,True,0.0,9.8,0,True,0.0,220.8,2
2026-09-29 02:18:41,WIFI,True,0.0,10.4,0,True,0.0,225.8,2
2026-09-29 02:18:42,WIFI,True,0.0,10.4,0,True,0.0,225.8,2
2026-09-29 02:18:43,WIFI,True,0.0,11.0,0,True,0.0,227.4,2
2026-09-29 02:18:44,WIFI,True,0.0,11.0,0,True,0.0,227.4,2
2026-09-29 02:18:45,WIFI,True,0.0,11.3,0,True,0.0,227.7,2
2026-09-29 02:18:46,WIFI,True,0.0,11.3,0,True,0.0,227.7,2
2026-09-29 02:18:47,WIFI,True,0.0,11.9,0,True,0.0,227.8,2
2026-09-29 02:18:48,WIFI,True,0.0,12.6,0,True,0.0,227.8,2
2026-09-29 02:18:49,WIFI,True,0.0,12.6,0,True,0.0,227.9,2
2026-09-29 02:18:50,WIFI,True,0.0,12.0,0,True,0.0,227.9,2
2026-09-29 02:18:51,WIFI,True,0.0,12.0,0,True,0.0,233.5,2
2026-09-29 02:18:52,WIFI,True,0.0,12.4,0,True,0.0,233.5,2
2026-09-29 02:18:53,WIFI,True,0.0,12.4,0,True,0.0,233.0,2
2026-09-29 02:18:54,WIFI,True,0.0,12.5,0,True,0.0,233.0,2
2026-09-29 02:18:55,WIFI,True,0.0,12.5,0,True,0.0,232.6,2
2026-09-29 02:18:57,WIFI,True,0.0,11.9,0,True,0.0,232.6,2
2026-09-29 02:18:58,WIFI,True,0.0,11.9,0,True,0.0,232.6,2
2026-09-29 02:18:59,WIFI,True,0.0,11.9,0,True,20.0,226.2,2
2026-09-29 02:19:00,WIFI,True,0.0,11.9,0,True,20.0,226.2,2
2026-09-29 02:19:01,WIFI,True,0.0,11.2,0,True,20.0,222.9,2
2026-09-29 02:19:02,WIFI,True,0.0,11.2,0,True,20.0,222.9,2
2026-09-29 02:19:03,WIFI,True,0.0,10.4,0,True,20.0,226.6,2
2026-09-29 02:19:04,WIFI,True,0.0,10.4,0,True,20.0,226.6,2
2026-09-29 02:19:05,WIFI,True,0.0,10.9,0,True,20.0,227.6,2
2026-09-29 02:19:06,WIFI,True,0.0,10.9,0,True,20.0,227.6,2
2026-09-29 02:19:07,WIFI,True,0.0,13.2,0,True,20.0,227.6,2
2026-09-29 02:19:08,WIFI,True,0.0,13.2,0,True,20.0,227.6,2
2026-09-29 02:19:09,WIFI,True,0.0,13.2,0,True,20.0,227.6,2
2026-09-29 02:19:10,WIFI,True,0.0,13.2,0,True,20.0,227.6,2
2026-09-29 02:19:11,WIFI,True,0.0,13.0,0,True,40.0,229.3,2
2026-09-29 02:19:12,WIFI,True,0.0,13.0,0,True,40.0,229.3,2
2026-09-29 02:19:13,WIFI,True,0.0,12.7,0,True,40.0,230.0,2
2026-09-29 02:19:14,WIFI,True,0.0,12.7,0,True,40.0,230.0,2
2026-09-29 02:19:15,WIFI,True,0.0,13.3,0,True,40.0,231.6,2
2026-09-29 02:19:16,WIFI,True,0.0,13.3,0,True,40.0,231.6,2
2026-09-29 02:19:17,WIFI,True,0.0,14.1,0,True,20.0,228.4,2
2026-09-29 02:19:18,WIFI,True,0.0,14.1,0,True,20.0,228.4,2
2026-09-29 02:19:19,WIFI,True,0.0,14.7,0,True,0.0,228.7,2
2026-09-29 02:19:20,WIFI,True,0.0,14.7,0,True,0.0,228.7,2
2026-09-29 02:19:21,WIFI,True,0.0,14.9,0,True,0.0,228.7,2
2026-09-29 02:19:22,WIFI,True,0.0,14.9,0,True,20.0,228.7,2
2026-09-29 02:19:23,WIFI,True,0.0,15.4,0,True,20.0,229.2,2
2026-09-29 02:19:24,WIFI,True,0.0,15.4,0,True,20.0,229.2,2
2026-09-29 02:19:25,WIFI,True,0.0,15.6,0,True,20.0,228.8,2
2026-09-29 02:19:26,WIFI,True,0.0,15.6,0,True,20.0,228.8,2
2026-09-29 02:19:27,WIFI,True,0.0,12.6,0,True,20.0,228.9,2
2026-09-29 02:19:28,WIFI,True,0.0,12.6,0,True,20.0,228.9,2
2026-09-29 02:19:29,WIFI,True,0.0,12.3,0,True,20.0,228.9,2
2026-09-29 02:19:30,WIFI,True,0.0,12.3,0,True,40.0,228.9,2
2026-09-29 02:19:31,WIFI,True,0.0,12.9,0,True,20.0,223.8,2
2026-09-29 02:19:32,WIFI,True,0.0,12.9,0,True,20.0,223.8,2
2026-09-29 02:19:33,WIFI,True,0.0,17.8,0,True,20.0,225.0,2
2026-09-29 02:19:34,WIFI,True,0.0,17.8,0,True,20.0,225.0,2
2026-09-29 02:19:35,WIFI,True,0.0,18.7,0,True,20.0,224.4,2
2026-09-29 02:19:36,WIFI,True,0.0,18.7,0,True,20.0,224.4,2
2026-09-29 02:19:37,WIFI,True,0.0,21.3,0,True,20.0,234.7,2
2026-09-29 02:19:38,WIFI,True,0.0,21.3,0,True,20.0,234.7,2
2026-09-29 02:19:39,WIFI,True,0.0,26.4,0,True,0.0,236.8,2
2026-09-29 02:19:40,WIFI,True,0.0,26.4,0,True,0.0,236.8,2
2026-09-29 02:19:41,WIFI,True,0.0,27.3,0,True,0.0,236.1,2
2026-09-29 02:19:42,WIFI,True,0.0,27.3,0,True,0.0,236.1,2
2026-09-29 02:19:43,WIFI,True,0.0,27.4,0,True,0.0,236.1,2
2026-09-29 02:19:44,WIFI,True,0.0,27.4,0,True,20.0,236.1,2
2026-09-29 02:19:45,WIFI,True,0.0,27.1,0,True,20.0,236.1,2
2026-09-29 02:19:46,WIFI,True,0.0,27.1,0,True,20.0,236.1,2
2026-09-29 02:19:47,WIFI,True,0.0,27.3,0,True,20.0,235.8,2
2026-09-29 02:19:48,WIFI,True,0.0,27.3,0,True,20.0,235.8,2
2026-09-29 02:19:49,WIFI,True,0.0,27.6,0,True,20.0,236.9,2
2026-09-29 02:19:50,WIFI,True,0.0,27.6,0,True,20.0,236.9,2
2026-09-29 02:19:51,WIFI,True,0.0,29.7,0,True,20.0,242.4,2
2026-09-29 02:19:52,WIFI,True,0.0,29.7,0,True,20.0,242.4,2
2026-09-29 02:19:53,WIFI,True,0.0,25.3,0,True,0.0,241.8,2
2026-09-29 02:19:54,WIFI,True,0.0,25.3,0,True,0.0,241.8,2
2026-09-29 02:19:55,WIFI,True,0.0,23.8,0,True,0.0,239.8,2
2026-09-29 02:19:56,WIFI,True,0.0,23.8,0,True,0.0,239.8,2
2026-09-29 02:19:57,WIFI,True,0.0,20.8,0,True,0.0,238.4,2
2026-09-29 02:19:58,WIFI,True,0.0,20.8,0,True,0.0,238.4,2
2026-09-29 02:19:59,WIFI,True,0.0,15.3,0,True,0.0,227.3,2
2026-09-29 02:20:00,WIFI,True,0.0,15.3,0,True,0.0,227.3,2
2026-09-29 02:20:01,WIFI,True,0.0,14.5,0,True,0.0,223.1,2
2026-09-29 02:20:02,WIFI,True,0.0,14.5,0,True,0.0,223.1,2
2026-09-29 02:20:03,WIFI,True,0.0,14.0,0,True,0.0,221.3,2
2026-09-29 02:20:04,WIFI,True,0.0,14.0,0,True,0.0,221.3,2
2026-09-29 02:20:05,WIFI,True,0.0,13.5,0,True,0.0,221.2,2
2026-09-29 02:20:06,WIFI,True,0.0,13.5,0,True,0.0,221.2,2
2026-09-29 02:20:07,WIFI,True,0.0,13.4,0,True,0.0,221.0,2
2026-09-29 02:20:08,WIFI,True,0.0,13.4,0,True,0.0,221.0,2
2026-09-29 02:20:09,WIFI,True,0.0,12.9,0,True,0.0,224.9,2
2026-09-29 02:20:10,WIFI,True,0.0,12.9,0,True,0.0,224.9,2
2026-09-29 02:20:11,WIFI,True,0.0,10.0,0,True,0.0,218.9,2
2026-09-29 02:20:12,WIFI,True,0.0,10.0,0,True,0.0,218.9,2
2026-09-29 02:20:13,WIFI,True,0.0,11.5,0,True,0.0,218.9,2
2026-09-29 02:20:14,WIFI,True,0.0,11.5,0,True,20.0,218.9,2
2026-09-29 02:20:15,WIFI,True,0.0,12.1,0,True,20.0,217.3,2
2026-09-29 02:20:16,WIFI,True,0.0,12.1,0,True,20.0,217.3,2
2026-09-29 02:20:18,WIFI,True,0.0,11.5,0,True,20.0,216.6,2
2026-09-29 02:20:19,WIFI,True,0.0,11.5,0,True,20.0,216.6,2
2026-09-29 02:20:20,WIFI,True,0.0,11.7,0,True,20.0,216.0,2
2026-09-29 02:20:21,WIFI,True,0.0,11.7,0,True,20.0,216.0,2
2026-09-29 02:20:22,WIFI,True,0.0,11.2,0,True,20.0,217.3,2
2026-09-29 02:20:23,WIFI,True,0.0,11.2,0,True,20.0,217.3,2
2026-09-29 02:20:24,WIFI,True,0.0,12.3,0,True,0.0,219.6,2
2026-09-29 02:20:25,WIFI,True,0.0,12.3,0,True,0.0,219.6,2
2026-09-29 02:20:26,WIFI,True,0.0,12.2,0,True,0.0,239.4,2
2026-09-29 02:20:27,WIFI,True,0.0,12.2,0,True,0.0,239.4,2
2026-09-29 02:20:28,WIFI,True,0.0,12.0,0,True,0.0,239.1,2
2026-09-29 02:20:29,WIFI,True,0.0,12.0,0,True,0.0,239.1,2
2026-09-29 02:20:30,WIFI,True,0.0,12.3,0,True,0.0,240.1,2
2026-09-29 02:20:31,WIFI,True,0.0,12.3,0,True,0.0,240.1,2
2026-09-29 02:20:32,WIFI,True,0.0,13.2,0,True,0.0,235.1,2
2026-09-29 02:20:33,WIFI,True,0.0,13.2,0,True,0.0,235.1,2
2026-09-29 02:20:34,WIFI,True,0.0,12.2,0,True,0.0,235.1,2
2026-09-29 02:20:35,WIFI,True,0.0,12.2,0,True,20.0,235.1,2
2026-09-29 02:20:36,WIFI,True,0.0,12.1,0,True,20.0,237.4,2
2026-09-29 02:20:37,WIFI,True,0.0,12.1,0,True,20.0,237.4,2
2026-09-29 02:20:38,WIFI,True,0.0,12.4,0,True,20.0,240.2,2
2026-09-29 02:20:39,WIFI,True,0.0,12.4,0,True,20.0,240.2,2
2026-09-29 02:20:40,WIFI,True,0.0,12.8,0,True,20.0,240.5,2
2026-09-29 02:20:41,WIFI,True,0.0,12.8,0,True,20.0,240.5,2
2026-09-29 02:20:42,WIFI,True,0.0,13.8,0,True,20.0,241.4,2
2026-09-29 02:20:43,WIFI,True,0.0,13.8,0,True,20.0,241.4,2
2026-09-29 02:20:44,WIFI,True,0.0,13.2,0,True,0.0,240.8,2
2026-09-29 02:20:45,WIFI,True,0.0,13.2,0,True,0.0,240.8,2
2026-09-29 02:20:46,WIFI,True,0.0,14.1,0,True,0.0,240.8,2
2026-09-29 02:20:47,WIFI,True,0.0,14.1,0,True,20.0,240.8,2
2026-09-29 02:20:48,WIFI,True,0.0,14.3,0,True,20.0,240.8,2
2026-09-29 02:20:49,WIFI,True,0.0,14.3,0,True,40.0,240.8,2
2026-09-29 02:20:50,WIFI,True,0.0,14.5,0,True,40.0,239.1,2
2026-09-29 02:20:51,WIFI,True,0.0,14.5,0,True,40.0,239.1,2
2026-09-29 02:20:52,WIFI,True,0.0,14.5,0,True,40.0,219.2,2
2026-09-29 02:20:53,WIFI,True,0.0,14.5,0,True,40.0,219.2,2
2026-09-29 02:20:54,WIFI,True,0.0,13.2,0,True,40.0,219.4,2
2026-09-29 02:20:55,WIFI,True,0.0,13.2,0,True,40.0,219.4,2
2026-09-29 02:20:56,WIFI,True,0.0,13.5,0,True,40.0,219.4,2
2026-09-29 02:20:57,WIFI,True,0.0,13.5,0,True,40.0,219.4,2
2026-09-29 02:20:58,WIFI,True,0.0,13.3,0,True,20.0,218.7,2
2026-09-29 02:20:59,WIFI,True,0.0,13.3,0,True,20.0,218.7,2
2026-09-29 02:21:00,WIFI,True,0.0,13.4,0,True,20.0,219.0,2
2026-09-29 02:21:01,WIFI,True,0.0,13.4,0,True,20.0,219.0,2
2026-09-29 02:21:02,WIFI,True,0.0,12.4,0,True,20.0,219.0,2
2026-09-29 02:21:03,WIFI,True,0.0,12.4,0,True,40.0,219.0,2
2026-09-29 02:21:04,WIFI,True,0.0,12.7,0,True,40.0,218.7,2
2026-09-29 02:21:05,WIFI,True,0.0,12.7,0,True,40.0,218.7,2
2026-09-29 02:21:06,WIFI,True,0.0,12.3,0,True,40.0,218.7,2
2026-09-29 02:21:07,WIFI,True,0.0,12.3,0,True,40.0,218.7,2
2026-09-29 02:21:08,WIFI,True,0.0,12.4,0,True,40.0,215.1,2
2026-09-29 02:21:09,WIFI,True,0.0,12.4,0,True,40.0,215.1,2
2026-09-29 02:21:10,WIFI,True,0.0,11.7,0,True,40.0,215.1,2
2026-09-29 02:21:11,WIFI,True,0.0,11.7,0,False,60.0,215.1,2
2026-09-29 02:21:12,WIFI,True,0.0,11.4,0,True,40.0,214.8,2
2026-09-29 02:21:13,WIFI,True,0.0,11.4,0,True,40.0,214.8,2
2026-09-29 02:21:14,WIFI,True,0.0,11.1,0,True,40.0,214.8,2
2026-09-29 02:21:15,WIFI,True,0.0,11.1,0,True,40.0,214.8,2
2026-09-29 02:21:16,WIFI,True,0.0,11.0,0,True,20.0,214.3,2
2026-09-29 02:21:17,WIFI,True,0.0,11.7,0,True,20.0,214.3,2
2026-09-29 02:21:18,WIFI,True,0.0,11.7,0,True,20.0,214.1,2
2026-09-29 02:21:19,WIFI,True,0.0,11.5,0,True,20.0,214.1,2
2026-09-29 02:21:20,WIFI,True,0.0,11.5,0,True,0.0,214.7,2
2026-09-29 02:21:21,WIFI,True,0.0,11.6,0,True,0.0,214.7,2
2026-09-29 02:21:22,WIFI,True,0.0,11.6,0,True,0.0,215.0,2
2026-09-29 02:21:23,WIFI,True,0.0,11.0,0,True,0.0,215.0,2
2026-09-29 02:21:24,WIFI,True,0.0,11.0,0,True,0.0,215.3,2
2026-09-29 02:21:25,WIFI,True,0.0,13.1,0,True,0.0,215.3,2
2026-09-29 02:21:26,WIFI,True,0.0,13.1,0,True,0.0,225.0,2
2026-09-29 02:21:27,WIFI,True,0.0,13.6,0,True,0.0,225.0,2
2026-09-29 02:21:28,WIFI,True,0.0,13.6,0,True,0.0,224.2,2
2026-09-29 02:21:29,WIFI,True,0.0,13.7,0,True,0.0,224.2,2
2026-09-29 02:21:30,WIFI,True,0.0,13.7,0,True,0.0,224.9,2
2026-09-29 02:21:31,WIFI,True,0.0,13.5,0,True,0.0,224.9,2
2026-09-29 02:21:32,WIFI,True,0.0,13.5,0,True,0.0,225.2,2
2026-09-29 02:21:33,WIFI,True,0.0,13.8,0,True,0.0,225.2,2
2026-09-29 02:21:34,WIFI,True,0.0,13.8,0,True,0.0,225.3,2
2026-09-29 02:21:35,WIFI,True,0.0,13.0,0,True,0.0,225.3,2
2026-09-29 02:21:36,WIFI,True,0.0,13.0,0,True,0.0,234.7,2
2026-09-29 02:21:37,WIFI,True,0.0,13.0,0,True,0.0,234.7,2
2026-09-29 02:21:38,WIFI,True,0.0,13.0,0,True,0.0,234.7,2
2026-09-29 02:21:39,WIFI,True,0.0,12.7,0,True,20.0,234.7,2
2026-09-29 02:21:40,WIFI,True,0.0,12.7,0,True,20.0,234.7,2
2026-09-29 02:21:41,WIFI,True,0.0,13.1,0,True,20.0,234.7,2
2026-09-29 02:21:42,WIFI,True,0.0,13.1,0,True,20.0,234.3,2
2026-09-29 02:21:43,WIFI,True,0.0,13.8,0,True,20.0,234.3,2
2026-09-29 02:21:44,WIFI,True,0.0,13.8,0,True,20.0,234.0,2
2026-09-29 02:21:45,WIFI,True,0.0,13.5,0,True,20.0,234.0,2
2026-09-29 02:21:46,WIFI,True,0.0,13.5,0,True,20.0,233.5,2
2026-09-29 02:21:47,WIFI,True,0.0,12.8,0,True,20.0,233.5,2
2026-09-29 02:21:48,WIFI,True,0.0,12.8,0,True,0.0,223.5,2
2026-09-29 02:21:49,WIFI,True,0.0,13.3,0,True,0.0,223.5,2
2026-09-29 02:21:50,WIFI,True,0.0,13.3,0,True,0.0,223.5,2
2026-09-29 02:21:51,WIFI,True,0.0,13.7,0,True,20.0,223.5,2
2026-09-29 02:21:52,WIFI,True,0.0,13.7,0,True,20.0,223.4,2
2026-09-29 02:21:53,WIFI,True,0.0,14.4,0,True,20.0,223.6,2
2026-09-29 02:21:54,WIFI,True,0.0,14.4,0,True,20.0,223.6,2
2026-09-29 02:21:55,WIFI,True,0.0,15.6,0,True,20.0,223.6,2
2026-09-29 02:21:56,WIFI,True,0.0,15.6,0,True,20.0,232.3,2
2026-09-29 02:21:57,WIFI,True,0.0,15.7,0,True,20.0,232.3,2
2026-09-29 02:21:58,WIFI,True,0.0,15.7,0,True,20.0,232.3,2
2026-09-29 02:22:00,WIFI,True,0.0,15.4,0,True,40.0,232.3,2
2026-09-29 02:22:01,WIFI,True,0.0,15.4,0,True,20.0,239.4,2
2026-09-29 02:22:02,WIFI,True,0.0,15.0,0,True,20.0,239.4,2
2026-09-29 02:22:03,WIFI,True,0.0,15.0,0,True,20.0,236.8,2
2026-09-29 02:22:04,WIFI,True,0.0,14.0,0,True,20.0,236.8,2
2026-09-29 02:22:05,WIFI,True,0.0,14.0,0,True,20.0,236.8,2
2026-09-29 02:22:06,WIFI,True,0.0,12.1,0,True,40.0,243.4,2
2026-09-29 02:22:07,WIFI,True,0.0,12.1,0,True,40.0,243.4,2
2026-09-29 02:22:08,WIFI,True,0.0,12.5,0,True,20.0,248.8,2
2026-09-29 02:22:09,WIFI,True,0.0,12.5,0,True,20.0,248.8,2
2026-09-29 02:22:10,WIFI,True,0.0,12.6,0,True,20.0,248.8,2
2026-09-29 02:22:11,WIFI,True,0.0,12.6,0,True,20.0,248.8,2
2026-09-29 02:22:12,WIFI,True,0.0,12.4,0,True,40.0,250.8,2
2026-09-29 02:22:13,WIFI,True,0.0,12.4,0,True,40.0,250.8,2
2026-09-29 02:22:14,WIFI,True,0.0,12.7,0,True,40.0,250.8,2
2026-09-29 02:22:15,WIFI,True,0.0,12.7,0,True,40.0,250.8,2
2026-09-29 02:22:16,WIFI,True,0.0,11.5,0,True,40.0,252.1,2
2026-09-29 02:22:17,WIFI,True,0.0,11.5,0,True,40.0,252.1,2
2026-09-29 02:22:18,WIFI,True,0.0,10.7,0,True,40.0,252.7,2
2026-09-29 02:22:19,WIFI,True,0.0,10.7,0,True,40.0,252.7,2
2026-09-29 02:22:20,WIFI,True,0.0,16.1,0,True,20.0,252.3,2
2026-09-29 02:22:21,WIFI,True,0.0,16.1,0,True,20.0,252.3,2
2026-09-29 02:22:22,WIFI,True,0.0,16.8,0,True,20.0,253.5,2
2026-09-29 02:22:23,WIFI,True,0.0,16.8,0,True,20.0,253.5,2
2026-09-29 02:22:24,WIFI,True,0.0,17.0,0,True,0.0,244.8,2
2026-09-29 02:22:25,WIFI,True,0.0,17.0,0,True,0.0,244.8,2
2026-09-29 02:22:26,WIFI,True,0.0,17.4,0,True,0.0,240.5,2
2026-09-29 02:22:27,WIFI,True,0.0,17.4,0,True,0.0,240.5,2
2026-09-29 02:22:28,WIFI,True,0.0,17.5,0,True,0.0,240.5,2
2026-09-29 02:22:29,WIFI,True,0.0,17.5,0,True,0.0,240.5,2
2026-09-29 02:22:30,WIFI,True,0.0,17.8,0,True,20.0,233.7,2
2026-09-29 02:22:31,WIFI,True,0.0,17.8,0,True,20.0,233.7,2
2026-09-29 02:22:32,WIFI,True,0.0,18.0,0,True,20.0,233.7,2
2026-09-29 02:22:33,WIFI,True,0.0,18.0,0,True,20.0,233.7,2
2026-09-29 02:22:34,WIFI,True,0.0,17.2,0,True,40.0,226.6,2
2026-09-29 02:22:35,WIFI,True,0.0,17.2,0,True,40.0,226.6,2
2026-09-29 02:22:36,WIFI,True,0.0,18.1,0,True,40.0,220.6,2
2026-09-29 02:22:37,WIFI,True,0.0,18.1,0,True,40.0,220.6,2
2026-09-29 02:22:38,WIFI,True,0.0,28.2,0,True,20.0,228.8,2
2026-09-29 02:22:39,WIFI,True,0.0,28.2,0,True,20.0,228.8,2
2026-09-29 02:22:40,WIFI,True,0.0,23.0,0,True,20.0,228.8,2
2026-09-29 02:22:41,WIFI,True,0.0,23.0,0,True,40.0,228.8,2
2026-09-29 02:22:42,WIFI,True,0.0,29.3,0,True,20.0,232.6,2
2026-09-29 02:22:43,WIFI,True,0.0,29.3,0,True,20.0,232.6,2
2026-09-29 02:22:44,WIFI,True,0.0,33.1,0,True,20.0,231.8,2
2026-09-29 02:22:45,WIFI,True,0.0,33.1,0,True,20.0,231.8,2
2026-09-29 02:22:46,WIFI,True,0.0,32.5,0,True,20.0,231.8,2
2026-09-29 02:22:47,WIFI,True,0.0,32.5,0,True,40.0,231.8,2
2026-09-29 02:22:48,WIFI,True,0.0,32.9,0,True,40.0,237.8,2
2026-09-29 02:22:49,WIFI,True,0.0,32.9,0,True,40.0,237.8,2
2026-09-29 02:22:50,WIFI,True,0.0,32.2,0,True,40.0,237.8,2
2026-09-29 02:22:51,WIFI,True,0.0,32.2,0,True,40.0,237.8,2
2026-09-29 02:22:52,WIFI,True,0.0,31.8,0,True,40.0,235.6,2
2026-09-29 02:22:53,WIFI,True,0.0,31.8,0,True,40.0,235.6,2
2026-09-29 02:22:54,WIFI,True,0.0,31.7,0,True,40.0,244.6,2
2026-09-29 02:22:55,WIFI,True,0.0,31.7,0,True,40.0,244.6,2
2026-09-29 02:22:56,WIFI,True,0.0,31.1,0,True,20.0,244.7,2
2026-09-29 02:22:57,WIFI,True,0.0,31.1,0,True,20.0,244.7,2
2026-09-29 02:22:58,WIFI,True,0.0,20.9,0,True,20.0,244.6,2
2026-09-29 02:22:59,WIFI,True,0.0,20.9,0,True,20.0,244.6,2
2026-09-29 02:23:00,WIFI,True,0.0,20.5,0,True,20.0,244.6,2
2026-09-29 02:23:01,WIFI,True,0.0,20.5,0,True,20.0,244.6,2
2026-09-29 02:23:02,WIFI,True,0.0,13.5,0,True,20.0,244.6,2
2026-09-29 02:23:03,WIFI,True,0.0,13.5,0,True,40.0,244.6,2
2026-09-29 02:23:04,WIFI,True,0.0,10.3,0,True,40.0,244.6,2
2026-09-29 02:23:05,WIFI,True,0.0,10.3,0,False,60.0,244.6,2
2026-09-29 02:23:06,WIFI,True,0.0,10.4,0,False,60.0,244.9,2
2026-09-29 02:23:07,WIFI,True,0.0,10.4,0,False,60.0,244.9,2
2026-09-29 02:23:08,WIFI,True,0.0,10.4,0,False,60.0,255.1,2
2026-09-29 02:23:09,WIFI,True,0.0,10.4,0,False,60.0,255.1,2
2026-09-29 02:23:10,WIFI,True,0.0,10.8,0,True,40.0,243.7,2
2026-09-29 02:23:11,WIFI,True,0.0,10.8,0,True,40.0,243.7,2
2026-09-29 02:23:12,WIFI,True,0.0,10.6,0,True,20.0,238.5,2
2026-09-29 02:23:13,WIFI,True,0.0,10.6,0,True,20.0,238.5,2
2026-09-29 02:23:14,WIFI,True,0.0,11.0,0,True,0.0,239.1,2
2026-09-29 02:23:15,WIFI,True,0.0,11.0,0,True,0.0,239.1,2
2026-09-29 02:23:16,WIFI,True,0.0,11.0,0,True,0.0,235.0,2
2026-09-29 02:23:17,WIFI,True,0.0,11.0,0,True,0.0,235.0,2
2026-09-29 02:23:18,WIFI,True,0.0,13.4,0,True,0.0,235.7,2
2026-09-29 02:23:19,WIFI,True,0.0,13.4,0,True,0.0,235.7,2
2026-09-29 02:23:20,WIFI,True,0.0,14.2,0,True,0.0,226.6,2
2026-09-29 02:23:21,WIFI,True,0.0,14.2,0,True,0.0,226.6,2
2026-09-29 02:23:22,WIFI,True,0.0,13.9,0,True,0.0,224.0,2
2026-09-29 02:23:23,WIFI,True,0.0,13.9,0,True,0.0,224.0,2
2026-09-29 02:23:24,WIFI,True,0.0,13.9,0,True,0.0,224.2,2
2026-09-29 02:23:25,WIFI,True,0.0,13.9,0,True,0.0,224.2,2
2026-09-29 02:23:26,WIFI,True,0.0,14.4,0,True,0.0,226.5,2
2026-09-29 02:23:27,WIFI,True,0.0,14.4,0,True,0.0,226.5,2
2026-09-29 02:23:28,WIFI,True,0.0,13.5,0,True,0.0,216.4,2
2026-09-29 02:23:29,WIFI,True,0.0,13.5,0,True,0.0,216.4,2
2026-09-29 02:23:30,WIFI,True,0.0,12.8,0,True,0.0,218.1,2
2026-09-29 02:23:31,WIFI,True,0.0,12.8,0,True,0.0,218.1,2
2026-09-29 02:23:32,WIFI,True,0.0,13.9,0,True,0.0,217.7,2
2026-09-29 02:23:33,WIFI,True,0.0,13.9,0,True,0.0,217.7,2
2026-09-29 02:23:34,WIFI,True,0.0,13.4,0,True,0.0,217.0,2
2026-09-29 02:23:35,WIFI,True,0.0,13.4,0,True,0.0,217.0,2
2026-09-29 02:23:36,WIFI,True,0.0,14.0,0,True,0.0,215.0,2
2026-09-29 02:23:37,WIFI,True,0.0,14.0,0,True,0.0,215.0,2
2026-09-29 02:23:38,WIFI,True,0.0,11.7,0,True,0.0,221.9,2
2026-09-29 02:23:39,WIFI,True,0.0,11.7,0,True,0.0,221.9,2
2026-09-29 02:23:40,WIFI,True,0.0,11.5,0,True,0.0,221.9,2
2026-09-29 02:23:41,WIFI,True,0.0,11.5,0,True,20.0,221.9,2
2026-09-29 02:23:42,WIFI,True,0.0,12.4,0,True,20.0,221.9,2
2026-09-29 02:23:43,WIFI,True,0.0,12.4,0,True,40.0,221.9,2
2026-09-29 02:23:44,WIFI,True,0.0,11.7,0,True,40.0,221.6,2
2026-09-29 02:23:46,WIFI,True,0.0,11.7,0,True,40.0,221.6,2
2026-09-29 02:23:47,WIFI,True,0.0,11.2,0,True,40.0,221.6,3
2026-09-29 02:23:48,WIFI,True,0.0,11.2,0,False,60.0,221.6,3
2026-09-29 02:23:49,WIFI,True,0.0,11.7,0,False,60.0,221.6,3
2026-09-29 02:23:50,WIFI,True,0.0,11.7,0,False,80.0,221.6,3
2026-09-29 02:23:51,WIFI,True,0.0,11.9,0,False,60.0,221.7,3
2026-09-29 02:23:52,WIFI,True,0.0,11.9,0,False,60.0,221.7,3
2026-09-29 02:23:53,WIFI,True,0.0,11.7,0,True,40.0,221.6,3
2026-09-29 02:23:54,WIFI,True,0.0,11.7,0,True,40.0,221.6,3
2026-09-29 02:23:55,WIFI,True,0.0,12.0,0,True,40.0,219.4,3
2026-09-29 02:23:56,WIFI,True,0.0,12.0,0,True,40.0,219.4,3
2026-09-29 02:23:57,WIFI,True,0.0,11.9,0,True,40.0,219.4,3
2026-09-29 02:23:58,WIFI,True,0.0,11.9,0,True,40.0,219.4,3
2026-09-29 02:23:59,WIFI,True,0.0,13.2,0,True,20.0,219.6,3
2026-09-29 02:24:00,WIFI,True,0.0,13.2,0,True,20.0,219.6,3
2026-09-29 02:24:01,WIFI,True,0.0,13.2,0,True,20.0,219.6,3
2026-09-29 02:24:02,WIFI,True,0.0,13.2,0,True,40.0,219.6,3
2026-09-29 02:24:03,WIFI,True,0.0,12.4,0,True,40.0,218.9,3
2026-09-29 02:24:04,WIFI,True,0.0,12.4,0,True,40.0,218.9,3
2026-09-29 02:24:05,WIFI,True,0.0,12.7,0,True,40.0,219.1,3
2026-09-29 02:24:06,WIFI,True,0.0,12.7,0,True,40.0,219.1,3
2026-09-29 02:24:07,WIFI,True,0.0,12.4,0,True,20.0,220.3,3
2026-09-29 02:24:08,WIFI,True,0.0,12.4,0,True,20.0,220.3,3
2026-09-29 02:24:09,WIFI,True,0.0,12.0,0,True,20.0,227.5,3
2026-09-29 02:24:10,WIFI,True,0.0,12.0,0,True,20.0,227.5,3
2026-09-29 02:24:11,WIFI,True,0.0,11.8,0,True,20.0,227.5,3
2026-09-29 02:24:12,WIFI,True,0.0,11.8,0,True,20.0,227.5,3
2026-09-29 02:24:13,WIFI,True,0.0,12.4,0,True,20.0,220.5,3
2026-09-29 02:24:14,WIFI,True,0.0,12.4,0,True,20.0,220.5,3
2026-09-29 02:24:15,WIFI,True,0.0,13.3,0,True,20.0,220.4,3
2026-09-29 02:24:16,WIFI,True,0.0,13.3,0,True,20.0,220.4,3
2026-09-29 02:24:17,WIFI,True,0.0,13.4,0,True,20.0,219.8,3
2026-09-29 02:24:18,WIFI,True,0.0,13.4,0,True,20.0,219.8,3
2026-09-29 02:24:19,WIFI,True,0.0,12.5,0,True,20.0,219.8,3
2026-09-29 02:24:20,WIFI,True,0.0,12.5,0,True,40.0,219.8,3
2026-09-29 02:24:21,WIFI,True,0.0,12.7,0,True,20.0,220.5,3
2026-09-29 02:24:22,WIFI,True,0.0,12.7,0,True,20.0,220.5,3
2026-09-29 02:24:23,WIFI,True,0.0,13.6,0,True,20.0,220.5,3
2026-09-29 02:24:24,WIFI,True,0.0,13.6,0,True,20.0,220.5,3
2026-09-29 02:24:25,WIFI,True,0.0,13.5,0,True,20.0,220.7,3
2026-09-29 02:24:26,WIFI,True,0.0,13.5,0,True,20.0,220.7,4
2026-09-29 02:24:27,WIFI,True,0.0,14.2,0,True,20.0,221.4,4
2026-09-29 02:24:28,WIFI,True,0.0,14.2,0,True,20.0,221.4,4
2026-09-29 02:24:29,WIFI,True,0.0,14.2,0,True,0.0,221.9,4
2026-09-29 02:24:30,WIFI,True,0.0,14.2,0,True,0.0,221.9,4
2026-09-29 02:24:31,WIFI,True,0.0,15.1,0,True,0.0,221.1,4
2026-09-29 02:24:32,WIFI,True,0.0,15.1,0,True,0.0,221.1,4
2026-09-29 02:24:33,WIFI,True,0.0,14.0,0,True,0.0,214.3,4
2026-09-29 02:24:34,WIFI,True,0.0,14.0,0,True,0.0,214.3,4
2026-09-29 02:24:35,WIFI,True,0.0,13.8,0,True,0.0,214.2,4
2026-09-29 02:24:36,WIFI,True,0.0,13.8,0,True,0.0,214.2,4
2026-09-29 02:24:37,WIFI,True,0.0,15.4,0,True,0.0,214.2,4
2026-09-29 02:24:38,WIFI,True,0.0,15.5,0,True,20.0,214.2,4
2026-09-29 02:24:39,WIFI,True,0.0,15.5,0,True,20.0,214.2,4
2026-09-29 02:24:40,WIFI,True,0.0,15.3,0,True,40.0,214.2,4
2026-09-29 02:24:41,WIFI,True,0.0,15.3,0,True,40.0,218.6,4
2026-09-29 02:24:42,WIFI,True,0.0,15.3,0,True,40.0,218.6,4
2026-09-29 02:24:43,WIFI,True,0.0,15.3,0,True,40.0,220.9,4
2026-09-29 02:24:44,WIFI,True,0.0,15.2,0,True,40.0,220.9,4
2026-09-29 02:24:45,WIFI,True,0.0,15.2,0,True,40.0,220.6,4
2026-09-29 02:24:46,WIFI,True,0.0,15.3,0,True,40.0,220.6,4
2026-09-29 02:24:47,WIFI,True,0.0,15.3,0,True,20.0,226.8,4
2026-09-29 02:24:48,WIFI,True,0.0,15.8,0,True,20.0,226.8,4
2026-09-29 02:24:49,WIFI,True,0.0,15.8,0,True,0.0,233.5,4
2026-09-29 02:24:50,WIFI,True,0.0,19.2,0,True,0.0,233.5,4
2026-09-29 02:24:51,WIFI,True,0.0,19.2,0,True,0.0,233.5,4
2026-09-29 02:24:52,WIFI,True,0.0,19.5,0,True,20.0,233.5,4
2026-09-29 02:24:53,WIFI,True,0.0,19.5,0,True,20.0,237.0,4
2026-09-29 02:24:54,WIFI,True,0.0,19.6,0,True,20.0,237.0,4
2026-09-29 02:24:55,WIFI,True,0.0,19.6,0,True,20.0,238.0,4
2026-09-29 02:24:56,WIFI,True,0.0,17.4,0,True,20.0,238.0,4
2026-09-29 02:24:57,WIFI,True,0.0,17.4,0,True,20.0,238.6,4
2026-09-29 02:24:58,WIFI,True,0.0,16.8,0,True,20.0,238.6,4
2026-09-29 02:24:59,WIFI,True,0.0,16.8,0,True,20.0,237.6,4
2026-09-29 02:25:00,WIFI,True,0.0,16.4,0,True,20.0,237.6,4
2026-09-29 02:25:01,WIFI,True,0.0,16.4,0,True,0.0,238.3,4
2026-09-29 02:25:02,WIFI,True,0.0,16.5,0,True,0.0,238.3,4
2026-09-29 02:25:03,WIFI,True,0.0,16.5,0,True,0.0,234.9,4
2026-09-29 02:25:04,WIFI,True,0.0,16.7,0,True,0.0,234.9,4
2026-09-29 02:25:05,WIFI,True,0.0,16.7,0,True,0.0,232.6,4
2026-09-29 02:25:06,WIFI,True,0.0,16.7,0,True,0.0,232.6,4
2026-09-29 02:25:07,WIFI,True,0.0,16.7,0,True,0.0,231.8,4
2026-09-29 02:25:08,WIFI,True,0.0,16.3,0,True,0.0,231.8,4
2026-09-29 02:25:09,WIFI,True,0.0,16.3,0,True,0.0,231.8,4
2026-09-29 02:25:10,WIFI,True,0.0,12.7,0,True,20.0,231.8,4
2026-09-29 02:25:11,WIFI,True,0.0,12.7,0,True,20.0,225.6,4
2026-09-29 02:25:12,WIFI,True,0.0,12.7,0,True,20.0,225.6,4
2026-09-29 02:25:13,WIFI,True,0.0,12.7,0,True,20.0,219.3,4
2026-09-29 02:25:14,WIFI,True,0.0,12.4,0,True,20.0,219.3,4
2026-09-29 02:25:15,WIFI,True,0.0,12.4,0,True,20.0,215.5,4
2026-09-29 02:25:17,WIFI,True,0.0,12.2,0,True,20.0,215.5,4
2026-09-29 02:25:18,WIFI,True,0.0,12.2,0,True,20.0,214.6,4
2026-09-29 02:25:19,WIFI,True,0.0,12.3,0,True,20.0,214.6,4
2026-09-29 02:25:20,WIFI,True,0.0,12.3,0,True,20.0,214.6,4
2026-09-29 02:25:21,WIFI,True,0.0,12.5,0,True,20.0,214.0,4
2026-09-29 02:25:22,WIFI,True,0.0,12.5,0,True,20.0,214.0,4
2026-09-29 02:25:23,WIFI,True,0.0,12.5,0,True,20.0,214.3,4
2026-09-29 02:25:24,WIFI,True,0.0,12.5,0,True,20.0,214.3,4
2026-09-29 02:25:25,WIFI,True,0.0,12.8,0,True,20.0,214.2,4
2026-09-29 02:25:26,WIFI,True,0.0,12.8,0,True,20.0,214.2,4
2026-09-29 02:25:27,WIFI,True,0.0,12.9,0,True,20.0,213.6,4
2026-09-29 02:25:28,WIFI,True,0.0,12.9,0,True,20.0,213.6,4
2026-09-29 02:25:29,WIFI,True,0.0,13.6,0,True,0.0,213.7,4
2026-09-29 02:25:30,WIFI,True,0.0,13.6,0,True,0.0,213.7,4
2026-09-29 02:25:31,WIFI,True,0.0,13.4,0,True,0.0,213.9,4
2026-09-29 02:25:32,WIFI,True,0.0,13.4,0,True,0.0,213.9,4
2026-09-29 02:25:33,WIFI,True,0.0,13.5,0,True,0.0,213.6,4
2026-09-29 02:25:34,WIFI,True,0.0,13.5,0,True,0.0,213.6,4
2026-09-29 02:25:35,WIFI,True,0.0,12.8,0,True,0.0,213.0,4
2026-09-29 02:25:36,WIFI,True,0.0,12.8,0,True,0.0,213.0,4
2026-09-29 02:25:37,WIFI,True,0.0,13.0,0,True,0.0,213.4,4
2026-09-29 02:25:38,WIFI,True,0.0,13.0,0,True,0.0,213.4,4
2026-09-29 02:25:39,WIFI,True,0.0,13.8,0,True,0.0,212.7,4
2026-09-29 02:25:40,WIFI,True,0.0,13.8,0,True,0.0,212.7,4
2026-09-29 02:25:41,WIFI,True,0.0,13.8,0,True,0.0,212.7,4
2026-09-29 02:25:42,WIFI,True,0.0,13.8,0,True,0.0,212.7,4
2026-09-29 02:25:43,WIFI,True,0.0,13.3,0,True,0.0,212.4,4
2026-09-29 02:25:44,WIFI,True,0.0,13.3,0,True,0.0,212.4,4
2026-09-29 02:25:45,WIFI,True,0.0,12.8,0,True,0.0,212.2,4
2026-09-29 02:25:46,WIFI,True,0.0,12.8,0,True,0.0,212.2,4
2026-09-29 02:25:47,WIFI,True,0.0,12.4,0,True,0.0,212.7,4
2026-09-29 02:25:48,WIFI,True,0.0,12.4,0,True,0.0,212.7,4
2026-09-29 02:25:49,WIFI,True,0.0,11.5,0,True,0.0,212.1,4
2026-09-29 02:25:50,WIFI,True,0.0,11.5,0,True,0.0,212.1,4
2026-09-29 02:25:51,WIFI,True,0.0,11.1,0,True,0.0,211.9,4
2026-09-29 02:25:52,WIFI,True,0.0,11.1,0,True,0.0,211.9,4
2026-09-29 02:25:53,WIFI,True,0.0,10.4,0,True,0.0,214.1,4
2026-09-29 02:25:54,WIFI,True,0.0,10.4,0,True,0.0,214.1,4
2026-09-29 02:25:55,WIFI,True,0.0,10.8,0,True,0.0,221.2,4
2026-09-29 02:25:56,WIFI,True,0.0,10.8,0,True,0.0,221.2,4
2026-09-29 02:25:57,WIFI,True,0.0,10.6,0,True,0.0,221.2,4
2026-09-29 02:25:58,WIFI,True,0.0,10.6,0,True,0.0,221.2,4
2026-09-29 02:25:59,WIFI,True,0.0,10.0,0,True,20.0,221.2,4
2026-09-29 02:26:00,WIFI,True,0.0,10.0,0,True,20.0,221.2,4
2026-09-29 02:26:01,WIFI,True,0.0,10.0,0,True,40.0,222.8,4
2026-09-29 02:26:02,WIFI,True,0.0,10.0,0,True,40.0,222.8,4
2026-09-29 02:26:03,WIFI,True,0.0,11.0,0,True,40.0,222.8,4
2026-09-29 02:26:04,WIFI,True,0.0,11.0,0,True,40.0,222.8,4
2026-09-29 02:26:05,WIFI,True,0.0,11.6,0,False,60.0,222.8,4
2026-09-29 02:26:06,WIFI,True,0.0,11.6,0,False,60.0,222.8,4
2026-09-29 02:26:07,WIFI,True,0.0,11.1,0,True,40.0,222.5,4
2026-09-29 02:26:08,WIFI,True,0.0,11.1,0,True,40.0,222.5,4
2026-09-29 02:26:09,WIFI,True,0.0,12.0,0,True,20.0,222.6,4
2026-09-29 02:26:10,WIFI,True,0.0,12.0,0,True,20.0,222.6,4
2026-09-29 02:26:11,WIFI,True,0.0,12.5,0,True,20.0,221.7,4
2026-09-29 02:26:12,WIFI,True,0.0,12.5,0,True,20.0,221.7,4
2026-09-29 02:26:13,WIFI,True,0.0,13.9,0,True,20.0,221.7,4
2026-09-29 02:26:14,WIFI,True,0.0,13.9,0,True,20.0,221.7,4
2026-09-29 02:26:15,WIFI,True,0.0,13.3,0,True,20.0,220.6,4
2026-09-29 02:26:16,WIFI,True,0.0,13.3,0,True,20.0,220.6,4
2026-09-29 02:26:17,WIFI,True,0.0,14.1,0,True,20.0,220.6,4
2026-09-29 02:26:18,WIFI,True,0.0,14.1,0,True,40.0,220.6,4
2026-09-29 02:26:19,WIFI,True,0.0,13.7,0,True,40.0,220.6,4
2026-09-29 02:26:20,WIFI,True,0.0,13.7,0,False,60.0,220.6,4
2026-09-29 02:26:21,WIFI,True,0.0,13.5,0,False,60.0,221.1,4
2026-09-29 02:26:22,WIFI,True,0.0,13.5,0,False,60.0,221.1,4
2026-09-29 02:26:23,WIFI,True,0.0,12.2,0,True,40.0,221.1,4
2026-09-29 02:26:24,WIFI,True,0.0,12.2,0,True,40.0,221.1,4
2026-09-29 02:26:25,WIFI,True,0.0,11.7,0,True,40.0,221.1,4
2026-09-29 02:26:26,WIFI,True,0.0,11.7,0,False,60.0,221.1,4
2026-09-29 02:26:27,WIFI,True,0.0,11.9,0,True,40.0,218.9,4
2026-09-29 02:26:28,WIFI,True,0.0,11.9,0,True,40.0,218.9,4
2026-09-29 02:26:29,WIFI,True,0.0,11.0,0,True,20.0,211.5,4
2026-09-29 02:26:30,WIFI,True,0.0,11.0,0,True,20.0,211.5,4
2026-09-29 02:26:31,WIFI,True,0.0,10.8,0,True,20.0,209.2,4
2026-09-29 02:26:32,WIFI,True,0.0,10.8,0,True,20.0,209.2,4
2026-09-29 02:26:33,WIFI,True,0.0,10.2,0,True,20.0,208.9,4
2026-09-29 02:26:34,WIFI,True,0.0,10.2,0,True,20.0,208.9,4
2026-09-29 02:26:35,WIFI,True,0.0,10.8,0,True,0.0,209.1,4
2026-09-29 02:26:36,WIFI,True,0.0,10.8,0,True,0.0,209.1,4
2026-09-29 02:26:37,WIFI,True,0.0,10.2,0,True,0.0,209.2,4
2026-09-29 02:26:38,WIFI,True,0.0,10.2,0,True,0.0,209.2,4
2026-09-29 02:26:39,WIFI,True,0.0,11.8,0,True,0.0,209.2,4
2026-09-29 02:26:40,WIFI,True,0.0,11.8,0,True,20.0,209.2,4
2026-09-29 02:26:41,WIFI,True,0.0,12.6,0,True,20.0,209.4,4
2026-09-29 02:26:42,WIFI,True,0.0,12.6,0,True,20.0,209.4,4
2026-09-29 02:26:43,WIFI,True,0.0,12.3,0,True,20.0,210.3,4
2026-09-29 02:26:44,WIFI,True,0.0,12.3,0,True,20.0,210.3,4
2026-09-29 02:26:45,WIFI,True,0.0,12.2,0,True,20.0,210.3,4
2026-09-29 02:26:46,WIFI,True,0.0,12.2,0,True,40.0,210.3,4
2026-09-29 02:26:47,WIFI,True,0.0,12.4,0,True,40.0,210.3,4
2026-09-29 02:26:48,WIFI,True,0.0,12.4,0,False,60.0,210.3,4
2026-09-29 02:26:49,WIFI,True,0.0,12.4,0,True,40.0,210.0,4
2026-09-29 02:26:50,WIFI,True,0.0,12.4,0,True,40.0,210.0,4
2026-09-29 02:26:51,WIFI,True,0.0,12.4,0,True,40.0,210.9,4
2026-09-29 02:26:52,WIFI,True,0.0,12.4,0,True,40.0,210.9,4
2026-09-29 02:26:53,WIFI,True,0.0,12.0,0,True,40.0,216.3,4
2026-09-29 02:26:54,WIFI,True,0.0,12.0,0,True,40.0,216.3,4
2026-09-29 02:26:55,WIFI,True,0.0,12.9,0,True,20.0,217.3,4
2026-09-29 02:26:56,WIFI,True,0.0,12.9,0,True,20.0,217.3,4
2026-09-29 02:26:57,WIFI,True,0.0,12.7,0,True,0.0,217.1,4
2026-09-29 02:26:59,WIFI,True,0.0,12.7,0,True,0.0,217.1,4
2026-09-29 02:27:00,WIFI,True,0.0,11.3,0,True,0.0,217.0,4
2026-09-29 02:27:01,WIFI,True,0.0,11.3,0,True,0.0,217.0,4
2026-09-29 02:27:02,WIFI,True,0.0,11.2,0,True,0.0,217.0,4
2026-09-29 02:27:03,WIFI,True,0.0,11.2,0,True,0.0,217.0,4
2026-09-29 02:27:04,WIFI,True,0.0,11.9,0,True,0.0,217.0,4
2026-09-29 02:27:05,WIFI,True,0.0,11.9,0,True,20.0,217.0,4
2026-09-29 02:27:06,WIFI,True,0.0,12.4,0,True,20.0,216.6,4
2026-09-29 02:27:07,WIFI,True,0.0,12.4,0,True,20.0,216.6,4
2026-09-29 02:27:08,WIFI,True,0.0,12.6,0,True,20.0,216.4,4
2026-09-29 02:27:09,WIFI,True,0.0,12.6,0,True,20.0,216.4,4
2026-09-29 02:27:10,WIFI,True,0.0,13.5,0,True,20.0,215.7,4
2026-09-29 02:27:11,WIFI,True,0.0,13.5,0,True,20.0,215.7,4
2026-09-29 02:27:12,WIFI,True,0.0,13.5,0,True,20.0,215.6,4
2026-09-29 02:27:13,WIFI,True,0.0,13.5,0,True,20.0,215.6,4
2026-09-29 02:27:14,WIFI,True,0.0,13.1,0,True,0.0,215.0,4
2026-09-29 02:27:15,WIFI,True,0.0,13.1,0,True,0.0,215.0,4
2026-09-29 02:27:16,WIFI,True,0.0,12.1,0,True,0.0,209.8,4
2026-09-29 02:27:17,WIFI,True,0.0,12.1,0,True,0.0,209.8,4
2026-09-29 02:27:18,WIFI,True,0.0,12.2,0,True,0.0,208.8,4
2026-09-29 02:27:19,WIFI,True,0.0,12.2,0,True,0.0,208.8,4
2026-09-29 02:27:20,WIFI,True,0.0,12.9,0,True,0.0,208.8,4
2026-09-29 02:27:21,WIFI,True,0.0,12.9,0,True,20.0,208.8,4
2026-09-29 02:27:22,WIFI,True,0.0,12.9,0,True,20.0,208.8,4
2026-09-29 02:27:23,WIFI,True,0.0,12.9,0,True,40.0,208.8,4
2026-09-29 02:27:24,WIFI,True,0.0,13.5,0,True,40.0,208.8,4
2026-09-29 02:27:25,WIFI,True,0.0,13.5,0,False,60.0,208.8,4
2026-09-29 02:27:26,WIFI,True,0.0,13.5,0,False,60.0,209.8,4
2026-09-29 02:27:27,WIFI,True,0.0,13.5,0,False,60.0,209.8,4
2026-09-29 02:27:28,WIFI,True,0.0,12.7,0,False,60.0,215.7,4
2026-09-29 02:27:29,WIFI,True,0.0,12.7,0,False,60.0,215.7,4
2026-09-29 02:27:30,WIFI,True,0.0,12.1,0,True,40.0,216.1,4
2026-09-29 02:27:31,WIFI,True,0.0,12.1,0,True,40.0,216.1,4
2026-09-29 02:27:32,WIFI,True,0.0,11.5,0,True,20.0,216.9,4
2026-09-29 02:27:33,WIFI,True,0.0,11.5,0,True,20.0,216.9,4
2026-09-29 02:27:34,WIFI,True,0.0,11.4,0,True,0.0,215.8,4
2026-09-29 02:27:35,WIFI,True,0.0,11.4,0,True,0.0,215.8,4
2026-09-29 02:27:36,WIFI,True,0.0,10.7,0,True,0.0,215.8,4
2026-09-29 02:27:37,WIFI,True,0.0,10.7,0,True,20.0,215.8,4
2026-09-29 02:27:38,WIFI,True,0.0,10.8,0,True,20.0,216.4,4
2026-09-29 02:27:39,WIFI,True,0.0,10.8,0,True,20.0,216.4,4
2026-09-29 02:27:40,WIFI,True,0.0,11.0,0,True,20.0,216.4,4
2026-09-29 02:27:41,WIFI,True,0.0,11.0,0,True,40.0,216.4,4
2026-09-29 02:27:42,WIFI,True,0.0,11.6,0,True,40.0,216.0,4
2026-09-29 02:27:43,WIFI,True,0.0,11.6,0,True,40.0,216.0,4
2026-09-29 02:27:44,WIFI,True,0.0,10.9,0,True,40.0,218.8,4
2026-09-29 02:27:45,WIFI,True,0.0,10.9,0,True,40.0,218.8,4
2026-09-29 02:27:46,WIFI,True,0.0,10.6,0,True,40.0,218.8,4
2026-09-29 02:27:47,WIFI,True,0.0,10.6,0,True,40.0,218.8,4
2026-09-29 02:27:48,WIFI,True,0.0,11.5,0,True,40.0,218.8,4
2026-09-29 02:27:49,WIFI,True,0.0,11.5,0,False,60.0,218.8,4
2026-09-29 02:27:50,WIFI,True,0.0,11.5,0,True,40.0,218.9,4
2026-09-29 02:27:51,WIFI,True,0.0,11.5,0,True,40.0,218.9,4
2026-09-29 02:27:52,WIFI,True,0.0,12.4,0,True,40.0,219.7,4
2026-09-29 02:27:53,WIFI,True,0.0,12.4,0,True,40.0,219.7,4
2026-09-29 02:27:54,WIFI,True,0.0,13.3,0,True,40.0,220.2,4
2026-09-29 02:27:55,WIFI,True,0.0,13.3,0,True,40.0,220.2,4
2026-09-29 02:27:56,WIFI,True,0.0,14.9,0,True,20.0,215.0,4
2026-09-29 02:27:57,WIFI,True,0.0,14.9,0,True,20.0,215.0,4
2026-09-29 02:27:58,WIFI,True,0.0,15.2,0,True,20.0,215.0,4
2026-09-29 02:27:59,WIFI,True,0.0,15.2,0,True,20.0,215.0,4
2026-09-29 02:28:00,WIFI,True,0.0,14.7,0,True,20.0,214.5,4
2026-09-29 02:28:01,WIFI,True,0.0,14.7,0,True,20.0,214.5,4
2026-09-29 02:28:02,WIFI,True,0.0,13.7,0,True,20.0,214.4,4
2026-09-29 02:28:03,WIFI,True,0.0,13.7,0,True,20.0,214.4,4
2026-09-29 02:28:04,WIFI,True,0.0,13.3,0,True,20.0,216.5,4
2026-09-29 02:28:05,WIFI,True,0.0,13.3,0,True,20.0,216.5,4
2026-09-29 02:28:06,WIFI,True,0.0,13.2,0,True,20.0,216.1,4
2026-09-29 02:28:07,WIFI,True,0.0,13.0,0,True,20.0,216.1,4
2026-09-29 02:28:08,WIFI,True,0.0,13.0,0,True,0.0,218.7,4
2026-09-29 02:28:09,WIFI,True,0.0,13.4,0,True,0.0,218.7,4
2026-09-29 02:28:10,WIFI,True,0.0,13.4,0,True,0.0,216.4,4
2026-09-29 02:28:11,WIFI,True,0.0,13.5,0,True,0.0,216.4,4
2026-09-29 02:28:12,WIFI,True,0.0,13.5,0,True,0.0,216.6,4
2026-09-29 02:28:13,WIFI,True,0.0,13.1,0,True,0.0,216.6,4
2026-09-29 02:28:14,WIFI,True,0.0,13.1,0,True,0.0,216.6,4
2026-09-29 02:28:15,WIFI,True,0.0,12.3,0,True,0.0,216.6,4
2026-09-29 02:28:16,WIFI,True,0.0,12.3,0,True,0.0,215.8,4
2026-09-29 02:28:17,WIFI,True,0.0,14.2,0,True,0.0,215.8,4
2026-09-29 02:28:18,WIFI,True,0.0,14.2,0,True,0.0,215.8,4
2026-09-29 02:28:19,WIFI,True,0.0,14.5,0,True,20.0,215.8,4
2026-09-29 02:28:20,WIFI,True,0.0,14.5,0,True,20.0,216.4,4
2026-09-29 02:28:21,WIFI,True,0.0,14.4,0,True,20.0,216.4,4
2026-09-29 02:28:22,WIFI,True,0.0,14.4,0,True,20.0,216.6,4
2026-09-29 02:28:23,WIFI,True,0.0,14.2,0,True,20.0,216.6,4
2026-09-29 02:28:24,WIFI,True,0.0,14.2,0,True,20.0,216.2,4
2026-09-29 02:28:25,WIFI,True,0.0,15.0,0,True,20.0,216.2,4
2026-09-29 02:28:26,WIFI,True,0.0,15.0,0,True,20.0,215.5,4
2026-09-29 02:28:27,WIFI,True,0.0,15.2,0,True,20.0,215.5,4
2026-09-29 02:28:28,WIFI,True,0.0,15.2,0,True,0.0,216.4,4
2026-09-29 02:28:29,WIFI,True,0.0,14.6,0,True,0.0,216.4,4
2026-09-29 02:28:30,WIFI,True,0.0,14.6,0,True,0.0,214.6,4
2026-09-29 02:28:31,WIFI,True,0.0,13.9,0,True,0.0,214.6,4
2026-09-29 02:28:32,WIFI,True,0.0,13.9,0,True,0.0,216.9,4
2026-09-29 02:28:33,WIFI,True,0.0,13.6,0,True,0.0,216.9,4
2026-09-29 02:28:34,WIFI,True,0.0,13.6,0,True,0.0,216.9,4
2026-09-29 02:28:35,WIFI,True,0.0,13.4,0,True,20.0,216.9,4
2026-09-29 02:28:36,WIFI,True,0.0,13.4,0,True,20.0,216.6,4
2026-09-29 02:28:37,WIFI,True,0.0,11.3,0,True,20.0,216.6,4
2026-09-29 02:28:38,WIFI,True,0.0,11.3,0,True,20.0,219.8,4
2026-09-29 02:28:40,WIFI,True,0.0,11.4,0,True,20.0,219.8,4
2026-09-29 02:28:41,WIFI,True,0.0,11.4,0,True,20.0,219.9,4
2026-09-29 02:28:42,WIFI,True,0.0,12.0,0,True,20.0,219.9,4
2026-09-29 02:28:43,WIFI,True,0.0,12.0,0,True,20.0,219.0,4
2026-09-29 02:28:44,WIFI,True,0.0,12.6,0,True,20.0,219.0,4
2026-09-29 02:28:45,WIFI,True,0.0,12.6,0,True,0.0,219.7,4
2026-09-29 02:28:46,WIFI,True,0.0,12.8,0,True,0.0,219.7,4
2026-09-29 02:28:47,WIFI,True,0.0,12.8,0,True,0.0,220.0,4
2026-09-29 02:28:48,WIFI,True,0.0,12.8,0,True,0.0,220.0,4
2026-09-29 02:28:49,WIFI,True,0.0,12.8,0,True,0.0,220.2,4
2026-09-29 02:28:50,WIFI,True,0.0,13.1,0,True,0.0,219.0,4
2026-09-29 02:28:51,WIFI,True,0.0,13.1,0,True,0.0,219.0,4
2026-09-29 02:28:52,WIFI,True,0.0,13.1,0,True,0.0,219.0,5
2026-09-29 02:28:53,WIFI,True,0.0,13.1,0,True,0.0,219.0,5
2026-09-29 02:28:54,WIFI,True,0.0,13.8,0,True,20.0,219.0,5
2026-09-29 02:28:55,WIFI,True,0.0,13.8,0,True,20.0,219.0,5
2026-09-29 02:28:56,WIFI,True,0.0,14.3,0,True,40.0,219.3,5
2026-09-29 02:28:57,WIFI,True,0.0,14.3,0,True,40.0,219.3,5
2026-09-29 02:28:58,WIFI,True,0.0,14.8,0,True,40.0,216.5,5
2026-09-29 02:28:59,WIFI,True,0.0,14.8,0,True,40.0,216.5,5
2026-09-29 02:29:00,WIFI,True,0.0,14.4,0,True,40.0,216.2,5
2026-09-29 02:29:01,WIFI,True,0.0,14.4,0,True,40.0,216.2,5
2026-09-29 02:29:02,WIFI,True,0.0,14.2,0,True,40.0,216.2,5
2026-09-29 02:29:03,WIFI,True,0.0,14.2,0,True,20.0,220.9,5
2026-09-29 02:29:04,WIFI,True,0.0,14.1,0,True,20.0,220.9,5
2026-09-29 02:29:05,WIFI,True,0.0,14.1,0,True,20.0,220.9,5
2026-09-29 02:29:06,WIFI,True,0.0,13.8,0,True,20.0,220.9,5
2026-09-29 02:29:07,WIFI,True,0.0,13.8,0,True,20.0,220.9,5
2026-09-29 02:29:08,WIFI,True,0.0,13.0,0,True,40.0,225.2,5
2026-09-29 02:29:09,WIFI,True,0.0,13.0,0,True,40.0,225.2,5
2026-09-29 02:29:10,WIFI,True,0.0,12.8,0,True,40.0,229.3,5
2026-09-29 02:29:11,WIFI,True,0.0,12.8,0,True,40.0,229.3,5
2026-09-29 02:29:12,WIFI,True,0.0,13.1,0,True,40.0,229.3,5
2026-09-29 02:29:13,WIFI,True,0.0,13.1,0,True,40.0,229.3,5
2026-09-29 02:29:14,WIFI,True,0.0,13.0,0,True,40.0,231.2,5
2026-09-29 02:29:15,WIFI,True,0.0,13.0,0,True,40.0,231.2,5
2026-09-29 02:29:16,WIFI,True,0.0,12.0,0,True,20.0,233.2,5
2026-09-29 02:29:17,WIFI,True,0.0,12.0,0,True,20.0,233.2,5
2026-09-29 02:29:18,WIFI,True,0.0,12.8,0,True,20.0,234.3,5
2026-09-29 02:29:19,WIFI,True,0.0,12.8,0,True,20.0,234.3,5
2026-09-29 02:29:20,WIFI,True,0.0,16.1,0,True,20.0,238.1,5
2026-09-29 02:29:21,WIFI,True,0.0,16.1,0,True,20.0,238.1,5
2026-09-29 02:29:22,WIFI,True,0.0,16.3,0,True,20.0,238.1,5
2026-09-29 02:29:23,WIFI,True,0.0,16.3,0,True,20.0,238.1,5
2026-09-29 02:29:24,WIFI,True,0.0,16.1,0,True,20.0,237.8,5
2026-09-29 02:29:25,WIFI,True,0.0,16.1,0,True,20.0,237.8,5
2026-09-29 02:29:26,WIFI,True,0.0,17.0,0,True,20.0,237.8,5
2026-09-29 02:29:27,WIFI,True,0.0,17.0,0,True,20.0,237.8,5
2026-09-29 02:29:28,WIFI,True,0.0,17.6,0,True,40.0,237.8,5
2026-09-29 02:29:29,WIFI,True,0.0,17.6,0,True,40.0,237.8,5
2026-09-29 02:29:30,WIFI,True,0.0,17.4,0,False,60.0,237.8,5
2026-09-29 02:29:31,WIFI,True,0.0,17.4,0,False,60.0,237.8,5
2026-09-29 02:29:32,WIFI,True,0.0,17.0,0,False,60.0,237.4,5
2026-09-29 02:29:33,WIFI,True,0.0,17.0,0,False,60.0,237.4,5
2026-09-29 02:29:34,WIFI,True,0.0,16.3,0,False,60.0,237.3,5
2026-09-29 02:29:35,WIFI,True,0.0,16.3,0,False,60.0,237.3,5
2026-09-29 02:29:36,WIFI,True,0.0,16.4,0,True,40.0,230.1,5
2026-09-29 02:29:37,WIFI,True,0.0,16.4,0,True,40.0,230.1,5
2026-09-29 02:29:38,WIFI,True,0.0,16.0,0,True,20.0,227.6,5
2026-09-29 02:29:39,WIFI,True,0.0,16.0,0,True,20.0,227.6,5
2026-09-29 02:29:40,WIFI,True,0.0,13.1,0,True,0.0,223.8,5
2026-09-29 02:29:41,WIFI,True,0.0,13.1,0,True,0.0,223.8,5
2026-09-29 02:29:42,WIFI,True,0.0,12.2,0,True,0.0,230.5,5
2026-09-29 02:29:43,WIFI,True,0.0,12.2,0,True,0.0,230.5,5
2026-09-29 02:29:44,WIFI,True,0.0,12.1,0,True,0.0,236.7,5
2026-09-29 02:29:45,WIFI,True,0.0,12.1,0,True,0.0,236.7,5
2026-09-29 02:29:46,WIFI,True,0.0,10.8,0,True,0.0,242.5,5
2026-09-29 02:29:47,WIFI,True,0.0,10.8,0,True,0.0,242.5,5
2026-09-29 02:29:48,WIFI,True,0.0,10.2,0,True,0.0,246.2,5
2026-09-29 02:29:49,WIFI,True,0.0,10.2,0,True,0.0,246.2,5
2026-09-29 02:29:50,WIFI,True,0.0,14.0,0,True,0.0,246.2,5
2026-09-29 02:29:51,WIFI,True,0.0,14.0,0,True,20.0,246.2,5
2026-09-29 02:29:52,WIFI,True,0.0,14.5,0,True,20.0,251.1,5
2026-09-29 02:29:53,WIFI,True,0.0,14.5,0,True,20.0,251.1,5
2026-09-29 02:29:54,WIFI,True,0.0,15.2,0,True,20.0,257.4,5
2026-09-29 02:29:55,WIFI,True,0.0,15.2,0,True,20.0,257.4,5
2026-09-29 02:29:56,WIFI,True,0.0,15.1,0,True,20.0,257.4,5
2026-09-29 02:29:57,WIFI,True,0.0,15.1,0,True,40.0,257.4,5
2026-09-29 02:29:58,WIFI,True,0.0,14.5,0,True,40.0,258.2,5
2026-09-29 02:29:59,WIFI,True,0.0,14.5,0,True,40.0,258.2,5
2026-09-29 02:30:00,WIFI,True,0.0,14.5,0,True,40.0,258.2,5
2026-09-29 02:30:01,WIFI,True,0.0,14.5,0,True,40.0,258.2,5
2026-09-29 02:30:02,WIFI,True,0.0,14.5,0,True,40.0,256.9,5
2026-09-29 02:30:03,WIFI,True,0.0,14.5,0,True,40.0,256.9,5
2026-09-29 02:30:04,WIFI,True,0.0,14.9,0,True,40.0,253.4,5
2026-09-29 02:30:05,WIFI,True,0.0,14.9,0,True,40.0,253.4,5
2026-09-29 02:30:06,WIFI,True,0.0,14.8,0,True,40.0,253.4,5
2026-09-29 02:30:07,WIFI,True,0.0,14.8,0,True,40.0,253.4,5
2026-09-29 02:30:08,WIFI,True,0.0,14.7,0,True,40.0,253.3,5
2026-09-29 02:30:09,WIFI,True,0.0,14.7,0,True,40.0,253.3,5
2026-09-29 02:30:10,WIFI,True,0.0,11.3,0,True,20.0,244.1,5
2026-09-29 02:30:11,WIFI,True,0.0,11.3,0,True,20.0,244.1,5
2026-09-29 02:30:12,WIFI,True,0.0,10.9,0,True,20.0,236.2,5
2026-09-29 02:30:13,WIFI,True,0.0,10.9,0,True,20.0,236.2,5
2026-09-29 02:30:14,WIFI,True,0.0,10.2,0,True,20.0,236.2,5
2026-09-29 02:30:16,WIFI,True,0.0,10.2,0,True,40.0,236.2,5
2026-09-29 02:30:17,WIFI,True,0.0,10.1,0,True,20.0,230.7,5
2026-09-29 02:30:18,WIFI,True,0.0,10.1,0,True,20.0,230.7,5
2026-09-29 02:30:19,WIFI,True,0.0,11.5,0,True,20.0,223.5,5
2026-09-29 02:30:20,WIFI,True,0.0,11.5,0,True,20.0,223.5,5
2026-09-29 02:30:21,WIFI,True,0.0,11.6,0,True,20.0,219.0,5
2026-09-29 02:30:22,WIFI,True,0.0,11.6,0,True,20.0,219.0,5
2026-09-29 02:30:23,WIFI,True,0.0,11.5,0,True,20.0,213.7,5
2026-09-29 02:30:24,WIFI,True,0.0,11.5,0,True,20.0,213.7,5
2026-09-29 02:30:25,WIFI,True,0.0,11.0,0,True,0.0,213.4,5
2026-09-29 02:30:26,WIFI,True,0.0,11.0,0,True,0.0,213.4,5
2026-09-29 02:30:27,WIFI,True,0.0,10.7,0,True,0.0,224.8,5
2026-09-29 02:30:28,WIFI,True,0.0,10.7,0,True,0.0,224.8,5
2026-09-29 02:30:29,WIFI,True,0.0,10.6,0,True,0.0,230.7,5
2026-09-29 02:30:30,WIFI,True,0.0,10.6,0,True,0.0,230.7,5
2026-09-29 02:30:31,WIFI,True,0.0,11.0,0,True,0.0,231.1,5
2026-09-29 02:30:32,WIFI,True,0.0,11.0,0,True,0.0,231.1,5
2026-09-29 02:30:33,WIFI,True,0.0,10.9,0,True,0.0,230.8,5
2026-09-29 02:30:34,WIFI,True,0.0,10.9,0,True,0.0,230.8,5
2026-09-29 02:30:35,WIFI,True,0.0,11.0,0,True,0.0,230.7,5
2026-09-29 02:30:36,WIFI,True,0.0,11.0,0,True,0.0,230.7,5
2026-09-29 02:30:37,WIFI,True,0.0,11.8,0,True,0.0,238.5,5
2026-09-29 02:30:38,WIFI,True,0.0,11.8,0,True,0.0,238.5,5
2026-09-29 02:30:39,WIFI,True,0.0,9.8,0,True,0.0,239.0,5
2026-09-29 02:30:40,WIFI,True,0.0,9.8,0,True,0.0,239.0,5
2026-09-29 02:30:41,WIFI,True,0.0,9.7,0,True,0.0,238.6,5
2026-09-29 02:30:42,WIFI,True,0.0,9.7,0,True,0.0,238.6,5
2026-09-29 02:30:43,WIFI,True,0.0,10.1,0,True,0.0,238.0,5
2026-09-29 02:30:44,WIFI,True,0.0,10.1,0,True,0.0,238.0,5
2026-09-29 02:30:45,WIFI,True,0.0,11.2,0,True,0.0,238.0,5
2026-09-29 02:30:46,WIFI,True,0.0,11.2,0,True,0.0,238.0,5
2026-09-29 02:30:47,WIFI,True,0.0,13.5,0,True,0.0,226.8,5
2026-09-29 02:30:48,WIFI,True,0.0,13.5,0,True,0.0,226.8,5
2026-09-29 02:30:49,WIFI,True,0.0,13.6,0,True,0.0,222.3,5
2026-09-29 02:30:50,WIFI,True,0.0,13.6,0,True,0.0,222.3,5
2026-09-29 02:30:51,WIFI,True,0.0,13.6,0,True,0.0,221.7,5
2026-09-29 02:30:52,WIFI,True,0.0,13.6,0,True,0.0,221.7,5
2026-09-29 02:30:53,WIFI,True,0.0,14.0,0,True,0.0,222.1,5
2026-09-29 02:30:54,WIFI,True,0.0,14.0,0,True,0.0,222.1,5
2026-09-29 02:30:55,WIFI,True,0.0,13.9,0,True,0.0,222.1,5
2026-09-29 02:30:56,WIFI,True,0.0,13.9,0,True,20.0,222.1,5
2026-09-29 02:30:57,WIFI,True,0.0,13.7,0,True,20.0,222.1,5
2026-09-29 02:30:58,WIFI,True,0.0,13.7,0,True,40.0,222.1,5
2026-09-29 02:30:59,WIFI,True,0.0,14.3,0,True,40.0,221.5,5
2026-09-29 02:31:00,WIFI,True,0.0,14.3,0,True,40.0,221.5,5
2026-09-29 02:31:01,WIFI,True,0.0,15.0,0,True,40.0,212.3,5
2026-09-29 02:31:02,WIFI,True,0.0,15.0,0,True,40.0,212.3,5
2026-09-29 02:31:03,WIFI,True,0.0,14.8,0,True,40.0,212.3,5
2026-09-29 02:31:04,WIFI,True,0.0,14.8,0,False,60.0,212.3,5
2026-09-29 02:31:05,WIFI,True,0.0,14.1,0,True,40.0,211.4,5
2026-09-29 02:31:06,WIFI,True,0.0,14.1,0,True,40.0,211.4,5
2026-09-29 02:31:07,WIFI,True,0.0,12.3,0,True,40.0,211.4,5
2026-09-29 02:31:08,WIFI,True,0.0,12.3,0,True,40.0,211.4,5
2026-09-29 02:31:09,WIFI,True,0.0,12.3,0,True,40.0,211.9,5
2026-09-29 02:31:10,WIFI,True,0.0,12.3,0,True,40.0,211.9,5
2026-09-29 02:31:11,WIFI,True,0.0,11.3,0,True,40.0,212.6,5
2026-09-29 02:31:12,WIFI,True,0.0,11.3,0,True,40.0,212.6,5
2026-09-29 02:31:13,WIFI,True,0.0,11.5,0,True,40.0,212.6,5
2026-09-29 02:31:14,WIFI,True,0.0,11.5,0,True,40.0,212.6,5
2026-09-29 02:31:15,WIFI,True,0.0,11.4,0,True,40.0,212.4,5
2026-09-29 02:31:16,WIFI,True,0.0,11.4,0,True,40.0,212.4,5
2026-09-29 02:31:17,WIFI,True,0.0,10.7,0,True,20.0,212.8,5
2026-09-29 02:31:18,WIFI,True,0.0,10.7,0,True,20.0,212.8,5
2026-09-29 02:31:19,WIFI,True,0.0,10.7,0,True,20.0,212.6,5
2026-09-29 02:31:20,WIFI,True,0.0,10.0,0,True,20.0,212.6,5
2026-09-29 02:31:21,WIFI,True,0.0,10.0,0,True,20.0,212.6,5
2026-09-29 02:31:22,WIFI,True,0.0,10.0,0,True,40.0,212.6,5
2026-09-29 02:31:23,WIFI,True,0.0,10.7,0,True,20.0,212.6,5
2026-09-29 02:31:24,WIFI,True,0.0,10.8,0,True,20.0,212.6,5
2026-09-29 02:31:25,WIFI,True,0.0,10.8,0,True,20.0,213.0,5
2026-09-29 02:31:26,WIFI,True,0.0,10.1,0,True,20.0,213.0,5
2026-09-29 02:31:27,WIFI,True,0.0,10.1,0,True,20.0,213.7,5
2026-09-29 02:31:28,WIFI,True,0.0,10.3,0,True,20.0,213.7,5
2026-09-29 02:31:29,WIFI,True,0.0,10.3,0,True,20.0,214.4,5
2026-09-29 02:31:30,WIFI,True,0.0,11.3,0,True,20.0,214.4,5
2026-09-29 02:31:31,WIFI,True,0.0,11.3,0,True,20.0,214.4,5
2026-09-29 02:31:32,WIFI,True,0.0,10.6,0,True,20.0,214.4,5
2026-09-29 02:31:33,WIFI,True,0.0,10.6,0,True,20.0,214.7,5
2026-09-29 02:31:34,WIFI,True,0.0,10.6,0,True,20.0,214.7,5
2026-09-29 02:31:35,WIFI,True,0.0,10.6,0,True,20.0,214.5,5
2026-09-29 02:31:36,WIFI,True,0.0,10.8,0,True,20.0,214.5,5
2026-09-29 02:31:37,WIFI,True,0.0,10.8,0,True,20.0,214.6,5
2026-09-29 02:31:38,WIFI,True,0.0,10.2,0,True,20.0,214.6,5
2026-09-29 02:31:39,WIFI,True,0.0,10.2,0,True,20.0,214.5,5
2026-09-29 02:31:40,WIFI,True,0.0,9.8,0,True,20.0,214.5,5
2026-09-29 02:31:41,WIFI,True,0.0,9.8,0,True,0.0,215.3,5
2026-09-29 02:31:42,WIFI,True,0.0,9.1,0,True,0.0,215.3,5
2026-09-29 02:31:43,WIFI,True,0.0,9.1,0,True,0.0,217.6,5
2026-09-29 02:31:44,WIFI,True,0.0,8.9,0,True,0.0,217.6,5
2026-09-29 02:31:45,WIFI,True,0.0,8.9,0,True,0.0,218.0,5
2026-09-29 02:31:46,WIFI,True,0.0,10.5,0,True,0.0,218.0,5
2026-09-29 02:31:47,WIFI,True,0.0,10.5,0,True,0.0,217.7,5
2026-09-29 02:31:48,WIFI,True,0.0,10.7,0,True,0.0,217.7,5
2026-09-29 02:31:49,WIFI,True,0.0,10.7,0,True,0.0,217.2,5
2026-09-29 02:31:50,WIFI,True,0.0,10.9,0,True,0.0,217.2,5
2026-09-29 02:31:51,WIFI,True,0.0,10.9,0,True,0.0,216.6,5
2026-09-29 02:31:52,WIFI,True,0.0,12.5,0,True,0.0,216.6,5
2026-09-29 02:31:53,WIFI,True,0.0,12.5,0,True,0.0,216.6,5
2026-09-29 02:31:55,WIFI,True,0.0,13.7,0,True,20.0,216.6,5
2026-09-29 02:31:56,WIFI,True,0.0,13.7,0,True,20.0,217.3,5
2026-09-29 02:31:57,WIFI,True,0.0,13.9,0,True,20.0,217.3,5
2026-09-29 02:31:58,WIFI,True,0.0,13.9,0,True,20.0,217.2,5
2026-09-29 02:31:59,WIFI,True,0.0,13.9,0,True,20.0,216.3,5
2026-09-29 02:32:00,WIFI,True,0.0,13.9,0,True,20.0,216.3,5
2026-09-29 02:32:01,WIFI,True,0.0,14.2,0,True,20.0,216.9,5
2026-09-29 02:32:02,WIFI,True,0.0,14.2,0,True,20.0,216.9,5
2026-09-29 02:32:03,WIFI,True,0.0,14.3,0,True,0.0,216.3,5
2026-09-29 02:32:04,WIFI,True,0.0,14.3,0,True,0.0,216.3,5
2026-09-29 02:32:05,WIFI,True,0.0,14.6,0,True,0.0,214.0,5
2026-09-29 02:32:06,WIFI,True,0.0,14.6,0,True,0.0,214.0,5
2026-09-29 02:32:07,WIFI,True,0.0,16.7,0,True,0.0,214.0,5
2026-09-29 02:32:08,WIFI,True,0.0,16.7,0,True,0.0,221.9,5
2026-09-29 02:32:09,WIFI,True,0.0,19.1,0,True,0.0,223.3,5
2026-09-29 02:32:10,WIFI,True,0.0,19.1,0,True,0.0,223.3,5
2026-09-29 02:32:11,WIFI,True,0.0,31.5,0,True,0.0,223.3,5
2026-09-29 02:32:12,WIFI,True,0.0,31.5,0,True,0.0,230.1,5
2026-09-29 02:32:13,WIFI,True,0.0,32.2,0,True,0.0,234.3,5
2026-09-29 02:32:14,WIFI,True,0.0,32.2,0,True,0.0,234.3,5
2026-09-29 02:32:15,WIFI,True,0.0,32.2,0,True,0.0,234.3,5
2026-09-29 02:32:16,WIFI,False,20.0,32.2,0,True,0.0,234.3,5
2026-09-29 02:32:17,LOWBITRATE,False,20.0,32.2,0,True,20.0,234.3,5
2026-09-29 02:32:18,LOWBITRATE,False,40.0,32.2,0,True,20.0,234.3,5
2026-09-29 02:32:19,LOWBITRATE,False,40.0,37.5,0,True,40.0,234.3,5
2026-09-29 02:32:20,LOWBITRATE,False,40.0,37.5,0,True,40.0,234.3,5
2026-09-29 02:32:21,,False,40.0,41.3,0,False,60.0,236.2,5
2026-09-29 02:32:22,,False,40.0,41.3,0,False,60.0,236.2,5
2026-09-29 02:32:23,,False,40.0,41.3,0,False,60.0,236.2,5
2026-09-29 02:32:24,,False,60.0,41.3,0,False,60.0,325.4,5
2026-09-29 02:32:25,,False,40.0,45.0,0,True,40.0,326.8,5
2026-09-29 02:32:26,,False,40.0,45.0,0,True,40.0,326.8,5
2026-09-29 02:32:27,LOWBITRATE,False,40.0,45.0,0,True,40.0,326.8,5
2026-09-29 02:32:28,LOWBITRATE,False,40.0,45.0,0,True,20.0,382.3,5
2026-09-29 02:32:29,LOWBITRATE,False,40.0,53.2,0,True,0.0,385.3,5
2026-09-29 02:32:30,LOWBITRATE,False,40.0,53.2,0,True,0.0,385.3,5
2026-09-29 02:32:31,LOWBITRATE,False,40.0,53.0,0,True,0.0,385.3,5
2026-09-29 02:32:32,LOWBITRATE,False,40.0,53.0,0,True,0.0,385.3,5
2026-09-29 02:32:33,LOWBITRATE,False,20.0,53.7,0,True,0.0,385.3,6
2026-09-29 02:32:34,LOWBITRATE,False,20.0,53.7,0,True,0.0,385.3,6
2026-09-29 02:32:35,LOWBITRATE,False,20.0,50.2,0,True,20.0,377.6,6
2026-09-29 02:32:36,LOWBITRATE,False,20.0,50.2,0,True,20.0,377.6,6
2026-09-29 02:32:37,LOWBITRATE,True,0.0,49.9,0,True,20.0,377.6,6
2026-09-29 02:32:38,LOWBITRATE,True,0.0,49.9,0,True,20.0,377.6,6
2026-09-29 02:32:39,LOWBITRATE,True,0.0,36.5,0,True,40.0,377.6,6
2026-09-29 02:32:40,LOWBITRATE,True,0.0,36.5,0,True,40.0,377.6,6
2026-09-29 02:32:41,WIFI,True,0.0,57.3,0,False,60.0,377.6,6
2026-09-29 02:32:42,WIFI,True,0.0,57.3,0,False,60.0,388.6,6
2026-09-29 02:32:43,WIFI,True,0.0,64.5,0,False,60.0,388.6,6
2026-09-29 02:32:44,WIFI,True,0.0,64.5,0,False,60.0,388.6,6
2026-09-29 02:32:45,WIFI,True,0.0,87.7,0,False,60.0,388.6,6
2026-09-29 02:32:46,WIFI,True,0.0,87.7,0,False,60.0,404.7,6
2026-09-29 02:32:47,WIFI,True,0.0,85.9,0,True,40.0,408.1,6
2026-09-29 02:32:48,WIFI,True,0.0,85.9,0,True,40.0,408.1,6
2026-09-29 02:32:49,WIFI,True,0.0,77.1,0,True,20.0,405.7,6
2026-09-29 02:32:50,WIFI,True,0.0,77.1,0,True,20.0,405.7,6
2026-09-29 02:32:51,WIFI,True,0.0,77.4,0,True,20.0,317.3,6
2026-09-29 02:32:52,WIFI,True,0.0,77.4,0,True,20.0,317.3,6
2026-09-29 02:32:53,WIFI,True,0.0,77.4,0,True,20.0,317.3,6
2026-09-29 02:32:54,WIFI,False,20.0,77.4,0,True,20.0,317.3,6
2026-09-29 02:32:55,LOWBITRATE,False,20.0,92.3,0,True,20.0,321.9,6
2026-09-29 02:32:56,LOWBITRATE,False,20.0,92.3,0,True,20.0,321.9,6
2026-09-29 02:32:57,LOWBITRATE,False,20.0,93.0,0,True,20.0,278.9,6
2026-09-29 02:32:58,LOWBITRATE,False,20.0,93.0,0,True,20.0,278.9,6
2026-09-29 02:32:59,LOWBITRATE,False,20.0,91.6,0,True,20.0,278.9,6
2026-09-29 02:33:00,LOWBITRATE,False,20.0,91.6,0,True,20.0,278.9,6
2026-09-29 02:33:01,LOWBITRATE,False,20.0,91.6,0,True,40.0,278.9,6
2026-09-29 02:33:02,LOWBITRATE,False,40.0,91.6,0,True,40.0,278.9,6
2026-09-29 02:33:03,,False,40.0,91.6,0,False,60.0,278.9,6
2026-09-29 02:33:04,,False,40.0,91.6,0,False,60.0,278.9,6
2026-09-29 02:33:05,,False,40.0,125.3,0,False,60.0,278.9,6
2026-09-29 02:33:06,,False,40.0,125.3,0,False,60.0,298.6,6
2026-09-29 02:33:07,,False,40.0,115.3,0,False,60.0,301.7,6
2026-09-29 02:33:08,,False,40.0,115.3,0,False,60.0,301.7,6
2026-09-29 02:33:09,,False,40.0,131.9,0,False,60.0,301.7,6
2026-09-29 02:33:10,,False,40.0,131.9,0,False,60.0,301.7,6
2026-09-29 02:33:11,,False,20.0,122.4,0,True,40.0,310.2,6
2026-09-29 02:33:12,,False,20.0,122.4,0,True,40.0,310.2,6
2026-09-29 02:33:13,LOWBITRATE,True,0.0,130.8,0,True,20.0,297.5,6
2026-09-29 02:33:14,LOWBITRATE,True,0.0,130.8,0,True,20.0,297.5,6
2026-09-29 02:33:15,LOWBITRATE,True,0.0,131.2,0,True,20.0,276.4,6
2026-09-29 02:33:16,LOWBITRATE,True,0.0,131.2,0,True,20.0,276.4,6
2026-09-29 02:33:17,LOWBITRATE,True,0.0,131.6,0,True,20.0,268.7,6
2026-09-29 02:33:18,LOWBITRATE,True,0.0,131.6,0,True,20.0,268.7,6
2026-09-29 02:33:19,WIFI,True,0.0,116.2,0,True,0.0,268.3,6
2026-09-29 02:33:20,WIFI,True,0.0,116.2,0,True,0.0,268.3,6
2026-09-29 02:33:21,WIFI,True,0.0,115.4,0,True,0.0,267.6,6
2026-09-29 02:33:22,WIFI,True,0.0,115.4,0,True,0.0,267.6,6
2026-09-29 02:33:23,WIFI,True,0.0,115.0,0,True,0.0,261.7,6
2026-09-29 02:33:24,WIFI,True,0.0,115.0,0,True,0.0,261.7,6
2026-09-29 02:33:25,WIFI,True,0.0,82.1,0,True,0.0,248.4,6
2026-09-29 02:33:26,WIFI,True,0.0,82.1,0,True,0.0,248.4,6
2026-09-29 02:33:27,WIFI,True,0.0,69.0,0,True,0.0,225.9,6
2026-09-29 02:33:28,WIFI,True,0.0,69.0,0,True,0.0,225.9,6
2026-09-29 02:33:29,WIFI,True,0.0,39.3,0,True,0.0,222.8,6
2026-09-29 02:33:30,WIFI,True,0.0,39.3,0,True,0.0,222.8,6
2026-09-29 02:33:31,WIFI,True,0.0,21.8,0,True,0.0,214.3,6
2026-09-29 02:33:32,WIFI,True,0.0,21.8,0,True,0.0,214.3,6
2026-09-29 02:33:33,WIFI,True,0.0,12.4,0,True,0.0,214.6,6
2026-09-29 02:33:34,WIFI,True,0.0,12.4,0,True,0.0,214.6,6
2026-09-29 02:33:35,WIFI,True,0.0,12.8,0,True,0.0,212.8,6
2026-09-29 02:33:36,WIFI,True,0.0,12.8,0,True,0.0,212.8,6
2026-09-29 02:33:37,WIFI,True,0.0,12.0,0,True,0.0,213.2,6
2026-09-29 02:33:38,WIFI,True,0.0,12.0,0,True,0.0,213.2,6
2026-09-29 02:33:39,WIFI,True,0.0,12.3,0,True,0.0,213.5,6
2026-09-29 02:33:40,WIFI,True,0.0,12.3,0,True,0.0,213.5,6
2026-09-29 02:33:41,WIFI,True,0.0,12.2,0,True,0.0,213.5,6
2026-09-29 02:33:43,WIFI,True,0.0,12.2,0,True,20.0,213.5,6
2026-09-29 02:33:44,WIFI,True,0.0,11.4,0,True,20.0,213.5,6
2026-09-29 02:33:45,WIFI,True,0.0,11.4,0,True,40.0,213.5,6
2026-09-29 02:33:46,WIFI,True,0.0,11.4,0,True,40.0,213.5,6
2026-09-29 02:33:47,WIFI,True,0.0,11.4,0,False,60.0,213.5,6
2026-09-29 02:33:48,WIFI,True,0.0,11.4,0,False,60.0,216.8,6
2026-09-29 02:33:49,WIFI,True,0.0,11.4,0,False,60.0,216.8,6
2026-09-29 02:33:50,WIFI,True,0.0,11.7,0,False,60.0,216.9,6
2026-09-29 02:33:51,WIFI,True,0.0,11.7,0,False,60.0,216.9,6
2026-09-29 02:33:52,WIFI,True,0.0,11.7,0,False,60.0,216.9,7
2026-09-29 02:33:53,WIFI,True,0.0,11.7,0,False,60.0,216.9,7
2026-09-29 02:33:54,WIFI,True,0.0,12.3,0,True,40.0,216.9,7
2026-09-29 02:33:55,WIFI,True,0.0,12.3,0,True,40.0,216.9,7
2026-09-29 02:33:56,WIFI,True,0.0,12.4,0,True,20.0,216.6,7
2026-09-29 02:33:57,WIFI,True,0.0,12.4,0,True,20.0,216.6,7
2026-09-29 02:33:58,WIFI,True,0.0,12.2,0,True,20.0,216.5,7
2026-09-29 02:33:59,WIFI,True,0.0,12.2,0,True,20.0,216.5,7
2026-09-29 02:34:00,WIFI,True,0.0,11.3,0,True,20.0,216.5,7
2026-09-29 02:34:01,WIFI,True,0.0,11.3,0,True,40.0,216.5,7
2026-09-29 02:34:02,WIFI,True,0.0,18.0,0,True,20.0,222.0,7
2026-09-29 02:34:03,WIFI,True,0.0,18.0,0,True,20.0,222.0,7
2026-09-29 02:34:04,WIFI,True,0.0,24.5,0,True,20.0,226.5,7
2026-09-29 02:34:05,WIFI,True,0.0,24.5,0,True,20.0,226.5,7
2026-09-29 02:34:06,WIFI,True,0.0,23.7,0,True,20.0,232.5,7
2026-09-29 02:34:07,WIFI,True,0.0,23.7,0,True,20.0,232.5,7
2026-09-29 02:34:08,WIFI,True,0.0,33.6,0,True,20.0,232.3,7
2026-09-29 02:34:09,WIFI,True,0.0,33.6,0,True,20.0,232.3,7
2026-09-29 02:34:10,WIFI,True,0.0,32.8,0,True,0.0,232.3,7
2026-09-29 02:34:11,WIFI,True,0.0,32.8,0,True,0.0,232.3,7
2026-09-29 02:34:12,WIFI,True,0.0,32.7,0,True,0.0,228.9,7
2026-09-29 02:34:13,WIFI,True,0.0,32.7,0,True,0.0,228.9,7
2026-09-29 02:34:14,WIFI,True,0.0,32.8,0,True,0.0,229.6,7
2026-09-29 02:34:15,WIFI,True,0.0,32.8,0,True,0.0,229.6,7
2026-09-29 02:34:16,WIFI,True,0.0,32.2,0,True,0.0,229.1,7
2026-09-29 02:34:17,WIFI,True,0.0,32.2,0,True,0.0,229.1,7
2026-09-29 02:34:18,WIFI,True,0.0,35.4,0,True,0.0,229.1,7
2026-09-29 02:34:19,WIFI,True,0.0,35.4,0,True,0.0,229.1,7
2026-09-29 02:34:20,WIFI,True,0.0,38.3,0,True,0.0,229.9,7
2026-09-29 02:34:21,WIFI,True,0.0,38.3,0,True,0.0,229.9,7
2026-09-29 02:34:22,WIFI,True,0.0,32.3,0,True,0.0,223.6,7
2026-09-29 02:34:23,WIFI,True,0.0,32.3,0,True,0.0,223.6,7
2026-09-29 02:34:24,WIFI,True,0.0,25.8,0,True,0.0,219.3,7
2026-09-29 02:34:25,WIFI,True,0.0,25.8,0,True,0.0,219.3,7
2026-09-29 02:34:26,WIFI,True,0.0,25.8,0,True,0.0,214.1,7
2026-09-29 02:34:27,WIFI,True,0.0,25.8,0,True,0.0,214.1,7
2026-09-29 02:34:28,WIFI,True,0.0,16.2,0,True,0.0,214.0,7
2026-09-29 02:34:29,WIFI,True,0.0,16.2,0,True,0.0,214.0,7
2026-09-29 02:34:30,WIFI,True,0.0,16.5,0,True,0.0,213.7,7
2026-09-29 02:34:31,WIFI,True,0.0,16.5,0,True,0.0,213.7,7
2026-09-29 02:34:32,WIFI,True,0.0,17.0,0,True,0.0,212.9,7
2026-09-29 02:34:33,WIFI,True,0.0,17.0,0,True,0.0,212.9,7
2026-09-29 02:34:34,WIFI,True,0.0,15.9,0,True,0.0,212.4,7
2026-09-29 02:34:35,WIFI,True,0.0,15.9,0,True,0.0,212.4,7
2026-09-29 02:34:36,WIFI,True,0.0,16.9,0,True,0.0,212.5,7
2026-09-29 02:34:37,WIFI,True,0.0,16.9,0,True,0.0,212.5,7
2026-09-29 02:34:38,WIFI,True,0.0,14.0,0,True,0.0,212.5,7
2026-09-29 02:34:39,WIFI,True,0.0,14.0,0,True,20.0,212.5,7
2026-09-29 02:34:40,WIFI,True,0.0,12.4,0,True,20.0,213.1,7
2026-09-29 02:34:41,WIFI,True,0.0,12.4,0,True,20.0,213.1,7
2026-09-29 02:34:42,WIFI,True,0.0,11.9,0,True,20.0,213.1,7
2026-09-29 02:34:43,WIFI,True,0.0,11.9,0,True,40.0,213.1,7
2026-09-29 02:34:44,WIFI,True,0.0,13.7,0,True,40.0,213.2,7
2026-09-29 02:34:45,WIFI,True,0.0,13.7,0,True,40.0,213.2,7
2026-09-29 02:34:46,WIFI,True,0.0,14.4,0,True,40.0,213.5,7
2026-09-29 02:34:47,WIFI,True,0.0,14.4,0,True,40.0,213.5,7
2026-09-29 02:34:48,WIFI,True,0.0,14.8,0,True,20.0,213.5,7
2026-09-29 02:34:49,WIFI,True,0.0,14.8,0,True,20.0,213.5,7
2026-09-29 02:34:50,WIFI,True,0.0,15.2,0,True,20.0,215.1,7
2026-09-29 02:34:51,WIFI,True,0.0,15.2,0,True,20.0,215.1,7
2026-09-29 02:34:52,WIFI,True,0.0,14.6,0,True,0.0,214.9,7
2026-09-29 02:34:53,WIFI,True,0.0,14.6,0,True,0.0,214.9,7
2026-09-29 02:34:54,WIFI,True,0.0,15.1,0,True,0.0,215.3,7
2026-09-29 02:34:55,WIFI,True,0.0,15.1,0,True,0.0,215.3,7
2026-09-29 02:34:56,WIFI,True,0.0,14.5,0,True,0.0,215.3,7
2026-09-29 02:34:57,WIFI,True,0.0,14.5,0,True,20.0,215.3,7
2026-09-29 02:34:58,WIFI,True,0.0,15.3,0,True,20.0,216.5,7
2026-09-29 02:34:59,WIFI,True,0.0,14.1,0,True,20.0,216.5,7
2026-09-29 02:35:00,WIFI,True,0.0,14.1,0,True,20.0,223.0,7
2026-09-29 02:35:01,WIFI,True,0.0,14.8,0,True,20.0,223.0,7
2026-09-29 02:35:02,WIFI,True,0.0,14.8,0,True,20.0,224.4,7
2026-09-29 02:35:03,WIFI,True,0.0,13.2,0,True,20.0,224.4,7
2026-09-29 02:35:04,WIFI,True,0.0,13.2,0,True,20.0,224.4,7
2026-09-29 02:35:05,WIFI,True,0.0,16.0,0,True,40.0,224.4,7
2026-09-29 02:35:06,WIFI,True,0.0,16.0,0,True,20.0,222.8,7
2026-09-29 02:35:07,WIFI,True,0.0,16.0,0,True,20.0,222.8,7
2026-09-29 02:35:08,WIFI,True,0.0,16.0,0,True,20.0,221.9,7
2026-09-29 02:35:09,WIFI,True,0.0,15.3,0,True,20.0,221.9,7
2026-09-29 02:35:10,WIFI,True,0.0,15.3,0,True,20.0,221.8,7
2026-09-29 02:35:11,WIFI,True,0.0,15.3,0,True,20.0,221.8,7
2026-09-29 02:35:12,WIFI,True,0.0,15.3,0,True,20.0,221.8,7
2026-09-29 02:35:13,WIFI,True,0.0,14.8,0,True,40.0,221.8,7
2026-09-29 02:35:14,WIFI,True,0.0,14.8,0,True,20.0,221.1,7
2026-09-29 02:35:15,WIFI,True,0.0,14.3,0,True,20.0,221.1,7
2026-09-29 02:35:16,WIFI,True,0.0,14.3,0,True,20.0,219.1,7
2026-09-29 02:35:17,WIFI,True,0.0,13.4,0,True,20.0,219.1,7
2026-09-29 02:35:18,WIFI,True,0.0,13.4,0,True,20.0,219.5,7
2026-09-29 02:35:19,WIFI,True,0.0,14.1,0,True,20.0,219.5,7
2026-09-29 02:35:20,WIFI,True,0.0,14.1,0,True,20.0,226.2,7
2026-09-29 02:35:21,WIFI,True,0.0,14.3,0,True,20.0,226.2,7
2026-09-29 02:35:22,WIFI,True,0.0,14.3,0,True,0.0,227.7,7
2026-09-29 02:35:24,WIFI,True,0.0,14.2,0,True,0.0,227.7,7
2026-09-29 02:35:25,WIFI,True,0.0,14.2,0,True,0.0,220.8,7
2026-09-29 02:35:26,WIFI,True,0.0,11.2,0,True,0.0,220.8,7
2026-09-29 02:35:27,WIFI,True,0.0,11.2,0,True,0.0,220.7,7
2026-09-29 02:35:28,WIFI,True,0.0,10.5,0,True,0.0,220.7,7
2026-09-29 02:35:29,WIFI,True,0.0,10.5,0,True,0.0,220.8,7
2026-09-29 02:35:30,WIFI,True,0.0,11.4,0,True,0.0,220.8,7
2026-09-29 02:35:31,WIFI,True,0.0,11.4,0,True,0.0,221.3,7
2026-09-29 02:35:32,WIFI,True,0.0,12.1,0,True,0.0,221.3,7
2026-09-29 02:35:33,WIFI,True,0.0,12.1,0,True,0.0,221.0,7
2026-09-29 02:35:34,WIFI,True,0.0,11.7,0,True,0.0,221.0,7
2026-09-29 02:35:35,WIFI,True,0.0,11.7,0,True,0.0,229.2,7
2026-09-29 02:35:36,WIFI,True,0.0,12.0,0,True,0.0,229.2,7
2026-09-29 02:35:37,WIFI,True,0.0,12.0,0,True,0.0,229.2,7
2026-09-29 02:35:38,WIFI,True,0.0,12.3,0,True,20.0,229.2,7
2026-09-29 02:35:39,WIFI,True,0.0,12.3,0,True,20.0,229.2,7
2026-09-29 02:35:40,WIFI,True,0.0,11.8,0,True,40.0,229.2,7
2026-09-29 02:35:41,WIFI,True,0.0,11.8,0,True,40.0,229.0,7
2026-09-29 02:35:42,WIFI,True,0.0,11.7,0,True,40.0,229.0,7
2026-09-29 02:35:43,WIFI,True,0.0,11.7,0,True,40.0,228.8,7
2026-09-29 02:35:44,WIFI,True,0.0,12.8,0,True,40.0,228.8,7
2026-09-29 02:35:45,WIFI,True,0.0,12.8,0,True,40.0,222.3,7
2026-09-29 02:35:46,WIFI,True,0.0,12.4,0,True,40.0,222.3,7
2026-09-29 02:35:47,WIFI,True,0.0,12.4,0,True,40.0,222.3,7
2026-09-29 02:35:48,WIFI,True,0.0,12.7,0,True,40.0,222.3,7
2026-09-29 02:35:49,WIFI,True,0.0,12.7,0,True,40.0,222.3,7
2026-09-29 02:35:50,WIFI,True,0.0,11.9,0,True,40.0,222.3,7
2026-09-29 02:35:51,WIFI,True,0.0,11.9,0,True,40.0,222.3,7
2026-09-29 02:35:52,WIFI,True,0.0,11.0,0,False,60.0,222.3,7
2026-09-29 02:35:53,WIFI,True,0.0,11.0,0,False,60.0,227.7,7
2026-09-29 02:35:54,WIFI,True,0.0,10.9,0,False,60.0,227.7,7
2026-09-29 02:35:55,WIFI,True,0.0,10.9,0,False,60.0,239.7,7
2026-09-29 02:35:56,WIFI,True,0.0,11.3,0,True,40.0,238.9,7
2026-09-29 02:35:57,WIFI,True,0.0,11.3,0,True,40.0,238.9,7
2026-09-29 02:35:58,WIFI,True,0.0,11.8,0,True,20.0,239.5,7
2026-09-29 02:35:59,WIFI,True,0.0,11.8,0,True,20.0,239.5,7
2026-09-29 02:36:00,WIFI,True,0.0,11.7,0,True,0.0,240.0,7
2026-09-29 02:36:01,WIFI,True,0.0,11.7,0,True,0.0,240.0,7
2026-09-29 02:36:02,WIFI,True,0.0,11.7,0,True,0.0,240.0,7
2026-09-29 02:36:03,WIFI,True,0.0,11.7,0,True,0.0,240.0,7
2026-09-29 02:36:04,WIFI,True,0.0,10.6,0,True,20.0,240.4,7
2026-09-29 02:36:05,WIFI,True,0.0,10.6,0,True,20.0,240.4,7
2026-09-29 02:36:06,WIFI,True,0.0,12.2,0,True,20.0,231.9,7
2026-09-29 02:36:07,WIFI,True,0.0,12.2,0,True,20.0,231.9,7
2026-09-29 02:36:08,WIFI,True,0.0,12.7,0,True,20.0,232.0,7
2026-09-29 02:36:09,WIFI,True,0.0,12.7,0,True,20.0,232.0,7
2026-09-29 02:36:10,WIFI,True,0.0,12.6,0,True,20.0,232.7,7
2026-09-29 02:36:11,WIFI,True,0.0,12.6,0,True,20.0,232.7,7
2026-09-29 02:36:12,WIFI,True,0.0,12.9,0,True,0.0,232.0,7
2026-09-29 02:36:13,WIFI,True,0.0,12.9,0,True,0.0,232.0,7
2026-09-29 02:36:14,WIFI,True,0.0,13.2,0,True,0.0,232.0,8
2026-09-29 02:36:15,WIFI,True,0.0,13.2,0,True,0.0,232.0,8
2026-09-29 02:36:16,WIFI,True,0.0,12.5,0,True,20.0,233.1,8
2026-09-29 02:36:17,WIFI,True,0.0,12.5,0,True,20.0,233.1,8
2026-09-29 02:36:18,WIFI,True,0.0,12.7,0,True,20.0,233.1,8
2026-09-29 02:36:19,WIFI,True,0.0,12.7,0,True,40.0,233.1,8
2026-09-29 02:36:20,WIFI,True,0.0,13.2,0,True,40.0,229.5,8
2026-09-29 02:36:21,WIFI,True,0.0,13.2,0,True,40.0,229.5,8
2026-09-29 02:36:22,WIFI,True,0.0,12.5,0,True,40.0,236.7,8
2026-09-29 02:36:23,WIFI,True,0.0,12.5,0,True,40.0,236.7,8
2026-09-29 02:36:24,WIFI,True,0.0,17.0,0,True,20.0,242.0,8
2026-09-29 02:36:25,WIFI,True,0.0,17.0,0,True,20.0,242.0,8
2026-09-29 02:36:26,WIFI,True,0.0,16.2,0,True,20.0,242.0,8
2026-09-29 02:36:27,WIFI,True,0.0,16.2,0,True,40.0,242.0,8
2026-09-29 02:36:28,WIFI,True,0.0,15.8,0,True,20.0,244.8,8
2026-09-29 02:36:29,WIFI,True,0.0,15.8,0,True,20.0,244.8,8
2026-09-29 02:36:30,WIFI,True,0.0,16.7,0,True,20.0,247.2,8
2026-09-29 02:36:31,WIFI,True,0.0,16.7,0,True,20.0,247.2,8
2026-09-29 02:36:32,WIFI,True,0.0,17.3,0,True,20.0,248.3,8
2026-09-29 02:36:33,WIFI,True,0.0,17.3,0,True,20.0,248.3,8
2026-09-29 02:36:34,WIFI,True,0.0,17.8,0,True,20.0,248.8,8
2026-09-29 02:36:35,WIFI,True,0.0,17.8,0,True,20.0,248.8,8
2026-09-29 02:36:36,WIFI,True,0.0,18.2,0,True,0.0,248.8,8
2026-09-29 02:36:37,WIFI,True,0.0,18.2,0,True,0.0,248.8,8
2026-09-29 02:36:38,WIFI,True,0.0,17.7,0,True,0.0,249.5,8
2026-09-29 02:36:39,WIFI,True,0.0,17.7,0,True,0.0,249.5,8
2026-09-29 02:36:40,WIFI,True,0.0,17.9,0,True,0.0,240.6,8
2026-09-29 02:36:41,WIFI,True,0.0,17.9,0,True,0.0,240.6,8
2026-09-29 02:36:42,WIFI,True,0.0,18.1,0,True,0.0,232.9,8
2026-09-29 02:36:43,WIFI,True,0.0,18.1,0,True,0.0,232.9,8
2026-09-29 02:36:44,WIFI,True,0.0,13.9,0,True,0.0,226.6,8
2026-09-29 02:36:45,WIFI,True,0.0,13.9,0,True,0.0,226.6,8
2026-09-29 02:36:46,WIFI,True,0.0,14.7,0,True,0.0,226.6,8
2026-09-29 02:36:47,WIFI,True,0.0,14.7,0,True,20.0,226.6,8
2026-09-29 02:36:48,WIFI,True,0.0,16.2,0,True,20.0,221.6,8
2026-09-29 02:36:49,WIFI,True,0.0,16.2,0,True,20.0,221.6,8
2026-09-29 02:36:50,WIFI,True,0.0,15.4,0,True,20.0,217.8,8
2026-09-29 02:36:51,WIFI,True,0.0,15.4,0,True,20.0,217.8,8
2026-09-29 02:36:52,WIFI,True,0.0,15.1,0,True,20.0,215.2,8
2026-09-29 02:36:53,WIFI,True,0.0,15.1,0,True,20.0,215.2,8
2026-09-29 02:36:54,WIFI,True,0.0,14.2,0,True,20.0,214.4,8
2026-09-29 02:36:55,WIFI,True,0.0,14.2,0,True,20.0,214.4,8
2026-09-29 02:36:56,WIFI,True,0.0,13.7,0,True,0.0,214.1,8
2026-09-29 02:36:57,WIFI,True,0.0,13.7,0,True,0.0,214.1,8
2026-09-29 02:36:58,WIFI,True,0.0,13.1,0,True,0.0,215.3,8
2026-09-29 02:36:59,WIFI,True,0.0,13.1,0,True,0.0,215.3,8
2026-09-29 02:37:01,WIFI,True,0.0,12.6,0,True,0.0,215.0,8
2026-09-29 02:37:02,WIFI,True,0.0,12.6,0,True,0.0,215.0,8
2026-09-29 02:37:03,WIFI,True,0.0,12.9,0,True,0.0,215.0,8
2026-09-29 02:37:04,WIFI,True,0.0,12.9,0,True,20.0,215.0,8
2026-09-29 02:37:05,WIFI,True,0.0,12.5,0,True,20.0,223.4,8
2026-09-29 02:37:06,WIFI,True,0.0,12.5,0,True,20.0,223.4,8
2026-09-29 02:37:07,WIFI,True,0.0,11.8,0,True,20.0,232.1,8
2026-09-29 02:37:08,WIFI,True,0.0,11.8,0,True,20.0,232.1,8
2026-09-29 02:37:09,WIFI,True,0.0,10.5,0,True,20.0,238.9,8
2026-09-29 02:37:10,WIFI,True,0.0,10.5,0,True,20.0,238.9,8
2026-09-29 02:37:11,WIFI,True,0.0,10.6,0,True,20.0,242.6,8
2026-09-29 02:37:12,WIFI,True,0.0,10.6,0,True,20.0,242.6,8
2026-09-29 02:37:13,WIFI,True,0.0,10.7,0,True,0.0,248.7,8
2026-09-29 02:37:14,WIFI,True,0.0,10.7,0,True,0.0,248.7,8
2026-09-29 02:37:15,WIFI,True,0.0,11.0,0,True,0.0,250.5,8
2026-09-29 02:37:16,WIFI,True,0.0,11.0,0,True,0.0,250.5,8
2026-09-29 02:37:17,WIFI,True,0.0,11.8,0,True,0.0,251.8,8
2026-09-29 02:37:18,WIFI,True,0.0,11.8,0,True,0.0,251.8,8
2026-09-29 02:37:19,WIFI,True,0.0,12.8,0,True,0.0,251.8,8
2026-09-29 02:37:20,WIFI,True,0.0,12.8,0,True,20.0,251.8,8
2026-09-29 02:37:21,WIFI,True,0.0,15.0,0,True,20.0,251.8,8
2026-09-29 02:37:22,WIFI,True,0.0,15.0,0,True,40.0,251.8,8
2026-09-29 02:37:23,WIFI,True,0.0,14.6,0,True,40.0,251.8,8
2026-09-29 02:37:24,WIFI,True,0.0,14.6,0,False,60.0,251.8,8
2026-09-29 02:37:25,WIFI,True,0.0,14.5,0,False,60.0,252.0,8
2026-09-29 02:37:26,WIFI,True,0.0,14.5,0,False,60.0,252.0,8
2026-09-29 02:37:27,WIFI,True,0.0,14.5,0,False,60.0,250.0,8
2026-09-29 02:37:28,WIFI,True,0.0,14.5,0,False,60.0,250.0,8
2026-09-29 02:37:29,WIFI,True,0.0,14.1,0,True,40.0,250.0,8
2026-09-29 02:37:30,WIFI,True,0.0,14.1,0,True,40.0,250.0,8
2026-09-29 02:37:31,WIFI,True,0.0,14.6,0,True,20.0,241.6,8
2026-09-29 02:37:32,WIFI,True,0.0,14.6,0,True,20.0,241.6,8
2026-09-29 02:37:33,WIFI,True,0.0,16.4,0,True,0.0,232.1,8
2026-09-29 02:37:34,WIFI,True,0.0,16.4,0,True,0.0,232.1,8
2026-09-29 02:37:35,WIFI,True,0.0,16.1,0,True,0.0,225.2,8
2026-09-29 02:37:36,WIFI,True,0.0,16.1,0,True,0.0,225.2,8
2026-09-29 02:37:37,WIFI,True,0.0,15.2,0,True,0.0,221.3,8
2026-09-29 02:37:38,WIFI,True,0.0,15.2,0,True,0.0,221.3,8
2026-09-29 02:37:39,WIFI,True,0.0,14.2,0,True,0.0,215.9,8
2026-09-29 02:37:40,WIFI,True,0.0,14.2,0,True,0.0,215.9,8
2026-09-29 02:37:41,WIFI,True,0.0,12.5,0,True,0.0,221.1,8
2026-09-29 02:37:42,WIFI,True,0.0,12.5,0,True,0.0,221.1,8
2026-09-29 02:37:43,WIFI,True,0.0,12.6,0,True,0.0,219.8,8
2026-09-29 02:37:44,WIFI,True,0.0,12.6,0,True,0.0,219.8,8
2026-09-29 02:37:45,WIFI,True,0.0,12.9,0,True,0.0,219.8,8
2026-09-29 02:37:46,WIFI,True,0.0,12.9,0,True,0.0,219.8,8
2026-09-29 02:37:47,WIFI,True,0.0,12.2,0,True,0.0,219.8,8
2026-09-29 02:37:48,WIFI,True,0.0,12.2,0,True,20.0,219.8,8
2026-09-29 02:37:49,WIFI,True,0.0,12.4,0,True,20.0,221.4,8
2026-09-29 02:37:50,WIFI,True,0.0,12.4,0,True,20.0,221.4,8
2026-09-29 02:37:51,WIFI,True,0.0,12.9,0,True,20.0,222.5,8
2026-09-29 02:37:52,WIFI,True,0.0,12.9,0,True,20.0,222.5,8
2026-09-29 02:37:53,WIFI,True,0.0,11.6,0,True,20.0,228.5,8
2026-09-29 02:37:54,WIFI,True,0.0,11.6,0,True,20.0,228.5,8
2026-09-29 02:37:55,WIFI,True,0.0,18.1,0,True,20.0,228.5,8
2026-09-29 02:37:56,WIFI,True,0.0,18.1,0,True,40.0,228.5,8
2026-09-29 02:37:57,WIFI,True,0.0,47.5,0,True,40.0,228.5,8
2026-09-29 02:37:58,WIFI,True,0.0,47.5,0,True,40.0,228.5,8
2026-09-29 02:37:59,WIFI,True,0.0,56.2,0,True,40.0,233.7,8
2026-09-29 02:38:00,WIFI,True,0.0,56.2,0,True,40.0,233.7,8
2026-09-29 02:38:01,WIFI,True,0.0,57.8,0,True,40.0,234.7,8
2026-09-29 02:38:02,WIFI,True,0.0,57.8,0,True,40.0,234.7,8
2026-09-29 02:38:03,WIFI,True,0.0,61.4,0,True,40.0,263.0,8
2026-09-29 02:38:04,WIFI,True,0.0,61.4,0,True,40.0,263.0,8
2026-09-29 02:38:05,WIFI,True,0.0,86.9,0,True,20.0,315.2,8
2026-09-29 02:38:06,WIFI,True,0.0,86.9,0,True,20.0,315.2,8
2026-09-29 02:38:07,WIFI,False,20.0,86.9,0,True,20.0,315.2,8
2026-09-29 02:38:08,WIFI,False,20.0,86.9,0,True,20.0,315.2,8
2026-09-29 02:38:09,LOWBITRATE,False,40.0,86.9,0,True,20.0,315.2,8
2026-09-29 02:38:10,LOWBITRATE,False,40.0,86.9,0,True,40.0,315.2,8
2026-09-29 02:38:11,LOWBITRATE,False,60.0,86.9,0,True,40.0,315.2,8
2026-09-29 02:38:12,LOWBITRATE,False,60.0,86.9,0,False,60.0,315.2,8
2026-09-29 02:38:13,,False,60.0,86.8,0,False,60.0,307.9,8
2026-09-29 02:38:14,,False,60.0,86.8,0,False,60.0,307.9,8
2026-09-29 02:38:15,,False,80.0,86.8,0,False,60.0,366.6,8
2026-09-29 02:38:16,,False,80.0,86.8,0,False,60.0,366.6,8
2026-09-29 02:38:17,,False,60.0,127.7,0,True,40.0,400.8,8
2026-09-29 02:38:18,,False,60.0,127.7,0,True,40.0,400.8,8
2026-09-29 02:38:19,LOWBITRATE,False,40.0,126.4,0,True,40.0,400.8,8
2026-09-29 02:38:20,LOWBITRATE,False,40.0,126.4,0,True,40.0,400.8,8
2026-09-29 02:38:21,LOWBITRATE,False,20.0,126.0,0,True,20.0,400.7,8
2026-09-29 02:38:22,LOWBITRATE,False,20.0,126.0,0,True,20.0,400.7,8
2026-09-29 02:38:23,LOWBITRATE,False,20.0,120.2,0,True,20.0,400.7,8
2026-09-29 02:38:24,LOWBITRATE,True,0.0,91.6,0,True,40.0,400.7,8
2026-09-29 02:38:25,LOWBITRATE,True,0.0,91.6,0,True,40.0,402.7,8
2026-09-29 02:38:26,LOWBITRATE,True,0.0,83.6,0,True,40.0,402.7,9
2026-09-29 02:38:27,LOWBITRATE,True,0.0,83.6,0,True,40.0,473.4,9
2026-09-29 02:38:28,LOWBITRATE,True,0.0,83.5,0,True,40.0,473.4,9
2026-09-29 02:38:29,LOWBITRATE,True,0.0,83.5,0,True,20.0,468.4,9
2026-09-29 02:38:30,WIFI,True,0.0,83.5,0,True,20.0,468.4,9
2026-09-29 02:38:31,WIFI,True,0.0,83.8,0,True,20.0,470.5,9
2026-09-29 02:38:32,WIFI,True,0.0,83.8,0,True,20.0,470.5,9
2026-09-29 02:38:33,WIFI,False,20.0,83.8,0,True,20.0,470.5,9
2026-09-29 02:38:34,LOWBITRATE,False,20.0,83.8,0,True,20.0,470.5,9
2026-09-29 02:38:35,LOWBITRATE,False,40.0,83.8,0,True,20.0,470.5,9
2026-09-29 02:38:36,LOWBITRATE,False,40.0,83.8,0,True,40.0,470.5,9
2026-09-29 02:38:37,LOWBITRATE,False,60.0,83.8,0,True,40.0,470.5,9
2026-09-29 02:38:38,,False,60.0,83.8,0,False,60.0,470.5,9
2026-09-29 02:38:39,,False,80.0,83.8,0,False,60.0,470.5,9
2026-09-29 02:38:40,,False,80.0,83.8,0,False,80.0,470.5,9
2026-09-29 02:38:41,,False,100.0,83.8,0,False,80.0,470.5,9
2026-09-29 02:38:43,,False,100.0,83.8,0,False,100.0,470.5,9
2026-09-29 02:38:44,,False,100.0,83.8,0,False,100.0,470.5,9
2026-09-29 02:38:45,,False,100.0,83.8,0,False,100.0,470.5,9
2026-09-29 02:38:46,,False,100.0,83.8,0,False,100.0,470.5,9
2026-09-29 02:38:47,,False,100.0,83.8,0,False,100.0,470.5,9
2026-09-29 02:38:48,,False,100.0,83.8,0,False,100.0,470.5,9
2026-09-29 02:38:49,,False,100.0,83.8,0,False,100.0,470.5,9
2026-09-29 02:38:50,,False,100.0,83.8,0,False,100.0,470.5,9
2026-09-29 02:38:51,,False,100.0,83.8,0,False,100.0,470.5,9
2026-09-29 02:38:52,,False,100.0,83.8,0,False,100.0,470.5,9
2026-09-29 02:38:53,,False,100.0,83.8,0,False,100.0,470.5,9
2026-09-29 02:38:54,,False,100.0,83.8,0,False,100.0,470.5,9
2026-09-29 02:38:55,,False,100.0,83.8,0,False,100.0,470.5,9
2026-09-29 02:38:56,,False,100.0,83.8,0,False,100.0,470.5,9
2026-09-29 02:38:57,,False,100.0,83.8,0,False,100.0,470.5,9
2026-09-29 02:38:58,,False,100.0,83.8,0,False,100.0,470.5,9
2026-09-29 02:38:59,,False,100.0,83.8,0,False,100.0,470.5,9
2026-09-29 02:39:00,,False,100.0,83.8,0,False,100.0,470.5,9
2026-09-29 02:39:01,,False,100.0,83.8,0,False,100.0,470.5,9
2026-09-29 02:39:02,,False,100.0,83.8,0,False,100.0,470.5,9
2026-09-29 02:39:03,,False,100.0,83.8,0,False,100.0,470.5,9
2026-09-29 02:39:04,,False,100.0,83.8,0,False,100.0,470.5,9
2026-09-29 02:39:05,,False,100.0,83.8,0,False,100.0,470.5,9
2026-09-29 02:39:06,,False,100.0,83.8,0,False,100.0,470.5,9
2026-09-29 02:39:07,,False,100.0,83.8,0,False,100.0,470.5,9
2026-09-29 02:39:08,,False,100.0,83.8,0,False,100.0,470.5,9
2026-09-29 02:39:09,,False,100.0,83.8,0,False,100.0,470.5,9
2026-09-29 02:39:10,,False,100.0,83.8,0,False,100.0,470.5,9
2026-09-29 02:39:11,,False,100.0,83.8,0,False,100.0,470.5,9
2026-09-29 02:39:12,,False,100.0,83.8,0,False,100.0,470.5,9
2026-09-29 02:39:13,,False,100.0,83.8,0,False,100.0,470.5,9
2026-09-29 02:39:14,,False,80.0,91.8,0,False,80.0,465.4,9
2026-09-29 02:39:15,,False,60.0,92.3,0,False,60.0,414.5,9
2026-09-29 02:39:16,,False,60.0,92.3,0,False,60.0,414.5,9
2026-09-29 02:39:17,,False,40.0,51.6,0,False,60.0,414.5,9
2026-09-29 02:39:18,,False,40.0,51.6,0,False,60.0,414.5,9
2026-09-29 02:39:19,,False,20.0,51.2,0,True,40.0,415.9,10
2026-09-29 02:39:20,,False,20.0,51.2,0,True,40.0,415.9,10
2026-09-29 02:39:21,LOWBITRATE,True,0.0,53.0,0,True,20.0,359.4,10
2026-09-29 02:39:22,LOWBITRATE,True,0.0,53.0,0,True,20.0,359.4,10
2026-09-29 02:39:23,LOWBITRATE,True,0.0,52.5,0,True,20.0,325.2,10
2026-09-29 02:39:24,LOWBITRATE,True,0.0,52.5,0,True,20.0,325.2,10
2026-09-29 02:39:25,LOWBITRATE,True,0.0,51.9,0,True,20.0,323.9,10
2026-09-29 02:39:26,LOWBITRATE,True,0.0,51.9,0,True,20.0,323.9,10
2026-09-29 02:39:27,WIFI,True,0.0,52.6,0,True,0.0,322.1,10
2026-09-29 02:39:28,WIFI,True,0.0,52.6,0,True,0.0,322.1,10
2026-09-29 02:39:29,WIFI,True,0.0,50.6,0,True,0.0,245.1,10
2026-09-29 02:39:30,WIFI,True,0.0,50.6,0,True,0.0,245.1,10
2026-09-29 02:39:31,WIFI,True,0.0,47.2,0,True,0.0,246.0,10
2026-09-29 02:39:32,WIFI,True,0.0,47.2,0,True,0.0,246.0,10
2026-09-29 02:39:33,WIFI,True,0.0,13.8,0,True,0.0,246.0,10
2026-09-29 02:39:34,WIFI,True,0.0,13.8,0,True,0.0,246.0,10
2026-09-29 02:39:35,WIFI,True,0.0,26.7,0,True,20.0,244.2,10
2026-09-29 02:39:36,WIFI,True,0.0,26.7,0,True,20.0,244.2,10
2026-09-29 02:39:37,WIFI,True,0.0,26.0,0,True,20.0,232.0,10
2026-09-29 02:39:38,WIFI,True,0.0,26.0,0,True,20.0,232.0,10
2026-09-29 02:39:39,WIFI,True,0.0,27.2,0,True,20.0,235.0,10
2026-09-29 02:39:40,WIFI,True,0.0,27.2,0,True,20.0,235.0,10
2026-09-29 02:39:41,WIFI,True,0.0,26.1,0,True,20.0,235.0,10
2026-09-29 02:39:42,WIFI,True,0.0,26.1,0,True,20.0,235.0,10
2026-09-29 02:39:43,WIFI,True,0.0,26.0,0,True,20.0,234.5,10
2026-09-29 02:39:44,WIFI,True,0.0,26.0,0,True,20.0,234.5,10
2026-09-29 02:39:45,WIFI,True,0.0,26.9,0,True,20.0,237.6,10
2026-09-29 02:39:46,WIFI,True,0.0,26.9,0,True,20.0,237.6,10
2026-09-29 02:39:47,WIFI,True,0.0,27.0,0,True,20.0,236.8,10
2026-09-29 02:39:48,WIFI,True,0.0,27.0,0,True,20.0,236.8,10
2026-09-29 02:39:49,WIFI,True,0.0,28.5,0,True,20.0,240.7,10
2026-09-29 02:39:50,WIFI,True,0.0,28.5,0,True,20.0,240.7,10
2026-09-29 02:39:51,WIFI,True,0.0,28.4,0,True,0.0,239.6,10
2026-09-29 02:39:52,WIFI,True,0.0,28.4,0,True,0.0,239.6,10
2026-09-29 02:39:53,WIFI,True,0.0,28.3,0,True,0.0,240.5,10
2026-09-29 02:39:54,WIFI,True,0.0,28.3,0,True,0.0,240.5,10
2026-09-29 02:39:55,WIFI,True,0.0,15.9,0,True,0.0,244.3,10
2026-09-29 02:39:56,WIFI,True,0.0,15.9,0,True,0.0,244.3,10
2026-09-29 02:39:57,WIFI,True,0.0,16.5,0,True,0.0,242.8,10
2026-09-29 02:39:58,WIFI,True,0.0,16.5,0,True,0.0,242.8,11
2026-09-29 02:39:59,WIFI,True,0.0,15.8,0,True,0.0,231.5,11
2026-09-29 02:40:00,WIFI,True,0.0,15.8,0,True,0.0,231.5,11
2026-09-29 02:40:01,WIFI,True,0.0,15.2,0,True,0.0,226.9,11
2026-09-29 02:40:02,WIFI,True,0.0,15.2,0,True,0.0,226.9,11
2026-09-29 02:40:03,WIFI,True,0.0,17.4,0,True,0.0,227.1,11
2026-09-29 02:40:04,WIFI,True,0.0,17.4,0,True,0.0,227.1,11
2026-09-29 02:40:05,WIFI,True,0.0,22.1,0,True,0.0,227.1,11
2026-09-29 02:40:06,WIFI,True,0.0,22.1,0,True,0.0,227.1,11
2026-09-29 02:40:07,WIFI,True,0.0,20.9,0,True,0.0,234.2,11
2026-09-29 02:40:08,WIFI,True,0.0,20.9,0,True,0.0,234.2,11
2026-09-29 02:40:09,WIFI,True,0.0,20.0,0,True,0.0,231.1,11
2026-09-29 02:40:10,WIFI,True,0.0,20.0,0,True,0.0,231.1,11
2026-09-29 02:40:11,WIFI,True,0.0,20.5,0,True,0.0,231.3,11
2026-09-29 02:40:12,WIFI,True,0.0,20.5,0,True,0.0,231.3,11
2026-09-29 02:40:13,WIFI,True,0.0,21.5,0,True,0.0,230.6,11
2026-09-29 02:40:15,WIFI,True,0.0,21.5,0,True,0.0,230.6,11
2026-09-29 02:40:16,WIFI,True,0.0,21.5,0,True,0.0,226.6,11
2026-09-29 02:40:17,WIFI,True,0.0,21.5,0,True,0.0,226.6,11
2026-09-29 02:40:18,WIFI,True,0.0,22.0,0,True,0.0,226.4,11
2026-09-29 02:40:19,WIFI,True,0.0,22.0,0,True,0.0,226.4,11
2026-09-29 02:40:20,WIFI,True,0.0,22.5,0,True,0.0,227.1,11
2026-09-29 02:40:21,WIFI,True,0.0,22.5,0,True,0.0,227.1,11
2026-09-29 02:40:22,WIFI,True,0.0,23.9,0,True,0.0,230.7,11
2026-09-29 02:40:23,WIFI,True,0.0,23.9,0,True,0.0,230.7,11
2026-09-29 02:40:24,WIFI,True,0.0,21.7,0,True,0.0,230.8,11
2026-09-29 02:40:25,WIFI,True,0.0,21.7,0,True,0.0,230.8,11
2026-09-29 02:40:26,WIFI,True,0.0,16.9,0,True,0.0,232.8,11
2026-09-29 02:40:27,WIFI,True,0.0,16.9,0,True,0.0,232.8,11
2026-09-29 02:40:28,WIFI,True,0.0,17.2,0,True,0.0,231.2,11
2026-09-29 02:40:29,WIFI,True,0.0,17.2,0,True,0.0,231.2,11
2026-09-29 02:40:30,WIFI,True,0.0,17.4,0,True,0.0,231.2,11
2026-09-29 02:40:31,WIFI,True,0.0,17.4,0,True,0.0,231.2,11
2026-09-29 02:40:32,WIFI,True,0.0,19.0,0,True,0.0,230.6,11
2026-09-29 02:40:33,WIFI,True,0.0,19.0,0,True,0.0,230.6,12
2026-09-29 02:40:34,WIFI,True,0.0,17.8,0,True,0.0,232.4,12
2026-09-29 02:40:35,WIFI,True,0.0,17.8,0,True,0.0,232.4,12
2026-09-29 02:40:36,WIFI,True,0.0,17.8,0,True,0.0,232.1,12
2026-09-29 02:40:37,WIFI,True,0.0,17.8,0,True,0.0,232.1,12
2026-09-29 02:40:38,WIFI,True,0.0,18.7,0,True,0.0,236.1,12
2026-09-29 02:40:39,WIFI,True,0.0,18.7,0,True,0.0,236.1,12
2026-09-29 02:40:40,WIFI,True,0.0,21.7,0,True,0.0,236.1,12
2026-09-29 02:40:41,WIFI,True,0.0,21.7,0,True,20.0,236.1,12
2026-09-29 02:40:42,WIFI,True,0.0,21.5,0,True,20.0,236.1,12
2026-09-29 02:40:43,WIFI,True,0.0,21.5,0,True,40.0,236.1,12
2026-09-29 02:40:44,WIFI,True,0.0,26.7,0,True,40.0,236.1,12
2026-09-29 02:40:45,WIFI,True,0.0,26.7,0,False,60.0,236.1,12
2026-09-29 02:40:46,WIFI,True,0.0,26.7,0,False,60.0,236.0,12
2026-09-29 02:40:47,WIFI,True,0.0,26.7,0,False,60.0,236.0,12
2026-09-29 02:40:48,WIFI,True,0.0,27.9,0,False,60.0,234.0,12
2026-09-29 02:40:49,WIFI,True,0.0,27.9,0,False,60.0,234.0,12
2026-09-29 02:40:50,WIFI,True,0.0,27.7,0,True,40.0,233.7,12
2026-09-29 02:40:51,WIFI,True,0.0,27.7,0,True,40.0,233.7,12
2026-09-29 02:40:52,WIFI,True,0.0,25.4,0,True,20.0,226.7,12
2026-09-29 02:40:53,WIFI,True,0.0,25.4,0,True,20.0,226.7,12
2026-09-29 02:40:54,WIFI,True,0.0,26.3,0,True,0.0,222.7,12
2026-09-29 02:40:55,WIFI,True,0.0,26.3,0,True,0.0,222.7,12
2026-09-29 02:40:56,WIFI,True,0.0,25.5,0,True,0.0,221.9,12
2026-09-29 02:40:57,WIFI,True,0.0,25.5,0,True,0.0,221.9,12
2026-09-29 02:40:58,WIFI,True,0.0,24.2,0,True,0.0,243.3,12
2026-09-29 02:40:59,WIFI,True,0.0,24.2,0,True,0.0,243.3,12
2026-09-29 02:41:00,WIFI,True,0.0,20.8,0,True,0.0,241.6,12
2026-09-29 02:41:01,WIFI,True,0.0,20.8,0,True,0.0,241.6,12
2026-09-29 02:41:02,WIFI,True,0.0,21.1,0,True,0.0,241.5,12
2026-09-29 02:41:03,WIFI,True,0.0,21.1,0,True,0.0,241.5,12
2026-09-29 02:41:04,WIFI,True,0.0,15.9,0,True,0.0,241.5,12
2026-09-29 02:41:05,WIFI,True,0.0,15.9,0,True,20.0,241.5,12
2026-09-29 02:41:06,WIFI,True,0.0,15.7,0,True,20.0,236.9,12
2026-09-29 02:41:07,WIFI,True,0.0,15.7,0,True,20.0,236.9,12
2026-09-29 02:41:08,WIFI,True,0.0,14.6,0,True,20.0,244.6,12
2026-09-29 02:41:09,WIFI,True,0.0,14.6,0,True,20.0,244.6,12
2026-09-29 02:41:10,WIFI,True,0.0,14.0,0,True,20.0,243.2,12
2026-09-29 02:41:11,WIFI,True,0.0,14.0,0,True,20.0,243.2,12
2026-09-29 02:41:12,WIFI,True,0.0,14.1,0,True,20.0,246.9,13
2026-09-29 02:41:13,WIFI,True,0.0,14.1,0,True,20.0,246.9,13
2026-09-29 02:41:14,WIFI,True,0.0,14.1,0,True,0.0,254.9,13
2026-09-29 02:41:15,WIFI,True,0.0,14.1,0,True,0.0,254.9,13
2026-09-29 02:41:16,WIFI,True,0.0,14.4,0,True,0.0,253.4,13
2026-09-29 02:41:17,WIFI,True,0.0,14.4,0,True,0.0,253.4,13
2026-09-29 02:41:18,WIFI,True,0.0,13.6,0,True,0.0,253.0,13
2026-09-29 02:41:19,WIFI,True,0.0,13.6,0,True,0.0,253.0,13
2026-09-29 02:41:20,WIFI,True,0.0,13.3,0,True,0.0,231.3,13
2026-09-29 02:41:21,WIFI,True,0.0,13.3,0,True,0.0,231.3,13
2026-09-29 02:41:22,WIFI,True,0.0,11.7,0,True,0.0,231.5,13
2026-09-29 02:41:23,WIFI,True,0.0,11.7,0,True,0.0,231.5,13
2026-09-29 02:41:24,WIFI,True,0.0,12.2,0,True,0.0,231.8,13
2026-09-29 02:41:25,WIFI,True,0.0,12.2,0,True,0.0,231.8,13
2026-09-29 02:41:26,WIFI,True,0.0,12.1,0,True,0.0,231.8,13
2026-09-29 02:41:27,WIFI,True,0.0,12.1,0,True,0.0,231.8,13
2026-09-29 02:41:28,WIFI,True,0.0,12.2,0,True,0.0,223.5,13
2026-09-29 02:41:29,WIFI,True,0.0,12.2,0,True,0.0,223.5,13
2026-09-29 02:41:30,WIFI,True,0.0,12.2,0,True,0.0,228.5,13
2026-09-29 02:41:31,WIFI,True,0.0,12.2,0,True,0.0,228.5,13
2026-09-29 02:41:32,WIFI,True,0.0,16.9,0,True,0.0,247.5,13
2026-09-29 02:41:33,WIFI,True,0.0,16.9,0,True,0.0,247.5,13
2026-09-29 02:41:34,WIFI,True,0.0,25.8,0,True,0.0,247.7,13
2026-09-29 02:41:35,WIFI,True,0.0,25.8,0,True,0.0,247.7,13
2026-09-29 02:41:36,WIFI,True,0.0,37.3,0,True,0.0,255.7,13
2026-09-29 02:41:37,WIFI,True,0.0,37.3,0,True,0.0,255.7,13
2026-09-29 02:41:38,WIFI,True,0.0,38.2,0,True,0.0,256.7,13
2026-09-29 02:41:39,WIFI,True,0.0,38.2,0,True,0.0,256.7,13
2026-09-29 02:41:40,WIFI,True,0.0,38.7,0,True,0.0,256.8,13
2026-09-29 02:41:41,WIFI,True,0.0,38.7,0,True,0.0,256.8,13
2026-09-29 02:41:42,WIFI,True,0.0,39.7,0,True,0.0,276.2,13
2026-09-29 02:41:43,WIFI,True,0.0,43.0,0,True,0.0,276.2,13
2026-09-29 02:41:44,WIFI,True,0.0,43.0,0,True,0.0,276.2,13
2026-09-29 02:41:45,WIFI,True,0.0,43.2,0,True,20.0,276.2,13
2026-09-29 02:41:46,WIFI,True,0.0,43.2,0,True,20.0,278.0,13
2026-09-29 02:41:48,WIFI,True,0.0,43.3,0,True,20.0,278.0,13
2026-09-29 02:41:49,WIFI,True,0.0,43.3,0,True,20.0,287.3,13
2026-09-29 02:41:50,WIFI,True,0.0,43.2,0,True,20.0,287.3,13
2026-09-29 02:41:51,WIFI,True,0.0,43.2,0,True,20.0,287.3,13
2026-09-29 02:41:52,WIFI,True,0.0,38.0,0,True,40.0,287.3,13
2026-09-29 02:41:53,WIFI,True,0.0,38.0,0,True,40.0,293.3,13
2026-09-29 02:41:54,WIFI,True,0.0,31.5,0,True,40.0,293.3,13
2026-09-29 02:41:55,WIFI,True,0.0,31.5,0,True,20.0,288.4,13
2026-09-29 02:41:56,WIFI,True,0.0,20.3,0,True,20.0,288.4,13
2026-09-29 02:41:57,WIFI,True,0.0,20.3,0,True,20.0,268.2,13
2026-09-29 02:41:58,WIFI,True,0.0,22.0,0,True,20.0,268.2,13
2026-09-29 02:41:59,WIFI,True,0.0,22.0,0,True,20.0,259.8,13
2026-09-29 02:42:00,WIFI,True,0.0,22.9,0,True,20.0,259.8,13
2026-09-29 02:42:01,WIFI,True,0.0,22.9,0,True,0.0,252.4,13
2026-09-29 02:42:02,WIFI,True,0.0,22.0,0,True,0.0,251.6,13
2026-09-29 02:42:03,WIFI,True,0.0,22.0,0,True,0.0,251.6,13
2026-09-29 02:42:04,WIFI,True,0.0,22.0,0,True,0.0,251.6,13
2026-09-29 02:42:05,WIFI,False,20.0,22.0,0,True,0.0,333.2,13
2026-09-29 02:42:06,LOWBITRATE,False,20.0,22.0,0,True,0.0,333.2,13
2026-09-29 02:42:07,LOWBITRATE,False,40.0,22.0,0,True,0.0,333.2,13
2026-09-29 02:42:08,LOWBITRATE,False,40.0,22.0,0,True,20.0,333.2,13
2026-09-29 02:42:09,LOWBITRATE,False,60.0,22.0,0,True,20.0,333.2,13
2026-09-29 02:42:10,LOWBITRATE,False,60.0,22.0,0,True,40.0,333.2,13
2026-09-29 02:42:11,LOWBITRATE,False,80.0,22.0,0,True,40.0,333.2,13
2026-09-29 02:42:12,,False,80.0,22.0,0,False,60.0,333.2,13
2026-09-29 02:42:13,,False,100.0,22.0,0,False,60.0,333.2,13
2026-09-29 02:42:14,,False,100.0,22.0,0,False,80.0,333.2,13
2026-09-29 02:42:15,,False,100.0,22.0,0,False,80.0,333.2,13
2026-09-29 02:42:16,,False,100.0,22.0,0,False,100.0,333.2,13
2026-09-29 02:42:17,,False,100.0,22.0,0,False,100.0,333.2,13
2026-09-29 02:42:18,,False,100.0,22.0,0,False,100.0,333.2,13
2026-09-29 02:42:19,,False,100.0,22.0,0,False,100.0,333.2,13
2026-09-29 02:42:20,,False,100.0,22.0,0,False,100.0,333.2,13
2026-09-29 02:42:21,,False,100.0,22.0,0,False,100.0,333.2,13
2026-09-29 02:42:22,,False,100.0,22.0,0,False,100.0,333.2,13
2026-09-29 02:42:23,,False,100.0,22.0,0,False,100.0,333.2,13
2026-09-29 02:42:24,,False,100.0,22.0,0,False,100.0,333.2,13
2026-09-29 02:42:25,,False,100.0,22.0,0,False,100.0,333.2,13
2026-09-29 02:42:26,,False,100.0,22.0,0,False,100.0,333.2,13
2026-09-29 02:42:27,,False,100.0,22.0,0,False,100.0,333.2,13
2026-09-29 02:42:28,,False,100.0,22.0,0,False,100.0,333.2,13
2026-09-29 02:42:29,,False,100.0,22.0,0,False,100.0,333.2,13
2026-09-29 02:42:30,,False,100.0,22.0,0,False,100.0,333.2,13
2026-09-29 02:42:31,,False,100.0,22.0,0,False,100.0,333.2,13
2026-09-29 02:42:32,,False,100.0,22.0,0,False,100.0,333.2,13
2026-09-29 02:42:33,,False,100.0,22.0,0,False,100.0,333.2,13
2026-09-29 02:42:34,,False,100.0,22.0,0,False,100.0,333.2,13
2026-09-29 02:42:35,,False,100.0,22.0,0,False,100.0,333.2,13
2026-09-29 02:42:36,,False,100.0,22.0,0,False,100.0,333.2,13
2026-09-29 02:42:37,,False,100.0,22.0,0,False,100.0,333.2,13
2026-09-29 02:42:38,,False,100.0,22.0,0,False,100.0,333.2,13
2026-09-29 02:42:39,,False,100.0,22.0,0,False,100.0,333.2,13
2026-09-29 02:42:40,,False,100.0,22.0,0,False,100.0,333.2,13
2026-09-29 02:42:41,,False,100.0,22.0,0,False,100.0,333.2,13
2026-09-29 02:42:42,,False,100.0,22.0,0,False,100.0,333.2,13
2026-09-29 02:42:43,,False,100.0,22.0,0,False,100.0,333.2,13
2026-09-29 02:42:44,,False,100.0,22.0,0,False,100.0,333.2,13
2026-09-29 02:42:45,,False,100.0,22.0,0,False,100.0,333.2,13
2026-09-29 02:42:46,,False,100.0,22.0,0,False,100.0,333.2,13
2026-09-29 02:42:47,,False,100.0,22.0,0,False,100.0,333.2,13
2026-09-29 02:42:48,,False,100.0,22.0,0,False,100.0,333.2,13
2026-09-29 02:42:49,,False,100.0,22.0,0,False,100.0,333.2,13
2026-09-29 02:42:50,,False,100.0,22.0,0,False,100.0,333.2,13
2026-09-29 02:42:51,,False,100.0,22.0,0,False,100.0,333.2,13
2026-09-29 02:42:52,,False,100.0,22.0,0,False,100.0,333.2,13
2026-09-29 02:42:53,,False,100.0,22.0,0,False,100.0,333.2,13
2026-09-29 02:42:54,,False,100.0,22.0,0,False,100.0,333.2,13
2026-09-29 02:42:55,,False,100.0,22.0,0,False,100.0,333.2,13
2026-09-29 02:42:56,,False,100.0,22.0,0,False,100.0,333.2,13
2026-09-29 02:42:57,,False,100.0,22.0,0,False,100.0,333.2,13
2026-09-29 02:42:58,,False,100.0,22.0,0,False,100.0,333.2,13
2026-09-29 02:42:59,,False,100.0,22.0,0,False,100.0,333.2,13
2026-09-29 02:43:00,,False,100.0,22.0,0,False,100.0,333.2,13
2026-09-29 02:43:01,,False,100.0,22.0,0,False,100.0,333.2,13
2026-09-29 02:43:02,,False,100.0,22.0,0,False,100.0,333.2,13
2026-09-29 02:43:03,,False,100.0,22.0,0,False,100.0,333.2,13
2026-09-29 02:43:04,,False,100.0,22.0,0,False,100.0,333.2,13
2026-09-29 02:43:05,,False,100.0,22.0,0,False,100.0,333.2,13
2026-09-29 02:43:06,,False,100.0,22.0,0,False,100.0,333.2,13
2026-09-29 02:43:07,,False,100.0,22.0,0,False,100.0,333.2,13
2026-09-29 02:43:08,,False,100.0,22.0,0,False,100.0,333.2,13
2026-09-29 02:43:09,,False,100.0,22.0,0,False,100.0,333.2,13
2026-09-29 02:43:10,,False,100.0,22.0,0,False,100.0,333.2,13
2026-09-29 02:43:11,,False,100.0,22.0,0,False,100.0,333.2,13
2026-09-29 02:43:12,,False,100.0,22.0,0,False,100.0,333.2,13
2026-09-29 02:43:13,,False,100.0,22.0,0,False,100.0,333.2,13
2026-09-29 02:43:14,,False,100.0,22.0,0,False,100.0,333.2,13
2026-09-29 02:43:15,,False,100.0,22.0,0,False,100.0,333.2,13
2026-09-29 02:43:16,,False,100.0,22.0,0,False,100.0,333.2,13
2026-09-29 02:43:17,,False,100.0,22.0,0,False,100.0,333.2,13
2026-09-29 02:43:18,,False,100.0,22.0,0,False,100.0,333.2,13
2026-09-29 02:43:19,,False,100.0,22.0,0,False,100.0,333.2,13
2026-09-29 02:43:20,,False,100.0,22.0,0,False,100.0,333.2,13
2026-09-29 02:43:21,,False,100.0,22.0,0,False,100.0,333.2,13
2026-09-29 02:43:23,,False,100.0,22.0,0,False,100.0,333.2,13
2026-09-29 02:43:24,,False,100.0,22.0,0,False,100.0,333.2,13
2026-09-29 02:43:25,,False,100.0,22.0,0,False,100.0,333.2,13
2026-09-29 02:43:26,,False,100.0,22.0,0,False,100.0,333.2,13
2026-09-29 02:43:27,,False,100.0,22.0,0,False,100.0,333.2,13
2026-09-29 02:43:28,,False,100.0,22.0,0,False,100.0,333.2,13
2026-09-29 02:43:29,,False,100.0,22.0,0,False,100.0,333.2,13
2026-09-29 02:43:30,,False,100.0,22.0,0,False,100.0,333.2,13
2026-09-29 02:43:31,,False,100.0,22.0,0,False,100.0,333.2,13
2026-09-29 02:43:32,,False,100.0,22.0,0,False,100.0,333.2,13
2026-09-29 02:43:33,,False,100.0,22.0,0,False,100.0,333.2,13
2026-09-29 02:43:34,,False,100.0,22.0,0,False,100.0,333.2,13
2026-09-29 02:43:35,,False,100.0,22.0,0,False,100.0,333.2,13
2026-09-29 02:43:36,,False,100.0,22.0,0,False,100.0,333.2,13
2026-09-29 02:43:37,,False,100.0,22.0,0,False,100.0,333.2,13
2026-09-29 02:43:38,,False,100.0,22.0,0,False,100.0,333.2,13
2026-09-29 02:43:39,,False,100.0,22.0,0,False,100.0,333.2,13
2026-09-29 02:43:40,,False,100.0,22.0,0,False,100.0,333.2,13
2026-09-29 02:43:41,,False,100.0,22.0,0,False,100.0,333.2,13
2026-09-29 02:43:42,,False,100.0,22.0,0,False,100.0,333.2,13
2026-09-29 02:43:43,,False,100.0,22.0,0,False,100.0,333.2,13
2026-09-29 02:43:44,,False,100.0,22.0,0,False,100.0,333.2,13
2026-09-29 02:43:45,,False,100.0,22.0,0,False,100.0,333.2,13
2026-09-29 02:43:46,,False,100.0,22.0,0,False,100.0,333.2,13
2026-09-29 02:43:47,,False,100.0,22.0,0,False,100.0,333.2,13
2026-09-29 02:43:48,,False,100.0,22.0,0,False,100.0,333.2,13
2026-09-29 02:43:49,,False,100.0,22.0,0,False,100.0,333.2,13
2026-09-29 02:43:50,,False,100.0,22.0,0,False,100.0,333.2,13
2026-09-29 02:43:51,,False,100.0,22.0,0,False,100.0,333.2,13
2026-09-29 02:43:52,,False,100.0,22.0,0,False,100.0,333.2,13
2026-09-29 02:43:53,,False,100.0,22.0,0,False,100.0,333.2,13
2026-09-29 02:43:54,,False,100.0,22.0,0,False,100.0,333.2,13
2026-09-29 02:43:55,,False,100.0,22.0,0,False,100.0,333.2,13
2026-09-29 02:43:56,,False,100.0,22.0,0,False,100.0,333.2,13
2026-09-29 02:43:57,,False,100.0,22.0,0,False,100.0,333.2,13
2026-09-29 02:43:58,,False,100.0,22.0,0,False,100.0,333.2,13
2026-09-29 02:43:59,,False,100.0,22.0,0,False,100.0,333.2,13
2026-09-29 02:44:00,,False,100.0,22.0,0,False,100.0,333.2,13
2026-09-29 02:44:01,,False,100.0,22.0,0,False,100.0,333.2,13
2026-09-29 02:44:02,,False,100.0,22.0,0,False,100.0,333.2,13
2026-09-29 02:44:03,,False,100.0,22.0,0,False,100.0,333.2,13
2026-09-29 02:44:04,,False,100.0,22.0,0,False,100.0,333.2,13
2026-09-29 02:44:05,,False,100.0,22.0,0,False,100.0,333.2,13
2026-09-29 02:44:06,,False,100.0,22.0,0,False,100.0,333.2,13
2026-09-29 02:44:07,,False,100.0,22.0,0,False,100.0,333.2,13
2026-09-29 02:44:08,,False,100.0,22.0,0,False,100.0,333.2,13
2026-09-29 02:44:09,,False,100.0,22.0,0,False,100.0,333.2,13
2026-09-29 02:44:10,,False,100.0,22.0,0,False,100.0,333.2,13
2026-09-29 02:44:11,,False,100.0,22.0,0,False,100.0,333.2,13
2026-09-29 02:44:12,,False,100.0,22.0,0,False,100.0,333.2,13
2026-09-29 02:44:13,,False,100.0,22.0,0,False,100.0,333.2,13
2026-09-29 02:44:14,,False,100.0,22.0,0,False,100.0,333.2,13
2026-09-29 02:44:15,,False,100.0,22.0,0,False,100.0,333.2,13
2026-09-29 02:44:16,,False,100.0,22.0,0,False,100.0,333.2,13
2026-09-29 02:44:17,,False,100.0,22.0,0,False,100.0,333.2,13
2026-09-29 02:44:18,,False,100.0,22.0,0,False,100.0,333.2,13
2026-09-29 02:44:19,,False,100.0,22.0,0,False,100.0,333.2,13
2026-09-29 02:44:20,,False,100.0,22.0,0,False,100.0,333.2,13
2026-09-29 02:44:21,,False,100.0,22.0,0,False,100.0,333.2,13
2026-09-29 02:44:22,,False,100.0,22.0,0,False,100.0,333.2,13
2026-09-29 02:44:23,,False,80.0,18.1,0,False,80.0,323.5,13
2026-09-29 02:44:24,,False,80.0,18.1,0,False,80.0,323.5,13
2026-09-29 02:44:25,,False,60.0,17.4,0,False,80.0,323.5,13
2026-09-29 02:44:26,,False,60.0,17.4,0,False,80.0,323.5,13
2026-09-29 02:44:27,,False,40.0,21.2,0,False,60.0,347.1,13
2026-09-29 02:44:28,,False,40.0,21.2,0,False,60.0,347.1,13
2026-09-29 02:44:29,,False,20.0,27.8,0,True,40.0,343.6,13
2026-09-29 02:44:30,,False,20.0,27.8,0,True,40.0,343.6,13
2026-09-29 02:44:31,LOWBITRATE,True,0.0,27.7,0,True,20.0,401.7,13
2026-09-29 02:44:32,LOWBITRATE,True,0.0,27.7,0,True,20.0,401.7,13
2026-09-29 02:44:33,LOWBITRATE,True,0.0,24.7,0,True,20.0,404.7,13
2026-09-29 02:44:34,LOWBITRATE,True,0.0,24.7,0,True,20.0,404.7,13
2026-09-29 02:44:35,LOWBITRATE,True,0.0,24.7,0,True,0.0,438.9,13
2026-09-29 02:44:36,LOWBITRATE,True,0.0,24.7,0,True,0.0,438.9,13
2026-09-29 02:44:37,WIFI,True,0.0,22.1,0,True,0.0,437.5,13
2026-09-29 02:44:38,WIFI,True,0.0,20.8,0,True,0.0,437.5,13
2026-09-29 02:44:39,WIFI,True,0.0,20.8,0,True,0.0,448.4,13
2026-09-29 02:44:40,WIFI,True,0.0,20.5,0,True,0.0,448.4,13
2026-09-29 02:44:41,WIFI,True,0.0,20.5,0,True,0.0,448.4,13
2026-09-29 02:44:42,WIFI,True,0.0,21.4,0,True,0.0,448.4,13
2026-09-29 02:44:43,WIFI,True,0.0,21.4,0,True,0.0,374.0,13
2026-09-29 02:44:44,WIFI,True,0.0,21.3,0,True,0.0,374.0,13
2026-09-29 02:44:45,WIFI,True,0.0,21.3,0,True,0.0,364.3,13
2026-09-29 02:44:46,WIFI,True,0.0,17.4,0,True,0.0,364.3,13
2026-09-29 02:44:47,WIFI,True,0.0,17.4,0,True,0.0,364.3,13
2026-09-29 02:44:48,WIFI,True,0.0,11.0,0,True,20.0,364.3,13
2026-09-29 02:44:49,WIFI,True,0.0,11.0,0,True,20.0,339.0,13
2026-09-29 02:44:50,WIFI,True,0.0,11.7,0,True,20.0,339.0,13
2026-09-29 02:44:51,WIFI,True,0.0,11.7,0,True,20.0,333.0,13
2026-09-29 02:44:52,WIFI,True,0.0,11.5,0,True,20.0,333.0,13
2026-09-29 02:44:53,WIFI,True,0.0,11.5,0,True,20.0,268.9,13
2026-09-29 02:44:54,WIFI,True,0.0,11.3,0,True,20.0,268.9,13
2026-09-29 02:44:55,WIFI,True,0.0,11.3,0,True,20.0,268.9,13
2026-09-29 02:44:56,WIFI,True,0.0,11.5,0,True,40.0,268.9,13
2026-09-29 02:44:57,WIFI,True,0.0,11.5,0,True,20.0,266.0,13
2026-09-29 02:44:59,WIFI,True,0.0,11.6,0,True,20.0,266.0,13
2026-09-29 02:45:00,WIFI,True,0.0,11.6,0,True,20.0,228.4,13
2026-09-29 02:45:01,WIFI,True,0.0,11.8,0,True,20.0,228.4,13
2026-09-29 02:45:02,WIFI,True,0.0,11.8,0,True,20.0,241.7,13
2026-09-29 02:45:03,WIFI,True,0.0,16.2,0,True,20.0,241.7,13
2026-09-29 02:45:04,WIFI,True,0.0,16.2,0,True,20.0,230.5,13
2026-09-29 02:45:05,WIFI,True,0.0,17.2,0,True,20.0,230.5,13
2026-09-29 02:45:06,WIFI,True,0.0,17.2,0,True,0.0,231.4,13
2026-09-29 02:45:07,WIFI,True,0.0,17.3,0,True,0.0,231.4,14
2026-09-29 02:45:08,WIFI,True,0.0,17.3,0,True,0.0,225.1,14
2026-09-29 02:45:09,WIFI,True,0.0,17.3,0,True,0.0,225.1,14
2026-09-29 02:45:10,WIFI,True,0.0,17.3,0,True,0.0,224.5,14
2026-09-29 02:45:11,WIFI,True,0.0,16.5,0,True,0.0,224.5,14
2026-09-29 02:45:12,WIFI,True,0.0,16.5,0,True,0.0,224.5,14
2026-09-29 02:45:13,WIFI,True,0.0,16.4,0,True,20.0,224.5,14
2026-09-29 02:45:14,WIFI,True,0.0,16.4,0,True,20.0,224.0,14
2026-09-29 02:45:15,WIFI,True,0.0,15.8,0,True,20.0,224.0,14
2026-09-29 02:45:16,WIFI,True,0.0,15.8,0,True,20.0,224.5,14
2026-09-29 02:45:17,WIFI,True,0.0,15.8,0,True,20.0,224.5,14
2026-09-29 02:45:18,WIFI,True,0.0,15.8,0,True,20.0,224.4,14
2026-09-29 02:45:19,WIFI,True,0.0,15.6,0,True,20.0,224.4,14
2026-09-29 02:45:20,WIFI,True,0.0,15.6,0,True,20.0,224.4,14
2026-09-29 02:45:21,WIFI,True,0.0,15.0,0,True,40.0,224.4,14
2026-09-29 02:45:22,WIFI,True,0.0,15.0,0,True,20.0,228.9,14
2026-09-29 02:45:23,WIFI,True,0.0,9.8,0,True,20.0,230.0,14
2026-09-29 02:45:24,WIFI,True,0.0,9.8,0,True,20.0,230.0,14
2026-09-29 02:45:25,WIFI,True,0.0,9.6,0,True,20.0,218.4,14
2026-09-29 02:45:26,WIFI,True,0.0,9.6,0,True,20.0,218.4,14
2026-09-29 02:45:27,WIFI,True,0.0,9.6,0,True,20.0,218.4,14
2026-09-29 02:45:28,WIFI,True,0.0,9.6,0,True,20.0,218.4,14
2026-09-29 02:45:29,WIFI,True,0.0,9.5,0,True,20.0,218.1,14
2026-09-29 02:45:30,WIFI,True,0.0,9.5,0,True,20.0,218.1,14
2026-09-29 02:45:31,WIFI,True,0.0,9.6,0,True,20.0,217.4,14
2026-09-29 02:45:32,WIFI,True,0.0,9.6,0,True,20.0,217.4,14
2026-09-29 02:45:33,WIFI,True,0.0,9.6,0,True,20.0,217.4,14
2026-09-29 02:45:34,WIFI,True,0.0,9.6,0,True,20.0,217.4,14
2026-09-29 02:45:35,WIFI,True,0.0,10.2,0,True,40.0,216.8,14
2026-09-29 02:45:36,WIFI,True,0.0,10.2,0,True,40.0,216.8,14
2026-09-29 02:45:37,WIFI,True,0.0,10.9,0,True,20.0,216.6,14
2026-09-29 02:45:38,WIFI,True,0.0,10.9,0,True,20.0,216.6,14
2026-09-29 02:45:39,WIFI,True,0.0,11.7,0,True,20.0,217.0,14
2026-09-29 02:45:40,WIFI,True,0.0,11.7,0,True,20.0,217.0,14
2026-09-29 02:45:41,WIFI,True,0.0,11.7,0,True,20.0,217.0,14
2026-09-29 02:45:42,WIFI,True,0.0,11.7,0,True,20.0,217.0,14
2026-09-29 02:45:43,WIFI,True,0.0,11.9,0,True,20.0,217.4,14
2026-09-29 02:45:44,WIFI,True,0.0,11.9,0,True,20.0,217.4,14
2026-09-29 02:45:45,WIFI,True,0.0,13.3,0,True,20.0,217.8,14
2026-09-29 02:45:46,WIFI,True,0.0,13.3,0,True,20.0,217.8,14
2026-09-29 02:45:47,WIFI,True,0.0,12.7,0,True,20.0,217.8,14
2026-09-29 02:45:48,WIFI,True,0.0,12.7,0,True,20.0,217.8,14
2026-09-29 02:45:49,WIFI,True,0.0,13.1,0,True,40.0,217.8,15
2026-09-29 02:45:50,WIFI,True,0.0,13.1,0,True,40.0,217.8,15
2026-09-29 02:45:51,WIFI,True,0.0,13.0,0,False,60.0,217.8,15
2026-09-29 02:45:52,WIFI,True,0.0,13.0,0,False,60.0,217.8,15
2026-09-29 02:45:53,WIFI,True,0.0,13.1,0,False,60.0,217.8,15
2026-09-29 02:45:54,WIFI,True,0.0,13.1,0,False,60.0,217.8,15
2026-09-29 02:45:55,WIFI,True,0.0,13.3,0,False,80.0,217.8,15
2026-09-29 02:45:56,WIFI,True,0.0,13.3,0,False,80.0,217.8,15
2026-09-29 02:45:57,WIFI,True,0.0,12.6,0,False,100.0,217.8,15
2026-09-29 02:45:58,WIFI,True,0.0,12.6,0,False,100.0,217.8,15
2026-09-29 02:45:59,WIFI,True,0.0,12.4,0,False,80.0,212.8,16
2026-09-29 02:46:00,WIFI,True,0.0,12.4,0,False,80.0,212.8,16
2026-09-29 02:46:01,WIFI,True,0.0,12.3,0,False,80.0,212.8,16
2026-09-29 02:46:02,WIFI,True,0.0,12.3,0,False,80.0,212.8,16
2026-09-29 02:46:03,WIFI,True,0.0,15.9,0,False,80.0,212.8,16
2026-09-29 02:46:04,WIFI,True,0.0,15.9,0,False,80.0,212.8,16
2026-09-29 02:46:05,WIFI,True,0.0,14.6,0,False,60.0,212.6,16
2026-09-29 02:46:06,WIFI,True,0.0,14.6,0,False,60.0,212.6,16
2026-09-29 02:46:07,WIFI,True,0.0,15.2,0,True,40.0,216.4,16
2026-09-29 02:46:08,WIFI,True,0.0,15.2,0,True,40.0,216.4,16
2026-09-29 02:46:09,WIFI,True,0.0,16.1,0,True,40.0,218.1,16
2026-09-29 02:46:10,WIFI,True,0.0,16.1,0,True,40.0,218.1,16
2026-09-29 02:46:11,WIFI,True,0.0,16.5,0,True,40.0,218.1,16
2026-09-29 02:46:12,WIFI,True,0.0,16.5,0,True,40.0,218.1,16
2026-09-29 02:46:13,WIFI,True,0.0,17.1,0,True,40.0,218.1,16
2026-09-29 02:46:14,WIFI,True,0.0,17.1,0,True,40.0,218.1,16
2026-09-29 02:46:15,WIFI,True,0.0,17.2,0,True,40.0,219.1,16
2026-09-29 02:46:16,WIFI,True,0.0,17.2,0,True,40.0,219.1,16
2026-09-29 02:46:17,WIFI,True,0.0,17.9,0,True,40.0,219.5,16
2026-09-29 02:46:18,WIFI,True,0.0,17.9,0,True,40.0,219.5,16
2026-09-29 02:46:19,WIFI,True,0.0,17.3,0,True,40.0,219.9,16
2026-09-29 02:46:20,WIFI,True,0.0,17.3,0,True,40.0,219.9,16
2026-09-29 02:46:21,WIFI,True,0.0,17.6,0,True,20.0,220.4,16
2026-09-29 02:46:22,WIFI,True,0.0,17.6,0,True,20.0,220.4,16
2026-09-29 02:46:23,WIFI,True,0.0,17.6,0,True,20.0,220.4,16
2026-09-29 02:46:24,WIFI,True,0.0,17.6,0,True,20.0,220.4,16
2026-09-29 02:46:25,WIFI,True,0.0,20.5,0,True,20.0,222.4,16
2026-09-29 02:46:26,WIFI,True,0.0,20.5,0,True,20.0,222.4,16
2026-09-29 02:46:27,WIFI,True,0.0,22.2,0,True,20.0,223.4,16
2026-09-29 02:46:28,WIFI,True,0.0,22.2,0,True,20.0,223.4,16
2026-09-29 02:46:29,WIFI,True,0.0,23.3,0,True,20.0,223.9,16
2026-09-29 02:46:30,WIFI,True,0.0,23.3,0,True,20.0,223.9,16
2026-09-29 02:46:31,WIFI,True,0.0,22.9,0,True,20.0,223.6,16
2026-09-29 02:46:32,WIFI,True,0.0,22.9,0,True,20.0,223.6,16
2026-09-29 02:46:33,WIFI,True,0.0,24.5,0,True,20.0,223.6,16
2026-09-29 02:46:34,WIFI,True,0.0,24.5,0,True,20.0,223.6,16
2026-09-29 02:46:35,WIFI,True,0.0,24.0,0,True,20.0,219.7,16
2026-09-29 02:46:36,WIFI,True,0.0,24.0,0,True,20.0,219.7,16
2026-09-29 02:46:37,WIFI,True,0.0,23.4,0,True,20.0,218.8,16
2026-09-29 02:46:38,WIFI,True,0.0,23.4,0,True,20.0,218.8,16
2026-09-29 02:46:39,WIFI,True,0.0,24.5,0,True,20.0,218.4,16
2026-09-29 02:46:40,WIFI,True,0.0,24.5,0,True,20.0,218.4,16
2026-09-29 02:46:41,WIFI,True,0.0,25.2,0,True,20.0,217.8,16
2026-09-29 02:46:42,WIFI,True,0.0,25.2,0,True,20.0,217.8,16
2026-09-29 02:46:44,WIFI,True,0.0,21.5,0,True,0.0,218.6,16
2026-09-29 02:46:45,WIFI,True,0.0,21.5,0,True,0.0,218.6,16
2026-09-29 02:46:46,WIFI,True,0.0,18.5,0,True,0.0,218.6,16
2026-09-29 02:46:47,WIFI,True,0.0,18.5,0,True,0.0,218.6,17
2026-09-29 02:46:48,WIFI,True,0.0,15.8,0,True,0.0,216.6,17
2026-09-29 02:46:49,WIFI,True,0.0,15.8,0,True,0.0,216.6,17
2026-09-29 02:46:50,WIFI,True,0.0,14.2,0,True,0.0,216.6,17
2026-09-29 02:46:51,WIFI,True,0.0,14.2,0,True,20.0,216.6,17
2026-09-29 02:46:52,WIFI,True,0.0,14.3,0,True,20.0,216.6,17
2026-09-29 02:46:53,WIFI,True,0.0,14.3,0,True,40.0,216.6,17
2026-09-29 02:46:54,WIFI,True,0.0,12.4,0,True,40.0,216.5,17
2026-09-29 02:46:55,WIFI,True,0.0,12.4,0,True,40.0,216.5,17
2026-09-29 02:46:56,WIFI,True,0.0,12.0,0,True,40.0,216.4,17
2026-09-29 02:46:57,WIFI,True,0.0,12.0,0,True,40.0,216.4,17
2026-09-29 02:46:58,WIFI,True,0.0,15.7,0,True,40.0,216.2,17
2026-09-29 02:46:59,WIFI,True,0.0,15.7,0,True,40.0,216.2,17
2026-09-29 02:47:00,WIFI,True,0.0,14.8,0,True,20.0,225.8,17
2026-09-29 02:47:01,WIFI,True,0.0,14.8,0,True,20.0,225.8,17
2026-09-29 02:47:02,WIFI,True,0.0,14.1,0,True,0.0,226.0,17
2026-09-29 02:47:03,WIFI,True,0.0,14.1,0,True,0.0,226.0,17
2026-09-29 02:47:04,WIFI,True,0.0,13.7,0,True,0.0,226.0,17
2026-09-29 02:47:05,WIFI,True,0.0,13.7,0,True,0.0,226.0,17
2026-09-29 02:47:06,WIFI,True,0.0,13.7,0,True,0.0,225.7,17
2026-09-29 02:47:07,WIFI,True,0.0,13.7,0,True,0.0,225.7,17
2026-09-29 02:47:08,WIFI,True,0.0,13.8,0,True,0.0,224.9,17
2026-09-29 02:47:09,WIFI,True,0.0,13.8,0,True,0.0,224.9,17
2026-09-29 02:47:10,WIFI,True,0.0,13.4,0,True,0.0,224.1,17
2026-09-29 02:47:11,WIFI,True,0.0,13.4,0,True,0.0,224.1,17
2026-09-29 02:47:12,WIFI,True,0.0,13.2,0,True,0.0,223.9,17
2026-09-29 02:47:13,WIFI,True,0.0,13.2,0,True,0.0,223.9,17
2026-09-29 02:47:14,WIFI,True,0.0,13.6,0,True,0.0,220.9,17
2026-09-29 02:47:15,WIFI,True,0.0,13.6,0,True,0.0,220.9,17
2026-09-29 02:47:16,WIFI,True,0.0,14.0,0,True,0.0,221.2,17
2026-09-29 02:47:17,WIFI,True,0.0,14.0,0,True,0.0,221.2,17
2026-09-29 02:47:18,WIFI,True,0.0,10.1,0,True,0.0,222.6,17
2026-09-29 02:47:19,WIFI,True,0.0,10.1,0,True,0.0,222.6,17
2026-09-29 02:47:20,WIFI,True,0.0,10.7,0,True,0.0,214.6,17
2026-09-29 02:47:21,WIFI,True,0.0,10.7,0,True,0.0,214.6,17
2026-09-29 02:47:22,WIFI,True,0.0,15.3,0,True,0.0,217.5,17
2026-09-29 02:47:23,WIFI,True,0.0,15.3,0,True,0.0,217.5,17
2026-09-29 02:47:24,WIFI,True,0.0,17.5,0,True,0.0,224.5,17
2026-09-29 02:47:25,WIFI,True,0.0,17.5,0,True,0.0,224.5,17
2026-09-29 02:47:26,WIFI,True,0.0,17.4,0,True,0.0,225.5,17
2026-09-29 02:47:27,WIFI,True,0.0,17.4,0,True,0.0,225.5,17
2026-09-29 02:47:28,WIFI,True,0.0,17.9,0,True,0.0,225.2,17
2026-09-29 02:47:29,WIFI,True,0.0,17.9,0,True,0.0,225.2,17
2026-09-29 02:47:30,WIFI,True,0.0,18.2,0,True,0.0,226.0,17
2026-09-29 02:47:31,WIFI,True,0.0,18.2,0,True,0.0,226.0,17
2026-09-29 02:47:32,WIFI,True,0.0,18.7,0,True,0.0,225.9,17
2026-09-29 02:47:33,WIFI,True,0.0,18.7,0,True,0.0,225.9,17
2026-09-29 02:47:34,WIFI,True,0.0,18.6,0,True,0.0,228.0,17
2026-09-29 02:47:35,WIFI,True,0.0,18.6,0,True,0.0,228.0,17
2026-09-29 02:47:36,WIFI,True,0.0,18.2,0,True,0.0,227.2,17
2026-09-29 02:47:37,WIFI,True,0.0,18.2,0,True,0.0,227.2,17
2026-09-29 02:47:38,WIFI,True,0.0,18.5,0,True,0.0,226.6,17
2026-09-29 02:47:39,WIFI,True,0.0,18.5,0,True,0.0,226.6,17
2026-09-29 02:47:40,WIFI,True,0.0,17.8,0,True,0.0,226.6,17
2026-09-29 02:47:41,WIFI,True,0.0,17.8,0,True,20.0,226.6,17
2026-09-29 02:47:42,WIFI,True,0.0,13.1,0,True,20.0,225.0,17
2026-09-29 02:47:43,WIFI,True,0.0,13.1,0,True,20.0,225.0,17
2026-09-29 02:47:44,WIFI,True,0.0,14.3,0,True,20.0,222.7,17
2026-09-29 02:47:45,WIFI,True,0.0,14.3,0,True,20.0,222.7,17
2026-09-29 02:47:46,WIFI,True,0.0,18.6,0,True,20.0,215.5,17
2026-09-29 02:47:47,WIFI,True,0.0,18.6,0,True,20.0,215.5,17
2026-09-29 02:47:48,WIFI,True,0.0,23.8,0,True,20.0,215.5,17
2026-09-29 02:47:49,WIFI,True,0.0,23.8,0,True,40.0,215.5,17
2026-09-29 02:47:50,WIFI,True,0.0,23.2,0,True,20.0,215.2,17
2026-09-29 02:47:51,WIFI,True,0.0,23.2,0,True,20.0,215.2,17
2026-09-29 02:47:52,WIFI,True,0.0,23.8,0,True,20.0,215.2,17
2026-09-29 02:47:53,WIFI,True,0.0,23.8,0,True,20.0,215.2,17
2026-09-29 02:47:54,WIFI,True,0.0,23.6,0,True,20.0,214.5,17
2026-09-29 02:47:55,WIFI,True,0.0,23.6,0,True,20.0,214.5,17
2026-09-29 02:47:56,WIFI,True,0.0,24.6,0,True,20.0,213.6,17
2026-09-29 02:47:57,WIFI,True,0.0,24.6,0,True,20.0,213.6,17
2026-09-29 02:47:58,WIFI,True,0.0,24.2,0,True,0.0,212.8,17
2026-09-29 02:47:59,WIFI,True,0.0,24.3,0,True,0.0,212.8,17
2026-09-29 02:48:00,WIFI,True,0.0,24.3,0,True,0.0,213.1,17
2026-09-29 02:48:01,WIFI,True,0.0,24.0,0,True,0.0,213.1,17
2026-09-29 02:48:02,WIFI,True,0.0,24.0,0,True,0.0,213.1,17
2026-09-29 02:48:03,WIFI,True,0.0,21.6,0,True,0.0,213.1,17
2026-09-29 02:48:04,WIFI,True,0.0,21.6,0,True,0.0,212.9,17
2026-09-29 02:48:05,WIFI,True,0.0,17.6,0,True,0.0,212.9,17
2026-09-29 02:48:06,WIFI,True,0.0,17.6,0,True,0.0,212.2,17
2026-09-29 02:48:07,WIFI,True,0.0,11.9,0,True,0.0,212.2,17
2026-09-29 02:48:08,WIFI,True,0.0,11.9,0,True,0.0,218.5,17
2026-09-29 02:48:09,WIFI,True,0.0,14.0,0,True,0.0,218.5,17
2026-09-29 02:48:10,WIFI,True,0.0,14.0,0,True,0.0,219.1,17
2026-09-29 02:48:11,WIFI,True,0.0,14.6,0,True,0.0,219.1,17
2026-09-29 02:48:12,WIFI,True,0.0,14.6,0,True,0.0,220.1,17
2026-09-29 02:48:13,WIFI,True,0.0,14.2,0,True,0.0,220.1,17
2026-09-29 02:48:14,WIFI,True,0.0,14.2,0,True,0.0,220.1,17
2026-09-29 02:48:15,WIFI,True,0.0,13.5,0,True,20.0,220.1,17
2026-09-29 02:48:16,WIFI,True,0.0,13.5,0,True,20.0,220.0,18
2026-09-29 02:48:17,WIFI,True,0.0,14.5,0,True,20.0,220.0,18
2026-09-29 02:48:18,WIFI,True,0.0,14.5,0,True,20.0,221.2,18
2026-09-29 02:48:19,WIFI,True,0.0,14.5,0,True,20.0,221.2,18
2026-09-29 02:48:20,WIFI,True,0.0,14.5,0,True,20.0,221.2,18
2026-09-29 02:48:22,WIFI,True,0.0,14.8,0,True,40.0,221.2,18
2026-09-29 02:48:23,WIFI,True,0.0,14.8,0,True,40.0,221.7,18
2026-09-29 02:48:24,WIFI,True,0.0,13.9,0,True,40.0,221.7,18
2026-09-29 02:48:25,WIFI,True,0.0,13.9,0,True,20.0,221.7,18
2026-09-29 02:48:26,WIFI,True,0.0,13.0,0,True,20.0,221.7,18
2026-09-29 02:48:27,WIFI,True,0.0,13.0,0,True,20.0,221.8,18
2026-09-29 02:48:28,WIFI,True,0.0,13.0,0,True,20.0,221.8,18
2026-09-29 02:48:29,WIFI,True,0.0,13.0,0,True,20.0,222.4,18
2026-09-29 02:48:30,WIFI,True,0.0,11.4,0,True,20.0,222.4,18
2026-09-29 02:48:31,WIFI,True,0.0,11.4,0,True,20.0,222.4,18
2026-09-29 02:48:32,WIFI,True,0.0,10.7,0,True,20.0,222.4,18
2026-09-29 02:48:33,WIFI,True,0.0,10.7,0,True,20.0,223.1,18
2026-09-29 02:48:34,WIFI,True,0.0,10.6,0,True,20.0,217.1,18
2026-09-29 02:48:35,WIFI,True,0.0,10.6,0,True,20.0,217.1,18
2026-09-29 02:48:36,WIFI,True,0.0,11.3,0,True,20.0,216.1,18
2026-09-29 02:48:37,WIFI,True,0.0,11.3,0,True,20.0,216.1,18
2026-09-29 02:48:38,WIFI,True,0.0,11.2,0,True,20.0,215.0,18
2026-09-29 02:48:39,WIFI,True,0.0,11.2,0,True,20.0,215.0,18
2026-09-29 02:48:40,WIFI,True,0.0,11.3,0,True,0.0,214.9,18
2026-09-29 02:48:41,WIFI,True,0.0,11.3,0,True,0.0,214.9,18
2026-09-29 02:48:42,WIFI,True,0.0,13.7,0,True,0.0,214.9,18
2026-09-29 02:48:43,WIFI,True,0.0,13.7,0,True,0.0,214.9,18
2026-09-29 02:48:44,WIFI,True,0.0,14.6,0,True,20.0,213.7,18
2026-09-29 02:48:45,WIFI,True,0.0,14.6,0,True,20.0,213.7,18
2026-09-29 02:48:46,WIFI,True,0.0,14.9,0,True,20.0,213.7,18
2026-09-29 02:48:47,WIFI,True,0.0,14.9,0,True,20.0,213.7,18
2026-09-29 02:48:48,WIFI,True,0.0,15.8,0,True,40.0,213.4,18
2026-09-29 02:48:49,WIFI,True,0.0,15.8,0,True,40.0,213.4,18
2026-09-29 02:48:50,WIFI,True,0.0,16.1,0,True,40.0,213.8,18
2026-09-29 02:48:51,WIFI,True,0.0,16.1,0,True,40.0,213.8,18
2026-09-29 02:48:52,WIFI,True,0.0,17.6,0,True,40.0,213.8,18
2026-09-29 02:48:53,WIFI,True,0.0,17.6,0,True,40.0,213.8,18
2026-09-29 02:48:54,WIFI,True,0.0,17.7,0,True,40.0,213.0,18
2026-09-29 02:48:55,WIFI,True,0.0,17.7,0,True,40.0,213.0,18
2026-09-29 02:48:56,WIFI,True,0.0,17.4,0,True,20.0,211.8,18
2026-09-29 02:48:57,WIFI,True,0.0,17.4,0,True,20.0,211.8,18
2026-09-29 02:48:58,WIFI,True,0.0,17.1,0,True,20.0,219.1,18
2026-09-29 02:48:59,WIFI,True,0.0,17.1,0,True,20.0,219.1,18
2026-09-29 02:49:00,WIFI,True,0.0,17.7,0,True,20.0,226.8,18
2026-09-29 02:49:01,WIFI,True,0.0,17.7,0,True,20.0,226.8,18
2026-09-29 02:49:02,WIFI,True,0.0,16.8,0,True,0.0,234.4,18
2026-09-29 02:49:03,WIFI,True,0.0,16.8,0,True,0.0,234.4,18
2026-09-29 02:49:04,WIFI,True,0.0,20.2,0,True,0.0,235.4,18
2026-09-29 02:49:05,WIFI,True,0.0,20.2,0,True,0.0,235.4,18
2026-09-29 02:49:06,WIFI,True,0.0,20.0,0,True,0.0,236.4,18
2026-09-29 02:49:07,WIFI,True,0.0,20.0,0,True,0.0,236.4,18
2026-09-29 02:49:08,WIFI,True,0.0,19.1,0,True,0.0,239.3,18
2026-09-29 02:49:09,WIFI,True,0.0,19.1,0,True,0.0,239.3,18
2026-09-29 02:49:10,WIFI,True,0.0,18.2,0,True,0.0,240.1,18
2026-09-29 02:49:11,WIFI,True,0.0,18.2,0,True,0.0,240.1,18
2026-09-29 02:49:12,WIFI,True,0.0,16.6,0,True,0.0,239.8,18
2026-09-29 02:49:13,WIFI,True,0.0,16.6,0,True,0.0,239.8,18
2026-09-29 02:49:14,WIFI,True,0.0,17.2,0,True,0.0,240.4,18
2026-09-29 02:49:15,WIFI,True,0.0,17.2,0,True,0.0,240.4,18
2026-09-29 02:49:16,WIFI,True,0.0,16.9,0,True,0.0,240.9,18
2026-09-29 02:49:17,WIFI,True,0.0,16.9,0,True,0.0,240.9,18
2026-09-29 02:49:18,WIFI,True,0.0,17.3,0,True,0.0,240.9,18
2026-09-29 02:49:19,WIFI,True,0.0,17.3,0,True,20.0,240.9,18
2026-09-29 02:49:20,WIFI,True,0.0,16.4,0,True,20.0,232.4,18
2026-09-29 02:49:21,WIFI,True,0.0,16.4,0,True,20.0,232.4,18
2026-09-29 02:49:22,WIFI,True,0.0,14.9,0,True,20.0,224.0,18
2026-09-29 02:49:23,WIFI,True,0.0,14.9,0,True,20.0,224.0,18
2026-09-29 02:49:24,WIFI,True,0.0,10.6,0,True,20.0,218.6,18
2026-09-29 02:49:25,WIFI,True,0.0,10.6,0,True,20.0,218.6,18
2026-09-29 02:49:26,WIFI,True,0.0,12.8,0,True,20.0,218.0,18
2026-09-29 02:49:27,WIFI,True,0.0,12.8,0,True,20.0,218.0,18
2026-09-29 02:49:28,WIFI,True,0.0,13.1,0,True,0.0,219.6,18
2026-09-29 02:49:29,WIFI,True,0.0,13.1,0,True,0.0,219.6,18
2026-09-29 02:49:30,WIFI,True,0.0,15.0,0,True,0.0,219.6,18
2026-09-29 02:49:31,WIFI,True,0.0,15.0,0,True,20.0,219.6,19
2026-09-29 02:49:32,WIFI,True,0.0,14.3,0,True,20.0,217.2,19
2026-09-29 02:49:33,WIFI,True,0.0,14.3,0,True,20.0,217.2,19
2026-09-29 02:49:34,WIFI,True,0.0,13.5,0,True,20.0,216.2,19
2026-09-29 02:49:35,WIFI,True,0.0,13.5,0,True,20.0,216.2,19
2026-09-29 02:49:36,WIFI,True,0.0,13.3,0,True,20.0,215.6,19
2026-09-29 02:49:37,WIFI,True,0.0,13.3,0,True,20.0,215.6,19
2026-09-29 02:49:38,WIFI,True,0.0,12.8,0,True,20.0,213.7,19
2026-09-29 02:49:39,WIFI,True,0.0,12.8,0,True,20.0,213.7,19
2026-09-29 02:49:40,WIFI,True,0.0,13.2,0,True,0.0,213.7,19
2026-09-29 02:49:41,WIFI,True,0.0,13.2,0,True,0.0,213.7,19
2026-09-29 02:49:42,WIFI,True,0.0,13.1,0,True,0.0,213.6,19
2026-09-29 02:49:43,WIFI,True,0.0,13.1,0,True,0.0,213.6,19
2026-09-29 02:49:44,WIFI,True,0.0,13.7,0,True,0.0,213.3,19
2026-09-29 02:49:45,WIFI,True,0.0,13.7,0,True,0.0,213.3,19
2026-09-29 02:49:46,WIFI,True,0.0,11.2,0,True,0.0,211.2,19
2026-09-29 02:49:47,WIFI,True,0.0,11.2,0,True,0.0,211.2,19
2026-09-29 02:49:48,WIFI,True,0.0,11.6,0,True,0.0,220.1,19
2026-09-29 02:49:49,WIFI,True,0.0,11.6,0,True,0.0,220.1,19
2026-09-29 02:49:50,WIFI,True,0.0,10.7,0,True,0.0,217.6,19
2026-09-29 02:49:51,WIFI,True,0.0,10.7,0,True,0.0,217.6,19
2026-09-29 02:49:52,WIFI,True,0.0,11.1,0,True,0.0,217.6,19
2026-09-29 02:49:53,WIFI,True,0.0,11.1,0,True,20.0,217.6,19
2026-09-29 02:49:54,WIFI,True,0.0,12.1,0,True,20.0,217.6,19
2026-09-29 02:49:55,WIFI,True,0.0,12.1,0,True,40.0,217.6,19
2026-09-29 02:49:56,WIFI,True,0.0,12.8,0,True,40.0,217.5,19
2026-09-29 02:49:57,WIFI,True,0.0,12.8,0,True,40.0,217.5,19
2026-09-29 02:49:58,WIFI,True,0.0,12.4,0,True,40.0,226.6,19
2026-09-29 02:49:59,WIFI,True,0.0,12.4,0,True,40.0,226.6,19
2026-09-29 02:50:00,WIFI,True,0.0,12.3,0,True,40.0,226.6,19
2026-09-29 02:50:02,WIFI,True,0.0,12.3,0,False,60.0,226.6,19
2026-09-29 02:50:03,WIFI,True,0.0,12.4,0,True,40.0,232.9,19
2026-09-29 02:50:04,WIFI,True,0.0,12.4,0,True,40.0,232.9,19
2026-09-29 02:50:05,WIFI,True,0.0,12.1,0,True,20.0,234.5,19
2026-09-29 02:50:06,WIFI,True,0.0,12.1,0,True,20.0,234.5,19
2026-09-29 02:50:07,WIFI,True,0.0,13.4,0,True,20.0,234.4,19
2026-09-29 02:50:08,WIFI,True,0.0,13.4,0,True,20.0,234.4,19
2026-09-29 02:50:09,WIFI,True,0.0,12.6,0,True,20.0,236.6,19
2026-09-29 02:50:10,WIFI,True,0.0,12.6,0,True,20.0,236.6,19
2026-09-29 02:50:11,WIFI,True,0.0,12.4,0,True,0.0,236.7,19
2026-09-29 02:50:12,WIFI,True,0.0,12.4,0,True,0.0,236.7,19
2026-09-29 02:50:13,WIFI,True,0.0,11.7,0,True,0.0,237.1,19
2026-09-29 02:50:14,WIFI,True,0.0,11.7,0,True,0.0,237.1,19
2026-09-29 02:50:15,WIFI,True,0.0,12.1,0,True,0.0,227.9,19
2026-09-29 02:50:16,WIFI,True,0.0,12.1,0,True,0.0,227.9,19
2026-09-29 02:50:17,WIFI,True,0.0,12.4,0,True,0.0,232.0,19
2026-09-29 02:50:18,WIFI,True,0.0,12.4,0,True,0.0,232.0,19
2026-09-29 02:50:19,WIFI,True,0.0,12.1,0,True,0.0,241.3,19
2026-09-29 02:50:20,WIFI,True,0.0,12.1,0,True,0.0,241.3,19
2026-09-29 02:50:21,WIFI,True,0.0,11.7,0,True,0.0,241.3,19
2026-09-29 02:50:22,WIFI,True,0.0,11.7,0,True,20.0,241.3,19
2026-09-29 02:50:23,WIFI,True,0.0,12.0,0,True,20.0,232.2,19
2026-09-29 02:50:24,WIFI,True,0.0,12.0,0,True,20.0,232.2,19
2026-09-29 02:50:25,WIFI,True,0.0,12.9,0,True,20.0,226.7,19
2026-09-29 02:50:26,WIFI,True,0.0,12.9,0,True,20.0,226.7,19
2026-09-29 02:50:27,WIFI,True,0.0,11.4,0,True,20.0,226.7,19
2026-09-29 02:50:28,WIFI,True,0.0,11.4,0,True,40.0,226.7,19
2026-09-29 02:50:29,WIFI,True,0.0,12.4,0,True,40.0,226.3,19
2026-09-29 02:50:30,WIFI,True,0.0,12.4,0,True,40.0,226.3,19
2026-09-29 02:50:31,WIFI,True,0.0,11.6,0,True,20.0,226.1,19
2026-09-29 02:50:32,WIFI,True,0.0,11.6,0,True,20.0,226.1,19
2026-09-29 02:50:33,WIFI,True,0.0,14.0,0,True,20.0,224.4,19
2026-09-29 02:50:34,WIFI,True,0.0,14.0,0,True,20.0,224.4,19
2026-09-29 02:50:35,WIFI,True,0.0,13.4,0,True,20.0,224.4,19
2026-09-29 02:50:36,WIFI,True,0.0,13.4,0,True,40.0,224.4,19
2026-09-29 02:50:37,WIFI,True,0.0,12.3,0,True,20.0,224.4,19
2026-09-29 02:50:38,WIFI,True,0.0,12.3,0,True,20.0,224.4,19
2026-09-29 02:50:39,WIFI,True,0.0,12.5,0,True,20.0,224.7,20
2026-09-29 02:50:40,WIFI,True,0.0,12.5,0,True,20.0,224.7,20
2026-09-29 02:50:41,WIFI,True,0.0,13.0,0,True,20.0,224.7,20
2026-09-29 02:50:42,WIFI,True,0.0,13.0,0,True,40.0,224.7,20
2026-09-29 02:50:43,WIFI,True,0.0,13.3,0,True,40.0,233.9,20
2026-09-29 02:50:44,WIFI,True,0.0,13.3,0,True,40.0,233.9,20
2026-09-29 02:50:45,WIFI,True,0.0,12.2,0,True,20.0,232.1,20
2026-09-29 02:50:46,WIFI,True,0.0,12.2,0,True,20.0,232.1,20
2026-09-29 02:50:47,WIFI,True,0.0,12.5,0,True,20.0,232.1,20
2026-09-29 02:50:48,WIFI,True,0.0,12.5,0,True,40.0,232.1,20
2026-09-29 02:50:49,WIFI,True,0.0,11.8,0,True,40.0,223.3,20
2026-09-29 02:50:50,WIFI,True,0.0,11.8,0,True,40.0,223.3,20
2026-09-29 02:50:51,WIFI,True,0.0,12.8,0,True,20.0,224.2,20
2026-09-29 02:50:52,WIFI,True,0.0,12.8,0,True,20.0,224.2,20
2026-09-29 02:50:53,WIFI,True,0.0,10.7,0,True,20.0,224.1,20
2026-09-29 02:50:54,WIFI,True,0.0,10.7,0,True,20.0,224.1,20
2026-09-29 02:50:55,WIFI,True,0.0,10.1,0,True,20.0,224.1,20
2026-09-29 02:50:56,WIFI,True,0.0,10.1,0,True,20.0,224.1,20
2026-09-29 02:50:57,WIFI,True,0.0,10.5,0,True,0.0,224.0,20
2026-09-29 02:50:58,WIFI,True,0.0,10.5,0,True,0.0,224.0,20
2026-09-29 02:50:59,WIFI,True,0.0,10.5,0,True,0.0,223.7,20
2026-09-29 02:51:00,WIFI,True,0.0,10.5,0,True,0.0,223.7,20
2026-09-29 02:51:01,WIFI,True,0.0,12.1,0,True,0.0,223.9,20
2026-09-29 02:51:02,WIFI,True,0.0,12.1,0,True,0.0,223.9,20
2026-09-29 02:51:03,WIFI,True,0.0,12.2,0,True,0.0,223.0,20
2026-09-29 02:51:04,WIFI,True,0.0,12.2,0,True,0.0,223.0,20
2026-09-29 02:51:05,WIFI,True,0.0,12.8,0,True,0.0,214.3,20
2026-09-29 02:51:06,WIFI,True,0.0,12.8,0,True,0.0,214.3,20
2026-09-29 02:51:07,WIFI,True,0.0,12.8,0,True,0.0,212.6,20
2026-09-29 02:51:08,WIFI,True,0.0,12.8,0,True,0.0,212.6,20
2026-09-29 02:51:09,WIFI,True,0.0,13.5,0,True,0.0,212.8,20
2026-09-29 02:51:10,WIFI,True,0.0,13.0,0,True,0.0,212.8,20
2026-09-29 02:51:11,WIFI,True,0.0,13.0,0,True,0.0,221.8,20
2026-09-29 02:51:12,WIFI,True,0.0,13.8,0,True,0.0,221.8,20
2026-09-29 02:51:13,WIFI,True,0.0,13.8,0,True,0.0,221.8,20
2026-09-29 02:51:14,WIFI,True,0.0,13.7,0,True,20.0,221.8,20
2026-09-29 02:51:15,WIFI,True,0.0,13.7,0,True,20.0,228.7,20
2026-09-29 02:51:16,WIFI,True,0.0,15.6,0,True,20.0,228.7,20
2026-09-29 02:51:17,WIFI,True,0.0,15.6,0,True,20.0,242.1,20
2026-09-29 02:51:18,WIFI,True,0.0,16.4,0,True,20.0,242.1,20
2026-09-29 02:51:19,WIFI,True,0.0,16.4,0,True,20.0,249.3,20
2026-09-29 02:51:20,WIFI,True,0.0,15.4,0,True,20.0,249.3,20
2026-09-29 02:51:21,WIFI,True,0.0,15.4,0,True,20.0,254.2,20
2026-09-29 02:51:22,WIFI,True,0.0,14.5,0,True,20.0,254.2,20
2026-09-29 02:51:23,WIFI,True,0.0,14.5,0,True,0.0,258.6,20
2026-09-29 02:51:24,WIFI,True,0.0,14.2,0,True,0.0,258.6,20
2026-09-29 02:51:25,WIFI,True,0.0,14.2,0,True,0.0,261.7,20
2026-09-29 02:51:26,WIFI,True,0.0,14.5,0,True,0.0,261.7,20
2026-09-29 02:51:27,WIFI,True,0.0,14.5,0,True,0.0,261.7,20
2026-09-29 02:51:28,WIFI,True,0.0,14.1,0,True,20.0,261.7,20
2026-09-29 02:51:29,WIFI,True,0.0,14.1,0,True,20.0,261.7,20
2026-09-29 02:51:30,WIFI,True,0.0,13.6,0,True,40.0,261.7,20
2026-09-29 02:51:31,WIFI,True,0.0,13.6,0,True,40.0,262.2,20
2026-09-29 02:51:32,WIFI,True,0.0,12.6,0,True,40.0,262.2,20
2026-09-29 02:51:33,WIFI,True,0.0,12.6,0,True,40.0,262.2,20
2026-09-29 02:51:34,WIFI,True,0.0,13.6,0,False,60.0,262.2,20
2026-09-29 02:51:35,WIFI,True,0.0,13.6,0,False,60.0,262.2,20
2026-09-29 02:51:36,WIFI,True,0.0,11.5,0,False,80.0,262.2,20
2026-09-29 02:51:37,WIFI,True,0.0,11.5,0,False,60.0,262.3,20
2026-09-29 02:51:39,WIFI,True,0.0,10.9,0,False,60.0,262.3,20
2026-09-29 02:51:40,WIFI,True,0.0,10.9,0,True,40.0,262.3,20
2026-09-29 02:51:41,WIFI,True,0.0,10.3,0,True,40.0,252.6,20
2026-09-29 02:51:42,WIFI,True,0.0,10.3,0,True,40.0,252.6,20
2026-09-29 02:51:43,WIFI,True,0.0,12.5,0,True,40.0,252.6,20
2026-09-29 02:51:44,WIFI,True,0.0,12.5,0,True,40.0,252.6,20
2026-09-29 02:51:45,WIFI,True,0.0,14.6,0,True,40.0,252.6,20
2026-09-29 02:51:46,WIFI,True,0.0,14.6,0,True,40.0,252.6,20
2026-09-29 02:51:47,WIFI,True,0.0,14.2,0,True,40.0,244.9,20
2026-09-29 02:51:48,WIFI,True,0.0,14.2,0,True,40.0,244.9,20
2026-09-29 02:51:49,WIFI,True,0.0,13.6,0,True,40.0,231.6,20
2026-09-29 02:51:50,WIFI,True,0.0,13.6,0,True,40.0,231.6,20
2026-09-29 02:51:51,WIFI,True,0.0,13.7,0,True,40.0,229.9,20
2026-09-29 02:51:52,WIFI,True,0.0,13.7,0,True,40.0,229.9,20
2026-09-29 02:51:53,WIFI,True,0.0,13.7,0,True,20.0,225.3,20
2026-09-29 02:51:54,WIFI,True,0.0,13.7,0,True,20.0,225.3,20
2026-09-29 02:51:55,WIFI,True,0.0,12.9,0,True,0.0,221.5,20
2026-09-29 02:51:56,WIFI,True,0.0,12.9,0,True,0.0,221.5,20
2026-09-29 02:51:57,WIFI,True,0.0,12.4,0,True,0.0,218.3,20
2026-09-29 02:51:58,WIFI,True,0.0,12.4,0,True,0.0,218.3,20
2026-09-29 02:51:59,WIFI,True,0.0,12.3,0,True,0.0,218.2,20
2026-09-29 02:52:00,WIFI,True,0.0,12.3,0,True,0.0,218.2,20
2026-09-29 02:52:01,WIFI,True,0.0,12.8,0,True,0.0,221.7,20
2026-09-29 02:52:02,WIFI,True,0.0,12.8,0,True,0.0,221.7,20
2026-09-29 02:52:03,WIFI,True,0.0,10.7,0,True,0.0,230.7,20
2026-09-29 02:52:04,WIFI,True,0.0,10.7,0,True,0.0,230.7,20
2026-09-29 02:52:05,WIFI,True,0.0,8.8,0,True,0.0,238.7,20
2026-09-29 02:52:06,WIFI,True,0.0,8.8,0,True,0.0,238.7,20
2026-09-29 02:52:07,WIFI,True,0.0,9.8,0,True,0.0,253.0,20
2026-09-29 02:52:08,WIFI,True,0.0,9.8,0,True,0.0,253.0,20
2026-09-29 02:52:09,WIFI,True,0.0,11.5,0,True,0.0,258.4,20
2026-09-29 02:52:10,WIFI,True,0.0,11.5,0,True,0.0,258.4,20
2026-09-29 02:52:11,WIFI,True,0.0,11.5,0,True,0.0,258.0,20
2026-09-29 02:52:12,WIFI,True,0.0,11.5,0,True,0.0,258.0,20
2026-09-29 02:52:13,WIFI,True,0.0,15.1,0,True,0.0,264.4,20
2026-09-29 02:52:14,WIFI,True,0.0,15.1,0,True,0.0,264.4,20
2026-09-29 02:52:15,WIFI,True,0.0,14.7,0,True,0.0,265.5,20
2026-09-29 02:52:16,WIFI,True,0.0,14.7,0,True,0.0,265.5,20
2026-09-29 02:52:17,WIFI,True,0.0,15.7,0,True,0.0,265.5,20
2026-09-29 02:52:18,WIFI,True,0.0,15.7,0,True,0.0,265.5,20
2026-09-29 02:52:19,WIFI,True,0.0,15.8,0,True,20.0,271.7,20
2026-09-29 02:52:20,WIFI,True,0.0,15.8,0,True,20.0,271.7,20
2026-09-29 02:52:21,WIFI,True,0.0,14.9,0,True,20.0,271.7,20
2026-09-29 02:52:22,WIFI,True,0.0,14.9,0,True,40.0,271.7,20
2026-09-29 02:52:23,WIFI,True,0.0,14.7,0,True,40.0,270.5,20
2026-09-29 02:52:24,WIFI,True,0.0,14.7,0,True,40.0,270.5,20
2026-09-29 02:52:25,WIFI,True,0.0,14.6,0,True,40.0,266.9,20
2026-09-29 02:52:26,WIFI,True,0.0,14.6,0,True,40.0,266.9,20
2026-09-29 02:52:27,WIFI,True,0.0,14.4,0,True,40.0,266.9,20
2026-09-29 02:52:28,WIFI,True,0.0,14.4,0,True,40.0,266.9,20
2026-09-29 02:52:29,WIFI,True,0.0,13.5,0,True,40.0,266.9,20
2026-09-29 02:52:30,WIFI,True,0.0,13.5,0,False,60.0,266.9,20
2026-09-29 02:52:31,WIFI,True,0.0,13.7,0,True,40.0,262.4,20
2026-09-29 02:52:32,WIFI,True,0.0,13.7,0,True,40.0,262.4,20
2026-09-29 02:52:33,WIFI,True,0.0,10.4,0,True,40.0,254.8,20
2026-09-29 02:52:34,WIFI,True,0.0,10.4,0,True,40.0,254.8,20
2026-09-29 02:52:35,WIFI,True,0.0,10.6,0,True,40.0,241.0,20
2026-09-29 02:52:36,WIFI,True,0.0,10.6,0,True,40.0,241.0,20
2026-09-29 02:52:37,WIFI,True,0.0,10.6,0,True,40.0,241.0,20
2026-09-29 02:52:38,WIFI,True,0.0,10.6,0,True,40.0,241.0,20
2026-09-29 02:52:39,WIFI,True,0.0,10.2,0,True,20.0,235.7,20
2026-09-29 02:52:40,WIFI,True,0.0,10.2,0,True,20.0,235.7,20
2026-09-29 02:52:41,WIFI,True,0.0,10.6,0,True,20.0,230.8,20
2026-09-29 02:52:42,WIFI,True,0.0,10.6,0,True,20.0,230.8,20
2026-09-29 02:52:43,WIFI,True,0.0,10.6,0,True,20.0,227.0,20
2026-09-29 02:52:44,WIFI,True,0.0,10.6,0,True,20.0,227.0,20
2026-09-29 02:52:45,WIFI,True,0.0,12.5,0,True,20.0,227.0,20
2026-09-29 02:52:46,WIFI,True,0.0,12.5,0,True,40.0,227.0,20
2026-09-29 02:52:47,WIFI,True,0.0,13.3,0,True,20.0,225.7,20
2026-09-29 02:52:48,WIFI,True,0.0,13.3,0,True,20.0,225.7,20
2026-09-29 02:52:49,WIFI,True,0.0,12.5,0,True,20.0,220.7,20
2026-09-29 02:52:50,WIFI,True,0.0,12.5,0,True,20.0,220.7,20
2026-09-29 02:52:51,WIFI,True,0.0,12.2,0,True,20.0,220.8,21
2026-09-29 02:52:52,WIFI,True,0.0,12.2,0,True,20.0,220.8,21
2026-09-29 02:52:53,WIFI,True,0.0,12.4,0,True,20.0,221.0,21
2026-09-29 02:52:54,WIFI,True,0.0,12.4,0,True,20.0,221.0,21
2026-09-29 02:52:55,WIFI,True,0.0,13.1,0,True,0.0,216.2,21
2026-09-29 02:52:56,WIFI,True,0.0,13.1,0,True,0.0,216.2,21
2026-09-29 02:52:57,WIFI,True,0.0,12.2,0,True,0.0,221.6,21
2026-09-29 02:52:58,WIFI,True,0.0,12.2,0,True,0.0,221.6,21
2026-09-29 02:52:59,WIFI,True,0.0,14.6,0,True,0.0,221.2,21
2026-09-29 02:53:00,WIFI,True,0.0,14.6,0,True,0.0,221.2,21
2026-09-29 02:53:01,WIFI,True,0.0,15.2,0,True,0.0,226.9,21
2026-09-29 02:53:02,WIFI,True,0.0,15.2,0,True,0.0,226.9,21
2026-09-29 02:53:03,WIFI,True,0.0,15.7,0,True,0.0,235.8,21
2026-09-29 02:53:04,WIFI,True,0.0,15.7,0,True,0.0,235.8,21
2026-09-29 02:53:05,WIFI,True,0.0,14.2,0,True,0.0,232.5,21
2026-09-29 02:53:06,WIFI,True,0.0,14.2,0,True,0.0,232.5,21
2026-09-29 02:53:07,WIFI,True,0.0,13.2,0,True,0.0,232.5,21
2026-09-29 02:53:08,WIFI,True,0.0,13.2,0,True,20.0,232.5,21
2026-09-29 02:53:10,WIFI,True,0.0,13.5,0,True,20.0,232.9,21
2026-09-29 02:53:11,WIFI,True,0.0,13.5,0,True,20.0,232.9,21
2026-09-29 02:53:12,WIFI,True,0.0,14.9,0,True,20.0,232.3,21
2026-09-29 02:53:13,WIFI,True,0.0,14.9,0,True,20.0,232.3,21
2026-09-29 02:53:14,WIFI,True,0.0,15.0,0,True,20.0,233.9,21
2026-09-29 02:53:15,WIFI,True,0.0,15.0,0,True,20.0,233.9,21
2026-09-29 02:53:16,WIFI,True,0.0,14.4,0,True,20.0,233.0,21
2026-09-29 02:53:17,WIFI,True,0.0,14.4,0,True,20.0,233.0,21
2026-09-29 02:53:18,WIFI,True,0.0,14.4,0,True,0.0,233.2,21
2026-09-29 02:53:19,WIFI,True,0.0,14.4,0,True,0.0,233.2,21
2026-09-29 02:53:20,WIFI,True,0.0,12.8,0,True,0.0,227.3,21
2026-09-29 02:53:21,WIFI,True,0.0,12.8,0,True,0.0,227.3,21
2026-09-29 02:53:22,WIFI,True,0.0,12.1,0,True,0.0,228.1,21
2026-09-29 02:53:23,WIFI,True,0.0,12.1,0,True,0.0,228.1,21
2026-09-29 02:53:24,WIFI,True,0.0,19.0,0,True,0.0,228.7,21
2026-09-29 02:53:25,WIFI,True,0.0,19.0,0,True,0.0,228.7,21
2026-09-29 02:53:26,WIFI,True,0.0,24.3,0,True,0.0,228.7,21
2026-09-29 02:53:27,WIFI,True,0.0,24.3,0,True,20.0,228.7,21
2026-09-29 02:53:28,WIFI,True,0.0,24.1,0,True,20.0,220.0,21
2026-09-29 02:53:29,WIFI,True,0.0,24.1,0,True,20.0,220.0,21
2026-09-29 02:53:30,WIFI,True,0.0,24.2,0,True,20.0,220.1,21
2026-09-29 02:53:31,WIFI,True,0.0,24.2,0,True,20.0,220.1,21
2026-09-29 02:53:32,WIFI,True,0.0,25.5,0,True,20.0,221.0,21
2026-09-29 02:53:33,WIFI,True,0.0,25.5,0,True,20.0,221.0,21
2026-09-29 02:53:34,WIFI,True,0.0,25.7,0,True,20.0,220.8,21
2026-09-29 02:53:35,WIFI,True,0.0,25.7,0,True,20.0,220.8,21
2026-09-29 02:53:36,WIFI,True,0.0,25.6,0,True,0.0,220.6,21
2026-09-29 02:53:37,WIFI,True,0.0,25.6,0,True,0.0,220.6,21
2026-09-29 02:53:38,WIFI,True,0.0,25.7,0,True,0.0,219.3,21
2026-09-29 02:53:39,WIFI,True,0.0,25.7,0,True,0.0,219.3,21
2026-09-29 02:53:40,WIFI,True,0.0,25.9,0,True,0.0,219.8,21
2026-09-29 02:53:41,WIFI,True,0.0,25.9,0,True,0.0,219.8,21
2026-09-29 02:53:42,WIFI,True,0.0,26.6,0,True,0.0,220.2,21
2026-09-29 02:53:43,WIFI,True,0.0,26.6,0,True,0.0,220.2,21
2026-09-29 02:53:44,WIFI,True,0.0,19.4,0,True,0.0,220.2,21
2026-09-29 02:53:45,WIFI,True,0.0,19.4,0,True,0.0,220.2,21
2026-09-29 02:53:46,WIFI,True,0.0,13.2,0,True,0.0,213.8,21
2026-09-29 02:53:47,WIFI,True,0.0,13.2,0,True,0.0,213.8,21
2026-09-29 02:53:48,WIFI,True,0.0,12.9,0,True,0.0,221.0,21
2026-09-29 02:53:49,WIFI,True,0.0,12.9,0,True,0.0,221.0,21
2026-09-29 02:53:50,WIFI,True,0.0,15.1,0,True,0.0,221.0,21
2026-09-29 02:53:51,WIFI,True,0.0,15.1,0,True,20.0,221.0,21
2026-09-29 02:53:52,WIFI,True,0.0,13.5,0,True,20.0,222.8,21
2026-09-29 02:53:53,WIFI,True,0.0,13.5,0,True,20.0,222.8,21
2026-09-29 02:53:54,WIFI,True,0.0,13.3,0,True,20.0,221.7,21
2026-09-29 02:53:55,WIFI,True,0.0,13.3,0,True,20.0,221.7,21
2026-09-29 02:53:56,WIFI,True,0.0,13.3,0,True,20.0,221.7,21
2026-09-29 02:53:57,WIFI,True,0.0,13.3,0,True,40.0,221.7,21
2026-09-29 02:53:58,WIFI,True,0.0,14.1,0,True,40.0,221.7,21
2026-09-29 02:53:59,WIFI,True,0.0,13.5,0,True,40.0,221.7,21
2026-09-29 02:54:00,WIFI,True,0.0,13.5,0,True,40.0,221.7,21
2026-09-29 02:54:01,WIFI,True,0.0,12.9,0,True,40.0,221.7,21
2026-09-29 02:54:02,WIFI,True,0.0,12.9,0,True,40.0,220.5,21
2026-09-29 02:54:03,WIFI,True,0.0,12.8,0,True,40.0,220.5,21
2026-09-29 02:54:04,WIFI,True,0.0,12.8,0,True,40.0,222.8,21
2026-09-29 02:54:05,WIFI,True,0.0,13.4,0,True,40.0,222.8,21
2026-09-29 02:54:06,WIFI,True,0.0,13.4,0,True,20.0,222.3,21
2026-09-29 02:54:07,WIFI,True,0.0,14.1,0,True,20.0,222.3,21
2026-09-29 02:54:08,WIFI,True,0.0,14.1,0,True,20.0,222.2,21
2026-09-29 02:54:09,WIFI,True,0.0,11.6,0,True,20.0,222.2,21
2026-09-29 02:54:10,WIFI,True,0.0,11.6,0,True,0.0,226.2,21
2026-09-29 02:54:11,WIFI,True,0.0,10.7,0,True,0.0,226.2,21
2026-09-29 02:54:12,WIFI,True,0.0,10.7,0,True,0.0,226.4,21
2026-09-29 02:54:13,WIFI,True,0.0,10.6,0,True,0.0,226.4,21
2026-09-29 02:54:14,WIFI,True,0.0,10.6,0,True,0.0,228.7,21
2026-09-29 02:54:15,WIFI,True,0.0,10.6,0,True,0.0,228.7,21
2026-09-29 02:54:16,WIFI,True,0.0,10.6,0,True,0.0,230.1,21
2026-09-29 02:54:17,WIFI,True,0.0,10.6,0,True,0.0,230.1,21
2026-09-29 02:54:18,WIFI,True,0.0,18.6,0,True,0.0,229.9,21
2026-09-29 02:54:19,WIFI,True,0.0,18.4,0,True,0.0,229.9,21
2026-09-29 02:54:20,WIFI,True,0.0,18.4,0,True,0.0,229.9,21
2026-09-29 02:54:21,WIFI,True,0.0,18.0,0,True,0.0,229.9,21
2026-09-29 02:54:22,WIFI,True,0.0,18.0,0,True,0.0,229.9,21
2026-09-29 02:54:23,WIFI,True,0.0,18.6,0,True,20.0,229.9,21
2026-09-29 02:54:24,WIFI,True,0.0,18.6,0,True,20.0,229.9,21
2026-09-29 02:54:25,WIFI,True,0.0,18.5,0,True,40.0,229.9,21
2026-09-29 02:54:26,WIFI,True,0.0,18.5,0,True,40.0,230.1,21
2026-09-29 02:54:27,WIFI,True,0.0,18.2,0,True,40.0,230.1,21
2026-09-29 02:54:28,WIFI,True,0.0,18.2,0,True,40.0,229.8,21
2026-09-29 02:54:29,WIFI,True,0.0,18.8,0,True,40.0,229.8,21
2026-09-29 02:54:30,WIFI,True,0.0,18.8,0,True,40.0,229.6,21
2026-09-29 02:54:31,WIFI,True,0.0,19.3,0,True,40.0,229.6,21
2026-09-29 02:54:32,WIFI,True,0.0,19.3,0,True,20.0,228.8,21
2026-09-29 02:54:33,WIFI,True,0.0,19.3,0,True,20.0,228.8,21
2026-09-29 02:54:34,WIFI,True,0.0,19.3,0,True,0.0,224.0,21
2026-09-29 02:54:35,WIFI,True,0.0,20.1,0,True,0.0,224.0,21
2026-09-29 02:54:36,WIFI,True,0.0,20.1,0,True,0.0,224.3,21
2026-09-29 02:54:37,WIFI,True,0.0,11.4,0,True,0.0,224.3,21
2026-09-29 02:54:38,WIFI,True,0.0,11.4,0,True,0.0,220.9,21
2026-09-29 02:54:39,WIFI,True,0.0,19.8,0,True,0.0,220.9,21
2026-09-29 02:54:40,WIFI,True,0.0,19.8,0,True,0.0,226.4,21
2026-09-29 02:54:41,WIFI,True,0.0,27.0,0,True,0.0,226.4,21
2026-09-29 02:54:42,WIFI,True,0.0,27.0,0,True,0.0,230.9,21
2026-09-29 02:54:43,WIFI,True,0.0,26.4,0,True,0.0,230.9,21
2026-09-29 02:54:44,WIFI,True,0.0,26.4,0,True,0.0,230.9,21
2026-09-29 02:54:45,WIFI,True,0.0,28.2,0,True,20.0,230.9,21
2026-09-29 02:54:46,WIFI,True,0.0,28.2,0,True,20.0,230.9,21
2026-09-29 02:54:48,WIFI,True,0.0,28.4,0,True,40.0,230.9,21
2026-09-29 02:54:49,WIFI,True,0.0,28.4,0,True,40.0,230.9,21
2026-09-29 02:54:50,WIFI,True,0.0,27.7,0,True,40.0,230.6,21
2026-09-29 02:54:51,WIFI,True,0.0,27.7,0,True,40.0,230.6,21
2026-09-29 02:54:52,WIFI,True,0.0,27.3,0,True,40.0,230.6,21
2026-09-29 02:54:53,WIFI,True,0.0,27.3,0,True,40.0,230.6,21
2026-09-29 02:54:54,WIFI,True,0.0,26.8,0,True,40.0,230.4,21
2026-09-29 02:54:55,WIFI,True,0.0,26.8,0,True,40.0,230.4,21
2026-09-29 02:54:56,WIFI,True,0.0,25.9,0,True,20.0,230.9,21
2026-09-29 02:54:57,WIFI,True,0.0,25.9,0,True,20.0,230.9,21
2026-09-29 02:54:58,WIFI,True,0.0,26.3,0,True,20.0,231.9,21
2026-09-29 02:54:59,WIFI,True,0.0,26.3,0,True,20.0,231.9,21
2026-09-29 02:55:00,WIFI,True,0.0,18.1,0,True,20.0,231.8,21
2026-09-29 02:55:01,WIFI,True,0.0,18.1,0,True,20.0,231.8,21
2026-09-29 02:55:02,WIFI,True,0.0,10.9,0,True,0.0,232.3,21
2026-09-29 02:55:03,WIFI,True,0.0,10.9,0,True,0.0,232.3,21
2026-09-29 02:55:04,WIFI,True,0.0,11.7,0,True,0.0,233.1,21
2026-09-29 02:55:05,WIFI,True,0.0,11.7,0,True,0.0,233.1,21
2026-09-29 02:55:06,WIFI,True,0.0,11.8,0,True,0.0,233.1,21
2026-09-29 02:55:07,WIFI,True,0.0,11.8,0,True,0.0,233.1,21
2026-09-29 02:55:08,WIFI,True,0.0,12.0,0,True,20.0,224.8,21
2026-09-29 02:55:09,WIFI,True,0.0,12.0,0,True,20.0,224.8,21
2026-09-29 02:55:10,WIFI,True,0.0,12.8,0,True,20.0,220.5,21
2026-09-29 02:55:11,WIFI,True,0.0,12.8,0,True,20.0,220.5,21
2026-09-29 02:55:12,WIFI,True,0.0,13.6,0,True,20.0,220.4,21
2026-09-29 02:55:13,WIFI,True,0.0,13.6,0,True,20.0,220.4,21
2026-09-29 02:55:14,WIFI,True,0.0,13.7,0,True,20.0,220.1,21
2026-09-29 02:55:15,WIFI,True,0.0,13.7,0,True,20.0,220.1,21
2026-09-29 02:55:16,WIFI,True,0.0,14.7,0,True,0.0,220.0,21
2026-09-29 02:55:17,WIFI,True,0.0,14.7,0,True,0.0,220.0,21
2026-09-29 02:55:18,WIFI,True,0.0,14.4,0,True,0.0,219.8,21
2026-09-29 02:55:19,WIFI,True,0.0,14.4,0,True,0.0,219.8,21
2026-09-29 02:55:20,WIFI,True,0.0,14.8,0,True,0.0,219.4,21
2026-09-29 02:55:21,WIFI,True,0.0,14.8,0,True,0.0,219.4,21
2026-09-29 02:55:22,WIFI,True,0.0,14.8,0,True,0.0,220.2,21
2026-09-29 02:55:23,WIFI,True,0.0,14.8,0,True,0.0,220.2,21
2026-09-29 02:55:24,WIFI,True,0.0,14.9,0,True,0.0,219.0,21
2026-09-29 02:55:25,WIFI,True,0.0,14.9,0,True,0.0,219.0,21
2026-09-29 02:55:26,WIFI,True,0.0,12.4,0,True,0.0,212.3,21
2026-09-29 02:55:27,WIFI,True,0.0,12.4,0,True,0.0,212.3,21
2026-09-29 02:55:28,WIFI,True,0.0,11.5,0,True,0.0,212.3,21
2026-09-29 02:55:29,WIFI,True,0.0,11.5,0,True,20.0,212.3,21
2026-09-29 02:55:30,WIFI,True,0.0,13.0,0,True,20.0,213.7,21
2026-09-29 02:55:31,WIFI,True,0.0,13.0,0,True,20.0,213.7,21
2026-09-29 02:55:32,WIFI,True,0.0,12.0,0,True,20.0,214.3,21
2026-09-29 02:55:33,WIFI,True,0.0,12.0,0,True,20.0,214.3,21
2026-09-29 02:55:34,WIFI,True,0.0,14.6,0,True,20.0,214.2,21
2026-09-29 02:55:35,WIFI,True,0.0,14.6,0,True,20.0,214.2,21
2026-09-29 02:55:36,WIFI,True,0.0,14.5,0,True,20.0,214.5,21
2026-09-29 02:55:37,WIFI,True,0.0,14.5,0,True,20.0,214.5,21
2026-09-29 02:55:38,WIFI,True,0.0,14.8,0,True,0.0,214.7,21
2026-09-29 02:55:39,WIFI,True,0.0,14.8,0,True,0.0,214.7,21
2026-09-29 02:55:40,WIFI,True,0.0,14.7,0,True,0.0,214.7,21
2026-09-29 02:55:41,WIFI,True,0.0,14.7,0,True,0.0,214.7,21
2026-09-29 02:55:42,WIFI,True,0.0,15.1,0,True,0.0,214.8,21
2026-09-29 02:55:43,WIFI,True,0.0,15.1,0,True,0.0,214.8,21
2026-09-29 02:55:44,WIFI,True,0.0,14.2,0,True,0.0,214.8,21
2026-09-29 02:55:45,WIFI,True,0.0,14.2,0,True,20.0,214.8,21
2026-09-29 02:55:46,WIFI,True,0.0,15.0,0,True,20.0,214.1,21
2026-09-29 02:55:47,WIFI,True,0.0,15.0,0,True,20.0,214.1,21
2026-09-29 02:55:48,WIFI,True,0.0,15.2,0,True,20.0,214.4,21
2026-09-29 02:55:49,WIFI,True,0.0,15.2,0,True,20.0,214.4,21
2026-09-29 02:55:50,WIFI,True,0.0,12.9,0,True,20.0,213.7,21
2026-09-29 02:55:51,WIFI,True,0.0,12.9,0,True,20.0,213.7,21
2026-09-29 02:55:52,WIFI,True,0.0,13.8,0,True,20.0,212.7,21
2026-09-29 02:55:53,WIFI,True,0.0,13.8,0,True,20.0,212.7,21
2026-09-29 02:55:54,WIFI,True,0.0,11.1,0,True,0.0,211.4,21
2026-09-29 02:55:55,WIFI,True,0.0,11.1,0,True,0.0,211.4,21
2026-09-29 02:55:56,WIFI,True,0.0,10.2,0,True,0.0,211.7,21
2026-09-29 02:55:57,WIFI,True,0.0,10.2,0,True,0.0,211.7,21
2026-09-29 02:55:58,WIFI,True,0.0,15.1,0,True,0.0,212.7,21
2026-09-29 02:55:59,WIFI,True,0.0,15.1,0,True,0.0,212.7,21
2026-09-29 02:56:00,WIFI,True,0.0,14.6,0,True,0.0,212.7,21
2026-09-29 02:56:01,WIFI,True,0.0,14.6,0,True,0.0,212.7,21
2026-09-29 02:56:02,WIFI,True,0.0,14.7,0,True,0.0,212.7,21
2026-09-29 02:56:03,WIFI,True,0.0,14.7,0,True,20.0,212.7,21
2026-09-29 02:56:04,WIFI,True,0.0,14.7,0,True,20.0,213.0,21
2026-09-29 02:56:05,WIFI,True,0.0,14.7,0,True,20.0,213.0,21
2026-09-29 02:56:06,WIFI,True,0.0,14.3,0,True,20.0,212.9,21
2026-09-29 02:56:07,WIFI,True,0.0,14.3,0,True,20.0,212.9,21
2026-09-29 02:56:08,WIFI,True,0.0,14.8,0,True,20.0,215.1,21
2026-09-29 02:56:09,WIFI,True,0.0,14.8,0,True,20.0,215.1,21
2026-09-29 02:56:10,WIFI,True,0.0,15.5,0,True,20.0,214.9,21
2026-09-29 02:56:11,WIFI,True,0.0,15.5,0,True,20.0,214.9,21
2026-09-29 02:56:12,WIFI,True,0.0,15.0,0,True,0.0,215.4,21
2026-09-29 02:56:13,WIFI,True,0.0,15.0,0,True,0.0,215.4,21
2026-09-29 02:56:14,WIFI,True,0.0,15.9,0,True,0.0,214.6,21
2026-09-29 02:56:15,WIFI,True,0.0,15.9,0,True,0.0,214.6,21
2026-09-29 02:56:16,WIFI,True,0.0,15.8,0,True,0.0,215.9,21
2026-09-29 02:56:17,WIFI,True,0.0,15.8,0,True,0.0,215.9,21
2026-09-29 02:56:18,WIFI,True,0.0,10.4,0,True,0.0,215.4,21
2026-09-29 02:56:19,WIFI,True,0.0,10.4,0,True,0.0,215.4,21
2026-09-29 02:56:21,WIFI,True,0.0,10.6,0,True,0.0,222.1,21
2026-09-29 02:56:22,WIFI,True,0.0,10.6,0,True,0.0,222.1,21
2026-09-29 02:56:23,WIFI,True,0.0,11.2,0,True,0.0,223.9,21
2026-09-29 02:56:24,WIFI,True,0.0,11.2,0,True,0.0,223.9,21
2026-09-29 02:56:25,WIFI,True,0.0,11.6,0,True,0.0,223.5,21
2026-09-29 02:56:26,WIFI,True,0.0,11.6,0,True,0.0,223.5,21
2026-09-29 02:56:27,WIFI,True,0.0,11.9,0,True,0.0,223.0,21
2026-09-29 02:56:28,WIFI,True,0.0,11.9,0,True,0.0,223.0,21
2026-09-29 02:56:29,WIFI,True,0.0,11.5,0,True,0.0,223.0,21
2026-09-29 02:56:30,WIFI,True,0.0,11.5,0,True,20.0,223.0,21
2026-09-29 02:56:31,WIFI,True,0.0,10.8,0,True,20.0,221.1,21
2026-09-29 02:56:32,WIFI,True,0.0,10.8,0,True,20.0,221.1,21
2026-09-29 02:56:33,WIFI,True,0.0,11.5,0,True,20.0,221.3,21
2026-09-29 02:56:34,WIFI,True,0.0,11.5,0,True,20.0,221.3,21
2026-09-29 02:56:35,WIFI,True,0.0,10.7,0,True,20.0,220.7,21
2026-09-29 02:56:36,WIFI,True,0.0,10.7,0,True,20.0,220.7,21
2026-09-29 02:56:37,WIFI,True,0.0,10.7,0,True,20.0,220.6,21
2026-09-29 02:56:38,WIFI,True,0.0,10.7,0,True,20.0,220.6,21
2026-09-29 02:56:39,WIFI,True,0.0,11.5,0,True,20.0,220.6,22
2026-09-29 02:56:40,WIFI,True,0.0,11.5,0,True,20.0,220.6,22
2026-09-29 02:56:41,WIFI,True,0.0,12.0,0,True,20.0,219.7,22
2026-09-29 02:56:42,WIFI,True,0.0,12.0,0,True,20.0,219.7,22
2026-09-29 02:56:43,WIFI,True,0.0,12.0,0,True,20.0,228.4,22
2026-09-29 02:56:44,WIFI,True,0.0,12.0,0,True,20.0,228.4,22
2026-09-29 02:56:45,WIFI,True,0.0,11.5,0,True,20.0,222.2,22
2026-09-29 02:56:46,WIFI,True,0.0,11.5,0,True,20.0,222.2,22
2026-09-29 02:56:47,WIFI,True,0.0,11.7,0,True,20.0,220.8,22
2026-09-29 02:56:48,WIFI,True,0.0,11.7,0,True,20.0,220.8,22
2026-09-29 02:56:49,WIFI,True,0.0,12.2,0,True,0.0,221.0,22
2026-09-29 02:56:50,WIFI,True,0.0,12.2,0,True,0.0,221.0,22
2026-09-29 02:56:51,WIFI,True,0.0,13.9,0,True,0.0,224.4,22
2026-09-29 02:56:52,WIFI,True,0.0,13.9,0,True,0.0,224.4,22
2026-09-29 02:56:53,WIFI,True,0.0,19.1,0,True,0.0,224.4,22
2026-09-29 02:56:54,WIFI,True,0.0,19.1,0,True,20.0,224.4,22
2026-09-29 02:56:55,WIFI,True,0.0,22.4,0,True,20.0,224.7,22
2026-09-29 02:56:56,WIFI,True,0.0,23.4,0,True,20.0,224.7,22
2026-09-29 02:56:57,WIFI,True,0.0,23.4,0,True,20.0,225.7,22
2026-09-29 02:56:58,WIFI,True,0.0,23.3,0,True,20.0,225.7,22
2026-09-29 02:56:59,WIFI,True,0.0,23.3,0,True,20.0,225.7,22
2026-09-29 02:57:00,WIFI,True,0.0,23.4,0,True,20.0,225.7,22
2026-09-29 02:57:01,WIFI,True,0.0,23.4,0,True,20.0,225.7,22
2026-09-29 02:57:02,WIFI,True,0.0,22.2,0,True,20.0,225.7,22
2026-09-29 02:57:03,WIFI,True,0.0,22.2,0,True,0.0,225.3,22
2026-09-29 02:57:04,WIFI,True,0.0,22.7,0,True,0.0,225.3,22
2026-09-29 02:57:05,WIFI,True,0.0,22.7,0,True,0.0,217.0,22
2026-09-29 02:57:06,WIFI,True,0.0,22.7,0,True,0.0,217.0,22
2026-09-29 02:57:07,WIFI,True,0.0,22.7,0,True,0.0,218.0,22
2026-09-29 02:57:08,WIFI,True,0.0,22.9,0,True,0.0,218.0,22
2026-09-29 02:57:09,WIFI,True,0.0,22.9,0,True,0.0,217.2,22
2026-09-29 02:57:10,WIFI,True,0.0,21.9,0,True,0.0,217.2,22
2026-09-29 02:57:11,WIFI,True,0.0,21.9,0,True,0.0,216.6,22
2026-09-29 02:57:12,WIFI,True,0.0,15.7,0,True,0.0,216.6,22
2026-09-29 02:57:13,WIFI,True,0.0,15.7,0,True,0.0,221.8,22
2026-09-29 02:57:14,WIFI,True,0.0,12.6,0,True,0.0,221.8,22
2026-09-29 02:57:15,WIFI,True,0.0,12.6,0,True,0.0,227.4,22
2026-09-29 02:57:16,WIFI,True,0.0,12.8,0,True,0.0,227.4,22
2026-09-29 02:57:17,WIFI,True,0.0,12.8,0,True,0.0,229.6,22
2026-09-29 02:57:18,WIFI,True,0.0,14.9,0,True,0.0,229.6,22
2026-09-29 02:57:19,WIFI,True,0.0,14.9,0,True,0.0,229.9,22
2026-09-29 02:57:20,WIFI,True,0.0,14.1,0,True,0.0,229.8,22
2026-09-29 02:57:21,WIFI,True,0.0,14.1,0,True,0.0,229.8,22
2026-09-29 02:57:22,WIFI,True,0.0,15.1,0,True,0.0,230.0,22
2026-09-29 02:57:23,WIFI,True,0.0,15.1,0,True,0.0,230.0,22
2026-09-29 02:57:24,WIFI,True,0.0,15.2,0,True,0.0,230.0,22
2026-09-29 02:57:25,WIFI,True,0.0,15.2,0,True,0.0,230.0,22
2026-09-29 02:57:26,WIFI,True,0.0,14.5,0,True,0.0,228.5,22
2026-09-29 02:57:27,WIFI,True,0.0,14.5,0,True,0.0,228.5,22
2026-09-29 02:57:28,WIFI,True,0.0,13.7,0,True,0.0,228.2,22
2026-09-29 02:57:29,WIFI,True,0.0,13.7,0,True,0.0,228.2,22
2026-09-29 02:57:30,WIFI,True,0.0,13.7,0,True,0.0,228.6,22
2026-09-29 02:57:31,WIFI,True,0.0,13.7,0,True,0.0,228.6,22
2026-09-29 02:57:32,WIFI,True,0.0,13.6,0,True,0.0,220.1,22
2026-09-29 02:57:33,WIFI,True,0.0,13.6,0,True,0.0,220.1,22
2026-09-29 02:57:34,WIFI,True,0.0,13.5,0,True,0.0,214.2,22
2026-09-29 02:57:35,WIFI,True,0.0,13.5,0,True,0.0,214.2,22
2026-09-29 02:57:36,WIFI,True,0.0,13.0,0,True,0.0,210.6,22
2026-09-29 02:57:37,WIFI,True,0.0,13.0,0,True,0.0,210.6,22
2026-09-29 02:57:38,WIFI,True,0.0,10.1,0,True,0.0,211.1,22
2026-09-29 02:57:39,WIFI,True,0.0,10.1,0,True,0.0,211.1,22
2026-09-29 02:57:40,WIFI,True,0.0,11.7,0,True,0.0,212.2,22
2026-09-29 02:57:41,WIFI,True,0.0,11.7,0,True,0.0,212.2,22
2026-09-29 02:57:42,WIFI,True,0.0,18.8,0,True,0.0,212.2,22
2026-09-29 02:57:43,WIFI,True,0.0,18.8,0,True,0.0,219.5,22
2026-09-29 02:57:44,WIFI,True,0.0,20.7,0,True,0.0,219.7,22
2026-09-29 02:57:45,WIFI,True,0.0,20.7,0,True,0.0,219.7,22
2026-09-29 02:57:46,WIFI,True,0.0,20.6,0,True,0.0,218.8,22
2026-09-29 02:57:47,WIFI,True,0.0,20.6,0,True,0.0,218.8,22
2026-09-29 02:57:48,WIFI,True,0.0,20.9,0,True,0.0,220.1,22
2026-09-29 02:57:49,WIFI,True,0.0,20.9,0,True,0.0,220.1,22
2026-09-29 02:57:50,WIFI,True,0.0,21.2,0,True,0.0,219.6,22
2026-09-29 02:57:51,WIFI,True,0.0,21.2,0,True,0.0,219.6,22
2026-09-29 02:57:52,WIFI,True,0.0,21.3,0,True,0.0,219.8,22
2026-09-29 02:57:53,WIFI,True,0.0,21.3,0,True,0.0,219.8,22
2026-09-29 02:57:54,WIFI,True,0.0,21.5,0,True,0.0,220.2,22
2026-09-29 02:57:55,WIFI,True,0.0,21.5,0,True,0.0,220.2,22
2026-09-29 02:57:56,WIFI,True,0.0,20.7,0,True,0.0,220.4,22
2026-09-29 02:57:57,WIFI,True,0.0,20.7,0,True,0.0,220.4,22
2026-09-29 02:57:58,WIFI,True,0.0,21.8,0,True,0.0,220.6,22
2026-09-29 02:58:00,WIFI,True,0.0,21.8,0,True,0.0,220.6,22
2026-09-29 02:58:01,WIFI,True,0.0,20.4,0,True,0.0,219.5,22
2026-09-29 02:58:02,WIFI,True,0.0,20.4,0,True,0.0,219.5,22
2026-09-29 02:58:03,WIFI,True,0.0,13.1,0,True,0.0,218.8,22
2026-09-29 02:58:04,WIFI,True,0.0,13.1,0,True,0.0,218.8,22
2026-09-29 02:58:05,WIFI,True,0.0,11.3,0,True,0.0,221.8,22
2026-09-29 02:58:06,WIFI,True,0.0,11.3,0,True,0.0,221.8,22
2026-09-29 02:58:07,WIFI,True,0.0,11.4,0,True,0.0,225.9,22
2026-09-29 02:58:08,WIFI,True,0.0,11.4,0,True,0.0,225.9,22
2026-09-29 02:58:09,WIFI,True,0.0,18.3,0,True,0.0,224.6,22
2026-09-29 02:58:10,WIFI,True,0.0,18.3,0,True,0.0,224.6,22
2026-09-29 02:58:11,WIFI,True,0.0,18.1,0,True,0.0,224.5,22
2026-09-29 02:58:12,WIFI,True,0.0,18.1,0,True,0.0,224.5,22
2026-09-29 02:58:13,WIFI,True,0.0,18.9,0,True,0.0,225.2,22
2026-09-29 02:58:14,WIFI,True,0.0,18.9,0,True,0.0,225.2,22
2026-09-29 02:58:15,WIFI,True,0.0,18.6,0,True,0.0,224.9,22
2026-09-29 02:58:16,WIFI,True,0.0,18.6,0,True,0.0,224.9,22
2026-09-29 02:58:17,WIFI,True,0.0,18.8,0,True,0.0,225.1,22
2026-09-29 02:58:18,WIFI,True,0.0,18.8,0,True,0.0,225.1,22
2026-09-29 02:58:19,WIFI,True,0.0,18.7,0,True,0.0,227.3,22
2026-09-29 02:58:20,WIFI,True,0.0,18.7,0,True,0.0,227.3,22
2026-09-29 02:58:21,WIFI,True,0.0,18.7,0,True,0.0,227.4,22
2026-09-29 02:58:22,WIFI,True,0.0,18.7,0,True,0.0,227.4,22
2026-09-29 02:58:23,WIFI,True,0.0,18.3,0,True,0.0,220.0,22
2026-09-29 02:58:24,WIFI,True,0.0,18.3,0,True,0.0,220.0,22
2026-09-29 02:58:25,WIFI,True,0.0,18.6,0,True,0.0,220.0,23
2026-09-29 02:58:26,WIFI,True,0.0,18.6,0,True,20.0,220.0,23
2026-09-29 02:58:27,WIFI,True,0.0,18.3,0,True,20.0,217.1,23
2026-09-29 02:58:28,WIFI,True,0.0,18.3,0,True,20.0,217.1,23
2026-09-29 02:58:29,WIFI,True,0.0,11.9,0,True,20.0,217.1,23
2026-09-29 02:58:30,WIFI,True,0.0,11.9,0,True,40.0,217.1,23
2026-09-29 02:58:31,WIFI,True,0.0,11.2,0,True,40.0,214.1,23
2026-09-29 02:58:32,WIFI,True,0.0,11.2,0,True,40.0,214.1,23
2026-09-29 02:58:33,WIFI,True,0.0,11.2,0,True,40.0,215.1,23
2026-09-29 02:58:34,WIFI,True,0.0,11.2,0,True,40.0,215.1,23
2026-09-29 02:58:35,WIFI,True,0.0,11.3,0,True,20.0,215.4,23
2026-09-29 02:58:36,WIFI,True,0.0,11.3,0,True,20.0,215.4,23
2026-09-29 02:58:37,WIFI,True,0.0,11.9,0,True,20.0,214.9,23
2026-09-29 02:58:38,WIFI,True,0.0,11.9,0,True,20.0,214.9,23
2026-09-29 02:58:39,WIFI,True,0.0,12.1,0,True,0.0,213.5,23
2026-09-29 02:58:40,WIFI,True,0.0,12.1,0,True,0.0,213.5,23
2026-09-29 02:58:41,WIFI,True,0.0,12.5,0,True,0.0,213.5,23
2026-09-29 02:58:42,WIFI,True,0.0,12.5,0,True,20.0,213.5,23
2026-09-29 02:58:43,WIFI,True,0.0,12.4,0,True,20.0,222.4,23
2026-09-29 02:58:44,WIFI,True,0.0,12.4,0,True,20.0,222.4,23
2026-09-29 02:58:45,WIFI,True,0.0,11.6,0,True,20.0,222.4,23
2026-09-29 02:58:46,WIFI,True,0.0,11.6,0,True,40.0,222.4,23
2026-09-29 02:58:47,WIFI,True,0.0,12.5,0,True,40.0,222.4,23
2026-09-29 02:58:48,WIFI,True,0.0,12.5,0,False,60.0,222.4,23
2026-09-29 02:58:49,WIFI,True,0.0,11.9,0,False,60.0,225.5,23
2026-09-29 02:58:50,WIFI,True,0.0,11.9,0,False,60.0,225.5,23
2026-09-29 02:58:51,WIFI,True,0.0,12.5,0,True,40.0,231.0,23
2026-09-29 02:58:52,WIFI,True,0.0,12.5,0,True,40.0,231.0,23
2026-09-29 02:58:53,WIFI,True,0.0,18.9,0,True,40.0,231.0,23
2026-09-29 02:58:54,WIFI,True,0.0,18.9,0,False,60.0,231.0,23
2026-09-29 02:58:55,WIFI,True,0.0,19.3,0,True,40.0,240.5,23
2026-09-29 02:58:56,WIFI,True,0.0,19.3,0,True,40.0,240.5,23
2026-09-29 02:58:57,WIFI,True,0.0,18.6,0,True,40.0,240.5,23
2026-09-29 02:58:58,WIFI,True,0.0,18.6,0,True,40.0,240.5,23
2026-09-29 02:58:59,WIFI,True,0.0,21.7,0,True,40.0,243.8,23
2026-09-29 02:59:00,WIFI,True,0.0,21.7,0,True,40.0,243.8,23
2026-09-29 02:59:01,WIFI,True,0.0,21.7,0,True,40.0,243.8,23
2026-09-29 02:59:02,WIFI,True,0.0,21.7,0,False,60.0,243.8,23
2026-09-29 02:59:03,WIFI,True,0.0,22.2,0,True,40.0,244.1,23
2026-09-29 02:59:04,WIFI,True,0.0,22.2,0,True,40.0,244.1,23
2026-09-29 02:59:05,WIFI,True,0.0,22.7,0,True,40.0,243.8,23
2026-09-29 02:59:06,WIFI,True,0.0,22.7,0,True,40.0,243.8,23
2026-09-29 02:59:07,WIFI,True,0.0,22.5,0,True,20.0,244.3,23
2026-09-29 02:59:08,WIFI,True,0.0,22.5,0,True,20.0,244.3,23
2026-09-29 02:59:09,WIFI,True,0.0,22.2,0,True,20.0,244.5,23
2026-09-29 02:59:10,WIFI,True,0.0,22.2,0,True,20.0,244.5,23
2026-09-29 02:59:11,WIFI,True,0.0,21.4,0,True,0.0,245.9,23
2026-09-29 02:59:12,WIFI,True,0.0,21.4,0,True,0.0,245.9,23
2026-09-29 02:59:13,WIFI,True,0.0,14.4,0,True,0.0,236.7,23
2026-09-29 02:59:14,WIFI,True,0.0,14.4,0,True,0.0,236.7,23
2026-09-29 02:59:15,WIFI,True,0.0,14.1,0,True,0.0,231.4,23
2026-09-29 02:59:16,WIFI,True,0.0,14.1,0,True,0.0,231.4,23
2026-09-29 02:59:17,WIFI,True,0.0,14.7,0,True,0.0,225.7,23
2026-09-29 02:59:18,WIFI,True,0.0,14.7,0,True,0.0,225.7,23
2026-09-29 02:59:19,WIFI,True,0.0,11.3,0,True,0.0,217.6,23
2026-09-29 02:59:20,WIFI,True,0.0,11.3,0,True,0.0,217.6,23
2026-09-29 02:59:21,WIFI,True,0.0,13.2,0,True,0.0,215.7,23
2026-09-29 02:59:22,WIFI,True,0.0,13.2,0,True,0.0,215.7,23
2026-09-29 02:59:23,WIFI,True,0.0,15.1,0,True,0.0,214.4,23
2026-09-29 02:59:24,WIFI,True,0.0,15.1,0,True,0.0,214.4,23
2026-09-29 02:59:25,WIFI,True,0.0,14.5,0,True,0.0,214.5,23
2026-09-29 02:59:26,WIFI,True,0.0,14.5,0,True,0.0,214.5,23
2026-09-29 02:59:27,WIFI,True,0.0,14.1,0,True,0.0,214.4,23
2026-09-29 02:59:28,WIFI,True,0.0,14.1,0,True,0.0,214.4,23
2026-09-29 02:59:29,WIFI,True,0.0,15.1,0,True,0.0,215.0,23
2026-09-29 02:59:30,WIFI,True,0.0,15.1,0,True,0.0,215.0,23
2026-09-29 02:59:31,WIFI,True,0.0,15.1,0,True,0.0,215.0,23
2026-09-29 02:59:32,WIFI,True,0.0,15.1,0,True,20.0,215.0,23
2026-09-29 02:59:33,WIFI,True,0.0,15.2,0,True,20.0,214.9,23
2026-09-29 02:59:34,WIFI,True,0.0,15.2,0,True,20.0,214.9,23
2026-09-29 02:59:35,WIFI,True,0.0,15.5,0,True,20.0,214.9,23
2026-09-29 02:59:36,WIFI,True,0.0,15.5,0,True,40.0,214.9,23
2026-09-29 02:59:37,WIFI,True,0.0,14.7,0,True,40.0,222.8,23
2026-09-29 02:59:38,WIFI,True,0.0,14.7,0,True,40.0,222.8,23
2026-09-29 02:59:39,WIFI,True,0.0,14.6,0,True,40.0,229.7,23
2026-09-29 02:59:40,WIFI,True,0.0,14.6,0,True,40.0,229.7,23
2026-09-29 02:59:41,WIFI,True,0.0,12.5,0,True,20.0,239.8,23
2026-09-29 02:59:43,WIFI,True,0.0,12.5,0,True,20.0,239.8,23
2026-09-29 02:59:44,WIFI,True,0.0,9.8,0,True,20.0,239.7,23
2026-09-29 02:59:45,WIFI,True,0.0,9.8,0,True,20.0,239.7,23
2026-09-29 02:59:46,WIFI,True,0.0,10.2,0,True,0.0,241.6,23
2026-09-29 02:59:47,WIFI,True,0.0,10.2,0,True,0.0,241.6,23
2026-09-29 02:59:48,WIFI,True,0.0,16.8,0,True,0.0,247.3,23
2026-09-29 02:59:49,WIFI,True,0.0,16.8,0,True,0.0,247.3,23
2026-09-29 02:59:50,WIFI,True,0.0,17.0,0,True,0.0,250.5,23
2026-09-29 02:59:51,WIFI,True,0.0,17.0,0,True,0.0,250.5,23
2026-09-29 02:59:52,WIFI,True,0.0,17.0,0,True,0.0,250.5,23
2026-09-29 02:59:53,WIFI,True,0.0,17.0,0,True,20.0,250.5,23
2026-09-29 02:59:54,WIFI,True,0.0,16.6,0,True,20.0,250.5,23
2026-09-29 02:59:55,WIFI,True,0.0,16.6,0,True,40.0,250.5,23
2026-09-29 02:59:56,WIFI,False,20.0,16.6,0,True,40.0,250.5,23
2026-09-29 02:59:57,WIFI,False,20.0,16.6,0,False,60.0,250.5,23
2026-09-29 02:59:58,,False,40.0,16.6,0,False,60.0,250.5,23
2026-09-29 02:59:59,,False,40.0,16.6,0,False,80.0,250.5,23
2026-09-29 03:00:00,,False,60.0,16.6,0,False,80.0,250.5,23
2026-09-29 03:00:01,,False,60.0,16.6,0,False,100.0,250.5,23
2026-09-29 03:00:02,,False,80.0,16.6,0,False,100.0,250.5,23
2026-09-29 03:00:03,,False,80.0,16.6,0,False,100.0,250.5,23
2026-09-29 03:00:04,,False,100.0,16.6,0,False,100.0,250.5,23
2026-09-29 03:00:05,,False,100.0,16.6,0,False,100.0,250.5,23
2026-09-29 03:00:06,,False,100.0,16.6,0,False,100.0,250.5,23
2026-09-29 03:00:07,,False,100.0,16.6,0,False,100.0,250.5,23
2026-09-29 03:00:08,,False,100.0,16.6,0,False,100.0,250.5,23
2026-09-29 03:00:09,,False,100.0,16.6,0,False,100.0,250.5,23
2026-09-29 03:00:10,,False,100.0,16.6,0,False,100.0,250.5,23
2026-09-29 03:00:11,,False,100.0,16.6,0,False,100.0,250.5,23
2026-09-29 03:00:12,,False,100.0,16.6,0,False,100.0,250.5,23
2026-09-29 03:00:13,,False,100.0,16.6,0,False,100.0,250.5,23
2026-09-29 03:00:14,,False,100.0,16.6,0,False,100.0,250.5,23
2026-09-29 03:00:15,,False,100.0,16.6,0,False,100.0,250.5,23
2026-09-29 03:00:16,,False,100.0,16.6,0,False,100.0,250.5,23
2026-09-29 03:00:17,,False,100.0,16.6,0,False,100.0,250.5,23
2026-09-29 03:00:18,,False,100.0,16.6,0,False,100.0,250.5,23
2026-09-29 03:00:19,,False,100.0,16.6,0,False,100.0,250.5,23
2026-09-29 03:00:20,,False,100.0,16.6,0,False,100.0,250.5,23
2026-09-29 03:00:21,,False,100.0,16.6,0,False,100.0,250.5,23
2026-09-29 03:00:22,,False,100.0,16.6,0,False,100.0,250.5,23
2026-09-29 03:00:23,,False,100.0,16.6,0,False,100.0,250.5,23
2026-09-29 03:00:24,,False,100.0,16.6,0,False,100.0,250.5,23
2026-09-29 03:00:25,,False,100.0,16.6,0,False,100.0,250.5,23
2026-09-29 03:00:26,,False,100.0,16.6,0,False,100.0,250.5,23
2026-09-29 03:00:27,,False,100.0,16.6,0,False,100.0,250.5,23
2026-09-29 03:00:28,,False,100.0,16.6,0,False,100.0,250.5,23
2026-09-29 03:00:29,,False,100.0,16.6,0,False,100.0,250.5,23
2026-09-29 03:00:30,,False,100.0,16.6,0,False,100.0,250.5,23
2026-09-29 03:00:31,,False,100.0,16.6,0,False,100.0,250.5,23
2026-09-29 03:00:32,,False,100.0,16.6,0,False,100.0,250.5,23
2026-09-29 03:00:33,,False,100.0,16.6,0,False,100.0,250.5,23
2026-09-29 03:00:34,,False,100.0,16.6,0,False,100.0,250.5,23
2026-09-29 03:00:35,,False,100.0,16.6,0,False,100.0,250.5,23
2026-09-29 03:00:36,,False,100.0,16.6,0,False,100.0,250.5,23
2026-09-29 03:00:37,,False,100.0,16.6,0,False,100.0,250.5,23
2026-09-29 03:00:38,,False,100.0,16.6,0,False,100.0,250.5,23
2026-09-29 03:00:39,,False,100.0,16.6,0,False,100.0,250.5,23
2026-09-29 03:00:40,,False,100.0,16.6,0,False,100.0,250.5,23
2026-09-29 03:00:41,,False,100.0,16.6,0,False,100.0,250.5,23
2026-09-29 03:00:42,,False,100.0,16.6,0,False,100.0,250.5,23
2026-09-29 03:00:43,,False,100.0,16.6,0,False,100.0,250.5,23
2026-09-29 03:00:44,,False,100.0,16.6,0,False,100.0,250.5,23
2026-09-29 03:00:45,,False,100.0,16.6,0,False,100.0,250.5,23
2026-09-29 03:00:46,,False,100.0,16.6,0,False,100.0,250.5,23
2026-09-29 03:00:47,,False,100.0,16.6,0,False,100.0,250.5,23
2026-09-29 03:00:48,,False,100.0,16.6,0,False,100.0,250.5,23
2026-09-29 03:00:49,,False,100.0,16.6,0,False,100.0,250.5,23
2026-09-29 03:00:50,,False,100.0,16.6,0,False,100.0,250.5,23
2026-09-29 03:00:51,,False,100.0,16.6,0,False,100.0,250.5,23
2026-09-29 03:00:52,,False,100.0,16.6,0,False,100.0,250.5,23
2026-09-29 03:00:53,,False,100.0,16.6,0,False,100.0,250.5,23
2026-09-29 03:00:54,,False,100.0,16.6,0,False,100.0,250.5,23
2026-09-29 03:00:55,,False,100.0,16.6,0,False,100.0,250.5,23
2026-09-29 03:00:56,,False,100.0,16.6,0,False,100.0,250.5,23
2026-09-29 03:00:57,,False,100.0,16.6,0,False,100.0,250.5,23
2026-09-29 03:00:58,,False,100.0,16.6,0,False,100.0,250.5,23
2026-09-29 03:00:59,,False,100.0,16.6,0,False,100.0,250.5,23
2026-09-29 03:01:00,,False,100.0,16.6,0,False,100.0,250.5,23
2026-09-29 03:01:01,,False,100.0,16.6,0,False,100.0,250.5,23
2026-09-29 03:01:02,,False,100.0,16.6,0,False,100.0,250.5,23
2026-09-29 03:01:03,,False,100.0,16.6,0,False,100.0,250.5,23
2026-09-29 03:01:04,,False,100.0,16.6,0,False,100.0,250.5,23
2026-09-29 03:01:05,,False,100.0,16.6,0,False,100.0,250.5,23
2026-09-29 03:01:06,,False,100.0,16.6,0,False,100.0,250.5,23
2026-09-29 03:01:07,,False,100.0,16.6,0,False,100.0,250.5,23
2026-09-29 03:01:08,,False,100.0,16.6,0,False,100.0,250.5,23
2026-09-29 03:01:09,,False,100.0,16.6,0,False,100.0,250.5,23
2026-09-29 03:01:10,,False,100.0,16.6,0,False,100.0,250.5,23
2026-09-29 03:01:11,,False,100.0,16.6,0,False,100.0,250.5,23
2026-09-29 03:01:12,,False,100.0,16.6,0,False,100.0,250.5,23
2026-09-29 03:01:13,,False,100.0,16.6,0,False,100.0,250.5,23
2026-09-29 03:01:14,,False,100.0,16.6,0,False,100.0,250.5,23
2026-09-29 03:01:15,,False,100.0,16.6,0,False,100.0,250.5,23
2026-09-29 03:01:16,,False,100.0,16.6,0,False,100.0,250.5,23
2026-09-29 03:01:17,,False,100.0,16.6,0,False,100.0,250.5,23
2026-09-29 03:01:18,,False,100.0,16.6,0,False,100.0,250.5,23
2026-09-29 03:01:19,,False,100.0,16.6,0,False,100.0,250.5,23
2026-09-29 03:01:20,,False,100.0,16.6,0,False,100.0,250.5,23
2026-09-29 03:01:21,,False,100.0,16.6,0,False,100.0,250.5,23
2026-09-29 03:01:22,,False,100.0,16.6,0,False,100.0,250.5,23
2026-09-29 03:01:23,,False,100.0,16.6,0,False,100.0,250.5,23
2026-09-29 03:01:24,,False,100.0,16.6,0,False,100.0,250.5,23
2026-09-29 03:01:25,,False,100.0,16.6,0,False,100.0,250.5,23
2026-09-29 03:01:26,,False,100.0,16.6,0,False,100.0,250.5,23
2026-09-29 03:01:27,,False,100.0,16.6,0,False,100.0,250.5,23
2026-09-29 03:01:28,,False,100.0,16.6,0,False,100.0,250.5,23
2026-09-29 03:01:29,,False,100.0,16.6,0,False,100.0,250.5,23
2026-09-29 03:01:31,,False,100.0,16.6,0,False,100.0,250.5,23
2026-09-29 03:01:32,,False,100.0,16.6,0,False,100.0,250.5,23
2026-09-29 03:01:33,,False,100.0,16.6,0,False,100.0,250.5,23
2026-09-29 03:01:34,,False,100.0,16.6,0,False,100.0,250.5,23
2026-09-29 03:01:35,,False,100.0,16.6,0,False,100.0,250.5,23
2026-09-29 03:01:36,,False,100.0,16.6,0,False,100.0,250.5,23
2026-09-29 03:01:37,,False,100.0,16.6,0,False,100.0,250.5,23
2026-09-29 03:01:38,,False,100.0,16.6,0,False,100.0,250.5,23
2026-09-29 03:01:39,,False,100.0,16.6,0,False,100.0,250.5,23
2026-09-29 03:01:40,,False,100.0,16.6,0,False,100.0,250.5,23
2026-09-29 03:01:41,,False,100.0,16.6,0,False,100.0,250.5,23
2026-09-29 03:01:42,,False,100.0,16.6,0,False,100.0,250.5,23
2026-09-29 03:01:43,,False,100.0,16.6,0,False,100.0,250.5,23
2026-09-29 03:01:44,,False,100.0,16.6,0,False,100.0,250.5,23
2026-09-29 03:01:45,,False,100.0,16.6,0,False,100.0,250.5,23
2026-09-29 03:01:46,,False,100.0,16.6,0,False,100.0,250.5,23
2026-09-29 03:01:47,,False,100.0,16.6,0,False,100.0,250.5,23
2026-09-29 03:01:48,,False,100.0,16.6,0,False,100.0,250.5,23
2026-09-29 03:01:49,,False,100.0,16.6,0,False,100.0,250.5,23
2026-09-29 03:01:50,,False,100.0,16.6,0,False,100.0,250.5,23
2026-09-29 03:01:51,,False,100.0,16.6,0,False,100.0,250.5,23
2026-09-29 03:01:52,,False,100.0,16.6,0,False,100.0,250.5,23
2026-09-29 03:01:53,,False,100.0,16.6,0,False,100.0,250.5,23
2026-09-29 03:01:54,,False,100.0,16.6,0,False,100.0,250.5,23
2026-09-29 03:01:55,,False,100.0,16.6,0,False,100.0,250.5,23
2026-09-29 03:01:56,,False,100.0,16.6,0,False,100.0,250.5,23
2026-09-29 03:01:57,,False,100.0,16.6,0,False,100.0,250.5,23
2026-09-29 03:01:58,,False,100.0,16.6,0,False,100.0,250.5,23
2026-09-29 03:01:59,,False,100.0,16.6,0,False,100.0,250.5,23
2026-09-29 03:02:00,,False,100.0,16.6,0,False,100.0,250.5,23
2026-09-29 03:02:01,,False,100.0,16.6,0,False,100.0,250.5,23
2026-09-29 03:02:02,,False,100.0,16.6,0,False,100.0,250.5,23
2026-09-29 03:02:03,,False,100.0,16.6,0,False,100.0,250.5,23
2026-09-29 03:02:04,,False,100.0,16.6,0,False,100.0,250.5,23
2026-09-29 03:02:05,,False,100.0,16.6,0,False,100.0,250.5,23
2026-09-29 03:02:06,,False,100.0,16.6,0,False,100.0,250.5,23
2026-09-29 03:02:07,,False,100.0,16.6,0,False,100.0,250.5,23
2026-09-29 03:02:08,,False,100.0,16.6,0,False,100.0,250.5,23
2026-09-29 03:02:09,,False,100.0,16.6,0,False,100.0,250.5,23
2026-09-29 03:02:10,,False,100.0,16.6,0,False,100.0,250.5,23
2026-09-29 03:02:11,,False,100.0,16.6,0,False,100.0,250.5,23
2026-09-29 03:02:12,,False,100.0,16.6,0,False,100.0,250.5,23
2026-09-29 03:02:13,,False,100.0,16.6,0,False,100.0,250.5,23
2026-09-29 03:02:14,,False,100.0,16.6,0,False,100.0,250.5,23
2026-09-29 03:02:15,,False,100.0,16.6,0,False,100.0,250.5,23
2026-09-29 03:02:16,,False,100.0,16.6,0,False,100.0,250.5,23
2026-09-29 03:02:17,,False,100.0,16.6,0,False,100.0,250.5,23
2026-09-29 03:02:18,,False,100.0,16.6,0,False,100.0,250.5,23
2026-09-29 03:02:19,,False,100.0,16.6,0,False,100.0,250.5,23
2026-09-29 03:02:20,,False,100.0,16.6,0,False,100.0,250.5,23
2026-09-29 03:02:21,,False,100.0,16.6,0,False,100.0,250.5,23
2026-09-29 03:02:22,,False,100.0,16.6,0,False,100.0,250.5,23
2026-09-29 03:02:23,,False,100.0,16.6,0,False,100.0,250.5,23
2026-09-29 03:02:24,,False,100.0,16.6,0,False,100.0,250.5,23
2026-09-29 03:02:25,,False,100.0,16.6,0,False,100.0,250.5,23
2026-09-29 03:02:26,,False,100.0,16.6,0,False,100.0,250.5,23
2026-09-29 03:02:27,,False,100.0,16.6,0,False,100.0,250.5,23
2026-09-29 03:02:28,,False,100.0,16.6,0,False,100.0,250.5,23
2026-09-29 03:02:29,,False,100.0,16.6,0,False,100.0,250.5,23
2026-09-29 03:02:30,,False,100.0,16.6,0,False,100.0,250.5,23
2026-09-29 03:02:31,,False,100.0,16.6,0,False,100.0,250.5,23
2026-09-29 03:02:32,,False,100.0,16.6,0,False,100.0,250.5,23
2026-09-29 03:02:33,,False,100.0,16.6,0,False,100.0,250.5,23
2026-09-29 03:02:34,,False,100.0,16.6,0,False,100.0,250.5,23
2026-09-29 03:02:35,,False,100.0,16.6,0,False,100.0,250.5,23
2026-09-29 03:02:36,,False,100.0,16.6,0,False,100.0,250.5,23
2026-09-29 03:02:37,,False,100.0,16.6,0,False,100.0,250.5,23
2026-09-29 03:02:38,,False,100.0,16.6,0,False,100.0,250.5,23
2026-09-29 03:02:39,,False,100.0,16.6,0,False,100.0,250.5,23
2026-09-29 03:02:40,,False,100.0,16.6,0,False,100.0,250.5,23
2026-09-29 03:02:41,,False,100.0,16.6,0,False,100.0,250.5,23
2026-09-29 03:02:42,,False,100.0,16.6,0,False,100.0,250.5,23
2026-09-29 03:02:43,,False,100.0,16.6,0,False,100.0,250.5,23
2026-09-29 03:02:44,,False,100.0,16.6,0,False,100.0,250.5,23
2026-09-29 03:02:45,,False,100.0,16.6,0,False,100.0,250.5,23
2026-09-29 03:02:46,,False,100.0,16.6,0,False,100.0,250.5,23
2026-09-29 03:02:47,,False,100.0,16.6,0,False,100.0,250.5,23
2026-09-29 03:02:48,,False,100.0,16.6,0,False,100.0,250.5,23
2026-09-29 03:02:49,,False,100.0,16.6,0,False,100.0,250.5,23
2026-09-29 03:02:50,,False,100.0,16.6,0,False,100.0,250.5,23
2026-09-29 03:02:51,,False,100.0,16.6,0,False,100.0,250.5,23
2026-09-29 03:02:52,,False,100.0,16.6,0,False,100.0,250.5,23
2026-09-29 03:02:53,,False,100.0,16.6,0,False,100.0,250.5,23
2026-09-29 03:02:54,,False,100.0,16.6,0,False,100.0,250.5,23
2026-09-29 03:02:55,,False,100.0,16.6,0,False,100.0,250.5,23
2026-09-29 03:02:56,,False,100.0,16.6,0,False,100.0,250.5,23
2026-09-29 03:02:57,,False,100.0,16.6,0,False,100.0,250.5,23
2026-09-29 03:02:58,,False,100.0,16.6,0,False,100.0,250.5,23
2026-09-29 03:02:59,,False,100.0,16.6,0,False,100.0,250.5,23
2026-09-29 03:03:00,,False,80.0,16.1,0,False,80.0,250.4,23
2026-09-29 03:03:01,,False,80.0,16.1,0,False,80.0,250.4,23
2026-09-29 03:03:02,,False,60.0,16.0,0,False,60.0,249.2,23
2026-09-29 03:03:03,,False,60.0,16.0,0,False,60.0,249.2,23
2026-09-29 03:03:04,,False,40.0,15.6,0,False,60.0,249.2,24
2026-09-29 03:03:05,,False,40.0,15.6,0,False,60.0,249.2,24
2026-09-29 03:03:06,,False,20.0,15.1,0,True,40.0,249.7,24
2026-09-29 03:03:07,,False,20.0,15.1,0,True,40.0,249.7,24
2026-09-29 03:03:08,LOWBITRATE,True,0.0,15.1,0,True,20.0,241.8,24
2026-09-29 03:03:09,LOWBITRATE,True,0.0,15.1,0,True,20.0,241.8,24
2026-09-29 03:03:10,LOWBITRATE,True,0.0,14.9,0,True,20.0,234.0,24
2026-09-29 03:03:12,LOWBITRATE,True,0.0,14.9,0,True,20.0,234.0,24
2026-09-29 03:03:13,LOWBITRATE,True,0.0,7.8,0,True,20.0,234.0,24
2026-09-29 03:03:14,LOWBITRATE,True,0.0,7.8,0,True,40.0,234.0,24
2026-09-29 03:03:15,WIFI,True,0.0,6.9,0,True,20.0,223.8,24
2026-09-29 03:03:16,WIFI,True,0.0,6.9,0,True,20.0,223.8,24
2026-09-29 03:03:17,WIFI,True,0.0,7.0,0,True,20.0,223.9,24
2026-09-29 03:03:18,WIFI,True,0.0,7.0,0,True,20.0,223.9,24
2026-09-29 03:03:19,WIFI,True,0.0,9.1,0,True,20.0,223.9,24
2026-09-29 03:03:20,WIFI,True,0.0,9.1,0,True,40.0,223.9,24
2026-09-29 03:03:21,WIFI,True,0.0,9.3,0,True,40.0,223.7,24
2026-09-29 03:03:22,WIFI,True,0.0,9.3,0,True,40.0,223.7,24
2026-09-29 03:03:23,WIFI,True,0.0,31.8,0,True,20.0,229.1,24
2026-09-29 03:03:24,WIFI,True,0.0,31.8,0,True,20.0,229.1,24
2026-09-29 03:03:25,WIFI,True,0.0,39.0,0,True,20.0,225.1,24
2026-09-29 03:03:26,WIFI,True,0.0,39.0,0,True,20.0,225.1,24
2026-09-29 03:03:27,WIFI,True,0.0,39.8,0,True,20.0,224.7,24
2026-09-29 03:03:28,WIFI,True,0.0,39.8,0,True,20.0,224.7,24
2026-09-29 03:03:29,WIFI,True,0.0,42.3,0,True,0.0,225.3,24
2026-09-29 03:03:30,WIFI,True,0.0,42.3,0,True,0.0,225.3,24
2026-09-29 03:03:31,WIFI,True,0.0,42.1,0,True,0.0,230.0,24
2026-09-29 03:03:32,WIFI,True,0.0,42.1,0,True,0.0,230.0,24
2026-09-29 03:03:33,WIFI,True,0.0,51.3,0,True,0.0,230.3,24
2026-09-29 03:03:34,WIFI,True,0.0,51.3,0,True,0.0,230.3,24
2026-09-29 03:03:35,WIFI,True,0.0,51.3,0,True,0.0,230.5,24
2026-09-29 03:03:36,WIFI,True,0.0,51.3,0,True,0.0,230.5,24
2026-09-29 03:03:37,WIFI,True,0.0,59.6,0,True,0.0,229.1,24
2026-09-29 03:03:38,WIFI,True,0.0,59.6,0,True,0.0,229.1,24
2026-09-29 03:03:39,WIFI,True,0.0,68.7,0,True,0.0,228.3,24
2026-09-29 03:03:40,WIFI,True,0.0,68.7,0,True,0.0,228.3,24
2026-09-29 03:03:41,WIFI,True,0.0,74.9,0,True,0.0,228.3,24
2026-09-29 03:03:42,WIFI,True,0.0,74.9,0,True,20.0,228.3,24
2026-09-29 03:03:43,WIFI,True,0.0,83.7,0,True,20.0,245.2,24
2026-09-29 03:03:44,WIFI,True,0.0,76.0,0,True,20.0,245.2,24
2026-09-29 03:03:45,WIFI,True,0.0,76.0,0,True,20.0,245.2,24
2026-09-29 03:03:46,WIFI,True,0.0,76.0,0,True,40.0,245.2,24
2026-09-29 03:03:47,WIFI,True,0.0,83.7,0,True,40.0,233.9,24
2026-09-29 03:03:48,WIFI,True,0.0,83.4,0,True,40.0,233.9,24
2026-09-29 03:03:49,WIFI,True,0.0,83.4,0,True,40.0,234.3,24
2026-09-29 03:03:50,WIFI,True,0.0,83.4,0,True,40.0,234.3,24
2026-09-29 03:03:51,WIFI,True,0.0,89.4,0,True,20.0,234.7,24
2026-09-29 03:03:52,WIFI,True,0.0,80.5,0,True,20.0,234.7,24
2026-09-29 03:03:53,WIFI,True,0.0,80.5,0,True,20.0,234.5,24
2026-09-29 03:03:54,WIFI,True,0.0,84.2,0,True,20.0,234.5,24
2026-09-29 03:03:55,WIFI,True,0.0,84.2,0,True,0.0,229.3,24
2026-09-29 03:03:56,WIFI,True,0.0,83.2,0,True,0.0,229.3,24
2026-09-29 03:03:57,WIFI,True,0.0,83.2,0,True,0.0,228.9,24
2026-09-29 03:03:58,WIFI,True,0.0,83.2,0,True,0.0,228.9,24
2026-09-29 03:03:59,WIFI,True,0.0,83.5,0,True,0.0,229.3,24
2026-09-29 03:04:00,WIFI,True,0.0,77.3,0,True,0.0,229.3,24
2026-09-29 03:04:01,WIFI,True,0.0,77.3,0,True,0.0,231.1,24
2026-09-29 03:04:02,WIFI,True,0.0,46.0,0,True,0.0,231.1,24
2026-09-29 03:04:03,WIFI,True,0.0,46.0,0,True,0.0,231.3,24
2026-09-29 03:04:04,WIFI,True,0.0,48.5,0,True,0.0,231.3,24
2026-09-29 03:04:05,WIFI,True,0.0,48.5,0,True,0.0,231.3,24
2026-09-29 03:04:06,WIFI,True,0.0,46.7,0,True,20.0,231.3,24
2026-09-29 03:04:07,WIFI,True,0.0,46.7,0,True,20.0,210.9,24
2026-09-29 03:04:08,WIFI,True,0.0,55.4,0,True,20.0,210.9,24
2026-09-29 03:04:09,WIFI,True,0.0,55.4,0,True,20.0,210.8,24
2026-09-29 03:04:10,WIFI,True,0.0,54.0,0,True,20.0,210.8,24
2026-09-29 03:04:11,WIFI,True,0.0,54.0,0,True,20.0,211.4,24
2026-09-29 03:04:12,WIFI,True,0.0,62.9,0,True,20.0,211.4,24
2026-09-29 03:04:13,WIFI,True,0.0,62.9,0,True,20.0,211.4,24
2026-09-29 03:04:14,WIFI,True,0.0,72.0,0,True,40.0,211.4,24
2026-09-29 03:04:15,WIFI,True,0.0,72.0,0,True,20.0,213.4,24
2026-09-29 03:04:16,WIFI,True,0.0,71.4,0,True,20.0,213.4,24
2026-09-29 03:04:17,WIFI,True,0.0,71.4,0,True,20.0,213.0,24
2026-09-29 03:04:18,WIFI,True,0.0,60.2,0,True,20.0,213.0,24
2026-09-29 03:04:19,WIFI,True,0.0,60.2,0,True,20.0,212.8,24
2026-09-29 03:04:20,WIFI,True,0.0,63.4,0,True,20.0,212.8,24
2026-09-29 03:04:21,WIFI,True,0.0,63.4,0,True,20.0,216.2,24
2026-09-29 03:04:22,WIFI,True,0.0,75.6,0,True,20.0,216.2,24
2026-09-29 03:04:23,WIFI,True,0.0,75.6,0,True,20.0,216.2,24
2026-09-29 03:04:24,WIFI,True,0.0,84.1,0,True,20.0,216.2,24
2026-09-29 03:04:25,WIFI,True,0.0,84.1,0,True,20.0,216.0,24
2026-09-29 03:04:26,WIFI,True,0.0,87.0,0,True,20.0,215.7,24
2026-09-29 03:04:27,WIFI,True,0.0,87.0,0,True,20.0,215.7,24
2026-09-29 03:04:28,WIFI,True,0.0,83.6,0,True,20.0,215.7,24
2026-09-29 03:04:29,WIFI,True,0.0,83.6,0,True,20.0,215.7,24
2026-09-29 03:04:30,WIFI,True,0.0,91.1,0,True,40.0,215.7,24
2026-09-29 03:04:31,WIFI,True,0.0,91.1,0,True,40.0,215.7,24
2026-09-29 03:04:32,WIFI,True,0.0,82.1,0,True,40.0,215.6,24
2026-09-29 03:04:33,WIFI,True,0.0,82.1,0,True,40.0,215.6,24
2026-09-29 03:04:34,WIFI,True,0.0,69.0,0,True,40.0,215.6,24
2026-09-29 03:04:35,WIFI,True,0.0,69.0,0,True,40.0,215.6,24
2026-09-29 03:04:36,WIFI,True,0.0,65.3,0,False,60.0,215.4,24
2026-09-29 03:04:37,WIFI,True,0.0,65.3,0,False,60.0,215.4,24
2026-09-29 03:04:38,WIFI,True,0.0,72.3,0,True,40.0,215.3,24
2026-09-29 03:04:39,WIFI,True,0.0,72.3,0,True,40.0,215.3,24
2026-09-29 03:04:40,WIFI,True,0.0,80.1,0,True,20.0,214.6,24
2026-09-29 03:04:41,WIFI,True,0.0,80.1,0,True,20.0,214.6,24
2026-09-29 03:04:42,WIFI,True,0.0,79.0,0,True,20.0,213.4,24
2026-09-29 03:04:43,WIFI,True,0.0,79.0,0,True,20.0,213.4,24
2026-09-29 03:04:44,WIFI,True,0.0,76.4,0,True,0.0,213.6,24
2026-09-29 03:04:45,WIFI,True,0.0,76.4,0,True,0.0,213.6,24
2026-09-29 03:04:46,WIFI,True,0.0,88.9,0,True,0.0,213.6,24
2026-09-29 03:04:47,WIFI,True,0.0,88.9,0,True,0.0,225.0,24
2026-09-29 03:04:48,WIFI,True,0.0,81.3,0,True,0.0,221.7,24
2026-09-29 03:04:49,WIFI,True,0.0,81.3,0,True,0.0,221.7,24
2026-09-29 03:04:50,WIFI,True,0.0,79.6,0,True,0.0,221.7,24
2026-09-29 03:04:51,WIFI,True,0.0,79.6,0,True,0.0,221.7,24
2026-09-29 03:04:52,WIFI,True,0.0,84.4,0,True,0.0,221.4,24
2026-09-29 03:04:53,WIFI,True,0.0,84.4,0,True,0.0,221.4,24
2026-09-29 03:04:54,WIFI,True,0.0,93.4,0,True,0.0,221.9,24
2026-09-29 03:04:55,WIFI,True,0.0,93.4,0,True,0.0,221.9,24
2026-09-29 03:04:57,WIFI,True,0.0,94.2,0,True,0.0,221.9,24
2026-09-29 03:04:58,WIFI,True,0.0,94.2,0,True,0.0,221.9,24
2026-09-29 03:04:59,WIFI,True,0.0,93.6,0,True,20.0,222.1,24
2026-09-29 03:05:00,WIFI,True,0.0,93.6,0,True,20.0,222.1,24
2026-09-29 03:05:01,WIFI,True,0.0,93.4,0,True,20.0,222.4,24
2026-09-29 03:05:02,WIFI,True,0.0,93.4,0,True,20.0,222.4,24
2026-09-29 03:05:03,WIFI,True,0.0,86.2,0,True,20.0,222.1,24
2026-09-29 03:05:04,WIFI,True,0.0,86.2,0,True,20.0,222.1,24
2026-09-29 03:05:05,WIFI,True,0.0,85.8,0,True,20.0,221.2,24
2026-09-29 03:05:06,WIFI,True,0.0,85.8,0,True,20.0,221.2,24
2026-09-29 03:05:07,WIFI,True,0.0,65.7,0,True,0.0,228.6,24
2026-09-29 03:05:08,WIFI,True,0.0,65.7,0,True,0.0,228.6,24
2026-09-29 03:05:09,WIFI,True,0.0,74.7,0,True,0.0,222.4,24
2026-09-29 03:05:10,WIFI,True,0.0,74.7,0,True,0.0,222.4,24
2026-09-29 03:05:11,WIFI,True,0.0,81.5,0,True,0.0,229.4,24
2026-09-29 03:05:12,WIFI,True,0.0,81.5,0,True,0.0,229.4,24
2026-09-29 03:05:13,WIFI,True,0.0,76.9,0,True,0.0,228.9,24
2026-09-29 03:05:14,WIFI,True,0.0,76.9,0,True,0.0,228.9,24
2026-09-29 03:05:15,WIFI,True,0.0,67.8,0,True,0.0,228.9,24
2026-09-29 03:05:16,WIFI,True,0.0,67.8,0,True,20.0,228.9,24
2026-09-29 03:05:17,WIFI,True,0.0,75.4,0,True,20.0,230.0,24
2026-09-29 03:05:18,WIFI,True,0.0,75.4,0,True,20.0,230.0,24
2026-09-29 03:05:19,WIFI,True,0.0,75.1,0,True,20.0,229.3,24
2026-09-29 03:05:20,WIFI,True,0.0,75.1,0,True,20.0,229.3,24
2026-09-29 03:05:21,WIFI,True,0.0,64.3,0,True,20.0,229.7,24
2026-09-29 03:05:22,WIFI,True,0.0,64.3,0,True,20.0,229.7,24
2026-09-29 03:05:23,WIFI,True,0.0,63.4,0,True,20.0,229.4,24
2026-09-29 03:05:24,WIFI,True,0.0,63.4,0,True,20.0,229.4,24
2026-09-29 03:05:25,WIFI,True,0.0,62.0,0,True,0.0,229.3,24
2026-09-29 03:05:26,WIFI,True,0.0,62.0,0,True,0.0,229.3,24
2026-09-29 03:05:27,WIFI,True,0.0,70.9,0,True,0.0,229.2,24
2026-09-29 03:05:28,WIFI,True,0.0,70.9,0,True,0.0,229.2,24
2026-09-29 03:05:29,WIFI,True,0.0,65.5,0,True,0.0,223.6,24
2026-09-29 03:05:30,WIFI,True,0.0,65.5,0,True,0.0,223.6,24
2026-09-29 03:05:31,WIFI,True,0.0,56.7,0,True,0.0,221.6,24
2026-09-29 03:05:32,WIFI,True,0.0,56.7,0,True,0.0,221.6,24
2026-09-29 03:05:33,WIFI,True,0.0,64.0,0,True,0.0,221.4,24
2026-09-29 03:05:34,WIFI,True,0.0,64.0,0,True,0.0,221.4,24
2026-09-29 03:05:35,WIFI,True,0.0,72.5,0,True,0.0,221.8,24
2026-09-29 03:05:36,WIFI,True,0.0,72.5,0,True,0.0,221.8,24
2026-09-29 03:05:37,WIFI,True,0.0,71.2,0,True,0.0,221.4,24
2026-09-29 03:05:38,WIFI,True,0.0,71.2,0,True,0.0,221.4,24
2026-09-29 03:05:39,WIFI,True,0.0,68.8,0,True,0.0,221.5,24
2026-09-29 03:05:40,WIFI,True,0.0,68.8,0,True,0.0,221.5,24
2026-09-29 03:05:41,WIFI,True,0.0,76.8,0,True,0.0,220.8,24
2026-09-29 03:05:42,WIFI,True,0.0,76.8,0,True,0.0,220.8,24
2026-09-29 03:05:43,WIFI,True,0.0,73.9,0,True,0.0,220.9,24
2026-09-29 03:05:44,WIFI,True,0.0,73.9,0,True,0.0,220.9,24
2026-09-29 03:05:45,WIFI,True,0.0,67.7,0,True,0.0,221.2,24
2026-09-29 03:05:46,WIFI,True,0.0,67.7,0,True,0.0,221.2,24
2026-09-29 03:05:47,WIFI,True,0.0,67.6,0,True,0.0,221.4,24
2026-09-29 03:05:48,WIFI,True,0.0,67.6,0,True,0.0,221.4,24
2026-09-29 03:05:49,WIFI,True,0.0,67.9,0,True,0.0,221.4,24
2026-09-29 03:05:50,WIFI,True,0.0,67.9,0,True,20.0,221.4,24
2026-09-29 03:05:51,WIFI,True,0.0,67.2,0,True,20.0,219.6,24
2026-09-29 03:05:52,WIFI,True,0.0,67.2,0,True,20.0,219.6,24
2026-09-29 03:05:53,WIFI,True,0.0,70.6,0,True,20.0,216.3,24
2026-09-29 03:05:54,WIFI,True,0.0,70.6,0,True,20.0,216.3,24
2026-09-29 03:05:55,WIFI,True,0.0,67.3,0,True,20.0,209.8,24
2026-09-29 03:05:56,WIFI,True,0.0,67.3,0,True,20.0,209.8,24
2026-09-29 03:05:57,WIFI,True,0.0,57.0,0,True,20.0,209.4,24
2026-09-29 03:05:58,WIFI,True,0.0,57.0,0,True,20.0,209.4,24
2026-09-29 03:05:59,WIFI,True,0.0,56.6,0,True,0.0,209.5,24
2026-09-29 03:06:00,WIFI,True,0.0,56.6,0,True,0.0,209.5,24
2026-09-29 03:06:01,WIFI,True,0.0,56.4,0,True,0.0,209.8,24
2026-09-29 03:06:02,WIFI,True,0.0,56.4,0,True,0.0,209.8,24
2026-09-29 03:06:03,WIFI,True,0.0,56.3,0,True,0.0,210.0,24
2026-09-29 03:06:04,WIFI,True,0.0,56.3,0,True,0.0,210.0,24
2026-09-29 03:06:05,WIFI,True,0.0,61.1,0,True,0.0,210.5,24
2026-09-29 03:06:06,WIFI,True,0.0,61.1,0,True,0.0,210.5,24
2026-09-29 03:06:07,WIFI,True,0.0,58.9,0,True,0.0,210.5,24
2026-09-29 03:06:08,WIFI,True,0.0,58.9,0,True,20.0,210.5,24
2026-09-29 03:06:09,WIFI,True,0.0,66.7,0,True,20.0,210.7,24
2026-09-29 03:06:10,WIFI,True,0.0,66.7,0,True,20.0,210.7,24
2026-09-29 03:06:11,WIFI,True,0.0,59.2,0,True,20.0,210.5,24
2026-09-29 03:06:12,WIFI,True,0.0,59.2,0,True,20.0,210.5,24
2026-09-29 03:06:13,WIFI,True,0.0,57.5,0,True,20.0,210.4,24
2026-09-29 03:06:14,WIFI,True,0.0,57.5,0,True,20.0,210.4,24
2026-09-29 03:06:15,WIFI,True,0.0,52.3,0,True,20.0,210.2,24
2026-09-29 03:06:16,WIFI,True,0.0,52.3,0,True,20.0,210.2,24
2026-09-29 03:06:17,WIFI,True,0.0,58.3,0,True,0.0,218.6,24
2026-09-29 03:06:18,WIFI,True,0.0,58.3,0,True,0.0,218.6,24
2026-09-29 03:06:19,WIFI,True,0.0,54.7,0,True,0.0,226.2,24
2026-09-29 03:06:20,WIFI,True,0.0,54.7,0,True,0.0,226.2,24
2026-09-29 03:06:21,WIFI,True,0.0,51.4,0,True,0.0,233.0,24
2026-09-29 03:06:22,WIFI,True,0.0,51.4,0,True,0.0,233.0,24
2026-09-29 03:06:23,WIFI,True,0.0,61.3,0,True,0.0,239.6,24
2026-09-29 03:06:24,WIFI,True,0.0,61.3,0,True,0.0,239.6,24
2026-09-29 03:06:25,WIFI,True,0.0,65.5,0,True,0.0,246.2,24
2026-09-29 03:06:26,WIFI,True,0.0,65.5,0,True,0.0,246.2,24
2026-09-29 03:06:27,WIFI,True,0.0,57.0,0,True,0.0,251.2,24
2026-09-29 03:06:28,WIFI,True,0.0,57.0,0,True,0.0,251.2,24
2026-09-29 03:06:29,WIFI,True,0.0,54.0,0,True,0.0,256.3,24
2026-09-29 03:06:30,WIFI,True,0.0,54.0,0,True,0.0,256.3,24
2026-09-29 03:06:31,WIFI,True,0.0,57.5,0,True,0.0,260.7,24
2026-09-29 03:06:32,WIFI,True,0.0,57.5,0,True,0.0,260.7,24
2026-09-29 03:06:33,WIFI,True,0.0,56.2,0,True,0.0,264.6,24
2026-09-29 03:06:34,WIFI,True,0.0,56.2,0,True,0.0,264.6,24
2026-09-29 03:06:35,WIFI,True,0.0,56.8,0,True,0.0,264.6,24
2026-09-29 03:06:36,WIFI,True,0.0,56.8,0,True,20.0,264.6,24
2026-09-29 03:06:37,WIFI,True,0.0,54.8,0,True,20.0,266.5,24
2026-09-29 03:06:38,WIFI,True,0.0,54.8,0,True,20.0,266.5,24
2026-09-29 03:06:39,WIFI,True,0.0,60.0,0,True,20.0,259.0,24
2026-09-29 03:06:40,WIFI,True,0.0,60.0,0,True,20.0,259.0,24
2026-09-29 03:06:41,WIFI,True,0.0,55.7,0,True,20.0,252.7,24
2026-09-29 03:06:42,WIFI,True,0.0,55.7,0,True,20.0,252.7,24
2026-09-29 03:06:43,WIFI,True,0.0,51.2,0,True,20.0,246.1,24
2026-09-29 03:06:45,WIFI,True,0.0,51.2,0,True,20.0,246.1,24
2026-09-29 03:06:46,WIFI,True,0.0,45.1,0,True,0.0,239.2,25
2026-09-29 03:06:47,WIFI,True,0.0,45.1,0,True,0.0,239.2,25
2026-09-29 03:06:48,WIFI,True,0.0,47.1,0,True,0.0,239.2,25
2026-09-29 03:06:49,WIFI,True,0.0,47.1,0,True,20.0,239.2,25
2026-09-29 03:06:50,WIFI,True,0.0,39.0,0,True,20.0,232.7,25
2026-09-29 03:06:51,WIFI,True,0.0,39.0,0,True,20.0,232.7,25
2026-09-29 03:06:52,WIFI,True,0.0,38.0,0,True,20.0,232.7,25
2026-09-29 03:06:53,WIFI,True,0.0,38.0,0,True,40.0,232.7,25
2026-09-29 03:06:54,WIFI,True,0.0,30.9,0,True,40.0,227.4,25
2026-09-29 03:06:55,WIFI,True,0.0,30.9,0,True,40.0,227.4,25
2026-09-29 03:06:56,WIFI,True,0.0,31.6,0,True,40.0,224.7,25
2026-09-29 03:06:57,WIFI,True,0.0,31.6,0,True,40.0,224.7,25
2026-09-29 03:06:58,WIFI,True,0.0,27.6,0,True,20.0,220.4,25
2026-09-29 03:06:59,WIFI,True,0.0,27.6,0,True,20.0,220.4,25
2026-09-29 03:07:00,WIFI,True,0.0,22.3,0,True,20.0,216.7,25
2026-09-29 03:07:01,WIFI,True,0.0,22.3,0,True,20.0,216.7,25
2026-09-29 03:07:02,WIFI,True,0.0,22.3,0,True,0.0,215.5,25
2026-09-29 03:07:03,WIFI,True,0.0,22.3,0,True,0.0,215.5,25
2026-09-29 03:07:04,WIFI,True,0.0,18.0,0,True,0.0,214.2,25
2026-09-29 03:07:05,WIFI,True,0.0,18.0,0,True,0.0,214.2,25
2026-09-29 03:07:06,WIFI,True,0.0,17.5,0,True,0.0,213.3,25
2026-09-29 03:07:07,WIFI,True,0.0,15.2,0,True,0.0,213.3,25
2026-09-29 03:07:08,WIFI,True,0.0,15.2,0,True,0.0,213.3,25
2026-09-29 03:07:09,WIFI,True,0.0,14.6,0,True,20.0,213.3,25
2026-09-29 03:07:10,WIFI,True,0.0,14.6,0,True,20.0,213.3,25
2026-09-29 03:07:11,WIFI,True,0.0,12.1,0,True,40.0,213.3,25
2026-09-29 03:07:12,WIFI,True,0.0,12.1,0,True,40.0,212.6,25
2026-09-29 03:07:13,WIFI,True,0.0,11.5,0,True,40.0,212.6,25
2026-09-29 03:07:14,WIFI,True,0.0,11.5,0,True,40.0,212.4,25
2026-09-29 03:07:15,WIFI,True,0.0,10.2,0,True,40.0,212.4,25
2026-09-29 03:07:16,WIFI,True,0.0,10.2,0,True,40.0,212.3,25
2026-09-29 03:07:17,WIFI,True,0.0,11.9,0,True,40.0,212.3,25
2026-09-29 03:07:18,WIFI,True,0.0,11.9,0,True,20.0,212.4,25
2026-09-29 03:07:19,WIFI,True,0.0,12.0,0,True,20.0,212.4,25
2026-09-29 03:07:20,WIFI,True,0.0,12.0,0,True,0.0,209.6,25
2026-09-29 03:07:21,WIFI,True,0.0,11.8,0,True,0.0,209.6,25
2026-09-29 03:07:22,WIFI,True,0.0,11.8,0,True,0.0,209.6,25
2026-09-29 03:07:23,WIFI,True,0.0,10.6,0,True,20.0,209.6,25
2026-09-29 03:07:24,WIFI,True,0.0,10.6,0,True,20.0,221.0,25
2026-09-29 03:07:25,WIFI,True,0.0,8.1,0,True,20.0,221.0,26
2026-09-29 03:07:26,WIFI,True,0.0,8.1,0,True,20.0,221.1,26
2026-09-29 03:07:27,WIFI,True,0.0,8.3,0,True,20.0,221.1,26
2026-09-29 03:07:28,WIFI,True,0.0,8.3,0,True,20.0,228.6,26
2026-09-29 03:07:29,WIFI,True,0.0,8.3,0,True,20.0,228.6,26
2026-09-29 03:07:30,WIFI,True,0.0,8.3,0,True,20.0,235.1,26
2026-09-29 03:07:31,WIFI,True,0.0,8.4,0,True,20.0,235.1,26
2026-09-29 03:07:32,WIFI,True,0.0,8.4,0,True,20.0,235.1,26
2026-09-29 03:07:33,WIFI,True,0.0,8.3,0,True,20.0,235.1,26
2026-09-29 03:07:34,WIFI,True,0.0,8.3,0,True,20.0,241.1,26
2026-09-29 03:07:35,WIFI,True,0.0,8.1,0,True,20.0,241.1,26
2026-09-29 03:07:36,WIFI,True,0.0,8.1,0,True,20.0,246.0,26
2026-09-29 03:07:37,WIFI,True,0.0,7.2,0,True,20.0,246.0,26
2026-09-29 03:07:38,WIFI,True,0.0,7.2,0,True,20.0,251.2,26
2026-09-29 03:07:39,WIFI,True,0.0,12.6,0,True,20.0,251.2,26
2026-09-29 03:07:40,WIFI,True,0.0,12.6,0,True,20.0,251.2,26
2026-09-29 03:07:41,WIFI,True,0.0,12.9,0,True,40.0,251.2,26
2026-09-29 03:07:42,WIFI,True,0.0,12.9,0,True,20.0,252.8,26
2026-09-29 03:07:43,WIFI,True,0.0,13.1,0,True,20.0,252.8,26
2026-09-29 03:07:44,WIFI,True,0.0,13.1,0,True,20.0,252.8,27
2026-09-29 03:07:45,WIFI,True,0.0,12.7,0,True,40.0,252.8,27
2026-09-29 03:07:46,WIFI,True,0.0,12.7,0,True,40.0,257.6,27
2026-09-29 03:07:47,WIFI,True,0.0,12.8,0,True,40.0,257.6,27
2026-09-29 03:07:48,WIFI,True,0.0,12.8,0,True,40.0,257.6,27
2026-09-29 03:07:49,WIFI,True,0.0,13.4,0,True,40.0,258.2,27
2026-09-29 03:07:50,WIFI,True,0.0,13.4,0,True,40.0,258.2,27
2026-09-29 03:07:51,WIFI,True,0.0,13.7,0,True,40.0,258.2,27
2026-09-29 03:07:52,WIFI,True,0.0,13.7,0,True,40.0,258.2,27
2026-09-29 03:07:53,WIFI,True,0.0,13.4,0,True,40.0,246.5,27
2026-09-29 03:07:54,WIFI,True,0.0,13.4,0,True,40.0,246.5,27
2026-09-29 03:07:55,WIFI,True,0.0,13.8,0,True,40.0,246.6,27
2026-09-29 03:07:56,WIFI,True,0.0,13.8,0,True,40.0,246.6,27
2026-09-29 03:07:57,WIFI,True,0.0,18.7,0,True,20.0,238.8,27
2026-09-29 03:07:58,WIFI,True,0.0,18.7,0,True,20.0,238.8,27
2026-09-29 03:07:59,WIFI,True,0.0,13.4,0,True,20.0,232.5,27
2026-09-29 03:08:00,WIFI,True,0.0,13.4,0,True,20.0,232.5,27
2026-09-29 03:08:01,WIFI,True,0.0,13.8,0,True,0.0,226.3,27
2026-09-29 03:08:02,WIFI,True,0.0,13.8,0,True,0.0,226.3,27
2026-09-29 03:08:03,WIFI,True,0.0,13.6,0,True,0.0,221.5,27
2026-09-29 03:08:04,WIFI,True,0.0,13.6,0,True,0.0,221.5,27
2026-09-29 03:08:05,WIFI,True,0.0,13.6,0,True,0.0,216.4,27
2026-09-29 03:08:06,WIFI,True,0.0,13.6,0,True,0.0,216.4,27
2026-09-29 03:08:07,WIFI,True,0.0,13.5,0,True,0.0,214.9,27
2026-09-29 03:08:08,WIFI,True,0.0,13.5,0,True,0.0,214.9,27
2026-09-29 03:08:09,WIFI,True,0.0,12.8,0,True,0.0,210.1,27
